ISO-10303-21;
HEADER;
FILE_DESCRIPTION (( 'STEP AP214' ),
    '1' );
FILE_NAME ('bottom.STEP',
    '2026-01-06T14:37:11',
    ( '' ),
    ( '' ),
    'SwSTEP 2.0',
    'SolidWorks 2024',
    '' );
FILE_SCHEMA (( 'AUTOMOTIVE_DESIGN' ));
ENDSEC;

DATA;
#1 = CARTESIAN_POINT ( 'NONE',  ( -9.088079912316073816, -35.00000000000000000, 1.100000000000000089 ) ) ;
#2 = ADVANCED_FACE ( 'NONE', ( #2617 ), #557, .F. ) ;
#3 = ORIENTED_EDGE ( 'NONE', *, *, #1406, .F. ) ;
#4 = FACE_OUTER_BOUND ( 'NONE', #1625, .T. ) ;
#5 = CARTESIAN_POINT ( 'NONE',  ( -30.00000000000000000, -12.00000000000000000, 12.00000000000000000 ) ) ;
#6 = DIRECTION ( 'NONE',  ( 0.5000000000000003331, 0.8660254037844383745, -0.000000000000000000 ) ) ;
#7 = CARTESIAN_POINT ( 'NONE',  ( 28.40000000000000213, -12.00000000000000000, 12.00000000000000000 ) ) ;
#8 = LINE ( 'NONE', #373, #336 ) ;
#9 = CARTESIAN_POINT ( 'NONE',  ( -29.75721954930468272, -34.99999999999999289, 10.00000000000000000 ) ) ;
#10 = VERTEX_POINT ( 'NONE', #1803 ) ;
#11 = PLANE ( 'NONE',  #604 ) ;
#12 = ORIENTED_EDGE ( 'NONE', *, *, #190, .T. ) ;
#13 = EDGE_CURVE ( 'NONE', #1367, #103, #2438, .T. ) ;
#14 = DIRECTION ( 'NONE',  ( -0.000000000000000000, -0.000000000000000000, -1.000000000000000000 ) ) ;
#15 = LINE ( 'NONE', #1892, #2152 ) ;
#16 = ORIENTED_EDGE ( 'NONE', *, *, #2335, .F. ) ;
#17 = DIRECTION ( 'NONE',  ( -0.000000000000000000, -0.000000000000000000, -1.000000000000000000 ) ) ;
#18 = CARTESIAN_POINT ( 'NONE',  ( 0.000000000000000000, 0.000000000000000000, 0.000000000000000000 ) ) ;
#19 = CYLINDRICAL_SURFACE ( 'NONE', #763, 5.999999999999998224 ) ;
#20 = ORIENTED_EDGE ( 'NONE', *, *, #1885, .F. ) ;
#21 = CLOSED_SHELL ( 'NONE', ( #1880, #1993, #1246, #2289, #1972, #2020, #1121, #2559, #1802, #1832, #914, #1006, #1205, #975, #588, #1256, #90, #195, #2620, #1871, #525, #1234, #277, #133, #2117, #1577, #309, #560, #1155, #2099, #2265, #1848, #2368, #214, #727, #2164, #828, #2520, #67, #804, #2042, #1151, #926, #355, #1399, #879, #1944, #1357, #1571, #1344, #2076, #2446, #1755, #1159, #230, #1540, #2450, #810, #2567, #278, #1806, #393, #1653, #2119, #436, #1209, #2323, #1370, #2079, #157, #326, #865, #1662, #186, #353, #2646, #513, #608, #2250, #2, #2278, #1017, #2134, #1923, #488, #2172, #1425, #2571, #1497, #994 ) ) ;
#22 = CARTESIAN_POINT ( 'NONE',  ( 34.50000000000000711, 44.00000000000000000, 12.00000000000000000 ) ) ;
#23 = EDGE_CURVE ( 'NONE', #2648, #906, #846, .T. ) ;
#24 = COLOUR_RGB ( '',0.7921568627450980005, 0.8196078431372548767, 0.9333333333333333481 ) ;
#25 = CARTESIAN_POINT ( 'NONE',  ( 24.87860977465234669, 26.54999999999999005, 10.00000000000000000 ) ) ;
#26 = ORIENTED_EDGE ( 'NONE', *, *, #2169, .T. ) ;
#27 = VERTEX_POINT ( 'NONE', #161 ) ;
#28 = AXIS2_PLACEMENT_3D ( 'NONE', #2121, #2147, #268 ) ;
#29 = LINE ( 'NONE', #2280, #422 ) ;
#30 = EDGE_CURVE ( 'NONE', #448, #2019, #2231, .T. ) ;
#31 = CARTESIAN_POINT ( 'NONE',  ( 10.24278045069532794, -34.99999999999999289, 10.00000000000000000 ) ) ;
#32 = AXIS2_PLACEMENT_3D ( 'NONE', #1481, #443, #1684 ) ;
#33 = DIRECTION ( 'NONE',  ( -1.000000000000000000, 0.000000000000000000, 0.000000000000000000 ) ) ;
#34 = VECTOR ( 'NONE', #298, 1000.000000000000000 ) ;
#35 = EDGE_CURVE ( 'NONE', #566, #751, #2657, .T. ) ;
#36 = ORIENTED_EDGE ( 'NONE', *, *, #1171, .F. ) ;
#37 = VECTOR ( 'NONE', #1090, 1000.000000000000114 ) ;
#38 = CARTESIAN_POINT ( 'NONE',  ( -35.50000000000000000, 49.99999999999999289, 12.00000000000000000 ) ) ;
#39 = VECTOR ( 'NONE', #2600, 1000.000000000000000 ) ;
#40 = LINE ( 'NONE', #1666, #1596 ) ;
#41 = DIRECTION ( 'NONE',  ( 1.387778780781445429E-16, -1.000000000000000000, 0.000000000000000000 ) ) ;
#42 = CARTESIAN_POINT ( 'NONE',  ( 0.000000000000000000, 0.000000000000000000, 10.00000000000000000 ) ) ;
#43 = FACE_OUTER_BOUND ( 'NONE', #503, .T. ) ;
#44 = ORIENTED_EDGE ( 'NONE', *, *, #314, .T. ) ;
#45 = DIRECTION ( 'NONE',  ( -0.4999999999999998890, 0.8660254037844387076, -0.000000000000000000 ) ) ;
#46 = ORIENTED_EDGE ( 'NONE', *, *, #426, .F. ) ;
#47 = ORIENTED_EDGE ( 'NONE', *, *, #1200, .F. ) ;
#48 = EDGE_CURVE ( 'NONE', #2474, #1193, #1421, .T. ) ;
#49 = EDGE_CURVE ( 'NONE', #375, #274, #621, .T. ) ;
#50 = LINE ( 'NONE', #2131, #778 ) ;
#51 = DIRECTION ( 'NONE',  ( -0.4999999999999998335, 0.8660254037844387076, -0.000000000000000000 ) ) ;
#52 = EDGE_CURVE ( 'NONE', #751, #1009, #1023, .T. ) ;
#53 = ORIENTED_EDGE ( 'NONE', *, *, #898, .F. ) ;
#54 = EDGE_CURVE ( 'NONE', #2146, #2678, #1657, .T. ) ;
#55 = DIRECTION ( 'NONE',  ( -0.8660254037844387076, 0.4999999999999998890, 0.000000000000000000 ) ) ;
#56 = LINE ( 'NONE', #109, #2635 ) ;
#57 = FACE_OUTER_BOUND ( 'NONE', #2209, .T. ) ;
#58 = ORIENTED_EDGE ( 'NONE', *, *, #2216, .F. ) ;
#59 = DIRECTION ( 'NONE',  ( 0.4999999999999998890, -0.8660254037844387076, -0.000000000000000000 ) ) ;
#60 = LINE ( 'NONE', #1931, #1158 ) ;
#61 = LINE ( 'NONE', #2297, #2556 ) ;
#62 = ORIENTED_EDGE ( 'NONE', *, *, #1779, .F. ) ;
#63 = ORIENTED_EDGE ( 'NONE', *, *, #758, .F. ) ;
#64 = DIRECTION ( 'NONE',  ( -0.000000000000000000, -0.000000000000000000, -1.000000000000000000 ) ) ;
#65 = VERTEX_POINT ( 'NONE', #2068 ) ;
#66 = CARTESIAN_POINT ( 'NONE',  ( 25.45596004384197286, -25.54999999999999361, 1.100000000000000089 ) ) ;
#67 = ADVANCED_FACE ( 'NONE', ( #1494 ), #1224, .F. ) ;
#68 = CARTESIAN_POINT ( 'NONE',  ( 15.12139022534766752, -43.44999999999999574, 10.00000000000000000 ) ) ;
#69 = SURFACE_SIDE_STYLE ('',( #2151 ) ) ;
#70 = ORIENTED_EDGE ( 'NONE', *, *, #1800, .T. ) ;
#71 = DIRECTION ( 'NONE',  ( 1.000000000000000000, 0.000000000000000000, 0.000000000000000000 ) ) ;
#72 = CARTESIAN_POINT ( 'NONE',  ( 10.24278045069532794, 34.99999999999999289, 10.00000000000000000 ) ) ;
#73 = VERTEX_POINT ( 'NONE', #1699 ) ;
#74 = VECTOR ( 'NONE', #1683, 1000.000000000000114 ) ;
#75 = ORIENTED_EDGE ( 'NONE', *, *, #1278, .T. ) ;
#76 = CIRCLE ( 'NONE', #1194, 5.999999999999998224 ) ;
#77 = CARTESIAN_POINT ( 'NONE',  ( -15.12139022534766752, 43.44999999999999574, 1.100000000000000311 ) ) ;
#78 = VECTOR ( 'NONE', #1912, 1000.000000000000000 ) ;
#79 = AXIS2_PLACEMENT_3D ( 'NONE', #477, #1751, #1525 ) ;
#80 = ORIENTED_EDGE ( 'NONE', *, *, #2399, .T. ) ;
#81 = AXIS2_PLACEMENT_3D ( 'NONE', #1422, #2492, #2669 ) ;
#82 = DIRECTION ( 'NONE',  ( 0.000000000000000000, 0.000000000000000000, -1.000000000000000000 ) ) ;
#83 = EDGE_CURVE ( 'NONE', #2479, #2483, #2491, .T. ) ;
#84 = EDGE_CURVE ( 'NONE', #2146, #597, #1011, .T. ) ;
#85 = VECTOR ( 'NONE', #1667, 1000.000000000000000 ) ;
#86 = CARTESIAN_POINT ( 'NONE',  ( 15.12139022534766752, 43.44999999999999574, 1.100000000000000311 ) ) ;
#87 = DIRECTION ( 'NONE',  ( -1.000000000000000000, 0.000000000000000000, 0.000000000000000000 ) ) ;
#88 = DIRECTION ( 'NONE',  ( 0.4999999999999995004, -0.8660254037844389297, 0.000000000000000000 ) ) ;
#89 = DIRECTION ( 'NONE',  ( -0.4999999999999998890, -0.8660254037844387076, 0.000000000000000000 ) ) ;
#90 = ADVANCED_FACE ( 'NONE', ( #43 ), #19, .T. ) ;
#91 = VECTOR ( 'NONE', #948, 1000.000000000000000 ) ;
#92 = EDGE_LOOP ( 'NONE', ( #2170, #1118 ) ) ;
#93 = VERTEX_POINT ( 'NONE', #1838 ) ;
#94 = EDGE_CURVE ( 'NONE', #2474, #574, #430, .T. ) ;
#95 = DIRECTION ( 'NONE',  ( -0.5000000000000001110, 0.8660254037844385966, 0.000000000000000000 ) ) ;
#96 = ORIENTED_EDGE ( 'NONE', *, *, #245, .T. ) ;
#97 = LINE ( 'NONE', #917, #1588 ) ;
#98 = CARTESIAN_POINT ( 'NONE',  ( 29.50000000000001776, -49.00000000000002132, 12.00000000000000000 ) ) ;
#99 = DIRECTION ( 'NONE',  ( -0.000000000000000000, -0.000000000000000000, -1.000000000000000000 ) ) ;
#100 = LINE ( 'NONE', #1738, #2199 ) ;
#101 = CARTESIAN_POINT ( 'NONE',  ( 25.45596004384197641, -44.45000000000001705, 1.100000000000000089 ) ) ;
#102 = ORIENTED_EDGE ( 'NONE', *, *, #1413, .F. ) ;
#103 = VERTEX_POINT ( 'NONE', #227 ) ;
#104 = CARTESIAN_POINT ( 'NONE',  ( -29.75721954930468272, 34.99999999999999289, 10.00000000000000000 ) ) ;
#105 = EDGE_CURVE ( 'NONE', #583, #1678, #1856, .T. ) ;
#106 = LINE ( 'NONE', #928, #1594 ) ;
#107 = ORIENTED_EDGE ( 'NONE', *, *, #35, .T. ) ;
#108 = LINE ( 'NONE', #1735, #199 ) ;
#109 = CARTESIAN_POINT ( 'NONE',  ( -35.49999999999998579, -44.00000000000000711, 12.00000000000000000 ) ) ;
#110 = LINE ( 'NONE', #933, #2145 ) ;
#111 = CARTESIAN_POINT ( 'NONE',  ( 9.088079912316073816, -35.00000000000000000, 1.100000000000000089 ) ) ;
#112 = ORIENTED_EDGE ( 'NONE', *, *, #1475, .F. ) ;
#113 = ORIENTED_EDGE ( 'NONE', *, *, #1406, .T. ) ;
#114 = EDGE_CURVE ( 'NONE', #1033, #2395, #651, .T. ) ;
#115 = LINE ( 'NONE', #1784, #1382 ) ;
#116 = PLANE ( 'NONE',  #684 ) ;
#117 = EDGE_CURVE ( 'NONE', #546, #1431, #1446, .T. ) ;
#118 = CIRCLE ( 'NONE', #1233, 1.599999999999990319 ) ;
#119 = EDGE_LOOP ( 'NONE', ( #1437, #2252, #1208, #2362 ) ) ;
#120 = FACE_OUTER_BOUND ( 'NONE', #902, .T. ) ;
#121 = VECTOR ( 'NONE', #219, 1000.000000000000000 ) ;
#122 = CARTESIAN_POINT ( 'NONE',  ( 31.59999999999999787, -12.00000000000000000, 12.00000000000000000 ) ) ;
#123 = DIRECTION ( 'NONE',  ( 0.000000000000000000, -0.000000000000000000, -1.000000000000000000 ) ) ;
#124 = VECTOR ( 'NONE', #2082, 1000.000000000000000 ) ;
#125 = DIRECTION ( 'NONE',  ( 1.000000000000000000, 0.000000000000000000, 0.000000000000000000 ) ) ;
#126 = DIRECTION ( 'NONE',  ( -0.8660254037844389297, -0.4999999999999995004, 0.000000000000000000 ) ) ;
#127 = VECTOR ( 'NONE', #2642, 1000.000000000000000 ) ;
#128 = DIRECTION ( 'NONE',  ( 0.000000000000000000, -1.000000000000000000, 0.000000000000000000 ) ) ;
#129 = ORIENTED_EDGE ( 'NONE', *, *, #1283, .T. ) ;
#130 = VECTOR ( 'NONE', #756, 1000.000000000000000 ) ;
#131 = VECTOR ( 'NONE', #1334, 1000.000000000000000 ) ;
#132 = DIRECTION ( 'NONE',  ( -1.000000000000000000, 0.000000000000000000, 0.000000000000000000 ) ) ;
#133 = ADVANCED_FACE ( 'NONE', ( #401 ), #976, .T. ) ;
#134 = ORIENTED_EDGE ( 'NONE', *, *, #1637, .F. ) ;
#135 = DIRECTION ( 'NONE',  ( -1.387778780781445676E-16, 1.000000000000000000, -0.000000000000000000 ) ) ;
#136 = EDGE_CURVE ( 'NONE', #1332, #1220, #2040, .T. ) ;
#137 = CARTESIAN_POINT ( 'NONE',  ( 29.50000000000001776, -49.00000000000002132, 12.00000000000000000 ) ) ;
#138 = DIRECTION ( 'NONE',  ( 0.8660254037844387076, 0.4999999999999998890, -0.000000000000000000 ) ) ;
#139 = ORIENTED_EDGE ( 'NONE', *, *, #2373, .T. ) ;
#140 = ORIENTED_EDGE ( 'NONE', *, *, #959, .T. ) ;
#141 = CARTESIAN_POINT ( 'NONE',  ( -29.49999999999998579, -44.00000000000001421, 12.00000000000000000 ) ) ;
#142 = VERTEX_POINT ( 'NONE', #2320 ) ;
#143 = ORIENTED_EDGE ( 'NONE', *, *, #2602, .T. ) ;
#144 = FACE_OUTER_BOUND ( 'NONE', #697, .T. ) ;
#145 = DIRECTION ( 'NONE',  ( -1.000000000000000000, 0.000000000000000000, 0.000000000000000000 ) ) ;
#146 = DIRECTION ( 'NONE',  ( -0.000000000000000000, -0.000000000000000000, -1.000000000000000000 ) ) ;
#147 = EDGE_CURVE ( 'NONE', #2395, #661, #2260, .T. ) ;
#148 = EDGE_LOOP ( 'NONE', ( #586, #1307, #1259, #2268 ) ) ;
#149 = VERTEX_POINT ( 'NONE', #813 ) ;
#150 = DIRECTION ( 'NONE',  ( 0.4999999999999998890, -0.8660254037844387076, 0.000000000000000000 ) ) ;
#151 = ORIENTED_EDGE ( 'NONE', *, *, #2403, .F. ) ;
#152 = ORIENTED_EDGE ( 'NONE', *, *, #2482, .F. ) ;
#153 = CARTESIAN_POINT ( 'NONE',  ( -10.24278045069532794, 34.99999999999999289, 10.00000000000000000 ) ) ;
#154 = VECTOR ( 'NONE', #919, 1000.000000000000000 ) ;
#155 = DIRECTION ( 'NONE',  ( 0.000000000000000000, -0.000000000000000000, -1.000000000000000000 ) ) ;
#156 = LINE ( 'NONE', #2387, #2275 ) ;
#157 = ADVANCED_FACE ( 'NONE', ( #442 ), #2478, .T. ) ;
#158 = AXIS2_PLACEMENT_3D ( 'NONE', #2295, #1467, #667 ) ;
#159 = CARTESIAN_POINT ( 'NONE',  ( 24.87860977465233958, 43.44999999999999574, 10.00000000000000000 ) ) ;
#160 = VECTOR ( 'NONE', #6, 1000.000000000000114 ) ;
#161 = CARTESIAN_POINT ( 'NONE',  ( -14.54403995615804313, 44.45000000000001705, 1.100000000000000089 ) ) ;
#162 = ORIENTED_EDGE ( 'NONE', *, *, #1845, .F. ) ;
#163 = EDGE_CURVE ( 'NONE', #1947, #1082, #2081, .T. ) ;
#164 = AXIS2_PLACEMENT_3D ( 'NONE', #1407, #1037, #216 ) ;
#165 = CARTESIAN_POINT ( 'NONE',  ( 9.088079912316073816, 35.00000000000000000, 1.100000000000000089 ) ) ;
#166 = VECTOR ( 'NONE', #1704, 1000.000000000000000 ) ;
#167 = ORIENTED_EDGE ( 'NONE', *, *, #836, .F. ) ;
#168 = VECTOR ( 'NONE', #599, 1000.000000000000000 ) ;
#169 = ORIENTED_EDGE ( 'NONE', *, *, #1837, .F. ) ;
#170 = MANIFOLD_SOLID_BREP ( '\X2\0412044b044004350437\X0\-\X2\0412044b0442044f043d04430442044c\X0\3', #21 ) ;
#171 = DIRECTION ( 'NONE',  ( -0.000000000000000000, -0.000000000000000000, -1.000000000000000000 ) ) ;
#172 = CARTESIAN_POINT ( 'NONE',  ( 30.91192008768393862, 35.00000000000000000, 1.100000000000000089 ) ) ;
#173 = ORIENTED_EDGE ( 'NONE', *, *, #2001, .F. ) ;
#174 = ORIENTED_EDGE ( 'NONE', *, *, #2652, .T. ) ;
#175 = CARTESIAN_POINT ( 'NONE',  ( 35.50000000000001421, -44.00000000000000711, 11.00000000000000000 ) ) ;
#176 = ORIENTED_EDGE ( 'NONE', *, *, #1171, .T. ) ;
#177 = EDGE_CURVE ( 'NONE', #761, #953, #582, .T. ) ;
#178 = ORIENTED_EDGE ( 'NONE', *, *, #2317, .T. ) ;
#179 = ORIENTED_EDGE ( 'NONE', *, *, #890, .T. ) ;
#180 = FACE_OUTER_BOUND ( 'NONE', #558, .T. ) ;
#181 = DIRECTION ( 'NONE',  ( 0.5000000000000001110, -0.8660254037844385966, -0.000000000000000000 ) ) ;
#182 = CARTESIAN_POINT ( 'NONE',  ( -35.50000000000000000, 44.00000000000000000, 12.00000000000000000 ) ) ;
#183 = ORIENTED_EDGE ( 'NONE', *, *, #2444, .T. ) ;
#184 = CARTESIAN_POINT ( 'NONE',  ( -15.12139022534766752, -43.44999999999999574, 1.100000000000000311 ) ) ;
#185 = ORIENTED_EDGE ( 'NONE', *, *, #674, .T. ) ;
#186 = ADVANCED_FACE ( 'NONE', ( #307 ), #1506, .F. ) ;
#187 = LINE ( 'NONE', #1463, #2287 ) ;
#188 = DIRECTION ( 'NONE',  ( -0.000000000000000000, -0.000000000000000000, -1.000000000000000000 ) ) ;
#189 = ORIENTED_EDGE ( 'NONE', *, *, #1560, .T. ) ;
#190 = EDGE_CURVE ( 'NONE', #2240, #1811, #1632, .T. ) ;
#191 = VECTOR ( 'NONE', #501, 1000.000000000000000 ) ;
#192 = EDGE_LOOP ( 'NONE', ( #1513, #676, #964, #2662, #1502, #1051 ) ) ;
#193 = CARTESIAN_POINT ( 'NONE',  ( 30.91192008768393862, -35.00000000000000000, 0.000000000000000000 ) ) ;
#194 = AXIS2_PLACEMENT_3D ( 'NONE', #361, #2401, #2630 ) ;
#195 = ADVANCED_FACE ( 'NONE', ( #57 ), #1342, .T. ) ;
#196 = DIRECTION ( 'NONE',  ( 0.000000000000000000, 1.000000000000000000, 0.000000000000000000 ) ) ;
#197 = DIRECTION ( 'NONE',  ( 0.000000000000000000, 0.000000000000000000, -1.000000000000000000 ) ) ;
#198 = CARTESIAN_POINT ( 'NONE',  ( -30.91192008768393862, -35.00000000000000000, 1.100000000000000089 ) ) ;
#199 = VECTOR ( 'NONE', #2370, 1000.000000000000114 ) ;
#200 = ORIENTED_EDGE ( 'NONE', *, *, #509, .F. ) ;
#201 = LINE ( 'NONE', #2053, #465 ) ;
#202 = VECTOR ( 'NONE', #774, 1000.000000000000000 ) ;
#203 = DIRECTION ( 'NONE',  ( 0.4999999999999998335, -0.8660254037844387076, 0.000000000000000000 ) ) ;
#204 = ORIENTED_EDGE ( 'NONE', *, *, #578, .F. ) ;
#205 = VECTOR ( 'NONE', #1868, 1000.000000000000000 ) ;
#206 = VECTOR ( 'NONE', #2218, 1000.000000000000000 ) ;
#207 = DIRECTION ( 'NONE',  ( -0.000000000000000000, -0.000000000000000000, -1.000000000000000000 ) ) ;
#208 = FACE_OUTER_BOUND ( 'NONE', #1539, .T. ) ;
#209 = EDGE_CURVE ( 'NONE', #1249, #2010, #1314, .T. ) ;
#210 = AXIS2_PLACEMENT_3D ( 'NONE', #785, #771, #2614 ) ;
#211 = AXIS2_PLACEMENT_3D ( 'NONE', #1711, #244, #2276 ) ;
#212 = VERTEX_POINT ( 'NONE', #1326 ) ;
#213 = DIRECTION ( 'NONE',  ( -1.000000000000000000, 0.000000000000000000, 0.000000000000000000 ) ) ;
#214 = ADVANCED_FACE ( 'NONE', ( #1954 ), #766, .F. ) ;
#215 = FACE_OUTER_BOUND ( 'NONE', #2530, .T. ) ;
#216 = DIRECTION ( 'NONE',  ( 1.000000000000000000, 0.000000000000000000, 0.000000000000000000 ) ) ;
#217 = DIRECTION ( 'NONE',  ( -0.4999999999999998890, 0.8660254037844387076, 0.000000000000000000 ) ) ;
#218 = ORIENTED_EDGE ( 'NONE', *, *, #1122, .F. ) ;
#219 = DIRECTION ( 'NONE',  ( -0.4999999999999998335, -0.8660254037844387076, 0.000000000000000000 ) ) ;
#220 = CARTESIAN_POINT ( 'NONE',  ( -30.91192008768393862, 35.00000000000000000, 1.100000000000000089 ) ) ;
#221 = ORIENTED_EDGE ( 'NONE', *, *, #2390, .T. ) ;
#222 = CARTESIAN_POINT ( 'NONE',  ( 9.088079912316073816, 35.00000000000000000, 0.000000000000000000 ) ) ;
#223 = DIRECTION ( 'NONE',  ( -0.000000000000000000, -0.000000000000000000, -1.000000000000000000 ) ) ;
#224 = VERTEX_POINT ( 'NONE', #736 ) ;
#225 = DIRECTION ( 'NONE',  ( -0.000000000000000000, -0.000000000000000000, -1.000000000000000000 ) ) ;
#226 = FACE_BOUND ( 'NONE', #1112, .T. ) ;
#227 = CARTESIAN_POINT ( 'NONE',  ( 10.24278045069532794, 34.99999999999999289, 1.100000000000000311 ) ) ;
#228 = ORIENTED_EDGE ( 'NONE', *, *, #2034, .T. ) ;
#229 = LINE ( 'NONE', #1052, #1195 ) ;
#230 = ADVANCED_FACE ( 'NONE', ( #1915 ), #1749, .F. ) ;
#231 = DIRECTION ( 'NONE',  ( 1.000000000000000000, 0.000000000000000000, 0.000000000000000000 ) ) ;
#232 = EDGE_LOOP ( 'NONE', ( #2341, #2212, #2171, #2622, #2089, #1617 ) ) ;
#233 = CARTESIAN_POINT ( 'NONE',  ( 24.87860977465234669, -26.54999999999999005, 1.100000000000000311 ) ) ;
#234 = CARTESIAN_POINT ( 'NONE',  ( -25.45596004384197641, 44.45000000000001705, 1.100000000000000089 ) ) ;
#235 = ORIENTED_EDGE ( 'NONE', *, *, #2519, .T. ) ;
#236 = CARTESIAN_POINT ( 'NONE',  ( -31.59999999999999787, -12.00000000000000000, 12.00000000000000000 ) ) ;
#237 = CARTESIAN_POINT ( 'NONE',  ( 34.50000000000000711, 44.00000000000000000, 12.00000000000000000 ) ) ;
#238 = DIRECTION ( 'NONE',  ( 0.000000000000000000, 0.000000000000000000, 1.000000000000000000 ) ) ;
#239 = EDGE_CURVE ( 'NONE', #1193, #1951, #282, .T. ) ;
#240 = FILL_AREA_STYLE_COLOUR ( '', #24 ) ;
#241 = VERTEX_POINT ( 'NONE', #2577 ) ;
#242 = VECTOR ( 'NONE', #2667, 1000.000000000000000 ) ;
#243 = DIRECTION ( 'NONE',  ( -0.4999999999999995004, -0.8660254037844389297, -0.000000000000000000 ) ) ;
#244 = DIRECTION ( 'NONE',  ( -0.8660254037844384856, -0.5000000000000004441, 0.000000000000000000 ) ) ;
#245 = EDGE_CURVE ( 'NONE', #2596, #2474, #2166, .T. ) ;
#246 = ORIENTED_EDGE ( 'NONE', *, *, #1956, .T. ) ;
#247 = ORIENTED_EDGE ( 'NONE', *, *, #641, .T. ) ;
#248 = VECTOR ( 'NONE', #2180, 1000.000000000000227 ) ;
#249 = CARTESIAN_POINT ( 'NONE',  ( -35.49999999999998579, -50.00000000000000711, 0.000000000000000000 ) ) ;
#250 = EDGE_CURVE ( 'NONE', #1387, #1766, #717, .T. ) ;
#251 = VECTOR ( 'NONE', #2060, 1000.000000000000000 ) ;
#252 = DIRECTION ( 'NONE',  ( -0.000000000000000000, -0.000000000000000000, -1.000000000000000000 ) ) ;
#253 = VECTOR ( 'NONE', #1914, 1000.000000000000000 ) ;
#254 = EDGE_LOOP ( 'NONE', ( #1759, #1713, #1629, #1843 ) ) ;
#255 = AXIS2_PLACEMENT_3D ( 'NONE', #1174, #2004, #1815 ) ;
#256 = DIRECTION ( 'NONE',  ( -0.8660254037844384856, 0.5000000000000004441, 0.000000000000000000 ) ) ;
#257 = AXIS2_PLACEMENT_3D ( 'NONE', #1273, #668, #1872 ) ;
#258 = FACE_OUTER_BOUND ( 'NONE', #1384, .T. ) ;
#259 = DIRECTION ( 'NONE',  ( -1.387778780781445429E-16, 1.000000000000000000, 0.000000000000000000 ) ) ;
#260 = ORIENTED_EDGE ( 'NONE', *, *, #2130, .T. ) ;
#261 = LINE ( 'NONE', #479, #2340 ) ;
#262 = EDGE_LOOP ( 'NONE', ( #129, #541, #957, #2116 ) ) ;
#263 = ORIENTED_EDGE ( 'NONE', *, *, #299, .T. ) ;
#264 = CARTESIAN_POINT ( 'NONE',  ( 29.50000000000001776, -50.00000000000000711, 12.00000000000000000 ) ) ;
#265 = CARTESIAN_POINT ( 'NONE',  ( 24.87860977465233958, -43.44999999999999574, 10.00000000000000000 ) ) ;
#266 = EDGE_CURVE ( 'NONE', #2311, #2010, #110, .T. ) ;
#267 = ORIENTED_EDGE ( 'NONE', *, *, #2230, .T. ) ;
#268 = DIRECTION ( 'NONE',  ( -1.000000000000000000, 0.000000000000000000, 0.000000000000000000 ) ) ;
#269 = DIRECTION ( 'NONE',  ( -0.000000000000000000, -0.000000000000000000, -1.000000000000000000 ) ) ;
#270 = CARTESIAN_POINT ( 'NONE',  ( 29.50000000000001066, -44.00000000000000711, 12.00000000000000000 ) ) ;
#271 = ORIENTED_EDGE ( 'NONE', *, *, #2539, .F. ) ;
#272 = FACE_OUTER_BOUND ( 'NONE', #2420, .T. ) ;
#273 = DIRECTION ( 'NONE',  ( 0.4999999999999998890, 0.8660254037844387076, -0.000000000000000000 ) ) ;
#274 = VERTEX_POINT ( 'NONE', #1762 ) ;
#275 = ORIENTED_EDGE ( 'NONE', *, *, #2470, .T. ) ;
#276 = LINE ( 'NONE', #1101, #2338 ) ;
#277 = ADVANCED_FACE ( 'NONE', ( #1562 ), #457, .T. ) ;
#278 = ADVANCED_FACE ( 'NONE', ( #1081 ), #369, .F. ) ;
#279 = ORIENTED_EDGE ( 'NONE', *, *, #2634, .T. ) ;
#280 = CARTESIAN_POINT ( 'NONE',  ( -24.87860977465233958, -43.44999999999999574, 10.00000000000000000 ) ) ;
#281 = DIRECTION ( 'NONE',  ( 0.000000000000000000, -0.000000000000000000, -1.000000000000000000 ) ) ;
#282 = LINE ( 'NONE', #1107, #154 ) ;
#283 = DIRECTION ( 'NONE',  ( -0.000000000000000000, -0.000000000000000000, -1.000000000000000000 ) ) ;
#284 = ORIENTED_EDGE ( 'NONE', *, *, #404, .T. ) ;
#285 = ORIENTED_EDGE ( 'NONE', *, *, #1092, .F. ) ;
#286 = CIRCLE ( 'NONE', #1676, 3.250000000000002665 ) ;
#287 = CARTESIAN_POINT ( 'NONE',  ( -30.00000000000000000, -12.00000000000000000, -1.734723475976807883E-15 ) ) ;
#288 = VECTOR ( 'NONE', #1164, 1000.000000000000000 ) ;
#289 = VECTOR ( 'NONE', #17, 1000.000000000000000 ) ;
#290 = ORIENTED_EDGE ( 'NONE', *, *, #1694, .F. ) ;
#291 = AXIS2_PLACEMENT_3D ( 'NONE', #308, #1980, #125 ) ;
#292 = CARTESIAN_POINT ( 'NONE',  ( -29.50000000000000000, 44.00000000000000000, 0.000000000000000000 ) ) ;
#293 = VECTOR ( 'NONE', #1788, 1000.000000000000000 ) ;
#294 = DIRECTION ( 'NONE',  ( 0.000000000000000000, -0.7071067811865426878, -0.7071067811865524577 ) ) ;
#295 = CARTESIAN_POINT ( 'NONE',  ( -30.00000000000000000, -12.00000000000000000, 1.650000000000012568 ) ) ;
#296 = DIRECTION ( 'NONE',  ( -0.000000000000000000, -0.000000000000000000, -1.000000000000000000 ) ) ;
#297 = VECTOR ( 'NONE', #1438, 1000.000000000000000 ) ;
#298 = DIRECTION ( 'NONE',  ( 0.4999999999999998335, 0.8660254037844387076, 0.000000000000000000 ) ) ;
#299 = EDGE_CURVE ( 'NONE', #224, #1823, #748, .T. ) ;
#300 = ORIENTED_EDGE ( 'NONE', *, *, #1353, .T. ) ;
#301 = ORIENTED_EDGE ( 'NONE', *, *, #2423, .T. ) ;
#302 = FACE_OUTER_BOUND ( 'NONE', #2603, .T. ) ;
#303 = FACE_OUTER_BOUND ( 'NONE', #2249, .T. ) ;
#304 = EDGE_LOOP ( 'NONE', ( #2497, #2650, #1793, #1331 ) ) ;
#305 = LINE ( 'NONE', #1760, #1281 ) ;
#306 = DIRECTION ( 'NONE',  ( 0.000000000000000000, 0.000000000000000000, -1.000000000000000000 ) ) ;
#307 = FACE_OUTER_BOUND ( 'NONE', #2440, .T. ) ;
#308 = CARTESIAN_POINT ( 'NONE',  ( -30.00000000000000000, 12.00000000000000000, 12.00000000000000000 ) ) ;
#309 = ADVANCED_FACE ( 'NONE', ( #1613 ), #757, .F. ) ;
#310 = LINE ( 'NONE', #1723, #1677 ) ;
#311 = CARTESIAN_POINT ( 'NONE',  ( 29.75721954930468272, -34.99999999999999289, 10.00000000000000000 ) ) ;
#312 = ORIENTED_EDGE ( 'NONE', *, *, #1068, .T. ) ;
#313 = ORIENTED_EDGE ( 'NONE', *, *, #1310, .T. ) ;
#314 = EDGE_CURVE ( 'NONE', #1831, #2363, #156, .T. ) ;
#315 = DIRECTION ( 'NONE',  ( -1.000000000000000000, 0.000000000000000000, 0.000000000000000000 ) ) ;
#316 = LINE ( 'NONE', #1336, #2196 ) ;
#317 = ORIENTED_EDGE ( 'NONE', *, *, #2169, .F. ) ;
#318 = DIRECTION ( 'NONE',  ( -1.000000000000000000, 0.000000000000000000, 0.000000000000000000 ) ) ;
#319 = DIRECTION ( 'NONE',  ( -0.000000000000000000, -0.000000000000000000, -1.000000000000000000 ) ) ;
#320 = CARTESIAN_POINT ( 'NONE',  ( -25.45596004384197286, -25.54999999999999361, 1.100000000000000089 ) ) ;
#321 = CARTESIAN_POINT ( 'NONE',  ( -10.24278045069532794, 34.99999999999999289, 10.00000000000000000 ) ) ;
#322 = DIRECTION ( 'NONE',  ( -0.000000000000000000, -0.000000000000000000, -1.000000000000000000 ) ) ;
#323 = EDGE_CURVE ( 'NONE', #906, #378, #1198, .T. ) ;
#324 = ORIENTED_EDGE ( 'NONE', *, *, #1333, .F. ) ;
#325 = EDGE_LOOP ( 'NONE', ( #176, #1149, #1887, #2203 ) ) ;
#326 = ADVANCED_FACE ( 'NONE', ( #1600 ), #2411, .F. ) ;
#327 = PLANE ( 'NONE',  #1990 ) ;
#328 = EDGE_CURVE ( 'NONE', #1387, #2109, #539, .T. ) ;
#329 = AXIS2_PLACEMENT_3D ( 'NONE', #515, #474, #691 ) ;
#330 = ORIENTED_EDGE ( 'NONE', *, *, #23, .F. ) ;
#331 = VECTOR ( 'NONE', #2494, 1000.000000000000000 ) ;
#332 = DIRECTION ( 'NONE',  ( 0.4999999999999998890, 0.8660254037844387076, 0.000000000000000000 ) ) ;
#333 = DIRECTION ( 'NONE',  ( 0.8660254037844389297, 0.4999999999999995004, -0.000000000000000000 ) ) ;
#334 = CIRCLE ( 'NONE', #1636, 1.599999999999997202 ) ;
#335 = CARTESIAN_POINT ( 'NONE',  ( -29.75721954930468272, -34.99999999999999289, 10.00000000000000000 ) ) ;
#336 = VECTOR ( 'NONE', #2422, 1000.000000000000000 ) ;
#337 = ORIENTED_EDGE ( 'NONE', *, *, #1834, .F. ) ;
#338 = ORIENTED_EDGE ( 'NONE', *, *, #2649, .T. ) ;
#339 = AXIS2_PLACEMENT_3D ( 'NONE', #287, #2621, #315 ) ;
#340 = VECTOR ( 'NONE', #1808, 1000.000000000000000 ) ;
#341 = DIRECTION ( 'NONE',  ( 0.5000000000000001110, -0.8660254037844385966, 0.000000000000000000 ) ) ;
#342 = EDGE_LOOP ( 'NONE', ( #246, #221 ) ) ;
#343 = ORIENTED_EDGE ( 'NONE', *, *, #2535, .F. ) ;
#344 = EDGE_CURVE ( 'NONE', #1025, #2580, #1995, .T. ) ;
#345 = CARTESIAN_POINT ( 'NONE',  ( -29.50000000000000000, 44.00000000000000000, 12.00000000000000000 ) ) ;
#346 = PLANE ( 'NONE',  #1420 ) ;
#347 = CARTESIAN_POINT ( 'NONE',  ( 25.45596004384197641, 44.45000000000001705, 1.100000000000000089 ) ) ;
#348 = PLANE ( 'NONE',  #1457 ) ;
#349 = ORIENTED_EDGE ( 'NONE', *, *, #147, .F. ) ;
#350 = ORIENTED_EDGE ( 'NONE', *, *, #1649, .F. ) ;
#351 = CARTESIAN_POINT ( 'NONE',  ( -28.40000000000000213, -12.00000000000000000, 12.00000000000000000 ) ) ;
#352 = ORIENTED_EDGE ( 'NONE', *, *, #1105, .T. ) ;
#353 = ADVANCED_FACE ( 'NONE', ( #949 ), #579, .F. ) ;
#354 = ORIENTED_EDGE ( 'NONE', *, *, #929, .F. ) ;
#355 = ADVANCED_FACE ( 'NONE', ( #2653 ), #1799, .F. ) ;
#356 = LINE ( 'NONE', #1813, #415 ) ;
#357 = EDGE_CURVE ( 'NONE', #1902, #10, #1816, .T. ) ;
#358 = DIRECTION ( 'NONE',  ( -1.000000000000000000, 0.000000000000000000, 0.000000000000000000 ) ) ;
#359 = DIRECTION ( 'NONE',  ( 0.000000000000000000, -0.000000000000000000, 1.000000000000000000 ) ) ;
#360 = DIRECTION ( 'NONE',  ( 0.7071067811865426878, 0.000000000000000000, 0.7071067811865524577 ) ) ;
#361 = CARTESIAN_POINT ( 'NONE',  ( 29.50000000000000711, 44.00000000000000000, 12.00000000000000000 ) ) ;
#362 = ORIENTED_EDGE ( 'NONE', *, *, #1642, .T. ) ;
#363 = CARTESIAN_POINT ( 'NONE',  ( 14.54403995615804135, -25.54999999999999361, 1.100000000000000089 ) ) ;
#364 = EDGE_LOOP ( 'NONE', ( #112, #1113, #2521, #696 ) ) ;
#365 = CARTESIAN_POINT ( 'NONE',  ( -29.49999999999998579, -50.00000000000000711, 11.00000000000000000 ) ) ;
#366 = EDGE_LOOP ( 'NONE', ( #2472, #1833, #337, #162 ) ) ;
#367 = VECTOR ( 'NONE', #389, 1000.000000000000000 ) ;
#368 = AXIS2_PLACEMENT_3D ( 'NONE', #2548, #55, #732 ) ;
#369 = PLANE ( 'NONE',  #849 ) ;
#370 = VECTOR ( 'NONE', #755, 1000.000000000000000 ) ;
#371 = CARTESIAN_POINT ( 'NONE',  ( 15.12139022534766752, 43.44999999999999574, 10.00000000000000000 ) ) ;
#372 = VECTOR ( 'NONE', #1665, 1000.000000000000000 ) ;
#373 = CARTESIAN_POINT ( 'NONE',  ( -35.50000000000000000, 49.99999999999999289, 0.000000000000000000 ) ) ;
#374 = VERTEX_POINT ( 'NONE', #137 ) ;
#375 = VERTEX_POINT ( 'NONE', #2217 ) ;
#376 = EDGE_CURVE ( 'NONE', #1009, #953, #286, .T. ) ;
#377 = VECTOR ( 'NONE', #1864, 1000.000000000000114 ) ;
#378 = VERTEX_POINT ( 'NONE', #772 ) ;
#379 = LINE ( 'NONE', #1411, #1858 ) ;
#380 = VECTOR ( 'NONE', #319, 1000.000000000000000 ) ;
#381 = VERTEX_POINT ( 'NONE', #961 ) ;
#382 = PRODUCT_DEFINITION_CONTEXT ( 'detailed design', #1191, 'design' ) ;
#383 = AXIS2_PLACEMENT_3D ( 'NONE', #1988, #2364, #95 ) ;
#384 = ORIENTED_EDGE ( 'NONE', *, *, #1891, .T. ) ;
#385 = ORIENTED_EDGE ( 'NONE', *, *, #35, .F. ) ;
#386 = LINE ( 'NONE', #335, #1064 ) ;
#387 = EDGE_CURVE ( 'NONE', #875, #1014, #2544, .T. ) ;
#388 = DIRECTION ( 'NONE',  ( -0.000000000000000000, -0.000000000000000000, 1.000000000000000000 ) ) ;
#389 = DIRECTION ( 'NONE',  ( -0.000000000000000000, -0.000000000000000000, -1.000000000000000000 ) ) ;
#390 = LINE ( 'NONE', #1024, #1288 ) ;
#391 = EDGE_LOOP ( 'NONE', ( #2661, #1346, #1458, #1215 ) ) ;
#392 = FACE_OUTER_BOUND ( 'NONE', #2345, .T. ) ;
#393 = ADVANCED_FACE ( 'NONE', ( #2190 ), #1789, .F. ) ;
#394 = VERTEX_POINT ( 'NONE', #786 ) ;
#395 = CARTESIAN_POINT ( 'NONE',  ( 29.50000000000000711, 44.00000000000000000, 12.00000000000000000 ) ) ;
#396 = ORIENTED_EDGE ( 'NONE', *, *, #1489, .F. ) ;
#397 = ORIENTED_EDGE ( 'NONE', *, *, #2649, .F. ) ;
#398 = CARTESIAN_POINT ( 'NONE',  ( -29.50000000000000000, 49.99999999999999289, 11.00000000000000000 ) ) ;
#399 = CARTESIAN_POINT ( 'NONE',  ( -24.87860977465234669, 26.54999999999999005, 10.00000000000000000 ) ) ;
#400 = CARTESIAN_POINT ( 'NONE',  ( 0.000000000000000000, 0.000000000000000000, 1.100000000000000089 ) ) ;
#401 = FACE_OUTER_BOUND ( 'NONE', #444, .T. ) ;
#402 = EDGE_LOOP ( 'NONE', ( #1886, #614, #876, #790 ) ) ;
#403 = CARTESIAN_POINT ( 'NONE',  ( 30.00000000000000000, 12.00000000000000000, 1.650000000000012568 ) ) ;
#404 = EDGE_CURVE ( 'NONE', #1811, #2240, #938, .T. ) ;
#405 = LINE ( 'NONE', #829, #952 ) ;
#406 = ORIENTED_EDGE ( 'NONE', *, *, #2482, .T. ) ;
#407 = DIRECTION ( 'NONE',  ( -0.000000000000000000, -0.000000000000000000, -1.000000000000000000 ) ) ;
#408 = DIRECTION ( 'NONE',  ( 0.000000000000000000, -0.000000000000000000, 1.000000000000000000 ) ) ;
#409 = EDGE_CURVE ( 'NONE', #2129, #2433, #1391, .T. ) ;
#410 = EDGE_LOOP ( 'NONE', ( #618, #2445, #1818, #1775, #2683, #2210 ) ) ;
#411 = CARTESIAN_POINT ( 'NONE',  ( -24.87860977465233958, 43.44999999999999574, 10.00000000000000000 ) ) ;
#412 = PRESENTATION_LAYER_ASSIGNMENT (  '', '', ( #1719 ) ) ;
#413 = CARTESIAN_POINT ( 'NONE',  ( 29.50000000000000711, 49.99999999999999289, 11.00000000000000000 ) ) ;
#414 = CARTESIAN_POINT ( 'NONE',  ( -29.49999999999998579, -44.00000000000001421, 12.00000000000000000 ) ) ;
#415 = VECTOR ( 'NONE', #576, 1000.000000000000000 ) ;
#416 = ORIENTED_EDGE ( 'NONE', *, *, #190, .F. ) ;
#417 = DIRECTION ( 'NONE',  ( -0.000000000000000000, -0.000000000000000000, -1.000000000000000000 ) ) ;
#418 = VECTOR ( 'NONE', #962, 1000.000000000000000 ) ;
#419 = DIRECTION ( 'NONE',  ( -0.5000000000000002220, -0.8660254037844384856, 0.000000000000000000 ) ) ;
#420 = ORIENTED_EDGE ( 'NONE', *, *, #1841, .T. ) ;
#421 = AXIS2_PLACEMENT_3D ( 'NONE', #2460, #223, #1664 ) ;
#422 = VECTOR ( 'NONE', #2516, 1000.000000000000000 ) ;
#423 = CARTESIAN_POINT ( 'NONE',  ( 24.87860977465234669, 26.54999999999999005, 10.00000000000000000 ) ) ;
#424 = FACE_OUTER_BOUND ( 'NONE', #709, .T. ) ;
#425 = AXIS2_PLACEMENT_3D ( 'NONE', #1561, #306, #2347 ) ;
#426 = EDGE_CURVE ( 'NONE', #1531, #149, #1965, .T. ) ;
#427 = EDGE_LOOP ( 'NONE', ( #189, #406, #1270, #2402 ) ) ;
#428 = CARTESIAN_POINT ( 'NONE',  ( 25.45596004384197286, -25.54999999999999361, 1.100000000000000089 ) ) ;
#429 = CARTESIAN_POINT ( 'NONE',  ( -30.91192008768393862, 35.00000000000000000, 0.000000000000000000 ) ) ;
#430 = LINE ( 'NONE', #1435, #2408 ) ;
#431 = EDGE_LOOP ( 'NONE', ( #2069, #2384, #1275, #1576 ) ) ;
#432 = FACE_OUTER_BOUND ( 'NONE', #2406, .T. ) ;
#433 = ORIENTED_EDGE ( 'NONE', *, *, #713, .F. ) ;
#434 = FACE_OUTER_BOUND ( 'NONE', #1355, .T. ) ;
#435 = LINE ( 'NONE', #1046, #467 ) ;
#436 = ADVANCED_FACE ( 'NONE', ( #2163 ), #2135, .F. ) ;
#437 = PRODUCT_DEFINITION_SHAPE ( 'NONE', 'NONE',  #685 ) ;
#438 = CARTESIAN_POINT ( 'NONE',  ( 29.50000000000001776, -50.00000000000000711, 0.000000000000000000 ) ) ;
#439 = EDGE_CURVE ( 'NONE', #1595, #741, #688, .T. ) ;
#440 = CARTESIAN_POINT ( 'NONE',  ( 14.54403995615804313, 44.45000000000001705, 1.100000000000000089 ) ) ;
#441 = DIRECTION ( 'NONE',  ( -1.000000000000000000, -0.000000000000000000, -0.000000000000000000 ) ) ;
#442 = FACE_OUTER_BOUND ( 'NONE', #745, .T. ) ;
#443 = DIRECTION ( 'NONE',  ( 0.000000000000000000, 0.000000000000000000, -1.000000000000000000 ) ) ;
#444 = EDGE_LOOP ( 'NONE', ( #1685, #2007, #324, #330 ) ) ;
#445 = CARTESIAN_POINT ( 'NONE',  ( -9.088079912316073816, -35.00000000000000000, 1.100000000000000089 ) ) ;
#446 = EDGE_CURVE ( 'NONE', #656, #27, #524, .T. ) ;
#447 = PLANE ( 'NONE',  #1733 ) ;
#448 = VERTEX_POINT ( 'NONE', #1541 ) ;
#449 = ORIENTED_EDGE ( 'NONE', *, *, #357, .F. ) ;
#450 = DIRECTION ( 'NONE',  ( 1.000000000000000000, 0.000000000000000000, 0.000000000000000000 ) ) ;
#451 = EDGE_CURVE ( 'NONE', #2391, #2240, #1133, .T. ) ;
#452 = CARTESIAN_POINT ( 'NONE',  ( 14.54403995615804135, 25.54999999999999361, 0.000000000000000000 ) ) ;
#453 = CARTESIAN_POINT ( 'NONE',  ( 24.87860977465234669, -26.54999999999999005, 10.00000000000000000 ) ) ;
#454 = VERTEX_POINT ( 'NONE', #66 ) ;
#455 = PLANE ( 'NONE',  #2674 ) ;
#456 = LINE ( 'NONE', #610, #1027 ) ;
#457 = PLANE ( 'NONE',  #1981 ) ;
#458 = VERTEX_POINT ( 'NONE', #280 ) ;
#459 = FACE_BOUND ( 'NONE', #2048, .T. ) ;
#460 = VECTOR ( 'NONE', #2359, 1000.000000000000000 ) ;
#461 = CARTESIAN_POINT ( 'NONE',  ( -24.87860977465233958, -43.44999999999999574, 10.00000000000000000 ) ) ;
#462 = VERTEX_POINT ( 'NONE', #1103 ) ;
#463 = ORIENTED_EDGE ( 'NONE', *, *, #2477, .T. ) ;
#464 = EDGE_CURVE ( 'NONE', #2321, #2416, #1938, .T. ) ;
#465 = VECTOR ( 'NONE', #59, 1000.000000000000114 ) ;
#466 = DIRECTION ( 'NONE',  ( 0.000000000000000000, -0.000000000000000000, -1.000000000000000000 ) ) ;
#467 = VECTOR ( 'NONE', #51, 1000.000000000000000 ) ;
#468 = CIRCLE ( 'NONE', #1335, 1.599999999999997202 ) ;
#469 = ORIENTED_EDGE ( 'NONE', *, *, #2244, .F. ) ;
#470 = VECTOR ( 'NONE', #1320, 1000.000000000000000 ) ;
#471 = DIRECTION ( 'NONE',  ( 0.000000000000000000, 0.000000000000000000, 1.000000000000000000 ) ) ;
#472 = AXIS2_PLACEMENT_3D ( 'NONE', #1013, #2009, #2043 ) ;
#473 = DIRECTION ( 'NONE',  ( -0.5000000000000003331, -0.8660254037844383745, -0.000000000000000000 ) ) ;
#474 = DIRECTION ( 'NONE',  ( 0.8660254037844385966, -0.5000000000000003331, 0.000000000000000000 ) ) ;
#475 = EDGE_LOOP ( 'NONE', ( #1203, #2664, #2243, #1998, #139, #1495, #179, #1695 ) ) ;
#476 = LINE ( 'NONE', #854, #2333 ) ;
#477 = CARTESIAN_POINT ( 'NONE',  ( 29.50000000000000711, 44.00000000000000000, 11.00000000000000000 ) ) ;
#478 = EDGE_CURVE ( 'NONE', #2073, #1249, #108, .T. ) ;
#479 = CARTESIAN_POINT ( 'NONE',  ( 10.24278045069532794, -34.99999999999999289, 10.00000000000000000 ) ) ;
#480 = VERTEX_POINT ( 'NONE', #931 ) ;
#481 = EDGE_LOOP ( 'NONE', ( #1937, #721, #350, #1054 ) ) ;
#482 = EDGE_CURVE ( 'NONE', #1631, #381, #76, .T. ) ;
#483 = DIRECTION ( 'NONE',  ( 1.000000000000000000, -0.000000000000000000, 0.000000000000000000 ) ) ;
#484 = EDGE_CURVE ( 'NONE', #274, #2019, #305, .T. ) ;
#485 = VERTEX_POINT ( 'NONE', #2177 ) ;
#486 = DIRECTION ( 'NONE',  ( 1.000000000000000000, 0.000000000000000000, 0.000000000000000000 ) ) ;
#487 = DIRECTION ( 'NONE',  ( 0.000000000000000000, -1.000000000000000000, 0.000000000000000000 ) ) ;
#488 = ADVANCED_FACE ( 'NONE', ( #2562 ), #881, .F. ) ;
#489 = CARTESIAN_POINT ( 'NONE',  ( -24.87860977465234669, 26.54999999999999005, 1.100000000000000311 ) ) ;
#490 = DIRECTION ( 'NONE',  ( -1.000000000000000000, 0.000000000000000000, 0.000000000000000000 ) ) ;
#491 = ORIENTED_EDGE ( 'NONE', *, *, #2112, .T. ) ;
#492 = ORIENTED_EDGE ( 'NONE', *, *, #806, .T. ) ;
#493 = CARTESIAN_POINT ( 'NONE',  ( 15.12139022534766752, -43.44999999999999574, 1.100000000000000311 ) ) ;
#494 = ORIENTED_EDGE ( 'NONE', *, *, #1891, .F. ) ;
#495 = EDGE_CURVE ( 'NONE', #27, #1172, #2587, .T. ) ;
#496 = FACE_OUTER_BOUND ( 'NONE', #410, .T. ) ;
#497 = CARTESIAN_POINT ( 'NONE',  ( 24.87860977465233958, -43.44999999999999574, 10.00000000000000000 ) ) ;
#498 = DIRECTION ( 'NONE',  ( -1.000000000000000000, 0.000000000000000000, 0.000000000000000000 ) ) ;
#499 = DIRECTION ( 'NONE',  ( -0.8660254037844387076, 0.4999999999999998890, 0.000000000000000000 ) ) ;
#500 = LINE ( 'NONE', #707, #2459 ) ;
#501 = DIRECTION ( 'NONE',  ( 0.5000000000000001110, 0.8660254037844385966, 0.000000000000000000 ) ) ;
#502 = ORIENTED_EDGE ( 'NONE', *, *, #1229, .T. ) ;
#503 = EDGE_LOOP ( 'NONE', ( #2120, #1607, #20, #1734 ) ) ;
#504 = AXIS2_PLACEMENT_3D ( 'NONE', #2509, #2525, #2682 ) ;
#505 = CARTESIAN_POINT ( 'NONE',  ( -29.49999999999998579, -50.00000000000000711, 11.00000000000000000 ) ) ;
#506 = VECTOR ( 'NONE', #243, 1000.000000000000000 ) ;
#507 = CARTESIAN_POINT ( 'NONE',  ( -14.54403995615804135, -25.54999999999999361, 0.000000000000000000 ) ) ;
#508 = VECTOR ( 'NONE', #1772, 1000.000000000000000 ) ;
#509 = EDGE_CURVE ( 'NONE', #751, #761, #118, .T. ) ;
#510 = ORIENTED_EDGE ( 'NONE', *, *, #2185, .T. ) ;
#511 = AXIS2_PLACEMENT_3D ( 'NONE', #2550, #1748, #1940 ) ;
#512 = CARTESIAN_POINT ( 'NONE',  ( 29.75721954930468272, 34.99999999999999289, 10.00000000000000000 ) ) ;
#513 = ADVANCED_FACE ( 'NONE', ( #496 ), #2534, .F. ) ;
#514 = DIRECTION ( 'NONE',  ( 1.000000000000000000, 0.000000000000000000, 0.000000000000000000 ) ) ;
#515 = CARTESIAN_POINT ( 'NONE',  ( -10.24278045069532794, -34.99999999999999289, 10.00000000000000000 ) ) ;
#516 = DIRECTION ( 'NONE',  ( 0.000000000000000000, 1.000000000000000000, 0.000000000000000000 ) ) ;
#517 = VECTOR ( 'NONE', #1743, 1000.000000000000000 ) ;
#518 = PLANE ( 'NONE',  #1989 ) ;
#519 = ORIENTED_EDGE ( 'NONE', *, *, #2284, .T. ) ;
#520 = ORIENTED_EDGE ( 'NONE', *, *, #1591, .T. ) ;
#521 = DIRECTION ( 'NONE',  ( -1.000000000000000000, 0.000000000000000000, 0.000000000000000000 ) ) ;
#522 = LINE ( 'NONE', #507, #554 ) ;
#523 = ORIENTED_EDGE ( 'NONE', *, *, #1229, .F. ) ;
#524 = LINE ( 'NONE', #1520, #2367 ) ;
#525 = ADVANCED_FACE ( 'NONE', ( #1324 ), #1722, .T. ) ;
#526 = CARTESIAN_POINT ( 'NONE',  ( 30.00000000000000000, 12.00000000000000000, -1.734723475976807883E-15 ) ) ;
#527 = CARTESIAN_POINT ( 'NONE',  ( -15.12139022534766752, -43.44999999999999574, 10.00000000000000000 ) ) ;
#528 = PLANE ( 'NONE',  #1765 ) ;
#529 = EDGE_CURVE ( 'NONE', #2596, #1951, #1925, .T. ) ;
#530 = LINE ( 'NONE', #695, #191 ) ;
#531 = ORIENTED_EDGE ( 'NONE', *, *, #2335, .T. ) ;
#532 = ORIENTED_EDGE ( 'NONE', *, *, #1068, .F. ) ;
#533 = EDGE_CURVE ( 'NONE', #2558, #1947, #591, .T. ) ;
#534 = EDGE_LOOP ( 'NONE', ( #1212, #1920, #901, #2044 ) ) ;
#535 = DIRECTION ( 'NONE',  ( -0.000000000000000000, 0.000000000000000000, 1.000000000000000000 ) ) ;
#536 = DIRECTION ( 'NONE',  ( 0.4999999999999998335, 0.8660254037844387076, 0.000000000000000000 ) ) ;
#537 = EDGE_LOOP ( 'NONE', ( #1091, #2255, #2194, #2670 ) ) ;
#538 = CARTESIAN_POINT ( 'NONE',  ( -15.12139022534766752, -43.44999999999999574, 10.00000000000000000 ) ) ;
#539 = LINE ( 'NONE', #2028, #2495 ) ;
#540 = CARTESIAN_POINT ( 'NONE',  ( -35.50000000000000000, 44.00000000000000000, 11.00000000000000000 ) ) ;
#541 = ORIENTED_EDGE ( 'NONE', *, *, #266, .T. ) ;
#542 = ORIENTED_EDGE ( 'NONE', *, *, #1556, .F. ) ;
#543 = CARTESIAN_POINT ( 'NONE',  ( -30.00000000000000000, 12.00000000000000000, -1.734723475976807883E-15 ) ) ;
#545 = EDGE_CURVE ( 'NONE', #549, #607, #97, .T. ) ;
#544 = CARTESIAN_POINT ( 'NONE',  ( -24.87860977465234669, -26.54999999999999005, 10.00000000000000000 ) ) ;
#546 = VERTEX_POINT ( 'NONE', #1824 ) ;
#547 = VECTOR ( 'NONE', #181, 1000.000000000000114 ) ;
#548 = VECTOR ( 'NONE', #171, 1000.000000000000000 ) ;
#549 = VERTEX_POINT ( 'NONE', #153 ) ;
#550 = LINE ( 'NONE', #2409, #1285 ) ;
#551 = AXIS2_PLACEMENT_3D ( 'NONE', #1260, #2071, #2084 ) ;
#552 = CARTESIAN_POINT ( 'NONE',  ( -14.54403995615804135, -25.54999999999999361, 1.100000000000000089 ) ) ;
#553 = DIRECTION ( 'NONE',  ( -0.000000000000000000, -0.000000000000000000, -1.000000000000000000 ) ) ;
#554 = VECTOR ( 'NONE', #744, 1000.000000000000114 ) ;
#555 = DIRECTION ( 'NONE',  ( 1.000000000000000000, 0.000000000000000000, 0.000000000000000000 ) ) ;
#556 = VECTOR ( 'NONE', #1089, 1000.000000000000000 ) ;
#557 = PLANE ( 'NONE',  #893 ) ;
#558 = EDGE_LOOP ( 'NONE', ( #2638, #1986, #1916, #1535 ) ) ;
#559 = AXIS2_PLACEMENT_3D ( 'NONE', #628, #1379, #2266 ) ;
#560 = ADVANCED_FACE ( 'NONE', ( #2651 ), #2639, .F. ) ;
#561 = VECTOR ( 'NONE', #231, 1000.000000000000000 ) ;
#562 = LINE ( 'NONE', #2222, #168 ) ;
#563 = DIRECTION ( 'NONE',  ( -0.000000000000000000, 0.000000000000000000, -1.000000000000000000 ) ) ;
#564 = EDGE_LOOP ( 'NONE', ( #531, #720, #285, #491 ) ) ;
#565 = EDGE_CURVE ( 'NONE', #1805, #1728, #550, .T. ) ;
#566 = VERTEX_POINT ( 'NONE', #1597 ) ;
#567 = CARTESIAN_POINT ( 'NONE',  ( -10.24278045069532794, 34.99999999999999289, 1.100000000000000311 ) ) ;
#568 = LINE ( 'NONE', #970, #1468 ) ;
#569 = DIRECTION ( 'NONE',  ( -0.000000000000000000, -0.000000000000000000, -1.000000000000000000 ) ) ;
#570 = CARTESIAN_POINT ( 'NONE',  ( 29.50000000000000711, 49.00000000000000711, 12.00000000000000000 ) ) ;
#571 = VERTEX_POINT ( 'NONE', #1143 ) ;
#572 = ORIENTED_EDGE ( 'NONE', *, *, #439, .F. ) ;
#573 = CARTESIAN_POINT ( 'NONE',  ( -29.49999999999998579, -50.00000000000000711, 12.00000000000000000 ) ) ;
#574 = VERTEX_POINT ( 'NONE', #1977 ) ;
#575 = ORIENTED_EDGE ( 'NONE', *, *, #2303, .T. ) ;
#576 = DIRECTION ( 'NONE',  ( -0.000000000000000000, -0.000000000000000000, -1.000000000000000000 ) ) ;
#577 = DIRECTION ( 'NONE',  ( 1.000000000000000000, 0.000000000000000000, 0.000000000000000000 ) ) ;
#578 = EDGE_CURVE ( 'NONE', #965, #2429, #784, .T. ) ;
#579 = PLANE ( 'NONE',  #2057 ) ;
#580 = LINE ( 'NONE', #1496, #1377 ) ;
#581 = CARTESIAN_POINT ( 'NONE',  ( -14.54403995615804135, -25.54999999999999361, 1.100000000000000089 ) ) ;
#582 = LINE ( 'NONE', #2468, #589 ) ;
#583 = VERTEX_POINT ( 'NONE', #1416 ) ;
#584 = PLANE ( 'NONE',  #2242 ) ;
#585 = ORIENTED_EDGE ( 'NONE', *, *, #2423, .F. ) ;
#586 = ORIENTED_EDGE ( 'NONE', *, *, #2656, .T. ) ;
#587 = DIRECTION ( 'NONE',  ( -1.000000000000000000, -0.000000000000000000, -0.000000000000000000 ) ) ;
#588 = ADVANCED_FACE ( 'NONE', ( #120 ), #1581, .T. ) ;
#589 = VECTOR ( 'NONE', #2590, 1000.000000000000000 ) ;
#590 = VERTEX_POINT ( 'NONE', #1611 ) ;
#591 = CIRCLE ( 'NONE', #1846, 5.999999999999998224 ) ;
#592 = DIRECTION ( 'NONE',  ( -0.000000000000000000, 0.000000000000000000, 1.000000000000000000 ) ) ;
#593 = EDGE_CURVE ( 'NONE', #1471, #891, #2545, .T. ) ;
#594 = VECTOR ( 'NONE', #1242, 1000.000000000000000 ) ;
#595 = DIRECTION ( 'NONE',  ( -0.000000000000000000, -0.000000000000000000, -1.000000000000000000 ) ) ;
#596 = CARTESIAN_POINT ( 'NONE',  ( -24.87860977465234669, 26.54999999999999005, 1.100000000000000311 ) ) ;
#597 = VERTEX_POINT ( 'NONE', #2604 ) ;
#598 = AXIS2_PLACEMENT_3D ( 'NONE', #1108, #2565, #705 ) ;
#599 = DIRECTION ( 'NONE',  ( -1.000000000000000000, -0.000000000000000000, -0.000000000000000000 ) ) ;
#600 = CARTESIAN_POINT ( 'NONE',  ( -30.00000000000000000, -12.00000000000000000, 12.00000000000000000 ) ) ;
#601 = AXIS2_PLACEMENT_3D ( 'NONE', #31, #683, #1674 ) ;
#602 = ORIENTED_EDGE ( 'NONE', *, *, #1361, .T. ) ;
#603 = UNCERTAINTY_MEASURE_WITH_UNIT (LENGTH_MEASURE( 1.000000000000000082E-05 ), #2361, 'distance_accuracy_value', 'NONE');
#604 = AXIS2_PLACEMENT_3D ( 'NONE', #1069, #1498, #1053 ) ;
#605 = LINE ( 'NONE', #1488, #2024 ) ;
#606 = ORIENTED_EDGE ( 'NONE', *, *, #136, .F. ) ;
#607 = VERTEX_POINT ( 'NONE', #567 ) ;
#608 = ADVANCED_FACE ( 'NONE', ( #2226 ), #1183, .F. ) ;
#609 = CYLINDRICAL_SURFACE ( 'NONE', #1942, 1.599999999999997202 ) ;
#610 = CARTESIAN_POINT ( 'NONE',  ( -25.45596004384197641, 44.45000000000001705, 0.000000000000000000 ) ) ;
#611 = CARTESIAN_POINT ( 'NONE',  ( -24.87860977465234669, -26.54999999999999005, 1.100000000000000311 ) ) ;
#612 = VERTEX_POINT ( 'NONE', #1389 ) ;
#613 = LINE ( 'NONE', #184, #738 ) ;
#614 = ORIENTED_EDGE ( 'NONE', *, *, #344, .T. ) ;
#615 = EDGE_CURVE ( 'NONE', #2019, #974, #2396, .T. ) ;
#616 = DIRECTION ( 'NONE',  ( 1.000000000000000000, 0.000000000000000000, 0.000000000000000000 ) ) ;
#617 = PLANE ( 'NONE',  #1679 ) ;
#618 = ORIENTED_EDGE ( 'NONE', *, *, #357, .T. ) ;
#619 = DIRECTION ( 'NONE',  ( -1.000000000000000000, 0.000000000000000000, 0.000000000000000000 ) ) ;
#620 = FACE_OUTER_BOUND ( 'NONE', #2447, .T. ) ;
#621 = LINE ( 'NONE', #198, #1104 ) ;
#622 = EDGE_LOOP ( 'NONE', ( #1345, #789, #44, #420 ) ) ;
#623 = LINE ( 'NONE', #873, #2329 ) ;
#624 = LINE ( 'NONE', #461, #819 ) ;
#625 = ORIENTED_EDGE ( 'NONE', *, *, #1885, .T. ) ;
#626 = LINE ( 'NONE', #1044, #1117 ) ;
#627 = EDGE_CURVE ( 'NONE', #2352, #826, #356, .T. ) ;
#628 = CARTESIAN_POINT ( 'NONE',  ( 30.91192008768393862, -35.00000000000000000, 1.100000000000000089 ) ) ;
#629 = DIRECTION ( 'NONE',  ( 0.4999999999999998335, -0.8660254037844387076, -0.000000000000000000 ) ) ;
#630 = ORIENTED_EDGE ( 'NONE', *, *, #2227, .F. ) ;
#631 = DIRECTION ( 'NONE',  ( -0.000000000000000000, -0.000000000000000000, -1.000000000000000000 ) ) ;
#632 = LINE ( 'NONE', #1879, #2419 ) ;
#633 = DIRECTION ( 'NONE',  ( -0.000000000000000000, -0.000000000000000000, -1.000000000000000000 ) ) ;
#634 = AXIS2_PLACEMENT_3D ( 'NONE', #958, #2188, #769 ) ;
#635 = CARTESIAN_POINT ( 'NONE',  ( -29.75721954930468272, -34.99999999999999289, 10.00000000000000000 ) ) ;
#636 = ORIENTED_EDGE ( 'NONE', *, *, #2175, .F. ) ;
#637 = CIRCLE ( 'NONE', #1896, 3.250000000000002665 ) ;
#638 = CARTESIAN_POINT ( 'NONE',  ( 35.50000000000000000, 44.00000000000000000, 11.00000000000000000 ) ) ;
#639 = ORIENTED_EDGE ( 'NONE', *, *, #495, .T. ) ;
#640 = CONICAL_SURFACE ( 'NONE', #2025, 3.250000000000002665, 0.7853981633974479459 ) ;
#641 = EDGE_CURVE ( 'NONE', #394, #2321, #1401, .T. ) ;
#642 = EDGE_CURVE ( 'NONE', #454, #752, #201, .T. ) ;
#643 = AXIS2_PLACEMENT_3D ( 'NONE', #1732, #2560, #2582 ) ;
#644 = PLANE ( 'NONE',  #1598 ) ;
#645 = CARTESIAN_POINT ( 'NONE',  ( -35.49999999999998579, -50.00000000000000711, 12.00000000000000000 ) ) ;
#646 = EDGE_CURVE ( 'NONE', #2395, #2369, #1859, .T. ) ;
#647 = VECTOR ( 'NONE', #2540, 1000.000000000000000 ) ;
#648 = ORIENTED_EDGE ( 'NONE', *, *, #1492, .T. ) ;
#649 = DIRECTION ( 'NONE',  ( -0.000000000000000000, -0.000000000000000000, -1.000000000000000000 ) ) ;
#650 = PLANE ( 'NONE',  #1681 ) ;
#651 = LINE ( 'NONE', #2271, #74 ) ;
#652 = PLANE ( 'NONE',  #32 ) ;
#653 = VERTEX_POINT ( 'NONE', #1041 ) ;
#654 = CARTESIAN_POINT ( 'NONE',  ( 9.088079912316073816, -35.00000000000000000, 0.000000000000000000 ) ) ;
#655 = LINE ( 'NONE', #1701, #561 ) ;
#656 = VERTEX_POINT ( 'NONE', #1659 ) ;
#657 = VERTEX_POINT ( 'NONE', #2095 ) ;
#658 = CARTESIAN_POINT ( 'NONE',  ( -29.49999999999998579, -50.00000000000000711, 11.00000000000000000 ) ) ;
#659 = LINE ( 'NONE', #2087, #166 ) ;
#660 = CARTESIAN_POINT ( 'NONE',  ( 34.50000000000001421, 4.787836793695988369E-15, 12.00000000000000000 ) ) ;
#661 = VERTEX_POINT ( 'NONE', #1917 ) ;
#662 = DIRECTION ( 'NONE',  ( 0.4999999999999998890, -0.8660254037844387076, -0.000000000000000000 ) ) ;
#663 = EDGE_CURVE ( 'NONE', #93, #1077, #808, .T. ) ;
#664 = CARTESIAN_POINT ( 'NONE',  ( 9.088079912316073816, -35.00000000000000000, 1.100000000000000089 ) ) ;
#665 = DIRECTION ( 'NONE',  ( -0.000000000000000000, -0.000000000000000000, -1.000000000000000000 ) ) ;
#666 = ORIENTED_EDGE ( 'NONE', *, *, #1218, .T. ) ;
#667 = DIRECTION ( 'NONE',  ( 1.000000000000000000, 0.000000000000000000, 0.000000000000000000 ) ) ;
#668 = DIRECTION ( 'NONE',  ( -0.000000000000000000, -0.000000000000000000, -1.000000000000000000 ) ) ;
#669 = VERTEX_POINT ( 'NONE', #2480 ) ;
#670 = EDGE_LOOP ( 'NONE', ( #2430, #2557, #275, #62 ) ) ;
#671 = PLANE ( 'NONE',  #601 ) ;
#672 = EDGE_LOOP ( 'NONE', ( #2141, #1190, #290, #1604 ) ) ;
#673 = CARTESIAN_POINT ( 'NONE',  ( 0.000000000000000000, 0.000000000000000000, 10.00000000000000000 ) ) ;
#674 = EDGE_CURVE ( 'NONE', #394, #2596, #1026, .T. ) ;
#675 = LINE ( 'NONE', #86, #2241 ) ;
#676 = ORIENTED_EDGE ( 'NONE', *, *, #642, .T. ) ;
#677 = EDGE_CURVE ( 'NONE', #1766, #2424, #623, .T. ) ;
#678 = VECTOR ( 'NONE', #2093, 1000.000000000000000 ) ;
#679 = CARTESIAN_POINT ( 'NONE',  ( 0.000000000000000000, -49.00000000000002132, 12.00000000000000000 ) ) ;
#680 = VERTEX_POINT ( 'NONE', #1870 ) ;
#681 = ORIENTED_EDGE ( 'NONE', *, *, #2532, .T. ) ;
#682 = VECTOR ( 'NONE', #982, 1000.000000000000000 ) ;
#683 = DIRECTION ( 'NONE',  ( -0.8660254037844385966, -0.5000000000000003331, 0.000000000000000000 ) ) ;
#684 = AXIS2_PLACEMENT_3D ( 'NONE', #1131, #941, #1757 ) ;
#685 = PRODUCT_DEFINITION ( 'UNKNOWN', '', #1319, #382 ) ;
#686 = ORIENTED_EDGE ( 'NONE', *, *, #700, .F. ) ;
#687 = AXIS2_PLACEMENT_3D ( 'NONE', #1663, #2397, #2435 ) ;
#688 = LINE ( 'NONE', #2332, #1893 ) ;
#689 = AXIS2_PLACEMENT_3D ( 'NONE', #2055, #1216, #150 ) ;
#690 = DIRECTION ( 'NONE',  ( -1.000000000000000000, 0.000000000000000000, 0.000000000000000000 ) ) ;
#691 = DIRECTION ( 'NONE',  ( 0.5000000000000002220, 0.8660254037844384856, 0.000000000000000000 ) ) ;
#692 = DIRECTION ( 'NONE',  ( -0.8660254037844387076, 0.4999999999999998890, 0.000000000000000000 ) ) ;
#693 = CARTESIAN_POINT ( 'NONE',  ( -29.75721954930468272, 34.99999999999999289, 1.100000000000000311 ) ) ;
#694 = LINE ( 'NONE', #2351, #2594 ) ;
#695 = CARTESIAN_POINT ( 'NONE',  ( 29.75721954930468272, 34.99999999999999289, 1.100000000000000311 ) ) ;
#696 = ORIENTED_EDGE ( 'NONE', *, *, #136, .T. ) ;
#697 = EDGE_LOOP ( 'NONE', ( #1877, #2511, #12, #1840 ) ) ;
#698 = CARTESIAN_POINT ( 'NONE',  ( -33.25000000000000000, -12.00000000000000000, -1.734723475976807883E-15 ) ) ;
#699 = DIRECTION ( 'NONE',  ( 0.4999999999999998335, 0.8660254037844387076, 0.000000000000000000 ) ) ;
#700 = EDGE_CURVE ( 'NONE', #597, #1929, #2274, .T. ) ;
#701 = EDGE_LOOP ( 'NONE', ( #602, #349, #1883, #228 ) ) ;
#702 = DIRECTION ( 'NONE',  ( 0.5000000000000001110, 0.8660254037844385966, 0.000000000000000000 ) ) ;
#703 = LINE ( 'NONE', #497, #1555 ) ;
#704 = PRESENTATION_STYLE_ASSIGNMENT (( #1543 ) ) ;
#705 = DIRECTION ( 'NONE',  ( 0.4999999999999998890, -0.8660254037844387076, 0.000000000000000000 ) ) ;
#706 = DIRECTION ( 'NONE',  ( -0.4999999999999998890, -0.8660254037844387076, -0.000000000000000000 ) ) ;
#707 = CARTESIAN_POINT ( 'NONE',  ( 14.54403995615804313, -44.45000000000001705, 0.000000000000000000 ) ) ;
#708 = APPLICATION_PROTOCOL_DEFINITION ( 'draft international standard', 'automotive_design', 1998, #872 ) ;
#709 = EDGE_LOOP ( 'NONE', ( #1055, #2353, #1179, #973 ) ) ;
#710 = ORIENTED_EDGE ( 'NONE', *, *, #1605, .T. ) ;
#711 = DIRECTION ( 'NONE',  ( 1.000000000000000000, 0.000000000000000000, 0.000000000000000000 ) ) ;
#712 = CARTESIAN_POINT ( 'NONE',  ( 14.54403995615804313, -44.45000000000001705, 1.100000000000000089 ) ) ;
#713 = EDGE_CURVE ( 'NONE', #752, #2011, #1670, .T. ) ;
#714 = ORIENTED_EDGE ( 'NONE', *, *, #890, .F. ) ;
#715 = DIRECTION ( 'NONE',  ( 0.8660254037844385966, -0.5000000000000001110, 0.000000000000000000 ) ) ;
#716 = CARTESIAN_POINT ( 'NONE',  ( 30.00000000000000000, -12.00000000000000000, -1.734723475976807883E-15 ) ) ;
#717 = LINE ( 'NONE', #910, #2191 ) ;
#718 = LINE ( 'NONE', #2553, #1019 ) ;
#719 =( NAMED_UNIT ( * ) PLANE_ANGLE_UNIT ( ) SI_UNIT ( $, .RADIAN. ) );
#720 = ORIENTED_EDGE ( 'NONE', *, *, #1492, .F. ) ;
#721 = ORIENTED_EDGE ( 'NONE', *, *, #328, .F. ) ;
#722 = VECTOR ( 'NONE', #1532, 1000.000000000000000 ) ;
#723 = LINE ( 'NONE', #743, #39 ) ;
#724 = EDGE_CURVE ( 'NONE', #2580, #2363, #767, .T. ) ;
#725 = VECTOR ( 'NONE', #2126, 1000.000000000000000 ) ;
#726 = CARTESIAN_POINT ( 'NONE',  ( -15.12139022534766752, -26.54999999999999005, 10.00000000000000000 ) ) ;
#727 = ADVANCED_FACE ( 'NONE', ( #2322, #459 ), #1244, .F. ) ;
#728 = AXIS2_PLACEMENT_3D ( 'NONE', #453, #1876, #2088 ) ;
#729 = EDGE_CURVE ( 'NONE', #1249, #2146, #229, .T. ) ;
#730 = ORIENTED_EDGE ( 'NONE', *, *, #565, .F. ) ;
#731 = AXIS2_PLACEMENT_3D ( 'NONE', #1698, #1022, #2523 ) ;
#732 = DIRECTION ( 'NONE',  ( -0.4999999999999998890, -0.8660254037844387076, 0.000000000000000000 ) ) ;
#733 = CONICAL_SURFACE ( 'NONE', #1731, 3.250000000000002665, 0.7853981633974467247 ) ;
#734 = CARTESIAN_POINT ( 'NONE',  ( -14.54403995615804313, 44.45000000000001705, 1.100000000000000089 ) ) ;
#735 = EDGE_CURVE ( 'NONE', #2129, #2648, #2110, .T. ) ;
#736 = CARTESIAN_POINT ( 'NONE',  ( -25.45596004384197286, 25.54999999999999361, 0.000000000000000000 ) ) ;
#737 = DIRECTION ( 'NONE',  ( -1.000000000000000000, 0.000000000000000000, 0.000000000000000000 ) ) ;
#738 = VECTOR ( 'NONE', #1028, 1000.000000000000000 ) ;
#739 = DIRECTION ( 'NONE',  ( 1.000000000000000000, 0.000000000000000000, 0.000000000000000000 ) ) ;
#740 = VERTEX_POINT ( 'NONE', #855 ) ;
#741 = VERTEX_POINT ( 'NONE', #1686 ) ;
#742 = VERTEX_POINT ( 'NONE', #654 ) ;
#743 = CARTESIAN_POINT ( 'NONE',  ( -24.87860977465234669, -26.54999999999999005, 10.00000000000000000 ) ) ;
#744 = DIRECTION ( 'NONE',  ( 0.4999999999999998890, -0.8660254037844387076, 0.000000000000000000 ) ) ;
#745 = EDGE_LOOP ( 'NONE', ( #1829, #2415, #1228, #1128, #492, #1265 ) ) ;
#746 = DIRECTION ( 'NONE',  ( 0.8660254037844385966, 0.5000000000000003331, -0.000000000000000000 ) ) ;
#747 = FACE_OUTER_BOUND ( 'NONE', #1040, .T. ) ;
#748 = LINE ( 'NONE', #2014, #979 ) ;
#749 = DIRECTION ( 'NONE',  ( 0.5000000000000002220, 0.8660254037844384856, 0.000000000000000000 ) ) ;
#750 = EDGE_CURVE ( 'NONE', #657, #740, #2168, .T. ) ;
#751 = VERTEX_POINT ( 'NONE', #1509 ) ;
#752 = VERTEX_POINT ( 'NONE', #1739 ) ;
#753 = DIRECTION ( 'NONE',  ( 0.4999999999999998890, 0.8660254037844387076, 0.000000000000000000 ) ) ;
#754 = ORIENTED_EDGE ( 'NONE', *, *, #2038, .T. ) ;
#755 = DIRECTION ( 'NONE',  ( 1.387778780781445429E-16, -1.000000000000000000, 0.000000000000000000 ) ) ;
#756 = DIRECTION ( 'NONE',  ( -0.000000000000000000, -0.000000000000000000, -1.000000000000000000 ) ) ;
#757 = CYLINDRICAL_SURFACE ( 'NONE', #1152, 1.599999999999997202 ) ;
#758 = EDGE_CURVE ( 'NONE', #1014, #875, #2671, .T. ) ;
#759 = CARTESIAN_POINT ( 'NONE',  ( 10.24278045069532794, 34.99999999999999289, 10.00000000000000000 ) ) ;
#760 = ORIENTED_EDGE ( 'NONE', *, *, #1072, .F. ) ;
#761 = VERTEX_POINT ( 'NONE', #2139 ) ;
#762 = EDGE_CURVE ( 'NONE', #1172, #1595, #310, .T. ) ;
#763 = AXIS2_PLACEMENT_3D ( 'NONE', #414, #1241, #1464 ) ;
#764 = PLANE ( 'NONE',  #1516 ) ;
#765 = EDGE_LOOP ( 'NONE', ( #760, #1933, #1412, #2487 ) ) ;
#766 = CONICAL_SURFACE ( 'NONE', #2452, 3.250000000000002665, 0.7853981633974479459 ) ;
#767 = CIRCLE ( 'NONE', #1154, 1.599999999999990319 ) ;
#768 = EDGE_LOOP ( 'NONE', ( #312, #1919 ) ) ;
#769 = DIRECTION ( 'NONE',  ( -1.000000000000000000, 0.000000000000000000, 0.000000000000000000 ) ) ;
#770 = VECTOR ( 'NONE', #1928, 1000.000000000000000 ) ;
#771 = DIRECTION ( 'NONE',  ( -0.000000000000000000, -0.000000000000000000, -1.000000000000000000 ) ) ;
#772 = CARTESIAN_POINT ( 'NONE',  ( -29.50000000000000000, 49.00000000000000711, 12.00000000000000000 ) ) ;
#773 = AXIS2_PLACEMENT_3D ( 'NONE', #2592, #692, #2124 ) ;
#774 = DIRECTION ( 'NONE',  ( -0.000000000000000000, -0.000000000000000000, -1.000000000000000000 ) ) ;
#775 = VECTOR ( 'NONE', #2576, 1000.000000000000000 ) ;
#776 = CARTESIAN_POINT ( 'NONE',  ( 10.24278045069532794, 34.99999999999999289, 1.100000000000000311 ) ) ;
#777 = ORIENTED_EDGE ( 'NONE', *, *, #376, .F. ) ;
#778 = VECTOR ( 'NONE', #1263, 1000.000000000000000 ) ;
#779 = ORIENTED_EDGE ( 'NONE', *, *, #2502, .T. ) ;
#780 = CARTESIAN_POINT ( 'NONE',  ( -34.49999999999999289, -44.00000000000000711, 12.00000000000000000 ) ) ;
#781 = ORIENTED_EDGE ( 'NONE', *, *, #2532, .F. ) ;
#782 = EDGE_CURVE ( 'NONE', #549, #1805, #718, .T. ) ;
#783 = ORIENTED_EDGE ( 'NONE', *, *, #2365, .T. ) ;
#784 = LINE ( 'NONE', #1787, #370 ) ;
#785 = CARTESIAN_POINT ( 'NONE',  ( -30.00000000000000000, 12.00000000000000000, 12.00000000000000000 ) ) ;
#786 = CARTESIAN_POINT ( 'NONE',  ( 29.75721954930468272, 34.99999999999999289, 10.00000000000000000 ) ) ;
#787 = CARTESIAN_POINT ( 'NONE',  ( -10.24278045069532794, -34.99999999999999289, 1.100000000000000311 ) ) ;
#788 = CARTESIAN_POINT ( 'NONE',  ( -10.24278045069532794, -34.99999999999999289, 1.100000000000000311 ) ) ;
#789 = ORIENTED_EDGE ( 'NONE', *, *, #1956, .F. ) ;
#790 = ORIENTED_EDGE ( 'NONE', *, *, #314, .F. ) ;
#791 = CARTESIAN_POINT ( 'NONE',  ( -10.24278045069532794, -34.99999999999999289, 10.00000000000000000 ) ) ;
#792 = ORIENTED_EDGE ( 'NONE', *, *, #1608, .T. ) ;
#793 = EDGE_CURVE ( 'NONE', #2570, #954, #2593, .T. ) ;
#794 = ORIENTED_EDGE ( 'NONE', *, *, #1791, .F. ) ;
#795 = EDGE_CURVE ( 'NONE', #656, #1911, #935, .T. ) ;
#796 = DIRECTION ( 'NONE',  ( -0.000000000000000000, -0.000000000000000000, -1.000000000000000000 ) ) ;
#797 = FACE_OUTER_BOUND ( 'NONE', #475, .T. ) ;
#798 = ORIENTED_EDGE ( 'NONE', *, *, #2003, .F. ) ;
#799 = LINE ( 'NONE', #2272, #594 ) ;
#800 = ORIENTED_EDGE ( 'NONE', *, *, #1514, .F. ) ;
#801 = DIRECTION ( 'NONE',  ( 1.000000000000000000, 0.000000000000000000, 0.000000000000000000 ) ) ;
#802 = DIRECTION ( 'NONE',  ( -0.4999999999999998890, 0.8660254037844387076, 0.000000000000000000 ) ) ;
#803 = ORIENTED_EDGE ( 'NONE', *, *, #1003, .T. ) ;
#804 = ADVANCED_FACE ( 'NONE', ( #1546 ), #1564, .F. ) ;
#805 = EDGE_LOOP ( 'NONE', ( #1338, #2176, #2542, #1243 ) ) ;
#806 = EDGE_CURVE ( 'NONE', #485, #2570, #1315, .T. ) ;
#807 = ORIENTED_EDGE ( 'NONE', *, *, #2034, .F. ) ;
#808 = CIRCLE ( 'NONE', #158, 5.999999999999998224 ) ;
#809 = FACE_OUTER_BOUND ( 'NONE', #670, .T. ) ;
#810 = ADVANCED_FACE ( 'NONE', ( #272 ), #897, .F. ) ;
#811 = VECTOR ( 'NONE', #1839, 1000.000000000000000 ) ;
#812 = DIRECTION ( 'NONE',  ( -0.000000000000000000, -0.000000000000000000, -1.000000000000000000 ) ) ;
#813 = CARTESIAN_POINT ( 'NONE',  ( 30.91192008768393862, 35.00000000000000000, 1.100000000000000089 ) ) ;
#814 = ORIENTED_EDGE ( 'NONE', *, *, #593, .F. ) ;
#815 = VECTOR ( 'NONE', #441, 1000.000000000000000 ) ;
#816 = DIRECTION ( 'NONE',  ( 0.000000000000000000, 0.000000000000000000, -1.000000000000000000 ) ) ;
#817 = CONICAL_SURFACE ( 'NONE', #2111, 5.000000000000011546, 0.7853981633974421728 ) ;
#818 = EDGE_LOOP ( 'NONE', ( #1279, #991, #151, #279 ) ) ;
#819 = VECTOR ( 'NONE', #1904, 1000.000000000000114 ) ;
#820 = DIRECTION ( 'NONE',  ( -0.4999999999999995004, -0.8660254037844389297, 0.000000000000000000 ) ) ;
#821 = EDGE_LOOP ( 'NONE', ( #2221, #143, #666, #1970, #639, #1373 ) ) ;
#822 = DIRECTION ( 'NONE',  ( -0.4999999999999998890, 0.8660254037844387076, 0.000000000000000000 ) ) ;
#823 = LINE ( 'NONE', #237, #905 ) ;
#824 = DIRECTION ( 'NONE',  ( 1.000000000000000000, 0.000000000000000000, -0.000000000000000000 ) ) ;
#825 = CARTESIAN_POINT ( 'NONE',  ( -33.25000000000000000, 12.00000000000000000, -1.734723475976807883E-15 ) ) ;
#826 = VERTEX_POINT ( 'NONE', #693 ) ;
#827 = CARTESIAN_POINT ( 'NONE',  ( 29.75721954930468272, 34.99999999999999289, 10.00000000000000000 ) ) ;
#828 = ADVANCED_FACE ( 'NONE', ( #911 ), #1097, .F. ) ;
#829 = CARTESIAN_POINT ( 'NONE',  ( 26.74999999999999645, 12.00000000000000000, -1.734723475976807883E-15 ) ) ;
#830 = ORIENTED_EDGE ( 'NONE', *, *, #52, .F. ) ;
#831 = DIRECTION ( 'NONE',  ( 0.8660254037844387076, -0.4999999999999998890, 0.000000000000000000 ) ) ;
#832 = CARTESIAN_POINT ( 'NONE',  ( -29.75721954930468272, -34.99999999999999289, 1.100000000000000311 ) ) ;
#833 = ORIENTED_EDGE ( 'NONE', *, *, #30, .T. ) ;
#834 = CARTESIAN_POINT ( 'NONE',  ( 25.45596004384197286, -25.54999999999999361, 1.100000000000000089 ) ) ;
#835 = CARTESIAN_POINT ( 'NONE',  ( -31.59999999999999076, -12.00000000000000000, 1.650000000000012568 ) ) ;
#836 = EDGE_CURVE ( 'NONE', #1635, #2636, #852, .T. ) ;
#837 = DIRECTION ( 'NONE',  ( -0.000000000000000000, -0.000000000000000000, -1.000000000000000000 ) ) ;
#838 = DIRECTION ( 'NONE',  ( -1.000000000000000000, 0.000000000000000000, 0.000000000000000000 ) ) ;
#839 = ORIENTED_EDGE ( 'NONE', *, *, #84, .T. ) ;
#840 = DIRECTION ( 'NONE',  ( 0.5000000000000001110, -0.8660254037844385966, 0.000000000000000000 ) ) ;
#841 = FACE_OUTER_BOUND ( 'NONE', #254, .T. ) ;
#842 = EDGE_CURVE ( 'NONE', #1167, #2581, #2102, .T. ) ;
#843 = ORIENTED_EDGE ( 'NONE', *, *, #1388, .F. ) ;
#844 = DIRECTION ( 'NONE',  ( -1.000000000000000000, 0.000000000000000000, 0.000000000000000000 ) ) ;
#845 = LINE ( 'NONE', #1675, #1945 ) ;
#846 = CIRCLE ( 'NONE', #194, 5.000000000000011546 ) ;
#847 = ORIENTED_EDGE ( 'NONE', *, *, #49, .T. ) ;
#848 = CARTESIAN_POINT ( 'NONE',  ( 25.45596004384197641, -44.45000000000001705, 1.100000000000000089 ) ) ;
#849 = AXIS2_PLACEMENT_3D ( 'NONE', #347, #333, #2607 ) ;
#850 = DIRECTION ( 'NONE',  ( -0.000000000000000000, 0.000000000000000000, 1.000000000000000000 ) ) ;
#851 = DIRECTION ( 'NONE',  ( -1.000000000000000000, 0.000000000000000000, 0.000000000000000000 ) ) ;
#852 = CIRCLE ( 'NONE', #2371, 3.250000000000002665 ) ;
#853 = ORIENTED_EDGE ( 'NONE', *, *, #114, .T. ) ;
#854 = CARTESIAN_POINT ( 'NONE',  ( -35.50000000000000000, 49.99999999999999289, 0.000000000000000000 ) ) ;
#855 = CARTESIAN_POINT ( 'NONE',  ( 25.45596004384197641, 44.45000000000001705, 0.000000000000000000 ) ) ;
#856 = AXIS2_PLACEMENT_3D ( 'NONE', #645, #1264, #408 ) ;
#857 = CARTESIAN_POINT ( 'NONE',  ( 10.24278045069532794, -34.99999999999999289, 1.100000000000000311 ) ) ;
#858 = ORIENTED_EDGE ( 'NONE', *, *, #1439, .T. ) ;
#859 = VERTEX_POINT ( 'NONE', #1354 ) ;
#860 = VECTOR ( 'NONE', #450, 1000.000000000000000 ) ;
#861 = CONICAL_SURFACE ( 'NONE', #1643, 3.250000000000002665, 0.7853981633974479459 ) ;
#862 = DIRECTION ( 'NONE',  ( 0.000000000000000000, 1.000000000000000000, -0.000000000000000000 ) ) ;
#863 = FACE_OUTER_BOUND ( 'NONE', #1672, .T. ) ;
#864 = AXIS2_PLACEMENT_3D ( 'NONE', #679, #1042, #1469 ) ;
#865 = ADVANCED_FACE ( 'NONE', ( #1982 ), #2153, .F. ) ;
#866 = ORIENTED_EDGE ( 'NONE', *, *, #646, .T. ) ;
#867 = LINE ( 'NONE', #2316, #1510 ) ;
#868 = LINE ( 'NONE', #98, #1810 ) ;
#869 = FACE_OUTER_BOUND ( 'NONE', #936, .T. ) ;
#870 = DIRECTION ( 'NONE',  ( 0.000000000000000000, -0.000000000000000000, -1.000000000000000000 ) ) ;
#871 = ORIENTED_EDGE ( 'NONE', *, *, #163, .T. ) ;
#872 = APPLICATION_CONTEXT ( 'automotive_design' ) ;
#873 = CARTESIAN_POINT ( 'NONE',  ( 14.54403995615804135, -25.54999999999999361, 1.100000000000000089 ) ) ;
#874 = CARTESIAN_POINT ( 'NONE',  ( 31.59999999999999787, -12.00000000000000000, 12.00000000000000000 ) ) ;
#875 = VERTEX_POINT ( 'NONE', #1125 ) ;
#876 = ORIENTED_EDGE ( 'NONE', *, *, #724, .T. ) ;
#877 = PLANE ( 'NONE',  #947 ) ;
#878 = EDGE_CURVE ( 'NONE', #1766, #742, #1136, .T. ) ;
#879 = ADVANCED_FACE ( 'NONE', ( #2389 ), #528, .F. ) ;
#880 = ORIENTED_EDGE ( 'NONE', *, *, #700, .T. ) ;
#881 = PLANE ( 'NONE',  #2624 ) ;
#882 = CARTESIAN_POINT ( 'NONE',  ( 29.50000000000001776, -49.00000000000002132, 12.00000000000000000 ) ) ;
#883 = ORIENTED_EDGE ( 'NONE', *, *, #409, .T. ) ;
#884 = EDGE_CURVE ( 'NONE', #2619, #1018, #940, .T. ) ;
#885 = DIRECTION ( 'NONE',  ( -0.000000000000000000, -0.000000000000000000, -1.000000000000000000 ) ) ;
#886 = ORIENTED_EDGE ( 'NONE', *, *, #1310, .F. ) ;
#887 = ORIENTED_EDGE ( 'NONE', *, *, #1779, .T. ) ;
#888 = FACE_OUTER_BOUND ( 'NONE', #1669, .T. ) ;
#889 = EDGE_CURVE ( 'NONE', #149, #1286, #1381, .T. ) ;
#890 = EDGE_CURVE ( 'NONE', #374, #2129, #2414, .T. ) ;
#891 = VERTEX_POINT ( 'NONE', #2219 ) ;
#892 = CARTESIAN_POINT ( 'NONE',  ( 24.87860977465234669, 26.54999999999999005, 10.00000000000000000 ) ) ;
#893 = AXIS2_PLACEMENT_3D ( 'NONE', #999, #128, #2451 ) ;
#894 = DIRECTION ( 'NONE',  ( -0.000000000000000000, -0.000000000000000000, -1.000000000000000000 ) ) ;
#895 = DIRECTION ( 'NONE',  ( -0.8660254037844387076, -0.4999999999999998890, 0.000000000000000000 ) ) ;
#896 = CARTESIAN_POINT ( 'NONE',  ( 25.45596004384197641, 44.45000000000001705, 0.000000000000000000 ) ) ;
#897 = PLANE ( 'NONE',  #2021 ) ;
#898 = EDGE_CURVE ( 'NONE', #574, #103, #2428, .T. ) ;
#899 = AXIS2_PLACEMENT_3D ( 'NONE', #1979, #2206, #145 ) ;
#900 = CARTESIAN_POINT ( 'NONE',  ( 0.000000000000000000, 0.000000000000000000, 0.000000000000000000 ) ) ;
#901 = ORIENTED_EDGE ( 'NONE', *, *, #495, .F. ) ;
#902 = EDGE_LOOP ( 'NONE', ( #2220, #1356, #2036, #1638 ) ) ;
#903 = CARTESIAN_POINT ( 'NONE',  ( -28.40000000000000924, -12.00000000000000000, 1.650000000000012568 ) ) ;
#904 = AXIS2_PLACEMENT_3D ( 'NONE', #2366, #1963, #1745 ) ;
#905 = VECTOR ( 'NONE', #1854, 1000.000000000000000 ) ;
#906 = VERTEX_POINT ( 'NONE', #570 ) ;
#907 = CIRCLE ( 'NONE', #2554, 3.250000000000002665 ) ;
#908 = DIRECTION ( 'NONE',  ( 1.000000000000000000, -0.000000000000000000, -0.000000000000000000 ) ) ;
#909 = CARTESIAN_POINT ( 'NONE',  ( 29.75721954930468272, -34.99999999999999289, 1.100000000000000311 ) ) ;
#910 = CARTESIAN_POINT ( 'NONE',  ( 9.088079912316073816, -35.00000000000000000, 1.100000000000000089 ) ) ;
#911 = FACE_OUTER_BOUND ( 'NONE', #304, .T. ) ;
#912 = ORIENTED_EDGE ( 'NONE', *, *, #376, .T. ) ;
#913 = ORIENTED_EDGE ( 'NONE', *, *, #593, .T. ) ;
#914 = ADVANCED_FACE ( 'NONE', ( #2654 ), #1615, .F. ) ;
#915 = DIRECTION ( 'NONE',  ( 0.000000000000000000, 0.000000000000000000, -1.000000000000000000 ) ) ;
#916 = ORIENTED_EDGE ( 'NONE', *, *, #2663, .T. ) ;
#917 = CARTESIAN_POINT ( 'NONE',  ( -10.24278045069532794, 34.99999999999999289, 10.00000000000000000 ) ) ;
#918 = LINE ( 'NONE', #734, #1378 ) ;
#919 = DIRECTION ( 'NONE',  ( 1.000000000000000000, 0.000000000000000000, 0.000000000000000000 ) ) ;
#920 = DIRECTION ( 'NONE',  ( 0.5000000000000002220, -0.8660254037844384856, -0.000000000000000000 ) ) ;
#921 = DIRECTION ( 'NONE',  ( 0.4999999999999995004, 0.8660254037844389297, 0.000000000000000000 ) ) ;
#922 = FACE_OUTER_BOUND ( 'NONE', #1729, .T. ) ;
#923 = EDGE_CURVE ( 'NONE', #1783, #965, #1790, .T. ) ;
#924 = ORIENTED_EDGE ( 'NONE', *, *, #1922, .F. ) ;
#925 = ORIENTED_EDGE ( 'NONE', *, *, #484, .T. ) ;
#926 = ADVANCED_FACE ( 'NONE', ( #1826 ), #348, .F. ) ;
#927 = CARTESIAN_POINT ( 'NONE',  ( 29.50000000000001066, -44.00000000000000711, 11.00000000000000000 ) ) ;
#928 = CARTESIAN_POINT ( 'NONE',  ( -29.75721954930468272, 34.99999999999999289, 10.00000000000000000 ) ) ;
#929 = EDGE_CURVE ( 'NONE', #1286, #680, #2029, .T. ) ;
#930 = EDGE_LOOP ( 'NONE', ( #2002, #1189, #396, #648 ) ) ;
#931 = CARTESIAN_POINT ( 'NONE',  ( -24.87860977465233958, 43.44999999999999574, 1.100000000000000311 ) ) ;
#932 = CARTESIAN_POINT ( 'NONE',  ( 30.00000000000000000, 12.00000000000000000, 12.00000000000000000 ) ) ;
#933 = CARTESIAN_POINT ( 'NONE',  ( 15.12139022534766752, -26.54999999999999005, 1.100000000000000311 ) ) ;
#934 = LINE ( 'NONE', #950, #770 ) ;
#935 = LINE ( 'NONE', #1957, #1807 ) ;
#936 = EDGE_LOOP ( 'NONE', ( #1043, #2086, #2035, #1086 ) ) ;
#937 = ORIENTED_EDGE ( 'NONE', *, *, #750, .F. ) ;
#938 = CIRCLE ( 'NONE', #899, 1.599999999999990319 ) ;
#939 = CARTESIAN_POINT ( 'NONE',  ( 29.75721954930468272, 34.99999999999999289, 1.100000000000000311 ) ) ;
#940 = CIRCLE ( 'NONE', #1983, 1.599999999999997202 ) ;
#941 = DIRECTION ( 'NONE',  ( 0.000000000000000000, -1.000000000000000000, 0.000000000000000000 ) ) ;
#942 = VECTOR ( 'NONE', #631, 1000.000000000000000 ) ;
#943 = ORIENTED_EDGE ( 'NONE', *, *, #1003, .F. ) ;
#944 = EDGE_CURVE ( 'NONE', #1911, #2454, #2245, .T. ) ;
#945 = VECTOR ( 'NONE', #88, 1000.000000000000000 ) ;
#946 = DIRECTION ( 'NONE',  ( 0.000000000000000000, 0.000000000000000000, -1.000000000000000000 ) ) ;
#947 = AXIS2_PLACEMENT_3D ( 'NONE', #2327, #2313, #2517 ) ;
#948 = DIRECTION ( 'NONE',  ( -0.5000000000000001110, 0.8660254037844385966, 0.000000000000000000 ) ) ;
#949 = FACE_OUTER_BOUND ( 'NONE', #1857, .T. ) ;
#950 = CARTESIAN_POINT ( 'NONE',  ( -35.49999999999998579, -44.00000000000000711, 11.00000000000000000 ) ) ;
#951 = DIRECTION ( 'NONE',  ( 0.4999999999999995004, -0.8660254037844389297, 0.000000000000000000 ) ) ;
#952 = VECTOR ( 'NONE', #1688, 999.9999999999998863 ) ;
#953 = VERTEX_POINT ( 'NONE', #1187 ) ;
#954 = VERTEX_POINT ( 'NONE', #1405 ) ;
#955 = CARTESIAN_POINT ( 'NONE',  ( -24.87860977465233958, 43.44999999999999574, 1.100000000000000311 ) ) ;
#956 = EDGE_CURVE ( 'NONE', #1332, #1417, #386, .T. ) ;
#957 = ORIENTED_EDGE ( 'NONE', *, *, #209, .F. ) ;
#958 = CARTESIAN_POINT ( 'NONE',  ( 30.00000000000000000, -12.00000000000000000, 12.00000000000000000 ) ) ;
#959 = EDGE_CURVE ( 'NONE', #65, #607, #1365, .T. ) ;
#960 = CARTESIAN_POINT ( 'NONE',  ( -25.45596004384197286, -25.54999999999999361, 0.000000000000000000 ) ) ;
#961 = CARTESIAN_POINT ( 'NONE',  ( -35.49999999999998579, -44.00000000000000711, 11.00000000000000000 ) ) ;
#962 = DIRECTION ( 'NONE',  ( -0.000000000000000000, -0.000000000000000000, -1.000000000000000000 ) ) ;
#963 = DIRECTION ( 'NONE',  ( -1.000000000000000000, 0.000000000000000000, -0.000000000000000000 ) ) ;
#964 = ORIENTED_EDGE ( 'NONE', *, *, #713, .T. ) ;
#965 = VERTEX_POINT ( 'NONE', #1836 ) ;
#966 = DIRECTION ( 'NONE',  ( 1.000000000000000000, 0.000000000000000000, 0.000000000000000000 ) ) ;
#967 = PLANE ( 'NONE',  #2064 ) ;
#968 = ORIENTED_EDGE ( 'NONE', *, *, #1402, .F. ) ;
#969 = VERTEX_POINT ( 'NONE', #1602 ) ;
#970 = CARTESIAN_POINT ( 'NONE',  ( -33.25000000000000000, -12.00000000000000000, -1.734723475976807883E-15 ) ) ;
#971 = DIRECTION ( 'NONE',  ( -0.4999999999999998890, 0.8660254037844387076, -0.000000000000000000 ) ) ;
#972 = CARTESIAN_POINT ( 'NONE',  ( 30.91192008768393862, 35.00000000000000000, 0.000000000000000000 ) ) ;
#973 = ORIENTED_EDGE ( 'NONE', *, *, #729, .F. ) ;
#974 = VERTEX_POINT ( 'NONE', #2413 ) ;
#975 = ADVANCED_FACE ( 'NONE', ( #2208, #1996, #2229, #2039, #797 ), #2016, .T. ) ;
#976 = CONICAL_SURFACE ( 'NONE', #504, 5.000000000000011546, 0.7853981633974421728 ) ;
#977 = DIRECTION ( 'NONE',  ( -1.000000000000000000, 0.000000000000000000, 0.000000000000000000 ) ) ;
#978 = ORIENTED_EDGE ( 'NONE', *, *, #1035, .F. ) ;
#979 = VECTOR ( 'NONE', #971, 1000.000000000000114 ) ;
#980 = AXIS2_PLACEMENT_3D ( 'NONE', #101, #2337, #921 ) ;
#981 = ORIENTED_EDGE ( 'NONE', *, *, #2605, .F. ) ;
#982 = DIRECTION ( 'NONE',  ( 1.000000000000000000, 0.000000000000000000, 0.000000000000000000 ) ) ;
#983 = VECTOR ( 'NONE', #838, 1000.000000000000000 ) ;
#984 = PLANE ( 'NONE',  #255 ) ;
#985 = DIRECTION ( 'NONE',  ( 0.000000000000000000, 1.000000000000000000, 0.000000000000000000 ) ) ;
#986 = VECTOR ( 'NONE', #1622, 1000.000000000000000 ) ;
#987 = DIRECTION ( 'NONE',  ( 0.8660254037844384856, 0.5000000000000004441, -0.000000000000000000 ) ) ;
#988 = CONICAL_SURFACE ( 'NONE', #339, 3.250000000000002665, 0.7853981633974467247 ) ;
#989 = EDGE_CURVE ( 'NONE', #669, #142, #2498, .T. ) ;
#990 = EDGE_LOOP ( 'NONE', ( #978, #1746, #2312, #36, #2533, #2298 ) ) ;
#991 = ORIENTED_EDGE ( 'NONE', *, *, #1140, .F. ) ;
#992 = VECTOR ( 'NONE', #1484, 1000.000000000000000 ) ;
#993 = LINE ( 'NONE', #175, #340 ) ;
#994 = ADVANCED_FACE ( 'NONE', ( #180 ), #2628, .F. ) ;
#995 = ORIENTED_EDGE ( 'NONE', *, *, #1591, .F. ) ;
#996 = VERTEX_POINT ( 'NONE', #159 ) ;
#997 = DIRECTION ( 'NONE',  ( -0.000000000000000000, -0.000000000000000000, -1.000000000000000000 ) ) ;
#998 = DIRECTION ( 'NONE',  ( 1.000000000000000000, -0.000000000000000000, -0.000000000000000000 ) ) ;
#999 = CARTESIAN_POINT ( 'NONE',  ( -24.87860977465234669, 26.54999999999999005, 10.00000000000000000 ) ) ;
#1000 = DIRECTION ( 'NONE',  ( -0.000000000000000000, -0.000000000000000000, -1.000000000000000000 ) ) ;
#1001 = ORIENTED_EDGE ( 'NONE', *, *, #674, .F. ) ;
#1002 = ORIENTED_EDGE ( 'NONE', *, *, #533, .T. ) ;
#1003 = EDGE_CURVE ( 'NONE', #954, #1486, #1817, .T. ) ;
#1004 = CARTESIAN_POINT ( 'NONE',  ( 9.088079912316073816, -35.00000000000000000, 1.100000000000000089 ) ) ;
#1005 = VERTEX_POINT ( 'NONE', #371 ) ;
#1006 = ADVANCED_FACE ( 'NONE', ( #1574 ), #455, .F. ) ;
#1007 = VERTEX_POINT ( 'NONE', #193 ) ;
#1008 = EDGE_CURVE ( 'NONE', #1805, #212, #867, .T. ) ;
#1009 = VERTEX_POINT ( 'NONE', #1020 ) ;
#1010 = CARTESIAN_POINT ( 'NONE',  ( 24.87860977465233958, 43.44999999999999574, 10.00000000000000000 ) ) ;
#1011 = LINE ( 'NONE', #1867, #2054 ) ;
#1012 = ORIENTED_EDGE ( 'NONE', *, *, #177, .F. ) ;
#1013 = CARTESIAN_POINT ( 'NONE',  ( -9.088079912316073816, 35.00000000000000000, 1.100000000000000089 ) ) ;
#1014 = VERTEX_POINT ( 'NONE', #1680 ) ;
#1015 = CARTESIAN_POINT ( 'NONE',  ( -9.088079912316073816, 35.00000000000000000, 1.100000000000000089 ) ) ;
#1016 = VECTOR ( 'NONE', #1364, 1000.000000000000000 ) ;
#1017 = ADVANCED_FACE ( 'NONE', ( #2302 ), #1697, .F. ) ;
#1018 = VERTEX_POINT ( 'NONE', #1266 ) ;
#1019 = VECTOR ( 'NONE', #706, 1000.000000000000114 ) ;
#1020 = CARTESIAN_POINT ( 'NONE',  ( -33.25000000000000000, 12.00000000000000000, -1.734723475976807883E-15 ) ) ;
#1021 = AXIS2_PLACEMENT_3D ( 'NONE', #1348, #1568, #536 ) ;
#1022 = DIRECTION ( 'NONE',  ( 0.000000000000000000, 1.000000000000000000, -0.000000000000000000 ) ) ;
#1023 = LINE ( 'NONE', #825, #1410 ) ;
#1024 = CARTESIAN_POINT ( 'NONE',  ( 24.87860977465233958, 43.44999999999999574, 10.00000000000000000 ) ) ;
#1025 = VERTEX_POINT ( 'NONE', #2090 ) ;
#1026 = LINE ( 'NONE', #1483, #1593 ) ;
#1027 = VECTOR ( 'NONE', #1268, 1000.000000000000000 ) ;
#1028 = DIRECTION ( 'NONE',  ( 1.000000000000000000, 0.000000000000000000, 0.000000000000000000 ) ) ;
#1029 = ORIENTED_EDGE ( 'NONE', *, *, #762, .T. ) ;
#1030 = DIRECTION ( 'NONE',  ( -0.000000000000000000, -0.000000000000000000, -1.000000000000000000 ) ) ;
#1031 = FACE_OUTER_BOUND ( 'NONE', #431, .T. ) ;
#1032 = EDGE_CURVE ( 'NONE', #454, #73, #1432, .T. ) ;
#1033 = VERTEX_POINT ( 'NONE', #1897 ) ;
#1034 = DIRECTION ( 'NONE',  ( -0.000000000000000000, -0.000000000000000000, -1.000000000000000000 ) ) ;
#1035 = EDGE_CURVE ( 'NONE', #73, #1007, #2065, .T. ) ;
#1036 = PLANE ( 'NONE',  #1898 ) ;
#1037 = DIRECTION ( 'NONE',  ( -0.000000000000000000, 0.7071067811865524577, 0.7071067811865425767 ) ) ;
#1038 = CARTESIAN_POINT ( 'NONE',  ( 25.45596004384197286, 25.54999999999999361, 1.100000000000000089 ) ) ;
#1039 = LINE ( 'NONE', #1225, #205 ) ;
#1040 = EDGE_LOOP ( 'NONE', ( #523, #1960, #2046, #830 ) ) ;
#1041 = CARTESIAN_POINT ( 'NONE',  ( -31.59999999999999787, -12.00000000000000000, 12.00000000000000000 ) ) ;
#1042 = DIRECTION ( 'NONE',  ( -0.000000000000000000, -0.7071067811865524577, 0.7071067811865425767 ) ) ;
#1043 = ORIENTED_EDGE ( 'NONE', *, *, #1080, .F. ) ;
#1044 = CARTESIAN_POINT ( 'NONE',  ( 30.91192008768393862, 35.00000000000000000, 1.100000000000000089 ) ) ;
#1045 = LINE ( 'NONE', #265, #2158 ) ;
#1046 = CARTESIAN_POINT ( 'NONE',  ( 9.088079912316073816, -35.00000000000000000, 0.000000000000000000 ) ) ;
#1047 = VERTEX_POINT ( 'NONE', #1060 ) ;
#1048 = DIRECTION ( 'NONE',  ( -1.387778780781445429E-16, 1.000000000000000000, 0.000000000000000000 ) ) ;
#1049 = DIRECTION ( 'NONE',  ( 1.000000000000000000, 0.000000000000000000, 0.000000000000000000 ) ) ;
#1050 = CARTESIAN_POINT ( 'NONE',  ( 9.088079912316073816, 35.00000000000000000, 1.100000000000000089 ) ) ;
#1051 = ORIENTED_EDGE ( 'NONE', *, *, #677, .T. ) ;
#1052 = CARTESIAN_POINT ( 'NONE',  ( 24.87860977465234669, -26.54999999999999005, 10.00000000000000000 ) ) ;
#1053 = DIRECTION ( 'NONE',  ( 0.4999999999999998890, 0.8660254037844387076, 0.000000000000000000 ) ) ;
#1054 = ORIENTED_EDGE ( 'NONE', *, *, #1056, .T. ) ;
#1055 = ORIENTED_EDGE ( 'NONE', *, *, #209, .T. ) ;
#1056 = EDGE_CURVE ( 'NONE', #2011, #590, #2488, .T. ) ;
#1057 = CARTESIAN_POINT ( 'NONE',  ( -14.54403995615804313, -44.45000000000001705, 1.100000000000000089 ) ) ;
#1058 = DIRECTION ( 'NONE',  ( -0.000000000000000000, -0.000000000000000000, -1.000000000000000000 ) ) ;
#1059 = ORIENTED_EDGE ( 'NONE', *, *, #795, .T. ) ;
#1060 = CARTESIAN_POINT ( 'NONE',  ( 29.50000000000001776, -50.00000000000000711, 11.00000000000000000 ) ) ;
#1061 = CARTESIAN_POINT ( 'NONE',  ( 28.40000000000000213, 12.00000000000000000, 12.00000000000000000 ) ) ;
#1062 = FACE_OUTER_BOUND ( 'NONE', #232, .T. ) ;
#1063 = FILL_AREA_STYLE ('',( #240 ) ) ;
#1064 = VECTOR ( 'NONE', #2006, 1000.000000000000114 ) ;
#1065 = ORIENTED_EDGE ( 'NONE', *, *, #2470, .F. ) ;
#1066 = DIRECTION ( 'NONE',  ( -0.5000000000000001110, -0.8660254037844385966, 0.000000000000000000 ) ) ;
#1067 = CIRCLE ( 'NONE', #2591, 1.599999999999990319 ) ;
#1068 = EDGE_CURVE ( 'NONE', #1018, #2619, #334, .T. ) ;
#1069 = CARTESIAN_POINT ( 'NONE',  ( 30.91192008768393862, 35.00000000000000000, 1.100000000000000089 ) ) ;
#1070 = ORIENTED_EDGE ( 'NONE', *, *, #545, .T. ) ;
#1071 = ORIENTED_EDGE ( 'NONE', *, *, #1321, .F. ) ;
#1072 = EDGE_CURVE ( 'NONE', #142, #1014, #1852, .T. ) ;
#1073 = VECTOR ( 'NONE', #135, 1000.000000000000000 ) ;
#1074 = PLANE ( 'NONE',  #1202 ) ;
#1075 = DIRECTION ( 'NONE',  ( 0.7071067811865524577, 9.813077866773661044E-17, 0.7071067811865425767 ) ) ;
#1076 = VECTOR ( 'NONE', #2251, 1000.000000000000000 ) ;
#1077 = VERTEX_POINT ( 'NONE', #438 ) ;
#1078 = CARTESIAN_POINT ( 'NONE',  ( 30.00000000000000000, -12.00000000000000000, 12.00000000000000000 ) ) ;
#1079 = LINE ( 'NONE', #413, #2106 ) ;
#1080 = EDGE_CURVE ( 'NONE', #1486, #583, #1491, .T. ) ;
#1081 = FACE_OUTER_BOUND ( 'NONE', #1585, .T. ) ;
#1082 = VERTEX_POINT ( 'NONE', #398 ) ;
#1083 = DIRECTION ( 'NONE',  ( -1.387778780781445429E-16, 1.000000000000000000, 0.000000000000000000 ) ) ;
#1084 = DIRECTION ( 'NONE',  ( -0.4999999999999995004, 0.8660254037844389297, 0.000000000000000000 ) ) ;
#1085 = LINE ( 'NONE', #2127, #1165 ) ;
#1086 = ORIENTED_EDGE ( 'NONE', *, *, #1375, .T. ) ;
#1087 = ORIENTED_EDGE ( 'NONE', *, *, #2253, .T. ) ;
#1088 = EDGE_CURVE ( 'NONE', #458, #462, #1654, .T. ) ;
#1089 = DIRECTION ( 'NONE',  ( -0.000000000000000000, -0.000000000000000000, 1.000000000000000000 ) ) ;
#1090 = DIRECTION ( 'NONE',  ( 0.5000000000000003331, -0.8660254037844383745, 0.000000000000000000 ) ) ;
#1091 = ORIENTED_EDGE ( 'NONE', *, *, #1035, .T. ) ;
#1092 = EDGE_CURVE ( 'NONE', #2369, #2041, #2665, .T. ) ;
#1093 = CARTESIAN_POINT ( 'NONE',  ( 25.45596004384197641, 44.45000000000001705, 1.100000000000000089 ) ) ;
#1094 = LINE ( 'NONE', #2536, #775 ) ;
#1095 =( NAMED_UNIT ( * ) SI_UNIT ( $, .STERADIAN. ) SOLID_ANGLE_UNIT ( ) );
#1096 = ORIENTED_EDGE ( 'NONE', *, *, #509, .T. ) ;
#1097 = PLANE ( 'NONE',  #1111 ) ;
#1098 = CARTESIAN_POINT ( 'NONE',  ( -30.91192008768393862, 35.00000000000000000, 1.100000000000000089 ) ) ;
#1099 = EDGE_LOOP ( 'NONE', ( #2125, #779, #1690, #271 ) ) ;
#1100 = ORIENTED_EDGE ( 'NONE', *, *, #482, .F. ) ;
#1101 = CARTESIAN_POINT ( 'NONE',  ( -24.87860977465233958, 43.44999999999999574, 10.00000000000000000 ) ) ;
#1102 = ORIENTED_EDGE ( 'NONE', *, *, #1853, .F. ) ;
#1103 = CARTESIAN_POINT ( 'NONE',  ( -24.87860977465233958, -43.44999999999999574, 1.100000000000000311 ) ) ;
#1104 = VECTOR ( 'NONE', #1668, 1000.000000000000000 ) ;
#1105 = EDGE_CURVE ( 'NONE', #653, #1811, #2465, .T. ) ;
#1106 = CARTESIAN_POINT ( 'NONE',  ( 24.87860977465234669, 26.54999999999999005, 1.100000000000000311 ) ) ;
#1107 = CARTESIAN_POINT ( 'NONE',  ( 24.87860977465234669, 26.54999999999999005, 1.100000000000000311 ) ) ;
#1108 = CARTESIAN_POINT ( 'NONE',  ( 15.12139022534766752, 26.54999999999999005, 10.00000000000000000 ) ) ;
#1109 = AXIS2_PLACEMENT_3D ( 'NONE', #2427, #796, #1380 ) ;
#1110 = CARTESIAN_POINT ( 'NONE',  ( -10.24278045069532794, -34.99999999999999289, 10.00000000000000000 ) ) ;
#1111 = AXIS2_PLACEMENT_3D ( 'NONE', #1943, #499, #89 ) ;
#1112 = EDGE_LOOP ( 'NONE', ( #2156, #1618, #572, #1358, #2056, #2233 ) ) ;
#1113 = ORIENTED_EDGE ( 'NONE', *, *, #2355, .F. ) ;
#1114 = VECTOR ( 'NONE', #749, 1000.000000000000000 ) ;
#1115 = CARTESIAN_POINT ( 'NONE',  ( -30.00000000000000000, -12.00000000000000000, -1.734723475976807883E-15 ) ) ;
#1116 = VECTOR ( 'NONE', #920, 1000.000000000000227 ) ;
#1117 = VECTOR ( 'NONE', #1874, 1000.000000000000114 ) ;
#1118 = ORIENTED_EDGE ( 'NONE', *, *, #1200, .T. ) ;
#1119 = CIRCLE ( 'NONE', #1337, 5.999999999999998224 ) ;
#1120 = DIRECTION ( 'NONE',  ( 0.000000000000000000, -0.000000000000000000, -1.000000000000000000 ) ) ;
#1121 = ADVANCED_FACE ( 'NONE', ( #809 ), #609, .F. ) ;
#1122 = EDGE_CURVE ( 'NONE', #2352, #1902, #1460, .T. ) ;
#1123 = DIRECTION ( 'NONE',  ( 0.000000000000000000, 0.000000000000000000, -1.000000000000000000 ) ) ;
#1124 = CARTESIAN_POINT ( 'NONE',  ( 15.12139022534766752, -26.54999999999999005, 10.00000000000000000 ) ) ;
#1125 = CARTESIAN_POINT ( 'NONE',  ( 26.74999999999999645, -12.00000000000000000, -1.734723475976807883E-15 ) ) ;
#1126 = EDGE_CURVE ( 'NONE', #2424, #454, #2506, .T. ) ;
#1127 = FACE_BOUND ( 'NONE', #1318, .T. ) ;
#1128 = ORIENTED_EDGE ( 'NONE', *, *, #1718, .T. ) ;
#1129 = ORIENTED_EDGE ( 'NONE', *, *, #48, .T. ) ;
#1130 = CARTESIAN_POINT ( 'NONE',  ( -29.75721954930468272, 34.99999999999999289, 10.00000000000000000 ) ) ;
#1131 = CARTESIAN_POINT ( 'NONE',  ( -25.45596004384197286, 25.54999999999999361, 1.100000000000000089 ) ) ;
#1132 = ORIENTED_EDGE ( 'NONE', *, *, #1724, .T. ) ;
#1133 = LINE ( 'NONE', #2575, #1844 ) ;
#1134 = CARTESIAN_POINT ( 'NONE',  ( -14.54403995615804313, -44.45000000000001705, 1.100000000000000089 ) ) ;
#1135 = DIRECTION ( 'NONE',  ( -1.000000000000000000, 0.000000000000000000, 0.000000000000000000 ) ) ;
#1136 = LINE ( 'NONE', #111, #2148 ) ;
#1137 = EDGE_LOOP ( 'NONE', ( #47, #2569, #502, #385 ) ) ;
#1138 = EDGE_LOOP ( 'NONE', ( #1519, #807, #2631, #833 ) ) ;
#1139 = DIRECTION ( 'NONE',  ( -0.000000000000000000, -0.000000000000000000, -1.000000000000000000 ) ) ;
#1140 = EDGE_CURVE ( 'NONE', #1959, #224, #2288, .T. ) ;
#1141 = CARTESIAN_POINT ( 'NONE',  ( 29.50000000000000711, 49.00000000000000711, 12.00000000000000000 ) ) ;
#1142 = ORIENTED_EDGE ( 'NONE', *, *, #1696, .F. ) ;
#1143 = CARTESIAN_POINT ( 'NONE',  ( 24.87860977465233958, -43.44999999999999574, 10.00000000000000000 ) ) ;
#1144 = CARTESIAN_POINT ( 'NONE',  ( 15.12139022534766752, -26.54999999999999005, 1.100000000000000311 ) ) ;
#1145 = DIRECTION ( 'NONE',  ( -1.000000000000000000, 0.000000000000000000, 0.000000000000000000 ) ) ;
#1146 = FACE_OUTER_BOUND ( 'NONE', #1906, .T. ) ;
#1147 = CARTESIAN_POINT ( 'NONE',  ( -25.45596004384197641, -44.45000000000001705, 1.100000000000000089 ) ) ;
#1148 = DIRECTION ( 'NONE',  ( 0.000000000000000000, 0.000000000000000000, 1.000000000000000000 ) ) ;
#1149 = ORIENTED_EDGE ( 'NONE', *, *, #878, .F. ) ;
#1150 = ORIENTED_EDGE ( 'NONE', *, *, #94, .T. ) ;
#1151 = ADVANCED_FACE ( 'NONE', ( #2078, #1477 ), #652, .T. ) ;
#1152 = AXIS2_PLACEMENT_3D ( 'NONE', #1573, #997, #1145 ) ;
#1153 = CARTESIAN_POINT ( 'NONE',  ( -30.91192008768393862, -35.00000000000000000, 1.100000000000000089 ) ) ;
#1154 = AXIS2_PLACEMENT_3D ( 'NONE', #403, #417, #2527 ) ;
#1155 = ADVANCED_FACE ( 'NONE', ( #2510 ), #2307, .F. ) ;
#1156 = VECTOR ( 'NONE', #649, 1000.000000000000000 ) ;
#1157 = ORIENTED_EDGE ( 'NONE', *, *, #1080, .T. ) ;
#1158 = VECTOR ( 'NONE', #1305, 1000.000000000000000 ) ;
#1159 = ADVANCED_FACE ( 'NONE', ( #1031 ), #1441, .F. ) ;
#1160 = VECTOR ( 'NONE', #2198, 1000.000000000000114 ) ;
#1161 = LINE ( 'NONE', #122, #1903 ) ;
#1162 = DIRECTION ( 'NONE',  ( -1.000000000000000000, 0.000000000000000000, -0.000000000000000000 ) ) ;
#1163 = LINE ( 'NONE', #2015, #206 ) ;
#1164 = DIRECTION ( 'NONE',  ( 0.5000000000000002220, -0.8660254037844384856, 0.000000000000000000 ) ) ;
#1165 = VECTOR ( 'NONE', #273, 1000.000000000000114 ) ;
#1166 = DIRECTION ( 'NONE',  ( 0.5000000000000002220, 0.8660254037844384856, 0.000000000000000000 ) ) ;
#1167 = VERTEX_POINT ( 'NONE', #1909 ) ;
#1168 = EDGE_LOOP ( 'NONE', ( #102, #1976, #107, #1096 ) ) ;
#1169 = CARTESIAN_POINT ( 'NONE',  ( -14.54403995615804313, -44.45000000000001705, 0.000000000000000000 ) ) ;
#1170 = ORIENTED_EDGE ( 'NONE', *, *, #627, .F. ) ;
#1171 = EDGE_CURVE ( 'NONE', #2109, #742, #435, .T. ) ;
#1172 = VERTEX_POINT ( 'NONE', #1015 ) ;
#1173 = DIRECTION ( 'NONE',  ( 0.000000000000000000, -0.000000000000000000, -1.000000000000000000 ) ) ;
#1174 = CARTESIAN_POINT ( 'NONE',  ( 15.12139022534766752, -43.44999999999999574, 10.00000000000000000 ) ) ;
#1175 = EDGE_CURVE ( 'NONE', #2636, #1635, #637, .T. ) ;
#1176 = CARTESIAN_POINT ( 'NONE',  ( -15.12139022534766752, 43.44999999999999574, 10.00000000000000000 ) ) ;
#1177 = DIRECTION ( 'NONE',  ( -0.000000000000000000, 0.000000000000000000, 1.000000000000000000 ) ) ;
#1178 = ORIENTED_EDGE ( 'NONE', *, *, #1456, .F. ) ;
#1179 = ORIENTED_EDGE ( 'NONE', *, *, #84, .F. ) ;
#1180 = DIRECTION ( 'NONE',  ( 0.000000000000000000, 0.000000000000000000, -1.000000000000000000 ) ) ;
#1181 = ORIENTED_EDGE ( 'NONE', *, *, #2175, .T. ) ;
#1182 = ORIENTED_EDGE ( 'NONE', *, *, #2130, .F. ) ;
#1183 = PLANE ( 'NONE',  #2588 ) ;
#1184 = FACE_OUTER_BOUND ( 'NONE', #2526, .T. ) ;
#1185 = CARTESIAN_POINT ( 'NONE',  ( 31.59999999999999787, 12.00000000000000000, 12.00000000000000000 ) ) ;
#1186 = CARTESIAN_POINT ( 'NONE',  ( -29.75721954930468272, -34.99999999999999289, 1.100000000000000311 ) ) ;
#1187 = CARTESIAN_POINT ( 'NONE',  ( -26.75000000000000000, 12.00000000000000000, -1.734723475976807883E-15 ) ) ;
#1188 = EDGE_CURVE ( 'NONE', #2454, #1595, #605, .T. ) ;
#1189 = ORIENTED_EDGE ( 'NONE', *, *, #49, .F. ) ;
#1190 = ORIENTED_EDGE ( 'NONE', *, *, #2663, .F. ) ;
#1191 = APPLICATION_CONTEXT ( 'automotive_design' ) ;
#1192 = PLANE ( 'NONE',  #472 ) ;
#1193 = VERTEX_POINT ( 'NONE', #2676 ) ;
#1194 = AXIS2_PLACEMENT_3D ( 'NONE', #1559, #82, #486 ) ;
#1195 = VECTOR ( 'NONE', #1287, 1000.000000000000000 ) ;
#1196 = ORIENTED_EDGE ( 'NONE', *, *, #2230, .F. ) ;
#1197 = AXIS2_PLACEMENT_3D ( 'NONE', #1010, #987, #1201 ) ;
#1198 = LINE ( 'NONE', #1583, #1545 ) ;
#1199 = VECTOR ( 'NONE', #2207, 1000.000000000000114 ) ;
#1200 = EDGE_CURVE ( 'NONE', #1317, #566, #2547, .T. ) ;
#1201 = DIRECTION ( 'NONE',  ( -0.5000000000000003331, 0.8660254037844383745, 0.000000000000000000 ) ) ;
#1202 = AXIS2_PLACEMENT_3D ( 'NONE', #2343, #862, #1692 ) ;
#1203 = ORIENTED_EDGE ( 'NONE', *, *, #23, .T. ) ;
#1204 = ORIENTED_EDGE ( 'NONE', *, *, #409, .F. ) ;
#1205 = ADVANCED_FACE ( 'NONE', ( #1634 ), #1454, .F. ) ;
#1206 = CONICAL_SURFACE ( 'NONE', #1298, 3.250000000000002665, 0.7853981633974467247 ) ;
#1207 = DIRECTION ( 'NONE',  ( 0.7071067811865464625, 8.659560562354920532E-17, -0.7071067811865486830 ) ) ;
#1208 = ORIENTED_EDGE ( 'NONE', *, *, #245, .F. ) ;
#1209 = ADVANCED_FACE ( 'NONE', ( #424 ), #2473, .F. ) ;
#1210 = VERTEX_POINT ( 'NONE', #2267 ) ;
#1211 = EDGE_CURVE ( 'NONE', #2678, #1929, #15, .T. ) ;
#1212 = ORIENTED_EDGE ( 'NONE', *, *, #1188, .T. ) ;
#1213 = DIRECTION ( 'NONE',  ( -0.4999999999999998890, -0.8660254037844387076, 0.000000000000000000 ) ) ;
#1214 = DIRECTION ( 'NONE',  ( -1.000000000000000000, 0.000000000000000000, 0.000000000000000000 ) ) ;
#1215 = ORIENTED_EDGE ( 'NONE', *, *, #2355, .T. ) ;
#1216 = DIRECTION ( 'NONE',  ( -0.8660254037844387076, -0.4999999999999998890, 0.000000000000000000 ) ) ;
#1217 = ORIENTED_EDGE ( 'NONE', *, *, #2434, .F. ) ;
#1218 = EDGE_CURVE ( 'NONE', #2659, #656, #1219, .T. ) ;
#1219 = LINE ( 'NONE', #2518, #251 ) ;
#1220 = VERTEX_POINT ( 'NONE', #832 ) ;
#1221 = ORIENTED_EDGE ( 'NONE', *, *, #2227, .T. ) ;
#1222 = DIRECTION ( 'NONE',  ( 0.000000000000000000, 0.000000000000000000, -1.000000000000000000 ) ) ;
#1223 = FACE_BOUND ( 'NONE', #1292, .T. ) ;
#1224 = PLANE ( 'NONE',  #1888 ) ;
#1225 = CARTESIAN_POINT ( 'NONE',  ( 10.24278045069532794, -34.99999999999999289, 10.00000000000000000 ) ) ;
#1226 = ORIENTED_EDGE ( 'NONE', *, *, #30, .F. ) ;
#1227 = CARTESIAN_POINT ( 'NONE',  ( 24.87860977465233958, 43.44999999999999574, 1.100000000000000311 ) ) ;
#1228 = ORIENTED_EDGE ( 'NONE', *, *, #1691, .T. ) ;
#1229 = EDGE_CURVE ( 'NONE', #761, #751, #1067, .T. ) ;
#1230 = VECTOR ( 'NONE', #851, 1000.000000000000000 ) ;
#1231 = CARTESIAN_POINT ( 'NONE',  ( -29.75721954930468272, 34.99999999999999289, 1.100000000000000311 ) ) ;
#1232 = DIRECTION ( 'NONE',  ( -1.000000000000000000, 0.000000000000000000, 0.000000000000000000 ) ) ;
#1233 = AXIS2_PLACEMENT_3D ( 'NONE', #1706, #1350, #318 ) ;
#1234 = ADVANCED_FACE ( 'NONE', ( #863 ), #617, .T. ) ;
#1235 = AXIS2_PLACEMENT_3D ( 'NONE', #295, #2123, #1135 ) ;
#1236 = ORIENTED_EDGE ( 'NONE', *, *, #1322, .T. ) ;
#1237 = AXIS2_PLACEMENT_3D ( 'NONE', #1626, #1177, #2449 ) ;
#1238 = DIRECTION ( 'NONE',  ( 1.000000000000000000, 1.387778780781445429E-16, -0.000000000000000000 ) ) ;
#1239 = VECTOR ( 'NONE', #2257, 999.9999999999998863 ) ;
#1240 = PLANE ( 'NONE',  #731 ) ;
#1241 = DIRECTION ( 'NONE',  ( -0.000000000000000000, 0.000000000000000000, -1.000000000000000000 ) ) ;
#1242 = DIRECTION ( 'NONE',  ( -1.000000000000000000, -0.000000000000000000, -0.000000000000000000 ) ) ;
#1243 = ORIENTED_EDGE ( 'NONE', *, *, #323, .F. ) ;
#1244 = PLANE ( 'NONE',  #551 ) ;
#1245 = VECTOR ( 'NONE', #2490, 1000.000000000000000 ) ;
#1246 = ADVANCED_FACE ( 'NONE', ( #208 ), #2458, .F. ) ;
#1247 = DIRECTION ( 'NONE',  ( -0.000000000000000000, -0.000000000000000000, -1.000000000000000000 ) ) ;
#1248 = VECTOR ( 'NONE', #64, 1000.000000000000000 ) ;
#1249 = VERTEX_POINT ( 'NONE', #2485 ) ;
#1250 = LINE ( 'NONE', #264, #556 ) ;
#1251 = DIRECTION ( 'NONE',  ( 0.000000000000000000, -1.000000000000000000, 0.000000000000000000 ) ) ;
#1252 = CARTESIAN_POINT ( 'NONE',  ( 24.87860977465233958, -43.44999999999999574, 1.100000000000000311 ) ) ;
#1253 = DIRECTION ( 'NONE',  ( -1.000000000000000000, 0.000000000000000000, 0.000000000000000000 ) ) ;
#1254 = ORIENTED_EDGE ( 'NONE', *, *, #2539, .T. ) ;
#1255 = CARTESIAN_POINT ( 'NONE',  ( -25.45596004384197286, 25.54999999999999361, 1.100000000000000089 ) ) ;
#1256 = ADVANCED_FACE ( 'NONE', ( #1430 ), #2283, .T. ) ;
#1257 = FACE_OUTER_BOUND ( 'NONE', #427, .T. ) ;
#1258 = DIRECTION ( 'NONE',  ( -1.000000000000000000, 0.000000000000000000, -0.000000000000000000 ) ) ;
#1259 = ORIENTED_EDGE ( 'NONE', *, *, #1126, .F. ) ;
#1260 = CARTESIAN_POINT ( 'NONE',  ( 0.000000000000000000, 0.000000000000000000, 1.100000000000000089 ) ) ;
#1261 = PLANE ( 'NONE',  #211 ) ;
#1262 = ORIENTED_EDGE ( 'NONE', *, *, #1744, .F. ) ;
#1263 = DIRECTION ( 'NONE',  ( -0.000000000000000000, -0.000000000000000000, -1.000000000000000000 ) ) ;
#1264 = DIRECTION ( 'NONE',  ( 0.000000000000000000, 1.000000000000000000, 0.000000000000000000 ) ) ;
#1265 = ORIENTED_EDGE ( 'NONE', *, *, #2047, .T. ) ;
#1266 = CARTESIAN_POINT ( 'NONE',  ( 28.40000000000000213, -12.00000000000000000, 12.00000000000000000 ) ) ;
#1267 = EDGE_CURVE ( 'NONE', #2424, #1299, #845, .T. ) ;
#1268 = DIRECTION ( 'NONE',  ( 0.4999999999999995004, 0.8660254037844389297, -0.000000000000000000 ) ) ;
#1269 = DIRECTION ( 'NONE',  ( 0.000000000000000000, 0.000000000000000000, -1.000000000000000000 ) ) ;
#1270 = ORIENTED_EDGE ( 'NONE', *, *, #1556, .T. ) ;
#1271 = CARTESIAN_POINT ( 'NONE',  ( 29.75721954930468272, -34.99999999999999289, 1.100000000000000311 ) ) ;
#1272 = EDGE_CURVE ( 'NONE', #1531, #740, #1473, .T. ) ;
#1273 = CARTESIAN_POINT ( 'NONE',  ( 30.00000000000000000, 12.00000000000000000, 12.00000000000000000 ) ) ;
#1274 = ORIENTED_EDGE ( 'NONE', *, *, #1211, .F. ) ;
#1275 = ORIENTED_EDGE ( 'NONE', *, *, #1218, .F. ) ;
#1276 = CARTESIAN_POINT ( 'NONE',  ( -35.49999999999998579, -44.00000000000000711, 0.000000000000000000 ) ) ;
#1277 = DIRECTION ( 'NONE',  ( -1.000000000000000000, 0.000000000000000000, 0.000000000000000000 ) ) ;
#1278 = EDGE_CURVE ( 'NONE', #996, #394, #390, .T. ) ;
#1279 = ORIENTED_EDGE ( 'NONE', *, *, #1297, .T. ) ;
#1280 = DIRECTION ( 'NONE',  ( -0.000000000000000000, -0.000000000000000000, -1.000000000000000000 ) ) ;
#1281 = VECTOR ( 'NONE', #2385, 1000.000000000000114 ) ;
#1282 = CARTESIAN_POINT ( 'NONE',  ( 14.54403995615804313, 44.45000000000001705, 1.100000000000000089 ) ) ;
#1283 = EDGE_CURVE ( 'NONE', #2073, #2311, #1039, .T. ) ;
#1284 = CARTESIAN_POINT ( 'NONE',  ( -34.50000000000000000, -4.787836793695987581E-15, 12.00000000000000000 ) ) ;
#1285 = VECTOR ( 'NONE', #587, 1000.000000000000000 ) ;
#1286 = VERTEX_POINT ( 'NONE', #2658 ) ;
#1287 = DIRECTION ( 'NONE',  ( 1.000000000000000000, -0.000000000000000000, -0.000000000000000000 ) ) ;
#1288 = VECTOR ( 'NONE', #1828, 1000.000000000000114 ) ;
#1289 = DIRECTION ( 'NONE',  ( -0.8660254037844385966, 0.5000000000000003331, 0.000000000000000000 ) ) ;
#1290 = EDGE_CURVE ( 'NONE', #571, #1895, #799, .T. ) ;
#1291 = ORIENTED_EDGE ( 'NONE', *, *, #446, .F. ) ;
#1292 = EDGE_LOOP ( 'NONE', ( #1658, #167 ) ) ;
#1293 = AXIS2_PLACEMENT_3D ( 'NONE', #1462, #812, #2318 ) ;
#1294 = CARTESIAN_POINT ( 'NONE',  ( 33.25000000000000000, 12.00000000000000000, -1.734723475976807883E-15 ) ) ;
#1295 = VECTOR ( 'NONE', #2499, 1000.000000000000000 ) ;
#1296 = DIRECTION ( 'NONE',  ( 1.000000000000000000, 0.000000000000000000, 0.000000000000000000 ) ) ;
#1297 = EDGE_CURVE ( 'NONE', #741, #224, #1436, .T. ) ;
#1298 = AXIS2_PLACEMENT_3D ( 'NONE', #1115, #1139, #2611 ) ;
#1299 = VERTEX_POINT ( 'NONE', #1628 ) ;
#1300 = DIRECTION ( 'NONE',  ( 1.000000000000000000, 0.000000000000000000, -0.000000000000000000 ) ) ;
#1301 = DIRECTION ( 'NONE',  ( -0.000000000000000000, -0.000000000000000000, -1.000000000000000000 ) ) ;
#1302 = FACE_OUTER_BOUND ( 'NONE', #1398, .T. ) ;
#1303 = ORIENTED_EDGE ( 'NONE', *, *, #627, .T. ) ;
#1304 = DIRECTION ( 'NONE',  ( -1.000000000000000000, 0.000000000000000000, 0.000000000000000000 ) ) ;
#1305 = DIRECTION ( 'NONE',  ( -0.000000000000000000, -0.000000000000000000, -1.000000000000000000 ) ) ;
#1306 = FACE_OUTER_BOUND ( 'NONE', #402, .T. ) ;
#1307 = ORIENTED_EDGE ( 'NONE', *, *, #1032, .F. ) ;
#1308 = ORIENTED_EDGE ( 'NONE', *, *, #959, .F. ) ;
#1309 = LINE ( 'NONE', #222, #2380 ) ;
#1310 = EDGE_CURVE ( 'NONE', #212, #1400, #2453, .T. ) ;
#1311 = ORIENTED_EDGE ( 'NONE', *, *, #117, .T. ) ;
#1312 = CARTESIAN_POINT ( 'NONE',  ( -9.088079912316073816, 35.00000000000000000, 1.100000000000000089 ) ) ;
#1313 = DIRECTION ( 'NONE',  ( 0.000000000000000000, 0.000000000000000000, -1.000000000000000000 ) ) ;
#1314 = LINE ( 'NONE', #1124, #460 ) ;
#1315 = LINE ( 'NONE', #1110, #248 ) ;
#1316 = DIRECTION ( 'NONE',  ( -0.4999999999999998890, -0.8660254037844387076, -0.000000000000000000 ) ) ;
#1317 = VERTEX_POINT ( 'NONE', #1882 ) ;
#1318 = EDGE_LOOP ( 'NONE', ( #1621, #384, #2609, #300, #2644, #1703 ) ) ;
#1319 = PRODUCT_DEFINITION_FORMATION_WITH_SPECIFIED_SOURCE ( 'ANY', '', #2234, .NOT_KNOWN. ) ;
#1320 = DIRECTION ( 'NONE',  ( -0.4999999999999995004, 0.8660254037844389297, 0.000000000000000000 ) ) ;
#1321 = EDGE_CURVE ( 'NONE', #653, #2391, #1849, .T. ) ;
#1322 = EDGE_CURVE ( 'NONE', #1783, #2558, #2248, .T. ) ;
#1323 = ORIENTED_EDGE ( 'NONE', *, *, #1272, .T. ) ;
#1324 = FACE_OUTER_BOUND ( 'NONE', #2032, .T. ) ;
#1325 = FACE_OUTER_BOUND ( 'NONE', #564, .T. ) ;
#1326 = CARTESIAN_POINT ( 'NONE',  ( -15.12139022534766752, 26.54999999999999005, 1.100000000000000311 ) ) ;
#1327 = AXIS2_PLACEMENT_3D ( 'NONE', #2615, #2005, #2436 ) ;
#1328 = CARTESIAN_POINT ( 'NONE',  ( 30.00000000000000000, 12.00000000000000000, -1.734723475976807883E-15 ) ) ;
#1329 = LINE ( 'NONE', #2154, #34 ) ;
#1330 = VECTOR ( 'NONE', #998, 1000.000000000000000 ) ;
#1331 = ORIENTED_EDGE ( 'NONE', *, *, #878, .T. ) ;
#1332 = VERTEX_POINT ( 'NONE', #635 ) ;
#1333 = EDGE_CURVE ( 'NONE', #906, #1167, #1465, .T. ) ;
#1334 = DIRECTION ( 'NONE',  ( -1.000000000000000000, 0.000000000000000000, 0.000000000000000000 ) ) ;
#1335 = AXIS2_PLACEMENT_3D ( 'NONE', #600, #563, #2405 ) ;
#1336 = CARTESIAN_POINT ( 'NONE',  ( 15.12139022534766752, 26.54999999999999005, 1.100000000000000311 ) ) ;
#1337 = AXIS2_PLACEMENT_3D ( 'NONE', #927, #915, #711 ) ;
#1338 = ORIENTED_EDGE ( 'NONE', *, *, #1333, .T. ) ;
#1339 = VECTOR ( 'NONE', #521, 1000.000000000000000 ) ;
#1340 = DIRECTION ( 'NONE',  ( -0.4999999999999998890, -0.8660254037844387076, -0.000000000000000000 ) ) ;
#1341 = DIRECTION ( 'NONE',  ( 0.000000000000000000, -0.000000000000000000, 1.000000000000000000 ) ) ;
#1342 = CYLINDRICAL_SURFACE ( 'NONE', #2328, 5.999999999999998224 ) ;
#1343 = DIRECTION ( 'NONE',  ( 0.000000000000000000, -0.000000000000000000, -1.000000000000000000 ) ) ;
#1344 = ADVANCED_FACE ( 'NONE', ( #1538 ), #116, .F. ) ;
#1345 = ORIENTED_EDGE ( 'NONE', *, *, #344, .F. ) ;
#1346 = ORIENTED_EDGE ( 'NONE', *, *, #1375, .F. ) ;
#1347 = FACE_OUTER_BOUND ( 'NONE', #2464, .T. ) ;
#1348 = CARTESIAN_POINT ( 'NONE',  ( -9.088079912316073816, -35.00000000000000000, 1.100000000000000089 ) ) ;
#1349 = ORIENTED_EDGE ( 'NONE', *, *, #1694, .T. ) ;
#1350 = DIRECTION ( 'NONE',  ( -0.000000000000000000, -0.000000000000000000, -1.000000000000000000 ) ) ;
#1351 = LINE ( 'NONE', #2178, #380 ) ;
#1352 = DIRECTION ( 'NONE',  ( -0.000000000000000000, -0.000000000000000000, -1.000000000000000000 ) ) ;
#1353 = EDGE_CURVE ( 'NONE', #103, #1193, #316, .T. ) ;
#1354 = CARTESIAN_POINT ( 'NONE',  ( -25.45596004384197641, -44.45000000000001705, 0.000000000000000000 ) ) ;
#1355 = EDGE_LOOP ( 'NONE', ( #1221, #267, #585, #449 ) ) ;
#1356 = ORIENTED_EDGE ( 'NONE', *, *, #2434, .T. ) ;
#1357 = ADVANCED_FACE ( 'NONE', ( #1974 ), #2383, .F. ) ;
#1358 = ORIENTED_EDGE ( 'NONE', *, *, #1188, .F. ) ;
#1359 = CARTESIAN_POINT ( 'NONE',  ( 10.24278045069532794, -34.99999999999999289, 1.100000000000000311 ) ) ;
#1360 = CARTESIAN_POINT ( 'NONE',  ( 15.12139022534766930, 43.44999999999999574, 1.100000000000000311 ) ) ;
#1361 = EDGE_CURVE ( 'NONE', #974, #661, #522, .T. ) ;
#1362 = ORIENTED_EDGE ( 'NONE', *, *, #1092, .T. ) ;
#1363 = CARTESIAN_POINT ( 'NONE',  ( 10.24278045069532794, -34.99999999999999289, 10.00000000000000000 ) ) ;
#1364 = DIRECTION ( 'NONE',  ( 1.000000000000000000, -0.000000000000000000, -0.000000000000000000 ) ) ;
#1365 = LINE ( 'NONE', #2616, #288 ) ;
#1366 = EDGE_CURVE ( 'NONE', #1007, #590, #2174, .T. ) ;
#1367 = VERTEX_POINT ( 'NONE', #1360 ) ;
#1368 = VECTOR ( 'NONE', #1408, 1000.000000000000000 ) ;
#1369 = ORIENTED_EDGE ( 'NONE', *, *, #923, .T. ) ;
#1370 = ADVANCED_FACE ( 'NONE', ( #303 ), #2186, .F. ) ;
#1371 = VECTOR ( 'NONE', #2357, 1000.000000000000114 ) ;
#1372 = LINE ( 'NONE', #955, #1160 ) ;
#1373 = ORIENTED_EDGE ( 'NONE', *, *, #1514, .T. ) ;
#1374 = VECTOR ( 'NONE', #71, 1000.000000000000000 ) ;
#1375 = EDGE_CURVE ( 'NONE', #1409, #583, #2573, .T. ) ;
#1376 = ORIENTED_EDGE ( 'NONE', *, *, #54, .F. ) ;
#1377 = VECTOR ( 'NONE', #1084, 1000.000000000000000 ) ;
#1378 = VECTOR ( 'NONE', #1301, 1000.000000000000000 ) ;
#1379 = DIRECTION ( 'NONE',  ( 0.8660254037844387076, 0.4999999999999998890, -0.000000000000000000 ) ) ;
#1380 = DIRECTION ( 'NONE',  ( -1.000000000000000000, 0.000000000000000000, 0.000000000000000000 ) ) ;
#1381 = LINE ( 'NONE', #172, #202 ) ;
#1382 = VECTOR ( 'NONE', #1973, 1000.000000000000114 ) ;
#1383 = ORIENTED_EDGE ( 'NONE', *, *, #1008, .T. ) ;
#1384 = EDGE_LOOP ( 'NONE', ( #1650, #2213, #1291, #1059 ) ) ;
#1385 = CARTESIAN_POINT ( 'NONE',  ( 35.50000000000001421, -44.00000000000000711, 11.00000000000000000 ) ) ;
#1386 = ORIENTED_EDGE ( 'NONE', *, *, #2149, .F. ) ;
#1387 = VERTEX_POINT ( 'NONE', #712 ) ;
#1388 = EDGE_CURVE ( 'NONE', #1728, #2352, #106, .T. ) ;
#1389 = CARTESIAN_POINT ( 'NONE',  ( -14.54403995615804313, -44.45000000000001705, 0.000000000000000000 ) ) ;
#1390 = LINE ( 'NONE', #1403, #293 ) ;
#1391 = LINE ( 'NONE', #1404, #1504 ) ;
#1392 = LINE ( 'NONE', #1601, #1199 ) ;
#1393 = CARTESIAN_POINT ( 'NONE',  ( 30.00000000000000000, -12.00000000000000000, 1.650000000000012568 ) ) ;
#1394 = ORIENTED_EDGE ( 'NONE', *, *, #2502, .F. ) ;
#1395 = ORIENTED_EDGE ( 'NONE', *, *, #1072, .T. ) ;
#1396 = CARTESIAN_POINT ( 'NONE',  ( 9.088079912316072040, 35.00000000000000000, 0.000000000000000000 ) ) ;
#1397 = CARTESIAN_POINT ( 'NONE',  ( -24.87860977465234669, -26.54999999999999005, 1.100000000000000311 ) ) ;
#1398 = EDGE_LOOP ( 'NONE', ( #925, #1226, #1423, #847 ) ) ;
#1399 = ADVANCED_FACE ( 'NONE', ( #1302 ), #2552, .F. ) ;
#1400 = VERTEX_POINT ( 'NONE', #489 ) ;
#1401 = LINE ( 'NONE', #827, #331 ) ;
#1402 = EDGE_CURVE ( 'NONE', #381, #2429, #934, .T. ) ;
#1403 = CARTESIAN_POINT ( 'NONE',  ( 14.54403995615804313, 44.45000000000001705, 1.100000000000000089 ) ) ;
#1404 = CARTESIAN_POINT ( 'NONE',  ( 34.50000000000002132, -44.00000000000000711, 12.00000000000000000 ) ) ;
#1405 = CARTESIAN_POINT ( 'NONE',  ( -15.12139022534766930, -43.44999999999999574, 1.100000000000000311 ) ) ;
#1406 = EDGE_CURVE ( 'NONE', #740, #1286, #1563, .T. ) ;
#1407 = CARTESIAN_POINT ( 'NONE',  ( 0.000000000000000000, 49.00000000000000711, 12.00000000000000000 ) ) ;
#1408 = DIRECTION ( 'NONE',  ( -0.5000000000000002220, -0.8660254037844384856, 0.000000000000000000 ) ) ;
#1409 = VERTEX_POINT ( 'NONE', #2388 ) ;
#1410 = VECTOR ( 'NONE', #1901, 1000.000000000000000 ) ;
#1411 = CARTESIAN_POINT ( 'NONE',  ( -26.75000000000000000, -12.00000000000000000, -1.734723475976807883E-15 ) ) ;
#1412 = ORIENTED_EDGE ( 'NONE', *, *, #1744, .T. ) ;
#1413 = EDGE_CURVE ( 'NONE', #1317, #761, #100, .T. ) ;
#1414 = AXIS2_PLACEMENT_3D ( 'NONE', #1584, #592, #555 ) ;
#1415 = ORIENTED_EDGE ( 'NONE', *, *, #1056, .F. ) ;
#1416 = CARTESIAN_POINT ( 'NONE',  ( -15.12139022534766752, -26.54999999999999005, 1.100000000000000311 ) ) ;
#1417 = VERTEX_POINT ( 'NONE', #2349 ) ;
#1418 = VECTOR ( 'NONE', #2476, 1000.000000000000000 ) ;
#1419 = DIRECTION ( 'NONE',  ( -0.4999999999999998890, 0.8660254037844387076, 0.000000000000000000 ) ) ;
#1420 = AXIS2_PLACEMENT_3D ( 'NONE', #2059, #831, #332 ) ;
#1421 = LINE ( 'NONE', #2247, #367 ) ;
#1422 = CARTESIAN_POINT ( 'NONE',  ( -30.00000000000000000, -12.00000000000000000, 12.00000000000000000 ) ) ;
#1423 = ORIENTED_EDGE ( 'NONE', *, *, #2317, .F. ) ;
#1424 = VECTOR ( 'NONE', #45, 1000.000000000000114 ) ;
#1425 = ADVANCED_FACE ( 'NONE', ( #1146 ), #2138, .F. ) ;
#1426 = CARTESIAN_POINT ( 'NONE',  ( -9.088079912316073816, -35.00000000000000000, 0.000000000000000000 ) ) ;
#1427 = LINE ( 'NONE', #544, #860 ) ;
#1428 = ORIENTED_EDGE ( 'NONE', *, *, #923, .F. ) ;
#1429 = LINE ( 'NONE', #365, #986 ) ;
#1430 = FACE_OUTER_BOUND ( 'NONE', #2115, .T. ) ;
#1431 = VERTEX_POINT ( 'NONE', #1955 ) ;
#1432 = LINE ( 'NONE', #428, #2500 ) ;
#1433 = FACE_BOUND ( 'NONE', #990, .T. ) ;
#1434 = EDGE_CURVE ( 'NONE', #10, #549, #1544, .T. ) ;
#1435 = CARTESIAN_POINT ( 'NONE',  ( 15.12139022534766752, 26.54999999999999005, 10.00000000000000000 ) ) ;
#1436 = LINE ( 'NONE', #2261, #124 ) ;
#1437 = ORIENTED_EDGE ( 'NONE', *, *, #239, .F. ) ;
#1438 = DIRECTION ( 'NONE',  ( -0.000000000000000000, 0.000000000000000000, -1.000000000000000000 ) ) ;
#1439 = EDGE_CURVE ( 'NONE', #607, #212, #1750, .T. ) ;
#1440 = EDGE_LOOP ( 'NONE', ( #1303, #1087, #630, #218 ) ) ;
#1441 = PLANE ( 'NONE',  #1551 ) ;
#1442 = ORIENTED_EDGE ( 'NONE', *, *, #2399, .F. ) ;
#1443 = DIRECTION ( 'NONE',  ( -1.000000000000000000, 0.000000000000000000, 0.000000000000000000 ) ) ;
#1444 = DIRECTION ( 'NONE',  ( 1.000000000000000000, 0.000000000000000000, 0.000000000000000000 ) ) ;
#1445 = PLANE ( 'NONE',  #164 ) ;
#1446 = LINE ( 'NONE', #1038, #1452 ) ;
#1447 = ORIENTED_EDGE ( 'NONE', *, *, #2634, .F. ) ;
#1448 = DIRECTION ( 'NONE',  ( 0.4999999999999998890, 0.8660254037844387076, -0.000000000000000000 ) ) ;
#1449 = DIRECTION ( 'NONE',  ( -0.5000000000000002220, 0.8660254037844384856, -0.000000000000000000 ) ) ;
#1450 = EDGE_CURVE ( 'NONE', #566, #1317, #1851, .T. ) ;
#1451 = VERTEX_POINT ( 'NONE', #1640 ) ;
#1452 = VECTOR ( 'NONE', #1214, 1000.000000000000000 ) ;
#1453 = DIRECTION ( 'NONE',  ( -1.000000000000000000, 0.000000000000000000, 0.000000000000000000 ) ) ;
#1454 = PLANE ( 'NONE',  #856 ) ;
#1455 = VECTOR ( 'NONE', #87, 1000.000000000000000 ) ;
#1456 = EDGE_CURVE ( 'NONE', #1929, #1549, #1392, .T. ) ;
#1457 = AXIS2_PLACEMENT_3D ( 'NONE', #581, #138, #1419 ) ;
#1458 = ORIENTED_EDGE ( 'NONE', *, *, #1691, .F. ) ;
#1459 = VECTOR ( 'NONE', #822, 1000.000000000000114 ) ;
#1460 = LINE ( 'NONE', #411, #160 ) ;
#1461 = VECTOR ( 'NONE', #2122, 1000.000000000000000 ) ;
#1462 = CARTESIAN_POINT ( 'NONE',  ( -30.00000000000000000, 12.00000000000000000, -1.734723475976807883E-15 ) ) ;
#1463 = CARTESIAN_POINT ( 'NONE',  ( 35.50000000000001421, -44.00000000000000711, 12.00000000000000000 ) ) ;
#1464 = DIRECTION ( 'NONE',  ( -1.000000000000000000, 0.000000000000000000, 0.000000000000000000 ) ) ;
#1465 = LINE ( 'NONE', #1141, #508 ) ;
#1466 = ORIENTED_EDGE ( 'NONE', *, *, #842, .T. ) ;
#1467 = DIRECTION ( 'NONE',  ( 0.000000000000000000, -0.000000000000000000, -1.000000000000000000 ) ) ;
#1468 = VECTOR ( 'NONE', #2013, 1000.000000000000000 ) ;
#1469 = DIRECTION ( 'NONE',  ( -1.000000000000000000, 0.000000000000000000, -0.000000000000000000 ) ) ;
#1470 = AXIS2_PLACEMENT_3D ( 'NONE', #932, #1123, #1953 ) ;
#1471 = VERTEX_POINT ( 'NONE', #2448 ) ;
#1472 = FACE_OUTER_BOUND ( 'NONE', #2442, .T. ) ;
#1473 = LINE ( 'NONE', #2300, #1768 ) ;
#1474 = EDGE_CURVE ( 'NONE', #1895, #1499, #1163, .T. ) ;
#1475 = EDGE_CURVE ( 'NONE', #1678, #1220, #1614, .T. ) ;
#1476 = ORIENTED_EDGE ( 'NONE', *, *, #2444, .F. ) ;
#1477 = FACE_BOUND ( 'NONE', #2128, .T. ) ;
#1478 = CARTESIAN_POINT ( 'NONE',  ( 35.50000000000000000, 49.99999999999999289, 12.00000000000000000 ) ) ;
#1479 = LINE ( 'NONE', #2305, #815 ) ;
#1480 = CARTESIAN_POINT ( 'NONE',  ( -9.088079912316073816, -35.00000000000000000, 1.100000000000000089 ) ) ;
#1481 = CARTESIAN_POINT ( 'NONE',  ( 0.000000000000000000, 0.000000000000000000, 1.100000000000000089 ) ) ;
#1482 = ORIENTED_EDGE ( 'NONE', *, *, #735, .F. ) ;
#1483 = CARTESIAN_POINT ( 'NONE',  ( 29.75721954930468272, 34.99999999999999289, 10.00000000000000000 ) ) ;
#1484 = DIRECTION ( 'NONE',  ( 1.000000000000000000, -0.000000000000000000, -0.000000000000000000 ) ) ;
#1485 = ORIENTED_EDGE ( 'NONE', *, *, #2246, .F. ) ;
#1486 = VERTEX_POINT ( 'NONE', #787 ) ;
#1487 = DIRECTION ( 'NONE',  ( -0.000000000000000000, -0.000000000000000000, -1.000000000000000000 ) ) ;
#1488 = CARTESIAN_POINT ( 'NONE',  ( -9.088079912316073816, 35.00000000000000000, 0.000000000000000000 ) ) ;
#1489 = EDGE_CURVE ( 'NONE', #2041, #375, #580, .T. ) ;
#1490 = EDGE_LOOP ( 'NONE', ( #2432, #1924, #463, #2561 ) ) ;
#1491 = LINE ( 'NONE', #2522, #1459 ) ;
#1492 = EDGE_CURVE ( 'NONE', #2041, #859, #60, .T. ) ;
#1493 = FACE_BOUND ( 'NONE', #1569, .T. ) ;
#1494 = FACE_OUTER_BOUND ( 'NONE', #481, .T. ) ;
#1495 = ORIENTED_EDGE ( 'NONE', *, *, #1845, .T. ) ;
#1496 = CARTESIAN_POINT ( 'NONE',  ( -25.45596004384197641, -44.45000000000001705, 1.100000000000000089 ) ) ;
#1497 = ADVANCED_FACE ( 'NONE', ( #1725 ), #518, .F. ) ;
#1498 = DIRECTION ( 'NONE',  ( 0.8660254037844387076, -0.4999999999999998890, 0.000000000000000000 ) ) ;
#1499 = VERTEX_POINT ( 'NONE', #2579 ) ;
#1500 = ORIENTED_EDGE ( 'NONE', *, *, #2303, .F. ) ;
#1501 = FACE_OUTER_BOUND ( 'NONE', #148, .T. ) ;
#1502 = ORIENTED_EDGE ( 'NONE', *, *, #250, .T. ) ;
#1503 = DIRECTION ( 'NONE',  ( -0.000000000000000000, -0.000000000000000000, -1.000000000000000000 ) ) ;
#1504 = VECTOR ( 'NONE', #2228, 1000.000000000000000 ) ;
#1505 = CARTESIAN_POINT ( 'NONE',  ( -24.87860977465233958, 43.44999999999999574, 10.00000000000000000 ) ) ;
#1506 = PLANE ( 'NONE',  #329 ) ;
#1507 = AXIS2_PLACEMENT_3D ( 'NONE', #1797, #1173, #1777 ) ;
#1508 = ORIENTED_EDGE ( 'NONE', *, *, #1008, .F. ) ;
#1509 = CARTESIAN_POINT ( 'NONE',  ( -31.59999999999999076, 12.00000000000000000, 1.650000000000012568 ) ) ;
#1510 = VECTOR ( 'NONE', #1280, 1000.000000000000000 ) ;
#1511 = CARTESIAN_POINT ( 'NONE',  ( 25.45596004384197286, -25.54999999999999361, 0.000000000000000000 ) ) ;
#1512 = ORIENTED_EDGE ( 'NONE', *, *, #1402, .T. ) ;
#1513 = ORIENTED_EDGE ( 'NONE', *, *, #1126, .T. ) ;
#1514 = EDGE_CURVE ( 'NONE', #1172, #1210, #694, .T. ) ;
#1515 = CIRCLE ( 'NONE', #511, 1.599999999999990319 ) ;
#1516 = AXIS2_PLACEMENT_3D ( 'NONE', #1130, #2404, #341 ) ;
#1517 = CARTESIAN_POINT ( 'NONE',  ( 34.50000000000002132, -44.00000000000000711, 12.00000000000000000 ) ) ;
#1518 = AXIS2_PLACEMENT_3D ( 'NONE', #1794, #816, #2211 ) ;
#1519 = ORIENTED_EDGE ( 'NONE', *, *, #615, .T. ) ;
#1520 = CARTESIAN_POINT ( 'NONE',  ( -14.54403995615804313, 44.45000000000001705, 1.100000000000000089 ) ) ;
#1521 = LINE ( 'NONE', #2132, #377 ) ;
#1522 = PLANE ( 'NONE',  #1773 ) ;
#1523 =( NAMED_UNIT ( * ) PLANE_ANGLE_UNIT ( ) SI_UNIT ( $, .RADIAN. ) );
#1524 = DIRECTION ( 'NONE',  ( -0.000000000000000000, -0.000000000000000000, -1.000000000000000000 ) ) ;
#1525 = DIRECTION ( 'NONE',  ( 1.000000000000000000, 0.000000000000000000, 0.000000000000000000 ) ) ;
#1526 = EDGE_CURVE ( 'NONE', #590, #2109, #500, .T. ) ;
#1527 = ORIENTED_EDGE ( 'NONE', *, *, #2197, .T. ) ;
#1528 = ORIENTED_EDGE ( 'NONE', *, *, #750, .T. ) ;
#1529 = EDGE_CURVE ( 'NONE', #2479, #969, #1329, .T. ) ;
#1530 = CARTESIAN_POINT ( 'NONE',  ( 14.54403995615804135, 25.54999999999999361, 0.000000000000000000 ) ) ;
#1531 = VERTEX_POINT ( 'NONE', #1740 ) ;
#1532 = DIRECTION ( 'NONE',  ( 0.4999999999999998335, -0.8660254037844387076, -0.000000000000000000 ) ) ;
#1533 = CARTESIAN_POINT ( 'NONE',  ( -29.50000000000000000, 44.00000000000000000, 12.00000000000000000 ) ) ;
#1534 = DIRECTION ( 'NONE',  ( -0.000000000000000000, -0.000000000000000000, -1.000000000000000000 ) ) ;
#1535 = ORIENTED_EDGE ( 'NONE', *, *, #1969, .T. ) ;
#1536 = ORIENTED_EDGE ( 'NONE', *, *, #52, .T. ) ;
#1537 = FACE_OUTER_BOUND ( 'NONE', #2407, .T. ) ;
#1538 = FACE_OUTER_BOUND ( 'NONE', #818, .T. ) ;
#1539 = EDGE_LOOP ( 'NONE', ( #1065, #1395, #1741, #1262 ) ) ;
#1540 = ADVANCED_FACE ( 'NONE', ( #922, #1127 ), #1958, .T. ) ;
#1541 = CARTESIAN_POINT ( 'NONE',  ( -25.45596004384197286, -25.54999999999999361, 1.100000000000000089 ) ) ;
#1542 = CARTESIAN_POINT ( 'NONE',  ( 29.50000000000001066, -44.00000000000000711, 12.00000000000000000 ) ) ;
#1543 = SURFACE_STYLE_USAGE ( .BOTH. , #69 ) ;
#1544 = LINE ( 'NONE', #321, #1116 ) ;
#1545 = VECTOR ( 'NONE', #1162, 1000.000000000000000 ) ;
#1546 = FACE_OUTER_BOUND ( 'NONE', #2504, .T. ) ;
#1547 = DIRECTION ( 'NONE',  ( 0.000000000000000000, 0.000000000000000000, -1.000000000000000000 ) ) ;
#1548 = VECTOR ( 'NONE', #1083, 1000.000000000000000 ) ;
#1549 = VERTEX_POINT ( 'NONE', #1252 ) ;
#1550 = ORIENTED_EDGE ( 'NONE', *, *, #793, .F. ) ;
#1551 = AXIS2_PLACEMENT_3D ( 'NONE', #234, #2314, #820 ) ;
#1552 = DIRECTION ( 'NONE',  ( 0.8660254037844387076, -0.4999999999999998890, 0.000000000000000000 ) ) ;
#1553 = AXIS2_PLACEMENT_3D ( 'NONE', #42, #238, #1900 ) ;
#1554 = DIRECTION ( 'NONE',  ( -0.5000000000000001110, 0.8660254037844385966, -0.000000000000000000 ) ) ;
#1555 = VECTOR ( 'NONE', #473, 1000.000000000000114 ) ;
#1556 = EDGE_CURVE ( 'NONE', #2433, #93, #187, .T. ) ;
#1557 = ORIENTED_EDGE ( 'NONE', *, *, #2038, .F. ) ;
#1558 = CIRCLE ( 'NONE', #1518, 1.599999999999997202 ) ;
#1559 = CARTESIAN_POINT ( 'NONE',  ( -29.49999999999998579, -44.00000000000001421, 11.00000000000000000 ) ) ;
#1560 = EDGE_CURVE ( 'NONE', #891, #2581, #2467, .T. ) ;
#1561 = CARTESIAN_POINT ( 'NONE',  ( 0.000000000000000000, 0.000000000000000000, 10.00000000000000000 ) ) ;
#1562 = FACE_OUTER_BOUND ( 'NONE', #2529, .T. ) ;
#1563 = LINE ( 'NONE', #896, #945 ) ;
#1564 = PLANE ( 'NONE',  #980 ) ;
#1565 = ORIENTED_EDGE ( 'NONE', *, *, #1800, .F. ) ;
#1566 = EDGE_LOOP ( 'NONE', ( #2610, #1071, #352, #284 ) ) ;
#1567 = CARTESIAN_POINT ( 'NONE',  ( 28.40000000000000924, 12.00000000000000000, 1.650000000000012568 ) ) ;
#1568 = DIRECTION ( 'NONE',  ( 0.8660254037844387076, -0.4999999999999998335, 0.000000000000000000 ) ) ;
#1569 = EDGE_LOOP ( 'NONE', ( #1182, #636, #2224, #354, #3, #937 ) ) ;
#1570 = DIRECTION ( 'NONE',  ( -0.5000000000000002220, 0.8660254037844384856, 0.000000000000000000 ) ) ;
#1571 = ADVANCED_FACE ( 'NONE', ( #1855, #2259 ), #2292, .F. ) ;
#1572 = CARTESIAN_POINT ( 'NONE',  ( 25.45596004384197641, -44.45000000000001705, 1.100000000000000089 ) ) ;
#1573 = CARTESIAN_POINT ( 'NONE',  ( 30.00000000000000000, 12.00000000000000000, 12.00000000000000000 ) ) ;
#1574 = FACE_OUTER_BOUND ( 'NONE', #2200, .T. ) ;
#1575 = EDGE_LOOP ( 'NONE', ( #2077, #1946, #1001, #247 ) ) ;
#1576 = ORIENTED_EDGE ( 'NONE', *, *, #1707, .T. ) ;
#1577 = ADVANCED_FACE ( 'NONE', ( #1656 ), #1445, .T. ) ;
#1578 = DIRECTION ( 'NONE',  ( 0.4999999999999998890, 0.8660254037844387076, 0.000000000000000000 ) ) ;
#1579 = ORIENTED_EDGE ( 'NONE', *, *, #1211, .T. ) ;
#1580 = ORIENTED_EDGE ( 'NONE', *, *, #2677, .T. ) ;
#1581 = CYLINDRICAL_SURFACE ( 'NONE', #1939, 5.999999999999998224 ) ;
#1582 = FACE_OUTER_BOUND ( 'NONE', #537, .T. ) ;
#1583 = CARTESIAN_POINT ( 'NONE',  ( -29.50000000000000000, 49.00000000000000711, 12.00000000000000000 ) ) ;
#1584 = CARTESIAN_POINT ( 'NONE',  ( 0.000000000000000000, 0.000000000000000000, 12.00000000000000000 ) ) ;
#1585 = EDGE_LOOP ( 'NONE', ( #113, #2301, #46, #1323 ) ) ;
#1586 = AXIS2_PLACEMENT_3D ( 'NONE', #2293, #1269, #1258 ) ;
#1587 = EDGE_LOOP ( 'NONE', ( #871, #1132, #1753, #520 ) ) ;
#1588 = VECTOR ( 'NONE', #1747, 1000.000000000000000 ) ;
#1589 = FACE_OUTER_BOUND ( 'NONE', #534, .T. ) ;
#1591 = EDGE_CURVE ( 'NONE', #1471, #1947, #8, .T. ) ;
#1590 = DIRECTION ( 'NONE',  ( 0.8660254037844387076, 0.4999999999999998890, -0.000000000000000000 ) ) ;
#1592 = ORIENTED_EDGE ( 'NONE', *, *, #2586, .F. ) ;
#1593 = VECTOR ( 'NONE', #1066, 1000.000000000000114 ) ;
#1594 = VECTOR ( 'NONE', #1554, 1000.000000000000114 ) ;
#1595 = VERTEX_POINT ( 'NONE', #1609 ) ;
#1596 = VECTOR ( 'NONE', #2655, 1000.000000000000000 ) ;
#1597 = CARTESIAN_POINT ( 'NONE',  ( -31.59999999999999787, 12.00000000000000000, 12.00000000000000000 ) ) ;
#1598 = AXIS2_PLACEMENT_3D ( 'NONE', #423, #1251, #466 ) ;
#1599 = CYLINDRICAL_SURFACE ( 'NONE', #210, 1.599999999999997202 ) ;
#1600 = FACE_OUTER_BOUND ( 'NONE', #364, .T. ) ;
#1601 = CARTESIAN_POINT ( 'NONE',  ( 24.87860977465233958, -43.44999999999999574, 1.100000000000000311 ) ) ;
#1602 = CARTESIAN_POINT ( 'NONE',  ( 14.54403995615804313, 44.45000000000001705, 1.100000000000000089 ) ) ;
#1603 = ORIENTED_EDGE ( 'NONE', *, *, #1353, .F. ) ;
#1604 = ORIENTED_EDGE ( 'NONE', *, *, #889, .T. ) ;
#1605 = EDGE_CURVE ( 'NONE', #1631, #241, #1429, .T. ) ;
#1606 = CARTESIAN_POINT ( 'NONE',  ( -14.54403995615804313, 44.45000000000001705, 0.000000000000000000 ) ) ;
#1607 = ORIENTED_EDGE ( 'NONE', *, *, #482, .T. ) ;
#1608 = EDGE_CURVE ( 'NONE', #448, #1033, #2443, .T. ) ;
#1609 = CARTESIAN_POINT ( 'NONE',  ( -9.088079912316073816, 35.00000000000000000, 0.000000000000000000 ) ) ;
#1610 = ORIENTED_EDGE ( 'NONE', *, *, #404, .F. ) ;
#1611 = CARTESIAN_POINT ( 'NONE',  ( 25.45596004384197641, -44.45000000000001705, 0.000000000000000000 ) ) ;
#1612 = FACE_OUTER_BOUND ( 'NONE', #1137, .T. ) ;
#1613 = FACE_OUTER_BOUND ( 'NONE', #622, .T. ) ;
#1614 = LINE ( 'NONE', #1186, #127 ) ;
#1615 = PLANE ( 'NONE',  #2236 ) ;
#1616 = CARTESIAN_POINT ( 'NONE',  ( 35.50000000000000000, 44.00000000000000000, 12.00000000000000000 ) ) ;
#1617 = ORIENTED_EDGE ( 'NONE', *, *, #1922, .T. ) ;
#1618 = ORIENTED_EDGE ( 'NONE', *, *, #1297, .F. ) ;
#1619 = ORIENTED_EDGE ( 'NONE', *, *, #1088, .F. ) ;
#1620 = DIRECTION ( 'NONE',  ( -0.000000000000000000, -0.000000000000000000, -1.000000000000000000 ) ) ;
#1621 = ORIENTED_EDGE ( 'NONE', *, *, #464, .T. ) ;
#1622 = DIRECTION ( 'NONE',  ( 0.000000000000000000, 0.7071067811865426878, 0.7071067811865524577 ) ) ;
#1623 = EDGE_LOOP ( 'NONE', ( #494, #2052, #397, #1782 ) ) ;
#1624 = EDGE_CURVE ( 'NONE', #1082, #378, #29, .T. ) ;
#1625 = EDGE_LOOP ( 'NONE', ( #2286, #1447, #800, #1029 ) ) ;
#1626 = CARTESIAN_POINT ( 'NONE',  ( 29.50000000000001066, -44.00000000000000711, 12.00000000000000000 ) ) ;
#1627 = CARTESIAN_POINT ( 'NONE',  ( -31.59999999999999787, 12.00000000000000000, 12.00000000000000000 ) ) ;
#1628 = CARTESIAN_POINT ( 'NONE',  ( 14.54403995615804135, -25.54999999999999361, 0.000000000000000000 ) ) ;
#1629 = ORIENTED_EDGE ( 'NONE', *, *, #2677, .F. ) ;
#1630 = DIRECTION ( 'NONE',  ( 0.7071067811865472397, 8.659560562354930393E-17, -0.7071067811865479058 ) ) ;
#1631 = VERTEX_POINT ( 'NONE', #658 ) ;
#1632 = CIRCLE ( 'NONE', #1235, 1.599999999999990319 ) ;
#1633 = VECTOR ( 'NONE', #840, 1000.000000000000000 ) ;
#1634 = FACE_OUTER_BOUND ( 'NONE', #1490, .T. ) ;
#1635 = VERTEX_POINT ( 'NONE', #1294 ) ;
#1636 = AXIS2_PLACEMENT_3D ( 'NONE', #1078, #1222, #213 ) ;
#1637 = EDGE_CURVE ( 'NONE', #1077, #1047, #1250, .T. ) ;
#1638 = ORIENTED_EDGE ( 'NONE', *, *, #533, .F. ) ;
#1639 = VECTOR ( 'NONE', #1444, 1000.000000000000000 ) ;
#1640 = CARTESIAN_POINT ( 'NONE',  ( -29.49999999999998579, -50.00000000000000711, 0.000000000000000000 ) ) ;
#1641 = DIRECTION ( 'NONE',  ( -0.000000000000000000, -0.000000000000000000, -1.000000000000000000 ) ) ;
#1642 = EDGE_CURVE ( 'NONE', #752, #1007, #2319, .T. ) ;
#1643 = AXIS2_PLACEMENT_3D ( 'NONE', #526, #894, #1913 ) ;
#1644 = FACE_BOUND ( 'NONE', #1792, .T. ) ;
#1645 = CARTESIAN_POINT ( 'NONE',  ( -29.50000000000000000, 49.99999999999999289, 12.00000000000000000 ) ) ;
#1646 = ORIENTED_EDGE ( 'NONE', *, *, #1673, .T. ) ;
#1647 = AXIS2_PLACEMENT_3D ( 'NONE', #141, #535, #966 ) ;
#1648 = LINE ( 'NONE', #791, #2204 ) ;
#1649 = EDGE_CURVE ( 'NONE', #2011, #1387, #1479, .T. ) ;
#1650 = ORIENTED_EDGE ( 'NONE', *, *, #944, .T. ) ;
#1651 = CARTESIAN_POINT ( 'NONE',  ( -30.00000000000000000, 12.00000000000000000, 12.00000000000000000 ) ) ;
#1652 = ORIENTED_EDGE ( 'NONE', *, *, #782, .F. ) ;
#1653 = ADVANCED_FACE ( 'NONE', ( #1062 ), #2524, .F. ) ;
#1654 = LINE ( 'NONE', #2269, #2331 ) ;
#1655 = LINE ( 'NONE', #7, #1418 ) ;
#1656 = FACE_OUTER_BOUND ( 'NONE', #805, .T. ) ;
#1657 = LINE ( 'NONE', #2306, #547 ) ;
#1658 = ORIENTED_EDGE ( 'NONE', *, *, #1175, .F. ) ;
#1659 = CARTESIAN_POINT ( 'NONE',  ( -25.45596004384197641, 44.45000000000001705, 1.100000000000000089 ) ) ;
#1660 = CARTESIAN_POINT ( 'NONE',  ( -35.50000000000000000, 44.00000000000000000, 0.000000000000000000 ) ) ;
#1661 = ORIENTED_EDGE ( 'NONE', *, *, #266, .F. ) ;
#1662 = ADVANCED_FACE ( 'NONE', ( #869 ), #967, .F. ) ;
#1663 = CARTESIAN_POINT ( 'NONE',  ( -30.00000000000000000, -12.00000000000000000, 12.00000000000000000 ) ) ;
#1664 = DIRECTION ( 'NONE',  ( -1.000000000000000000, 0.000000000000000000, 0.000000000000000000 ) ) ;
#1665 = DIRECTION ( 'NONE',  ( 1.000000000000000000, -0.000000000000000000, -0.000000000000000000 ) ) ;
#1666 = CARTESIAN_POINT ( 'NONE',  ( -30.91192008768393862, 35.00000000000000000, 1.100000000000000089 ) ) ;
#1667 = DIRECTION ( 'NONE',  ( -1.000000000000000000, 0.000000000000000000, 0.000000000000000000 ) ) ;
#1668 = DIRECTION ( 'NONE',  ( -0.000000000000000000, -0.000000000000000000, -1.000000000000000000 ) ) ;
#1669 = EDGE_LOOP ( 'NONE', ( #2493, #174, #1861, #981 ) ) ;
#1670 = LINE ( 'NONE', #2512, #506 ) ;
#1671 = CARTESIAN_POINT ( 'NONE',  ( 10.24278045069532794, 34.99999999999999289, 10.00000000000000000 ) ) ;
#1672 = EDGE_LOOP ( 'NONE', ( #883, #152, #2273, #1482 ) ) ;
#1673 = EDGE_CURVE ( 'NONE', #2391, #653, #468, .T. ) ;
#1674 = DIRECTION ( 'NONE',  ( 0.5000000000000002220, -0.8660254037844384856, 0.000000000000000000 ) ) ;
#1675 = CARTESIAN_POINT ( 'NONE',  ( 14.54403995615804135, -25.54999999999999361, 1.100000000000000089 ) ) ;
#1676 = AXIS2_PLACEMENT_3D ( 'NONE', #1780, #553, #2641 ) ;
#1677 = VECTOR ( 'NONE', #1534, 1000.000000000000000 ) ;
#1678 = VERTEX_POINT ( 'NONE', #1397 ) ;
#1679 = AXIS2_PLACEMENT_3D ( 'NONE', #660, #1075, #2075 ) ;
#1680 = CARTESIAN_POINT ( 'NONE',  ( 33.25000000000000000, -12.00000000000000000, -1.734723475976807883E-15 ) ) ;
#1681 = AXIS2_PLACEMENT_3D ( 'NONE', #1478, #1899, #41 ) ;
#1682 = LINE ( 'NONE', #2258, #1245 ) ;
#1683 = DIRECTION ( 'NONE',  ( 0.4999999999999998890, -0.8660254037844387076, 0.000000000000000000 ) ) ;
#1684 = DIRECTION ( 'NONE',  ( -1.000000000000000000, 0.000000000000000000, -0.000000000000000000 ) ) ;
#1685 = ORIENTED_EDGE ( 'NONE', *, *, #1771, .T. ) ;
#1686 = CARTESIAN_POINT ( 'NONE',  ( -14.54403995615804135, 25.54999999999999361, 0.000000000000000000 ) ) ;
#1687 = CIRCLE ( 'NONE', #1470, 1.599999999999997202 ) ;
#1688 = DIRECTION ( 'NONE',  ( -0.7071067811865472397, 0.000000000000000000, -0.7071067811865479058 ) ) ;
#1689 = ORIENTED_EDGE ( 'NONE', *, *, #2253, .F. ) ;
#1690 = ORIENTED_EDGE ( 'NONE', *, *, #836, .T. ) ;
#1691 = EDGE_CURVE ( 'NONE', #1417, #1409, #1427, .T. ) ;
#1692 = DIRECTION ( 'NONE',  ( 0.000000000000000000, 0.000000000000000000, 1.000000000000000000 ) ) ;
#1693 = DIRECTION ( 'NONE',  ( 1.000000000000000000, 0.000000000000000000, 0.000000000000000000 ) ) ;
#1694 = EDGE_CURVE ( 'NONE', #149, #546, #626, .T. ) ;
#1695 = ORIENTED_EDGE ( 'NONE', *, *, #735, .T. ) ;
#1696 = EDGE_CURVE ( 'NONE', #2558, #2195, #476, .T. ) ;
#1697 = PLANE ( 'NONE',  #2629 ) ;
#1698 = CARTESIAN_POINT ( 'NONE',  ( -14.54403995615804313, 44.45000000000001705, 1.100000000000000089 ) ) ;
#1699 = CARTESIAN_POINT ( 'NONE',  ( 25.45596004384197286, -25.54999999999999361, 0.000000000000000000 ) ) ;
#1700 = ORIENTED_EDGE ( 'NONE', *, *, #1474, .F. ) ;
#1701 = CARTESIAN_POINT ( 'NONE',  ( 15.12139022534766752, 43.44999999999999574, 10.00000000000000000 ) ) ;
#1702 = ORIENTED_EDGE ( 'NONE', *, *, #1439, .F. ) ;
#1703 = ORIENTED_EDGE ( 'NONE', *, *, #2680, .T. ) ;
#1704 = DIRECTION ( 'NONE',  ( -0.000000000000000000, -0.000000000000000000, -1.000000000000000000 ) ) ;
#1705 = ORIENTED_EDGE ( 'NONE', *, *, #1361, .F. ) ;
#1706 = CARTESIAN_POINT ( 'NONE',  ( -30.00000000000000000, 12.00000000000000000, 1.650000000000012568 ) ) ;
#1707 = EDGE_CURVE ( 'NONE', #2659, #1823, #40, .T. ) ;
#1708 = DIRECTION ( 'NONE',  ( -1.000000000000000000, 0.000000000000000000, 0.000000000000000000 ) ) ;
#1709 = ORIENTED_EDGE ( 'NONE', *, *, #545, .F. ) ;
#1710 = CARTESIAN_POINT ( 'NONE',  ( 15.12139022534766752, 43.44999999999999574, 10.00000000000000000 ) ) ;
#1711 = CARTESIAN_POINT ( 'NONE',  ( -24.87860977465233958, -43.44999999999999574, 10.00000000000000000 ) ) ;
#1712 = VERTEX_POINT ( 'NONE', #698 ) ;
#1713 = ORIENTED_EDGE ( 'NONE', *, *, #1774, .F. ) ;
#1714 = LINE ( 'NONE', #233, #1949 ) ;
#1715 = VECTOR ( 'NONE', #1827, 1000.000000000000000 ) ;
#1716 = ORIENTED_EDGE ( 'NONE', *, *, #2062, .F. ) ;
#1717 = DIRECTION ( 'NONE',  ( -0.000000000000000000, -0.000000000000000000, -1.000000000000000000 ) ) ;
#1718 = EDGE_CURVE ( 'NONE', #1409, #485, #1521, .T. ) ;
#1719 = STYLED_ITEM ( 'NONE', ( #704 ), #170 ) ;
#1720 = PLANE ( 'NONE',  #425 ) ;
#1721 = DIRECTION ( 'NONE',  ( 0.4999999999999998890, -0.8660254037844387076, 0.000000000000000000 ) ) ;
#1722 = CONICAL_SURFACE ( 'NONE', #28, 5.000000000000011546, 0.7853981633974421728 ) ;
#1723 = CARTESIAN_POINT ( 'NONE',  ( -9.088079912316073816, 35.00000000000000000, 1.100000000000000089 ) ) ;
#1724 = EDGE_CURVE ( 'NONE', #1082, #1167, #1079, .T. ) ;
#1725 = FACE_OUTER_BOUND ( 'NONE', #1623, .T. ) ;
#1726 = AXIS2_PLACEMENT_3D ( 'NONE', #1651, #2101, #1693 ) ;
#1727 = SHAPE_DEFINITION_REPRESENTATION ( #437, #2489 ) ;
#1728 = VERTEX_POINT ( 'NONE', #399 ) ;
#1729 = EDGE_LOOP ( 'NONE', ( #575, #2356, #70, #2469, #1349, #1311 ) ) ;
#1730 = VECTOR ( 'NONE', #616, 1000.000000000000000 ) ;
#1731 = AXIS2_PLACEMENT_3D ( 'NONE', #2625, #407, #1778 ) ;
#1732 = CARTESIAN_POINT ( 'NONE',  ( -30.00000000000000000, -12.00000000000000000, -1.734723475976807883E-15 ) ) ;
#1733 = AXIS2_PLACEMENT_3D ( 'NONE', #1671, #1289, #419 ) ;
#1734 = ORIENTED_EDGE ( 'NONE', *, *, #2030, .F. ) ;
#1735 = CARTESIAN_POINT ( 'NONE',  ( 15.12139022534766752, -26.54999999999999005, 10.00000000000000000 ) ) ;
#1736 = CARTESIAN_POINT ( 'NONE',  ( -30.00000000000000000, -12.00000000000000000, -1.734723475976807883E-15 ) ) ;
#1737 = DIRECTION ( 'NONE',  ( -0.4999999999999998335, 0.8660254037844387076, -0.000000000000000000 ) ) ;
#1738 = CARTESIAN_POINT ( 'NONE',  ( -28.40000000000000213, 12.00000000000000000, 12.00000000000000000 ) ) ;
#1739 = CARTESIAN_POINT ( 'NONE',  ( 30.91192008768393862, -35.00000000000000000, 1.100000000000000089 ) ) ;
#1740 = CARTESIAN_POINT ( 'NONE',  ( 25.45596004384197641, 44.45000000000001705, 1.100000000000000089 ) ) ;
#1741 = ORIENTED_EDGE ( 'NONE', *, *, #758, .T. ) ;
#1742 = ORIENTED_EDGE ( 'NONE', *, *, #387, .F. ) ;
#1743 = DIRECTION ( 'NONE',  ( -1.000000000000000000, 0.000000000000000000, 0.000000000000000000 ) ) ;
#1744 = EDGE_CURVE ( 'NONE', #669, #875, #632, .T. ) ;
#1745 = DIRECTION ( 'NONE',  ( 0.5000000000000003331, 0.8660254037844383745, 0.000000000000000000 ) ) ;
#1746 = ORIENTED_EDGE ( 'NONE', *, *, #2656, .F. ) ;
#1747 = DIRECTION ( 'NONE',  ( -0.000000000000000000, -0.000000000000000000, -1.000000000000000000 ) ) ;
#1748 = DIRECTION ( 'NONE',  ( -0.000000000000000000, -0.000000000000000000, -1.000000000000000000 ) ) ;
#1749 = PLANE ( 'NONE',  #2584 ) ;
#1750 = LINE ( 'NONE', #2375, #2285 ) ;
#1751 = DIRECTION ( 'NONE',  ( 0.000000000000000000, 0.000000000000000000, -1.000000000000000000 ) ) ;
#1752 = CARTESIAN_POINT ( 'NONE',  ( 0.000000000000000000, 0.000000000000000000, 1.100000000000000089 ) ) ;
#1753 = ORIENTED_EDGE ( 'NONE', *, *, #2535, .T. ) ;
#1754 = EDGE_LOOP ( 'NONE', ( #1394, #2514, #1254, #2103 ) ) ;
#1755 = ADVANCED_FACE ( 'NONE', ( #258 ), #1240, .F. ) ;
#1756 = FACE_OUTER_BOUND ( 'NONE', #2098, .T. ) ;
#1757 = DIRECTION ( 'NONE',  ( 0.000000000000000000, -0.000000000000000000, -1.000000000000000000 ) ) ;
#1758 = EDGE_CURVE ( 'NONE', #1823, #1911, #456, .T. ) ;
#1759 = ORIENTED_EDGE ( 'NONE', *, *, #13, .F. ) ;
#1760 = CARTESIAN_POINT ( 'NONE',  ( -30.91192008768393862, -35.00000000000000000, 0.000000000000000000 ) ) ;
#1761 = DIRECTION ( 'NONE',  ( -1.000000000000000000, 0.000000000000000000, 0.000000000000000000 ) ) ;
#1762 = CARTESIAN_POINT ( 'NONE',  ( -30.91192008768393862, -35.00000000000000000, 0.000000000000000000 ) ) ;
#1763 =( GEOMETRIC_REPRESENTATION_CONTEXT ( 3 ) GLOBAL_UNCERTAINTY_ASSIGNED_CONTEXT ( ( #2058 ) ) GLOBAL_UNIT_ASSIGNED_CONTEXT ( ( #2551, #1523, #1095 ) ) REPRESENTATION_CONTEXT ( 'NONE', 'WORKASPACE' ) );
#1764 = DIRECTION ( 'NONE',  ( -0.000000000000000000, -0.000000000000000000, -1.000000000000000000 ) ) ;
#1765 = AXIS2_PLACEMENT_3D ( 'NONE', #1147, #126, #951 ) ;
#1766 = VERTEX_POINT ( 'NONE', #664 ) ;
#1767 = ORIENTED_EDGE ( 'NONE', *, *, #1475, .T. ) ;
#1768 = VECTOR ( 'NONE', #1000, 1000.000000000000000 ) ;
#1769 = LINE ( 'NONE', #1169, #517 ) ;
#1770 = CONICAL_SURFACE ( 'NONE', #2637, 5.000000000000011546, 0.7853981633974421728 ) ;
#1771 = EDGE_CURVE ( 'NONE', #2648, #2581, #823, .T. ) ;
#1772 = DIRECTION ( 'NONE',  ( 0.000000000000000000, 0.7071067811865426878, -0.7071067811865524577 ) ) ;
#1773 = AXIS2_PLACEMENT_3D ( 'NONE', #1134, #487, #281 ) ;
#1774 = EDGE_CURVE ( 'NONE', #1005, #1367, #1682, .T. ) ;
#1775 = ORIENTED_EDGE ( 'NONE', *, *, #565, .T. ) ;
#1776 = VECTOR ( 'NONE', #1578, 1000.000000000000114 ) ;
#1777 = DIRECTION ( 'NONE',  ( 1.000000000000000000, 0.000000000000000000, 0.000000000000000000 ) ) ;
#1778 = DIRECTION ( 'NONE',  ( -1.000000000000000000, 0.000000000000000000, 0.000000000000000000 ) ) ;
#1779 = EDGE_CURVE ( 'NONE', #1018, #669, #1655, .T. ) ;
#1780 = CARTESIAN_POINT ( 'NONE',  ( -30.00000000000000000, 12.00000000000000000, -1.734723475976807883E-15 ) ) ;
#1781 = CARTESIAN_POINT ( 'NONE',  ( 30.00000000000000000, -12.00000000000000000, 12.00000000000000000 ) ) ;
#1782 = ORIENTED_EDGE ( 'NONE', *, *, #1774, .T. ) ;
#1783 = VERTEX_POINT ( 'NONE', #2666 ) ;
#1784 = CARTESIAN_POINT ( 'NONE',  ( 14.54403995615804135, 25.54999999999999361, 1.100000000000000089 ) ) ;
#1785 = CARTESIAN_POINT ( 'NONE',  ( -15.12139022534766752, -26.54999999999999005, 10.00000000000000000 ) ) ;
#1786 = VERTEX_POINT ( 'NONE', #2091 ) ;
#1787 = CARTESIAN_POINT ( 'NONE',  ( -34.49999999999999289, -44.00000000000000711, 12.00000000000000000 ) ) ;
#1788 = DIRECTION ( 'NONE',  ( -0.000000000000000000, -0.000000000000000000, -1.000000000000000000 ) ) ;
#1789 = PLANE ( 'NONE',  #1327 ) ;
#1790 = LINE ( 'NONE', #540, #2627 ) ;
#1791 = EDGE_CURVE ( 'NONE', #953, #1009, #1948, .T. ) ;
#1792 = EDGE_LOOP ( 'NONE', ( #2378, #469 ) ) ;
#1793 = ORIENTED_EDGE ( 'NONE', *, *, #677, .F. ) ;
#1794 = CARTESIAN_POINT ( 'NONE',  ( 30.00000000000000000, 12.00000000000000000, 12.00000000000000000 ) ) ;
#1795 = EDGE_LOOP ( 'NONE', ( #1442, #1705, #2157, #2595, #1485, #16 ) ) ;
#1796 = EDGE_LOOP ( 'NONE', ( #1742, #63 ) ) ;
#1797 = CARTESIAN_POINT ( 'NONE',  ( 29.50000000000000711, 44.00000000000000000, 0.000000000000000000 ) ) ;
#1798 = CARTESIAN_POINT ( 'NONE',  ( -29.49999999999998579, -44.00000000000001421, 0.000000000000000000 ) ) ;
#1799 = PLANE ( 'NONE',  #2412 ) ;
#1800 = EDGE_CURVE ( 'NONE', #969, #1531, #2304, .T. ) ;
#1801 = DIRECTION ( 'NONE',  ( -1.000000000000000000, 0.000000000000000000, 0.000000000000000000 ) ) ;
#1802 = ADVANCED_FACE ( 'NONE', ( #1433, #2681, #226, #1493, #1223, #2291, #215, #1644, #2270 ), #2080, .F. ) ;
#1803 = CARTESIAN_POINT ( 'NONE',  ( -15.12139022534766752, 43.44999999999999574, 10.00000000000000000 ) ) ;
#1804 = MECHANICAL_DESIGN_GEOMETRIC_PRESENTATION_REPRESENTATION (  '', ( #1719 ), #1763 ) ;
#1805 = VERTEX_POINT ( 'NONE', #2508 ) ;
#1806 = ADVANCED_FACE ( 'NONE', ( #620 ), #1036, .F. ) ;
#1807 = VECTOR ( 'NONE', #283, 1000.000000000000000 ) ;
#1808 = DIRECTION ( 'NONE',  ( 1.387778780781445429E-16, -1.000000000000000000, 0.000000000000000000 ) ) ;
#1809 = ORIENTED_EDGE ( 'NONE', *, *, #2185, .F. ) ;
#1810 = VECTOR ( 'NONE', #294, 1000.000000000000000 ) ;
#1811 = VERTEX_POINT ( 'NONE', #835 ) ;
#1812 = VECTOR ( 'NONE', #1296, 1000.000000000000000 ) ;
#1813 = CARTESIAN_POINT ( 'NONE',  ( -29.75721954930468272, 34.99999999999999289, 10.00000000000000000 ) ) ;
#1814 = AXIS2_PLACEMENT_3D ( 'NONE', #2237, #1842, #977 ) ;
#1815 = DIRECTION ( 'NONE',  ( 0.000000000000000000, -0.000000000000000000, -1.000000000000000000 ) ) ;
#1816 = LINE ( 'NONE', #1176, #1016 ) ;
#1817 = LINE ( 'NONE', #788, #1114 ) ;
#1818 = ORIENTED_EDGE ( 'NONE', *, *, #782, .T. ) ;
#1819 = ORIENTED_EDGE ( 'NONE', *, *, #646, .F. ) ;
#1820 = DIRECTION ( 'NONE',  ( -0.000000000000000000, -0.000000000000000000, -1.000000000000000000 ) ) ;
#1821 = ORIENTED_EDGE ( 'NONE', *, *, #1624, .F. ) ;
#1822 = EDGE_CURVE ( 'NONE', #680, #2162, #2107, .T. ) ;
#1823 = VERTEX_POINT ( 'NONE', #429 ) ;
#1824 = CARTESIAN_POINT ( 'NONE',  ( 25.45596004384197286, 25.54999999999999361, 1.100000000000000089 ) ) ;
#1825 = DIRECTION ( 'NONE',  ( 0.000000000000000000, -1.000000000000000000, 0.000000000000000000 ) ) ;
#1826 = FACE_OUTER_BOUND ( 'NONE', #701, .T. ) ;
#1827 = DIRECTION ( 'NONE',  ( -0.000000000000000000, -0.000000000000000000, -1.000000000000000000 ) ) ;
#1828 = DIRECTION ( 'NONE',  ( 0.5000000000000003331, -0.8660254037844383745, 0.000000000000000000 ) ) ;
#1829 = ORIENTED_EDGE ( 'NONE', *, *, #2586, .T. ) ;
#1830 = LINE ( 'NONE', #1860, #2114 ) ;
#1831 = VERTEX_POINT ( 'NONE', #1061 ) ;
#1832 = ADVANCED_FACE ( 'NONE', ( #1257 ), #650, .F. ) ;
#1833 = ORIENTED_EDGE ( 'NONE', *, *, #2344, .F. ) ;
#1834 = EDGE_CURVE ( 'NONE', #374, #1047, #868, .T. ) ;
#1835 = ORIENTED_EDGE ( 'NONE', *, *, #1489, .T. ) ;
#1836 = CARTESIAN_POINT ( 'NONE',  ( -34.50000000000000711, 44.00000000000000000, 12.00000000000000000 ) ) ;
#1837 = EDGE_CURVE ( 'NONE', #381, #1783, #1094, .T. ) ;
#1838 = CARTESIAN_POINT ( 'NONE',  ( 35.50000000000001421, -44.00000000000000711, 0.000000000000000000 ) ) ;
#1839 = DIRECTION ( 'NONE',  ( 0.000000000000000000, 0.000000000000000000, -1.000000000000000000 ) ) ;
#1840 = ORIENTED_EDGE ( 'NONE', *, *, #1105, .F. ) ;
#1841 = EDGE_CURVE ( 'NONE', #2363, #2580, #1515, .T. ) ;
#1842 = DIRECTION ( 'NONE',  ( -0.000000000000000000, -0.000000000000000000, -1.000000000000000000 ) ) ;
#1843 = ORIENTED_EDGE ( 'NONE', *, *, #898, .T. ) ;
#1844 = VECTOR ( 'NONE', #1503, 1000.000000000000000 ) ;
#1845 = EDGE_CURVE ( 'NONE', #241, #374, #2563, .T. ) ;
#1846 = AXIS2_PLACEMENT_3D ( 'NONE', #292, #1120, #1952 ) ;
#1847 = CARTESIAN_POINT ( 'NONE',  ( -30.00000000000000000, 12.00000000000000000, 1.650000000000012568 ) ) ;
#1848 = ADVANCED_FACE ( 'NONE', ( #2372 ), #640, .F. ) ;
#1849 = CIRCLE ( 'NONE', #81, 1.599999999999997202 ) ;
#1850 = ORIENTED_EDGE ( 'NONE', *, *, #2201, .F. ) ;
#1851 = CIRCLE ( 'NONE', #291, 1.599999999999997202 ) ;
#1852 = LINE ( 'NONE', #2679, #1239 ) ;
#1853 = EDGE_CURVE ( 'NONE', #378, #965, #2155, .T. ) ;
#1854 = DIRECTION ( 'NONE',  ( 0.7071067811865426878, 0.000000000000000000, -0.7071067811865524577 ) ) ;
#1855 = FACE_OUTER_BOUND ( 'NONE', #821, .T. ) ;
#1856 = LINE ( 'NONE', #611, #1230 ) ;
#1857 = EDGE_LOOP ( 'NONE', ( #1476, #1619, #2142, #2223 ) ) ;
#1858 = VECTOR ( 'NONE', #1207, 1000.000000000000000 ) ;
#1859 = LINE ( 'NONE', #445, #121 ) ;
#1860 = CARTESIAN_POINT ( 'NONE',  ( -15.12139022534766752, 43.44999999999999574, 10.00000000000000000 ) ) ;
#1861 = ORIENTED_EDGE ( 'NONE', *, *, #1283, .F. ) ;
#1862 = LINE ( 'NONE', #552, #130 ) ;
#1863 = CARTESIAN_POINT ( 'NONE',  ( 30.00000000000000000, 12.00000000000000000, -1.734723475976807883E-15 ) ) ;
#1864 = DIRECTION ( 'NONE',  ( 0.4999999999999998890, -0.8660254037844387076, 0.000000000000000000 ) ) ;
#1865 = DIRECTION ( 'NONE',  ( -0.5000000000000003331, -0.8660254037844383745, 0.000000000000000000 ) ) ;
#1866 = DIRECTION ( 'NONE',  ( 0.000000000000000000, -0.000000000000000000, 1.000000000000000000 ) ) ;
#1867 = CARTESIAN_POINT ( 'NONE',  ( 24.87860977465234669, -26.54999999999999005, 10.00000000000000000 ) ) ;
#1868 = DIRECTION ( 'NONE',  ( -0.000000000000000000, -0.000000000000000000, -1.000000000000000000 ) ) ;
#1869 = EDGE_LOOP ( 'NONE', ( #2330, #532, #887, #2133 ) ) ;
#1870 = CARTESIAN_POINT ( 'NONE',  ( 25.45596004384197286, 25.54999999999999361, 0.000000000000000000 ) ) ;
#1871 = ADVANCED_FACE ( 'NONE', ( #2150 ), #1770, .T. ) ;
#1872 = DIRECTION ( 'NONE',  ( -1.000000000000000000, 0.000000000000000000, 0.000000000000000000 ) ) ;
#1873 = EDGE_LOOP ( 'NONE', ( #1383, #313, #317, #730 ) ) ;
#1874 = DIRECTION ( 'NONE',  ( -0.4999999999999998890, -0.8660254037844387076, 0.000000000000000000 ) ) ;
#1875 = LINE ( 'NONE', #1908, #37 ) ;
#1876 = DIRECTION ( 'NONE',  ( 0.000000000000000000, 1.000000000000000000, -0.000000000000000000 ) ) ;
#1877 = ORIENTED_EDGE ( 'NONE', *, *, #1673, .F. ) ;
#1878 = CARTESIAN_POINT ( 'NONE',  ( -24.87860977465233958, 43.44999999999999574, 10.00000000000000000 ) ) ;
#1879 = CARTESIAN_POINT ( 'NONE',  ( 26.74999999999999645, -12.00000000000000000, -1.734723475976807883E-15 ) ) ;
#1880 = ADVANCED_FACE ( 'NONE', ( #2386 ), #861, .F. ) ;
#1881 = CARTESIAN_POINT ( 'NONE',  ( 14.54403995615804313, -44.45000000000001705, 1.100000000000000089 ) ) ;
#1882 = CARTESIAN_POINT ( 'NONE',  ( -28.40000000000000213, 12.00000000000000000, 12.00000000000000000 ) ) ;
#1883 = ORIENTED_EDGE ( 'NONE', *, *, #114, .F. ) ;
#1884 = PLANE ( 'NONE',  #864 ) ;
#1885 = EDGE_CURVE ( 'NONE', #2195, #381, #56, .T. ) ;
#1886 = ORIENTED_EDGE ( 'NONE', *, *, #2390, .F. ) ;
#1887 = ORIENTED_EDGE ( 'NONE', *, *, #250, .F. ) ;
#1888 = AXIS2_PLACEMENT_3D ( 'NONE', #1881, #2051, #870 ) ;
#1889 = CARTESIAN_POINT ( 'NONE',  ( -25.45596004384197286, -25.54999999999999361, 1.100000000000000089 ) ) ;
#1890 = CARTESIAN_POINT ( 'NONE',  ( -29.50000000000000000, 44.00000000000000000, 12.00000000000000000 ) ) ;
#1891 = EDGE_CURVE ( 'NONE', #2416, #1367, #675, .T. ) ;
#1892 = CARTESIAN_POINT ( 'NONE',  ( 29.75721954930468272, -34.99999999999999289, 10.00000000000000000 ) ) ;
#1893 = VECTOR ( 'NONE', #1340, 1000.000000000000114 ) ;
#1894 = AXIS2_PLACEMENT_3D ( 'NONE', #2376, #516, #2350 ) ;
#1895 = VERTEX_POINT ( 'NONE', #68 ) ;
#1896 = AXIS2_PLACEMENT_3D ( 'NONE', #1863, #1058, #1232 ) ;
#1897 = CARTESIAN_POINT ( 'NONE',  ( -14.54403995615804135, -25.54999999999999361, 1.100000000000000089 ) ) ;
#1898 = AXIS2_PLACEMENT_3D ( 'NONE', #440, #196, #1866 ) ;
#1899 = DIRECTION ( 'NONE',  ( -1.000000000000000000, -1.387778780781445429E-16, 0.000000000000000000 ) ) ;
#1900 = DIRECTION ( 'NONE',  ( 1.000000000000000000, 0.000000000000000000, -0.000000000000000000 ) ) ;
#1901 = DIRECTION ( 'NONE',  ( -0.7071067811865464625, 0.000000000000000000, -0.7071067811865486830 ) ) ;
#1902 = VERTEX_POINT ( 'NONE', #1505 ) ;
#1903 = VECTOR ( 'NONE', #1030, 1000.000000000000000 ) ;
#1904 = DIRECTION ( 'NONE',  ( -0.5000000000000003331, 0.8660254037844383745, 0.000000000000000000 ) ) ;
#1905 = CONICAL_SURFACE ( 'NONE', #2507, 3.250000000000002665, 0.7853981633974467247 ) ;
#1906 = EDGE_LOOP ( 'NONE', ( #1603, #53, #2017, #1129 ) ) ;
#1907 = ORIENTED_EDGE ( 'NONE', *, *, #2197, .F. ) ;
#1908 = CARTESIAN_POINT ( 'NONE',  ( -24.87860977465233958, -43.44999999999999574, 1.100000000000000311 ) ) ;
#1909 = CARTESIAN_POINT ( 'NONE',  ( 29.50000000000000711, 49.99999999999999289, 11.00000000000000000 ) ) ;
#1910 = EDGE_CURVE ( 'NONE', #1712, #1786, #907, .T. ) ;
#1911 = VERTEX_POINT ( 'NONE', #2334 ) ;
#1912 = DIRECTION ( 'NONE',  ( 0.4999999999999995004, -0.8660254037844389297, 0.000000000000000000 ) ) ;
#1913 = DIRECTION ( 'NONE',  ( -1.000000000000000000, 0.000000000000000000, 0.000000000000000000 ) ) ;
#1914 = DIRECTION ( 'NONE',  ( -0.000000000000000000, -0.000000000000000000, -1.000000000000000000 ) ) ;
#1915 = FACE_OUTER_BOUND ( 'NONE', #2342, .T. ) ;
#1916 = ORIENTED_EDGE ( 'NONE', *, *, #1278, .F. ) ;
#1917 = CARTESIAN_POINT ( 'NONE',  ( -9.088079912316072040, -35.00000000000000000, 0.000000000000000000 ) ) ;
#1918 = FACE_OUTER_BOUND ( 'NONE', #366, .T. ) ;
#1919 = ORIENTED_EDGE ( 'NONE', *, *, #884, .T. ) ;
#1920 = ORIENTED_EDGE ( 'NONE', *, *, #762, .F. ) ;
#1921 = CARTESIAN_POINT ( 'NONE',  ( 24.87860977465234669, -26.54999999999999005, 10.00000000000000000 ) ) ;
#1922 = EDGE_CURVE ( 'NONE', #2678, #571, #703, .T. ) ;
#1923 = ADVANCED_FACE ( 'NONE', ( #2165 ), #1720, .T. ) ;
#1924 = ORIENTED_EDGE ( 'NONE', *, *, #2344, .T. ) ;
#1925 = LINE ( 'NONE', #892, #2193 ) ;
#1926 = DIRECTION ( 'NONE',  ( -0.000000000000000000, 0.000000000000000000, 1.000000000000000000 ) ) ;
#1927 = CARTESIAN_POINT ( 'NONE',  ( 30.00000000000000000, 12.00000000000000000, -1.734723475976807883E-15 ) ) ;
#1928 = DIRECTION ( 'NONE',  ( 0.7071067811865426878, 0.000000000000000000, 0.7071067811865524577 ) ) ;
#1929 = VERTEX_POINT ( 'NONE', #909 ) ;
#1930 = CARTESIAN_POINT ( 'NONE',  ( 25.45596004384197286, 25.54999999999999361, 1.100000000000000089 ) ) ;
#1931 = CARTESIAN_POINT ( 'NONE',  ( -25.45596004384197641, -44.45000000000001705, 1.100000000000000089 ) ) ;
#1932 = CARTESIAN_POINT ( 'NONE',  ( 34.50000000000000711, 44.00000000000000000, 12.00000000000000000 ) ) ;
#1933 = ORIENTED_EDGE ( 'NONE', *, *, #989, .F. ) ;
#1934 = ORIENTED_EDGE ( 'NONE', *, *, #1837, .T. ) ;
#1935 = LINE ( 'NONE', #77, #1295 ) ;
#1936 = VECTOR ( 'NONE', #595, 1000.000000000000000 ) ;
#1937 = ORIENTED_EDGE ( 'NONE', *, *, #1526, .T. ) ;
#1938 = LINE ( 'NONE', #2346, #1371 ) ;
#1939 = AXIS2_PLACEMENT_3D ( 'NONE', #345, #946, #2425 ) ;
#1940 = DIRECTION ( 'NONE',  ( -1.000000000000000000, 0.000000000000000000, 0.000000000000000000 ) ) ;
#1941 = CARTESIAN_POINT ( 'NONE',  ( 24.87860977465234669, 26.54999999999999005, 10.00000000000000000 ) ) ;
#1942 = AXIS2_PLACEMENT_3D ( 'NONE', #2049, #1034, #1443 ) ;
#1943 = CARTESIAN_POINT ( 'NONE',  ( 14.54403995615804135, -25.54999999999999361, 1.100000000000000089 ) ) ;
#1944 = ADVANCED_FACE ( 'NONE', ( #1325 ), #1522, .F. ) ;
#1945 = VECTOR ( 'NONE', #2501, 1000.000000000000000 ) ;
#1946 = ORIENTED_EDGE ( 'NONE', *, *, #529, .F. ) ;
#1947 = VERTEX_POINT ( 'NONE', #1966 ) ;
#1948 = CIRCLE ( 'NONE', #1293, 3.250000000000002665 ) ;
#1949 = VECTOR ( 'NONE', #483, 1000.000000000000000 ) ;
#1950 = LINE ( 'NONE', #1153, #1776 ) ;
#1951 = VERTEX_POINT ( 'NONE', #1106 ) ;
#1952 = DIRECTION ( 'NONE',  ( 1.000000000000000000, 0.000000000000000000, 0.000000000000000000 ) ) ;
#1953 = DIRECTION ( 'NONE',  ( -1.000000000000000000, 0.000000000000000000, 0.000000000000000000 ) ) ;
#1954 = FACE_OUTER_BOUND ( 'NONE', #1754, .T. ) ;
#1955 = CARTESIAN_POINT ( 'NONE',  ( 14.54403995615804135, 25.54999999999999361, 1.100000000000000089 ) ) ;
#1956 = EDGE_CURVE ( 'NONE', #1831, #1025, #1687, .T. ) ;
#1957 = CARTESIAN_POINT ( 'NONE',  ( -25.45596004384197641, 44.45000000000001705, 1.100000000000000089 ) ) ;
#1958 = PLANE ( 'NONE',  #2503 ) ;
#1959 = VERTEX_POINT ( 'NONE', #2589 ) ;
#1960 = ORIENTED_EDGE ( 'NONE', *, *, #177, .T. ) ;
#1961 = EDGE_CURVE ( 'NONE', #27, #2454, #918, .T. ) ;
#1962 = FACE_OUTER_BOUND ( 'NONE', #2574, .T. ) ;
#1963 = DIRECTION ( 'NONE',  ( 0.8660254037844384856, -0.5000000000000004441, 0.000000000000000000 ) ) ;
#1964 = ORIENTED_EDGE ( 'NONE', *, *, #806, .F. ) ;
#1965 = LINE ( 'NONE', #1093, #78 ) ;
#1966 = CARTESIAN_POINT ( 'NONE',  ( -29.50000000000000000, 49.99999999999999289, 0.000000000000000000 ) ) ;
#1967 = CARTESIAN_POINT ( 'NONE',  ( -30.91192008768393862, 35.00000000000000000, 1.100000000000000089 ) ) ;
#1968 = CARTESIAN_POINT ( 'NONE',  ( -15.12139022534766752, -43.44999999999999574, 10.00000000000000000 ) ) ;
#1969 = EDGE_CURVE ( 'NONE', #996, #2416, #1351, .T. ) ;
#1970 = ORIENTED_EDGE ( 'NONE', *, *, #446, .T. ) ;
#1971 = ORIENTED_EDGE ( 'NONE', *, *, #105, .T. ) ;
#1972 = ADVANCED_FACE ( 'NONE', ( #1612 ), #1599, .F. ) ;
#1973 = DIRECTION ( 'NONE',  ( -0.4999999999999998890, 0.8660254037844387076, 0.000000000000000000 ) ) ;
#1974 = FACE_OUTER_BOUND ( 'NONE', #2183, .T. ) ;
#1975 = EDGE_CURVE ( 'NONE', #2619, #142, #1161, .T. ) ;
#1976 = ORIENTED_EDGE ( 'NONE', *, *, #1450, .F. ) ;
#1977 = CARTESIAN_POINT ( 'NONE',  ( 10.24278045069532794, 34.99999999999999289, 10.00000000000000000 ) ) ;
#1978 = CYLINDRICAL_SURFACE ( 'NONE', #687, 1.599999999999997202 ) ;
#1979 = CARTESIAN_POINT ( 'NONE',  ( -30.00000000000000000, -12.00000000000000000, 1.650000000000012568 ) ) ;
#1980 = DIRECTION ( 'NONE',  ( -0.000000000000000000, 0.000000000000000000, -1.000000000000000000 ) ) ;
#1981 = AXIS2_PLACEMENT_3D ( 'NONE', #1284, #2108, #259 ) ;
#1982 = FACE_OUTER_BOUND ( 'NONE', #391, .T. ) ;
#1983 = AXIS2_PLACEMENT_3D ( 'NONE', #1781, #2608, #1304 ) ;
#1984 = APPLICATION_PROTOCOL_DEFINITION ( 'draft international standard', 'automotive_design', 1998, #1191 ) ;
#1985 = EDGE_LOOP ( 'NONE', ( #2256, #2187, #1204, #714 ) ) ;
#1986 = ORIENTED_EDGE ( 'NONE', *, *, #641, .F. ) ;
#1987 = AXIS2_PLACEMENT_3D ( 'NONE', #395, #2045, #1253 ) ;
#1988 = CARTESIAN_POINT ( 'NONE',  ( 29.75721954930468272, -34.99999999999999289, 10.00000000000000000 ) ) ;
#1989 = AXIS2_PLACEMENT_3D ( 'NONE', #1710, #2555, #2538 ) ;
#1990 = AXIS2_PLACEMENT_3D ( 'NONE', #2382, #1552, #753 ) ;
#1991 = ORIENTED_EDGE ( 'NONE', *, *, #2030, .T. ) ;
#1992 = VECTOR ( 'NONE', #1630, 999.9999999999998863 ) ;
#1993 = ADVANCED_FACE ( 'NONE', ( #747 ), #733, .F. ) ;
#1994 = LINE ( 'NONE', #2426, #1073 ) ;
#1995 = LINE ( 'NONE', #1185, #548 ) ;
#1996 = FACE_BOUND ( 'NONE', #2026, .T. ) ;
#1997 = ORIENTED_EDGE ( 'NONE', *, *, #1272, .F. ) ;
#1998 = ORIENTED_EDGE ( 'NONE', *, *, #578, .T. ) ;
#1999 = LINE ( 'NONE', #505, #131 ) ;
#2000 = EDGE_LOOP ( 'NONE', ( #853, #866, #1362, #1835, #178, #792 ) ) ;
#2001 = EDGE_CURVE ( 'NONE', #1811, #1712, #568, .T. ) ;
#2002 = ORIENTED_EDGE ( 'NONE', *, *, #2246, .T. ) ;
#2003 = EDGE_CURVE ( 'NONE', #93, #891, #1994, .T. ) ;
#2004 = DIRECTION ( 'NONE',  ( 0.000000000000000000, -1.000000000000000000, 0.000000000000000000 ) ) ;
#2005 = DIRECTION ( 'NONE',  ( -0.8660254037844387076, 0.4999999999999998335, 0.000000000000000000 ) ) ;
#2006 = DIRECTION ( 'NONE',  ( 0.5000000000000001110, 0.8660254037844385966, 0.000000000000000000 ) ) ;
#2007 = ORIENTED_EDGE ( 'NONE', *, *, #842, .F. ) ;
#2008 = ORIENTED_EDGE ( 'NONE', *, *, #1707, .F. ) ;
#2009 = DIRECTION ( 'NONE',  ( 0.8660254037844387076, 0.4999999999999998335, -0.000000000000000000 ) ) ;
#2010 = VERTEX_POINT ( 'NONE', #1144 ) ;
#2011 = VERTEX_POINT ( 'NONE', #1572 ) ;
#2012 = CARTESIAN_POINT ( 'NONE',  ( -10.24278045069532794, 34.99999999999999289, 10.00000000000000000 ) ) ;
#2013 = DIRECTION ( 'NONE',  ( -0.7071067811865464625, 0.000000000000000000, -0.7071067811865486830 ) ) ;
#2014 = CARTESIAN_POINT ( 'NONE',  ( -30.91192008768393862, 35.00000000000000000, 0.000000000000000000 ) ) ;
#2015 = CARTESIAN_POINT ( 'NONE',  ( 15.12139022534766752, -43.44999999999999574, 10.00000000000000000 ) ) ;
#2016 = PLANE ( 'NONE',  #1414 ) ;
#2017 = ORIENTED_EDGE ( 'NONE', *, *, #94, .F. ) ;
#2018 = VECTOR ( 'NONE', #633, 1000.000000000000000 ) ;
#2019 = VERTEX_POINT ( 'NONE', #960 ) ;
#2020 = ADVANCED_FACE ( 'NONE', ( #144 ), #1978, .F. ) ;
#2021 = AXIS2_PLACEMENT_3D ( 'NONE', #1930, #2360, #1343 ) ;
#2022 = LINE ( 'NONE', #573, #297 ) ;
#2023 = EDGE_LOOP ( 'NONE', ( #75, #185, #96, #1150, #1580, #338 ) ) ;
#2024 = VECTOR ( 'NONE', #629, 1000.000000000000000 ) ;
#2025 = AXIS2_PLACEMENT_3D ( 'NONE', #716, #269, #1708 ) ;
#2026 = EDGE_LOOP ( 'NONE', ( #2392, #1646 ) ) ;
#2027 = CIRCLE ( 'NONE', #1814, 1.599999999999990319 ) ;
#2028 = CARTESIAN_POINT ( 'NONE',  ( 14.54403995615804313, -44.45000000000001705, 1.100000000000000089 ) ) ;
#2029 = LINE ( 'NONE', #972, #2455 ) ;
#2030 = EDGE_CURVE ( 'NONE', #1451, #2195, #2505, .T. ) ;
#2031 = CARTESIAN_POINT ( 'NONE',  ( -25.45596004384197286, -25.54999999999999361, 1.100000000000000089 ) ) ;
#2032 = EDGE_LOOP ( 'NONE', ( #710, #2515, #968, #1100 ) ) ;
#2033 = LINE ( 'NONE', #2660, #2599 ) ;
#2034 = EDGE_CURVE ( 'NONE', #1033, #974, #1862, .T. ) ;
#2035 = ORIENTED_EDGE ( 'NONE', *, *, #1718, .F. ) ;
#2036 = ORIENTED_EDGE ( 'NONE', *, *, #163, .F. ) ;
#2037 = ORIENTED_EDGE ( 'NONE', *, *, #663, .F. ) ;
#2038 = EDGE_CURVE ( 'NONE', #969, #657, #1390, .T. ) ;
#2039 = FACE_BOUND ( 'NONE', #342, .T. ) ;
#2040 = LINE ( 'NONE', #9, #2144 ) ;
#2041 = VERTEX_POINT ( 'NONE', #2215 ) ;
#2042 = ADVANCED_FACE ( 'NONE', ( #1582 ), #2410, .F. ) ;
#2043 = DIRECTION ( 'NONE',  ( -0.4999999999999998335, 0.8660254037844387076, 0.000000000000000000 ) ) ;
#2044 = ORIENTED_EDGE ( 'NONE', *, *, #1961, .T. ) ;
#2045 = DIRECTION ( 'NONE',  ( 0.000000000000000000, 0.000000000000000000, -1.000000000000000000 ) ) ;
#2046 = ORIENTED_EDGE ( 'NONE', *, *, #1791, .T. ) ;
#2047 = EDGE_CURVE ( 'NONE', #2570, #458, #2606, .T. ) ;
#2048 = EDGE_LOOP ( 'NONE', ( #1178, #686, #1850, #1661, #2262, #2598 ) ) ;
#2049 = CARTESIAN_POINT ( 'NONE',  ( 30.00000000000000000, -12.00000000000000000, 12.00000000000000000 ) ) ;
#2050 = DIRECTION ( 'NONE',  ( 1.000000000000000000, 0.000000000000000000, 0.000000000000000000 ) ) ;
#2051 = DIRECTION ( 'NONE',  ( 0.000000000000000000, -1.000000000000000000, 0.000000000000000000 ) ) ;
#2052 = ORIENTED_EDGE ( 'NONE', *, *, #1969, .F. ) ;
#2053 = CARTESIAN_POINT ( 'NONE',  ( 30.91192008768393862, -35.00000000000000000, 1.100000000000000089 ) ) ;
#2054 = VECTOR ( 'NONE', #665, 1000.000000000000000 ) ;
#2055 = CARTESIAN_POINT ( 'NONE',  ( 14.54403995615804135, 25.54999999999999361, 1.100000000000000089 ) ) ;
#2056 = ORIENTED_EDGE ( 'NONE', *, *, #944, .F. ) ;
#2057 = AXIS2_PLACEMENT_3D ( 'NONE', #527, #1825, #123 ) ;
#2058 = UNCERTAINTY_MEASURE_WITH_UNIT (LENGTH_MEASURE( 1.000000000000000082E-05 ), #2551, 'distance_accuracy_value', 'NONE');
#2059 = CARTESIAN_POINT ( 'NONE',  ( -14.54403995615804135, 25.54999999999999361, 1.100000000000000089 ) ) ;
#2060 = DIRECTION ( 'NONE',  ( 0.4999999999999995004, 0.8660254037844389297, -0.000000000000000000 ) ) ;
#2061 = VECTOR ( 'NONE', #2161, 1000.000000000000000 ) ;
#2062 = EDGE_CURVE ( 'NONE', #1400, #826, #2205, .T. ) ;
#2063 = ORIENTED_EDGE ( 'NONE', *, *, #1140, .T. ) ;
#2064 = AXIS2_PLACEMENT_3D ( 'NONE', #1785, #1590, #802 ) ;
#2065 = LINE ( 'NONE', #2105, #2374 ) ;
#2066 = DIRECTION ( 'NONE',  ( -0.7071067811865472397, 0.000000000000000000, -0.7071067811865479058 ) ) ;
#2067 = DIRECTION ( 'NONE',  ( 0.000000000000000000, 0.000000000000000000, 1.000000000000000000 ) ) ;
#2068 = CARTESIAN_POINT ( 'NONE',  ( -15.12139022534766930, 43.44999999999999574, 1.100000000000000311 ) ) ;
#2069 = ORIENTED_EDGE ( 'NONE', *, *, #1758, .T. ) ;
#2070 = AXIS2_PLACEMENT_3D ( 'NONE', #2456, #1180, #801 ) ;
#2071 = DIRECTION ( 'NONE',  ( 0.000000000000000000, 0.000000000000000000, 1.000000000000000000 ) ) ;
#2072 = CYLINDRICAL_SURFACE ( 'NONE', #257, 1.599999999999997202 ) ;
#2073 = VERTEX_POINT ( 'NONE', #1363 ) ;
#2074 = LINE ( 'NONE', #452, #2462 ) ;
#2075 = DIRECTION ( 'NONE',  ( 1.387778780781445429E-16, -1.000000000000000000, 0.000000000000000000 ) ) ;
#2076 = ADVANCED_FACE ( 'NONE', ( #4 ), #346, .F. ) ;
#2077 = ORIENTED_EDGE ( 'NONE', *, *, #2680, .F. ) ;
#2078 = FACE_OUTER_BOUND ( 'NONE', #2000, .T. ) ;
#2079 = ADVANCED_FACE ( 'NONE', ( #1184 ), #984, .F. ) ;
#2080 = PLANE ( 'NONE',  #2675 ) ;
#2081 = LINE ( 'NONE', #1645, #678 ) ;
#2082 = DIRECTION ( 'NONE',  ( -1.000000000000000000, -0.000000000000000000, -0.000000000000000000 ) ) ;
#2083 = EDGE_LOOP ( 'NONE', ( #1689, #1716, #886, #1702, #1308, #1196 ) ) ;
#2084 = DIRECTION ( 'NONE',  ( 1.000000000000000000, 0.000000000000000000, -0.000000000000000000 ) ) ;
#2085 = LINE ( 'NONE', #857, #647 ) ;
#2086 = ORIENTED_EDGE ( 'NONE', *, *, #2519, .F. ) ;
#2087 = CARTESIAN_POINT ( 'NONE',  ( -24.87860977465234669, 26.54999999999999005, 10.00000000000000000 ) ) ;
#2088 = DIRECTION ( 'NONE',  ( 0.000000000000000000, 0.000000000000000000, 1.000000000000000000 ) ) ;
#2089 = ORIENTED_EDGE ( 'NONE', *, *, #54, .T. ) ;
#2090 = CARTESIAN_POINT ( 'NONE',  ( 31.59999999999999787, 12.00000000000000000, 12.00000000000000000 ) ) ;
#2091 = CARTESIAN_POINT ( 'NONE',  ( -26.75000000000000000, -12.00000000000000000, -1.734723475976807883E-15 ) ) ;
#2092 = CARTESIAN_POINT ( 'NONE',  ( 30.91192008768393862, -35.00000000000000000, 1.100000000000000089 ) ) ;
#2093 = DIRECTION ( 'NONE',  ( -0.000000000000000000, -0.000000000000000000, 1.000000000000000000 ) ) ;
#2094 = ORIENTED_EDGE ( 'NONE', *, *, #117, .F. ) ;
#2095 = CARTESIAN_POINT ( 'NONE',  ( 14.54403995615804313, 44.45000000000001705, 0.000000000000000000 ) ) ;
#2096 = CARTESIAN_POINT ( 'NONE',  ( 26.74999999999999645, 12.00000000000000000, -1.734723475976807883E-15 ) ) ;
#2097 = ORIENTED_EDGE ( 'NONE', *, *, #1366, .T. ) ;
#2098 = EDGE_LOOP ( 'NONE', ( #26, #2623, #1170, #843 ) ) ;
#2099 = ADVANCED_FACE ( 'NONE', ( #2640 ), #2189, .F. ) ;
#2100 = LINE ( 'NONE', #1057, #1248 ) ;
#2101 = DIRECTION ( 'NONE',  ( -0.000000000000000000, 0.000000000000000000, -1.000000000000000000 ) ) ;
#2102 = CIRCLE ( 'NONE', #79, 5.999999999999998224 ) ;
#2103 = ORIENTED_EDGE ( 'NONE', *, *, #1175, .T. ) ;
#2104 = AXIS2_PLACEMENT_3D ( 'NONE', #1393, #146, #1801 ) ;
#2105 = CARTESIAN_POINT ( 'NONE',  ( 30.91192008768393862, -35.00000000000000000, 0.000000000000000000 ) ) ;
#2106 = VECTOR ( 'NONE', #1049, 1000.000000000000000 ) ;
#2107 = LINE ( 'NONE', #2466, #85 ) ;
#2108 = DIRECTION ( 'NONE',  ( -0.7071067811865524577, -9.813077866773661044E-17, 0.7071067811865425767 ) ) ;
#2109 = VERTEX_POINT ( 'NONE', #2281 ) ;
#2110 = LINE ( 'NONE', #22, #1548 ) ;
#2111 = AXIS2_PLACEMENT_3D ( 'NONE', #1890, #2543, #844 ) ;
#2112 = EDGE_CURVE ( 'NONE', #2369, #612, #2100, .T. ) ;
#2113 = LINE ( 'NONE', #220, #1424 ) ;
#2114 = VECTOR ( 'NONE', #1820, 1000.000000000000000 ) ;
#2115 = EDGE_LOOP ( 'NONE', ( #343, #1466, #2585, #814 ) ) ;
#2116 = ORIENTED_EDGE ( 'NONE', *, *, #478, .F. ) ;
#2117 = ADVANCED_FACE ( 'NONE', ( #1472 ), #817, .T. ) ;
#2118 = DIRECTION ( 'NONE',  ( -0.4999999999999998890, 0.8660254037844387076, 0.000000000000000000 ) ) ;
#2119 = ADVANCED_FACE ( 'NONE', ( #888 ), #671, .F. ) ;
#2120 = ORIENTED_EDGE ( 'NONE', *, *, #2477, .F. ) ;
#2121 = CARTESIAN_POINT ( 'NONE',  ( -29.49999999999998579, -44.00000000000001421, 12.00000000000000000 ) ) ;
#2122 = DIRECTION ( 'NONE',  ( 1.000000000000000000, 0.000000000000000000, 0.000000000000000000 ) ) ;
#2123 = DIRECTION ( 'NONE',  ( -0.000000000000000000, -0.000000000000000000, -1.000000000000000000 ) ) ;
#2124 = DIRECTION ( 'NONE',  ( -0.4999999999999998890, -0.8660254037844387076, 0.000000000000000000 ) ) ;
#2125 = ORIENTED_EDGE ( 'NONE', *, *, #724, .F. ) ;
#2126 = DIRECTION ( 'NONE',  ( -0.000000000000000000, -0.000000000000000000, -1.000000000000000000 ) ) ;
#2127 = CARTESIAN_POINT ( 'NONE',  ( 14.54403995615804135, -25.54999999999999361, 0.000000000000000000 ) ) ;
#2128 = EDGE_LOOP ( 'NONE', ( #1527, #183, #803, #1157, #1971, #1767 ) ) ;
#2129 = VERTEX_POINT ( 'NONE', #1517 ) ;
#2130 = EDGE_CURVE ( 'NONE', #2483, #657, #1309, .T. ) ;
#2131 = CARTESIAN_POINT ( 'NONE',  ( 14.54403995615804135, 25.54999999999999361, 1.100000000000000089 ) ) ;
#2132 = CARTESIAN_POINT ( 'NONE',  ( -15.12139022534766752, -26.54999999999999005, 10.00000000000000000 ) ) ;
#2133 = ORIENTED_EDGE ( 'NONE', *, *, #989, .T. ) ;
#2134 = ADVANCED_FACE ( 'NONE', ( #434 ), #1074, .F. ) ;
#2135 = PLANE ( 'NONE',  #368 ) ;
#2136 = DIRECTION ( 'NONE',  ( -0.000000000000000000, -0.000000000000000000, -1.000000000000000000 ) ) ;
#2137 = DIRECTION ( 'NONE',  ( -1.000000000000000000, 0.000000000000000000, 0.000000000000000000 ) ) ;
#2138 = PLANE ( 'NONE',  #598 ) ;
#2139 = CARTESIAN_POINT ( 'NONE',  ( -28.40000000000000924, 12.00000000000000000, 1.650000000000012568 ) ) ;
#2140 = DIRECTION ( 'NONE',  ( -1.000000000000000000, -0.000000000000000000, -0.000000000000000000 ) ) ;
#2141 = ORIENTED_EDGE ( 'NONE', *, *, #929, .T. ) ;
#2142 = ORIENTED_EDGE ( 'NONE', *, *, #2047, .F. ) ;
#2143 = FACE_OUTER_BOUND ( 'NONE', #2315, .T. ) ;
#2144 = VECTOR ( 'NONE', #837, 1000.000000000000000 ) ;
#2145 = VECTOR ( 'NONE', #2564, 1000.000000000000114 ) ;
#2146 = VERTEX_POINT ( 'NONE', #1921 ) ;
#2147 = DIRECTION ( 'NONE',  ( 0.000000000000000000, 0.000000000000000000, -1.000000000000000000 ) ) ;
#2148 = VECTOR ( 'NONE', #1764, 1000.000000000000000 ) ;
#2149 = EDGE_CURVE ( 'NONE', #1451, #1077, #2531, .T. ) ;
#2150 = FACE_OUTER_BOUND ( 'NONE', #1985, .T. ) ;
#2151 = SURFACE_STYLE_FILL_AREA ( #1063 ) ;
#2152 = VECTOR ( 'NONE', #2254, 1000.000000000000000 ) ;
#2153 = PLANE ( 'NONE',  #1894 ) ;
#2154 = CARTESIAN_POINT ( 'NONE',  ( 9.088079912316073816, 35.00000000000000000, 1.100000000000000089 ) ) ;
#2155 = CIRCLE ( 'NONE', #2377, 5.000000000000011546 ) ;
#2156 = ORIENTED_EDGE ( 'NONE', *, *, #299, .F. ) ;
#2157 = ORIENTED_EDGE ( 'NONE', *, *, #615, .F. ) ;
#2158 = VECTOR ( 'NONE', #1487, 1000.000000000000000 ) ;
#2159 = CIRCLE ( 'NONE', #1647, 5.000000000000011546 ) ;
#2160 = PLANE ( 'NONE',  #383 ) ;
#2161 = DIRECTION ( 'NONE',  ( -0.4999999999999995004, -0.8660254037844389297, -0.000000000000000000 ) ) ;
#2162 = VERTEX_POINT ( 'NONE', #1530 ) ;
#2163 = FACE_OUTER_BOUND ( 'NONE', #262, .T. ) ;
#2164 = ADVANCED_FACE ( 'NONE', ( #1501 ), #877, .F. ) ;
#2165 = FACE_OUTER_BOUND ( 'NONE', #2023, .T. ) ;
#2166 = LINE ( 'NONE', #1941, #1455 ) ;
#2167 = DIRECTION ( 'NONE',  ( -0.4999999999999998890, -0.8660254037844387076, 0.000000000000000000 ) ) ;
#2168 = LINE ( 'NONE', #2578, #1374 ) ;
#2169 = EDGE_CURVE ( 'NONE', #1728, #1400, #659, .T. ) ;
#2170 = ORIENTED_EDGE ( 'NONE', *, *, #1450, .T. ) ;
#2171 = ORIENTED_EDGE ( 'NONE', *, *, #478, .T. ) ;
#2172 = ADVANCED_FACE ( 'NONE', ( #2299 ), #644, .F. ) ;
#2173 = DIRECTION ( 'NONE',  ( -0.000000000000000000, -0.000000000000000000, -1.000000000000000000 ) ) ;
#2174 = LINE ( 'NONE', #2394, #2061 ) ;
#2175 = EDGE_CURVE ( 'NONE', #2162, #2483, #2074, .T. ) ;
#2176 = ORIENTED_EDGE ( 'NONE', *, *, #1724, .F. ) ;
#2177 = CARTESIAN_POINT ( 'NONE',  ( -10.24278045069532794, -34.99999999999999289, 10.00000000000000000 ) ) ;
#2178 = CARTESIAN_POINT ( 'NONE',  ( 24.87860977465233958, 43.44999999999999574, 10.00000000000000000 ) ) ;
#2179 = DIRECTION ( 'NONE',  ( -0.8660254037844385966, 0.5000000000000001110, 0.000000000000000000 ) ) ;
#2180 = DIRECTION ( 'NONE',  ( -0.5000000000000002220, -0.8660254037844384856, 0.000000000000000000 ) ) ;
#2181 =( NAMED_UNIT ( * ) SI_UNIT ( $, .STERADIAN. ) SOLID_ANGLE_UNIT ( ) );
#2182 = ORIENTED_EDGE ( 'NONE', *, *, #147, .T. ) ;
#2183 = EDGE_LOOP ( 'NONE', ( #80, #2546, #1819, #2182 ) ) ;
#2184 = LINE ( 'NONE', #2572, #470 ) ;
#2185 = EDGE_CURVE ( 'NONE', #571, #1549, #1045, .T. ) ;
#2186 = PLANE ( 'NONE',  #904 ) ;
#2187 = ORIENTED_EDGE ( 'NONE', *, *, #2284, .F. ) ;
#2188 = DIRECTION ( 'NONE',  ( -0.000000000000000000, -0.000000000000000000, -1.000000000000000000 ) ) ;
#2189 = CYLINDRICAL_SURFACE ( 'NONE', #2202, 1.599999999999997202 ) ;
#2190 = FACE_OUTER_BOUND ( 'NONE', #2379, .T. ) ;
#2191 = VECTOR ( 'NONE', #1737, 1000.000000000000000 ) ;
#2192 = CARTESIAN_POINT ( 'NONE',  ( -35.50000000000000000, 49.99999999999999289, 12.00000000000000000 ) ) ;
#2193 = VECTOR ( 'NONE', #1717, 1000.000000000000000 ) ;
#2194 = ORIENTED_EDGE ( 'NONE', *, *, #642, .F. ) ;
#2195 = VERTEX_POINT ( 'NONE', #1276 ) ;
#2196 = VECTOR ( 'NONE', #2601, 1000.000000000000114 ) ;
#2197 = EDGE_CURVE ( 'NONE', #1220, #462, #1875, .T. ) ;
#2198 = DIRECTION ( 'NONE',  ( 0.5000000000000003331, 0.8660254037844383745, -0.000000000000000000 ) ) ;
#2199 = VECTOR ( 'NONE', #1524, 1000.000000000000000 ) ;
#2200 = EDGE_LOOP ( 'NONE', ( #625, #1934, #1236, #2645 ) ) ;
#2201 = EDGE_CURVE ( 'NONE', #2010, #597, #1714, .T. ) ;
#2202 = AXIS2_PLACEMENT_3D ( 'NONE', #2484, #207, #1453 ) ;
#2203 = ORIENTED_EDGE ( 'NONE', *, *, #328, .T. ) ;
#2204 = VECTOR ( 'NONE', #1620, 1000.000000000000000 ) ;
#2205 = LINE ( 'NONE', #1231, #91 ) ;
#2206 = DIRECTION ( 'NONE',  ( -0.000000000000000000, -0.000000000000000000, -1.000000000000000000 ) ) ;
#2207 = DIRECTION ( 'NONE',  ( -0.5000000000000003331, -0.8660254037844383745, 0.000000000000000000 ) ) ;
#2208 = FACE_BOUND ( 'NONE', #92, .T. ) ;
#2209 = EDGE_LOOP ( 'NONE', ( #542, #519, #134, #2037 ) ) ;
#2210 = ORIENTED_EDGE ( 'NONE', *, *, #1122, .T. ) ;
#2211 = DIRECTION ( 'NONE',  ( -1.000000000000000000, 0.000000000000000000, 0.000000000000000000 ) ) ;
#2212 = ORIENTED_EDGE ( 'NONE', *, *, #2605, .T. ) ;
#2213 = ORIENTED_EDGE ( 'NONE', *, *, #1961, .F. ) ;
#2214 = CARTESIAN_POINT ( 'NONE',  ( -25.45596004384197286, -25.54999999999999361, 0.000000000000000000 ) ) ;
#2215 = CARTESIAN_POINT ( 'NONE',  ( -25.45596004384197641, -44.45000000000001705, 1.100000000000000089 ) ) ;
#2216 = EDGE_CURVE ( 'NONE', #1431, #2162, #50, .T. ) ;
#2217 = CARTESIAN_POINT ( 'NONE',  ( -30.91192008768393862, -35.00000000000000000, 1.100000000000000089 ) ) ;
#2218 = DIRECTION ( 'NONE',  ( -0.000000000000000000, -0.000000000000000000, -1.000000000000000000 ) ) ;
#2219 = CARTESIAN_POINT ( 'NONE',  ( 35.50000000000000000, 44.00000000000000000, 0.000000000000000000 ) ) ;
#2220 = ORIENTED_EDGE ( 'NONE', *, *, #1322, .F. ) ;
#2221 = ORIENTED_EDGE ( 'NONE', *, *, #2403, .T. ) ;
#2222 = CARTESIAN_POINT ( 'NONE',  ( -25.45596004384197286, 25.54999999999999361, 1.100000000000000089 ) ) ;
#2223 = ORIENTED_EDGE ( 'NONE', *, *, #793, .T. ) ;
#2224 = ORIENTED_EDGE ( 'NONE', *, *, #1822, .F. ) ;
#2225 = VECTOR ( 'NONE', #1166, 1000.000000000000227 ) ;
#2226 = FACE_OUTER_BOUND ( 'NONE', #2325, .T. ) ;
#2227 = EDGE_CURVE ( 'NONE', #1902, #480, #276, .T. ) ;
#2228 = DIRECTION ( 'NONE',  ( 0.7071067811865426878, 0.000000000000000000, -0.7071067811865524577 ) ) ;
#2229 = FACE_BOUND ( 'NONE', #768, .T. ) ;
#2230 = EDGE_CURVE ( 'NONE', #480, #65, #1935, .T. ) ;
#2231 = LINE ( 'NONE', #2031, #1715 ) ;
#2232 = AXIS2_PLACEMENT_3D ( 'NONE', #673, #471, #1300 ) ;
#2233 = ORIENTED_EDGE ( 'NONE', *, *, #1758, .F. ) ;
#2234 = PRODUCT ( 'bottom', 'bottom', '', ( #2568 ) ) ;
#2235 = ORIENTED_EDGE ( 'NONE', *, *, #663, .T. ) ;
#2236 = AXIS2_PLACEMENT_3D ( 'NONE', #2192, #2643, #2437 ) ;
#2237 = CARTESIAN_POINT ( 'NONE',  ( 30.00000000000000000, -12.00000000000000000, 1.650000000000012568 ) ) ;
#2238 = EDGE_LOOP ( 'NONE', ( #777, #794 ) ) ;
#2239 = AXIS2_PLACEMENT_3D ( 'NONE', #5, #188, #1277 ) ;
#2240 = VERTEX_POINT ( 'NONE', #903 ) ;
#2241 = VECTOR ( 'NONE', #2358, 1000.000000000000000 ) ;
#2242 = AXIS2_PLACEMENT_3D ( 'NONE', #1004, #2471, #203 ) ;
#2243 = ORIENTED_EDGE ( 'NONE', *, *, #1853, .T. ) ;
#2244 = EDGE_CURVE ( 'NONE', #1786, #1712, #2290, .T. ) ;
#2245 = LINE ( 'NONE', #2400, #1330 ) ;
#2246 = EDGE_CURVE ( 'NONE', #859, #274, #2184, .T. ) ;
#2247 = CARTESIAN_POINT ( 'NONE',  ( 15.12139022534766752, 26.54999999999999005, 10.00000000000000000 ) ) ;
#2248 = LINE ( 'NONE', #182, #811 ) ;
#2249 = EDGE_LOOP ( 'NONE', ( #1579, #2264, #1809, #924 ) ) ;
#2250 = ADVANCED_FACE ( 'NONE', ( #2143 ), #327, .F. ) ;
#2251 = DIRECTION ( 'NONE',  ( -0.4999999999999998335, -0.8660254037844387076, 0.000000000000000000 ) ) ;
#2252 = ORIENTED_EDGE ( 'NONE', *, *, #48, .F. ) ;
#2253 = EDGE_CURVE ( 'NONE', #826, #480, #1372, .T. ) ;
#2254 = DIRECTION ( 'NONE',  ( -0.000000000000000000, -0.000000000000000000, -1.000000000000000000 ) ) ;
#2255 = ORIENTED_EDGE ( 'NONE', *, *, #1642, .F. ) ;
#2256 = ORIENTED_EDGE ( 'NONE', *, *, #1834, .T. ) ;
#2257 = DIRECTION ( 'NONE',  ( 0.7071067811865472397, 8.659560562354930393E-17, -0.7071067811865479058 ) ) ;
#2258 = CARTESIAN_POINT ( 'NONE',  ( 15.12139022534766752, 43.44999999999999574, 10.00000000000000000 ) ) ;
#2259 = FACE_BOUND ( 'NONE', #2083, .T. ) ;
#2260 = LINE ( 'NONE', #1480, #2018 ) ;
#2261 = CARTESIAN_POINT ( 'NONE',  ( -25.45596004384197286, 25.54999999999999361, 0.000000000000000000 ) ) ;
#2262 = ORIENTED_EDGE ( 'NONE', *, *, #2652, .F. ) ;
#2263 = DIRECTION ( 'NONE',  ( 0.000000000000000000, 0.000000000000000000, -1.000000000000000000 ) ) ;
#2264 = ORIENTED_EDGE ( 'NONE', *, *, #1456, .T. ) ;
#2265 = ADVANCED_FACE ( 'NONE', ( #1537 ), #988, .F. ) ;
#2266 = DIRECTION ( 'NONE',  ( -0.4999999999999998890, 0.8660254037844387076, 0.000000000000000000 ) ) ;
#2267 = CARTESIAN_POINT ( 'NONE',  ( -14.54403995615804135, 25.54999999999999361, 1.100000000000000089 ) ) ;
#2268 = ORIENTED_EDGE ( 'NONE', *, *, #1267, .T. ) ;
#2269 = CARTESIAN_POINT ( 'NONE',  ( -24.87860977465233958, -43.44999999999999574, 10.00000000000000000 ) ) ;
#2270 = FACE_BOUND ( 'NONE', #2238, .T. ) ;
#2271 = CARTESIAN_POINT ( 'NONE',  ( -14.54403995615804135, -25.54999999999999361, 1.100000000000000089 ) ) ;
#2272 = CARTESIAN_POINT ( 'NONE',  ( 15.12139022534766752, -43.44999999999999574, 10.00000000000000000 ) ) ;
#2273 = ORIENTED_EDGE ( 'NONE', *, *, #1771, .F. ) ;
#2274 = LINE ( 'NONE', #1271, #1633 ) ;
#2275 = VECTOR ( 'NONE', #1352, 1000.000000000000000 ) ;
#2276 = DIRECTION ( 'NONE',  ( 0.5000000000000003331, -0.8660254037844383745, 0.000000000000000000 ) ) ;
#2277 = ORIENTED_EDGE ( 'NONE', *, *, #83, .T. ) ;
#2278 = ADVANCED_FACE ( 'NONE', ( #1756 ), #764, .F. ) ;
#2279 = AXIS2_PLACEMENT_3D ( 'NONE', #2566, #322, #490 ) ;
#2280 = CARTESIAN_POINT ( 'NONE',  ( -29.50000000000000000, 49.99999999999999289, 11.00000000000000000 ) ) ;
#2281 = CARTESIAN_POINT ( 'NONE',  ( 14.54403995615804313, -44.45000000000001705, 0.000000000000000000 ) ) ;
#2282 = VECTOR ( 'NONE', #619, 1000.000000000000000 ) ;
#2283 = CYLINDRICAL_SURFACE ( 'NONE', #1987, 5.999999999999998224 ) ;
#2284 = EDGE_CURVE ( 'NONE', #2433, #1047, #1119, .T. ) ;
#2285 = VECTOR ( 'NONE', #2167, 1000.000000000000114 ) ;
#2286 = ORIENTED_EDGE ( 'NONE', *, *, #439, .T. ) ;
#2287 = VECTOR ( 'NONE', #197, 1000.000000000000000 ) ;
#2288 = LINE ( 'NONE', #1255, #1156 ) ;
#2289 = ADVANCED_FACE ( 'NONE', ( #302 ), #1206, .F. ) ;
#2290 = CIRCLE ( 'NONE', #643, 3.250000000000002665 ) ;
#2291 = FACE_BOUND ( 'NONE', #1796, .T. ) ;
#2292 = PLANE ( 'NONE',  #2632 ) ;
#2293 = CARTESIAN_POINT ( 'NONE',  ( 0.000000000000000000, 0.000000000000000000, 10.00000000000000000 ) ) ;
#2294 = ORIENTED_EDGE ( 'NONE', *, *, #1088, .T. ) ;
#2295 = CARTESIAN_POINT ( 'NONE',  ( 29.50000000000001066, -44.00000000000000711, 0.000000000000000000 ) ) ;
#2296 = PRODUCT_RELATED_PRODUCT_CATEGORY ( 'part', '', ( #2234 ) ) ;
#2297 = CARTESIAN_POINT ( 'NONE',  ( -14.54403995615804135, 25.54999999999999361, 1.100000000000000089 ) ) ;
#2298 = ORIENTED_EDGE ( 'NONE', *, *, #1366, .F. ) ;
#2299 = FACE_OUTER_BOUND ( 'NONE', #119, .T. ) ;
#2300 = CARTESIAN_POINT ( 'NONE',  ( 25.45596004384197641, 44.45000000000001705, 1.100000000000000089 ) ) ;
#2301 = ORIENTED_EDGE ( 'NONE', *, *, #889, .F. ) ;
#2302 = FACE_OUTER_BOUND ( 'NONE', #1440, .T. ) ;
#2303 = EDGE_CURVE ( 'NONE', #1431, #2479, #115, .T. ) ;
#2304 = LINE ( 'NONE', #1282, #1639 ) ;
#2305 = CARTESIAN_POINT ( 'NONE',  ( 14.54403995615804313, -44.45000000000001705, 1.100000000000000089 ) ) ;
#2306 = CARTESIAN_POINT ( 'NONE',  ( 29.75721954930468272, -34.99999999999999289, 10.00000000000000000 ) ) ;
#2307 = CYLINDRICAL_SURFACE ( 'NONE', #2239, 1.599999999999997202 ) ;
#2308 = ORIENTED_EDGE ( 'NONE', *, *, #83, .F. ) ;
#2309 = DIRECTION ( 'NONE',  ( 1.387778780781445676E-16, -1.000000000000000000, 0.000000000000000000 ) ) ;
#2310 = CARTESIAN_POINT ( 'NONE',  ( 25.45596004384197286, 25.54999999999999361, 1.100000000000000089 ) ) ;
#2311 = VERTEX_POINT ( 'NONE', #1359 ) ;
#2312 = ORIENTED_EDGE ( 'NONE', *, *, #2613, .F. ) ;
#2313 = DIRECTION ( 'NONE',  ( 0.000000000000000000, 1.000000000000000000, -0.000000000000000000 ) ) ;
#2314 = DIRECTION ( 'NONE',  ( -0.8660254037844389297, 0.4999999999999995004, 0.000000000000000000 ) ) ;
#2315 = EDGE_LOOP ( 'NONE', ( #1070, #858, #1508, #1652 ) ) ;
#2316 = CARTESIAN_POINT ( 'NONE',  ( -15.12139022534766752, 26.54999999999999005, 10.00000000000000000 ) ) ;
#2317 = EDGE_CURVE ( 'NONE', #375, #448, #1950, .T. ) ;
#2318 = DIRECTION ( 'NONE',  ( -1.000000000000000000, 0.000000000000000000, 0.000000000000000000 ) ) ;
#2319 = LINE ( 'NONE', #2092, #253 ) ;
#2320 = CARTESIAN_POINT ( 'NONE',  ( 31.59999999999999076, -12.00000000000000000, 1.650000000000012568 ) ) ;
#2321 = VERTEX_POINT ( 'NONE', #939 ) ;
#2322 = FACE_OUTER_BOUND ( 'NONE', #192, .T. ) ;
#2323 = ADVANCED_FACE ( 'NONE', ( #1962 ), #2160, .F. ) ;
#2324 = CARTESIAN_POINT ( 'NONE',  ( -15.12139022534766752, -43.44999999999999574, 10.00000000000000000 ) ) ;
#2325 = EDGE_LOOP ( 'NONE', ( #301, #140, #1709, #2541 ) ) ;
#2326 = ORIENTED_EDGE ( 'NONE', *, *, #1290, .F. ) ;
#2327 = CARTESIAN_POINT ( 'NONE',  ( 25.45596004384197286, -25.54999999999999361, 1.100000000000000089 ) ) ;
#2328 = AXIS2_PLACEMENT_3D ( 'NONE', #270, #2348, #498 ) ;
#2329 = VECTOR ( 'NONE', #1448, 1000.000000000000114 ) ;
#2330 = ORIENTED_EDGE ( 'NONE', *, *, #1975, .F. ) ;
#2331 = VECTOR ( 'NONE', #225, 1000.000000000000000 ) ;
#2332 = CARTESIAN_POINT ( 'NONE',  ( -14.54403995615804135, 25.54999999999999361, 0.000000000000000000 ) ) ;
#2333 = VECTOR ( 'NONE', #2309, 1000.000000000000000 ) ;
#2334 = CARTESIAN_POINT ( 'NONE',  ( -25.45596004384197641, 44.45000000000001705, 0.000000000000000000 ) ) ;
#2335 = EDGE_CURVE ( 'NONE', #612, #859, #1769, .T. ) ;
#2336 = ORIENTED_EDGE ( 'NONE', *, *, #2602, .F. ) ;
#2337 = DIRECTION ( 'NONE',  ( 0.8660254037844389297, -0.4999999999999995004, 0.000000000000000000 ) ) ;
#2338 = VECTOR ( 'NONE', #14, 1000.000000000000000 ) ;
#2339 = LINE ( 'NONE', #2310, #2381 ) ;
#2340 = VECTOR ( 'NONE', #1449, 1000.000000000000227 ) ;
#2341 = ORIENTED_EDGE ( 'NONE', *, *, #1290, .T. ) ;
#2342 = EDGE_LOOP ( 'NONE', ( #263, #2008, #2336, #2063 ) ) ;
#2343 = CARTESIAN_POINT ( 'NONE',  ( -15.12139022534766752, 43.44999999999999574, 10.00000000000000000 ) ) ;
#2344 = EDGE_CURVE ( 'NONE', #1047, #1631, #1999, .T. ) ;
#2345 = EDGE_LOOP ( 'NONE', ( #1181, #2308, #1500, #2612 ) ) ;
#2346 = CARTESIAN_POINT ( 'NONE',  ( 24.87860977465233958, 43.44999999999999574, 1.100000000000000311 ) ) ;
#2347 = DIRECTION ( 'NONE',  ( -1.000000000000000000, 0.000000000000000000, -0.000000000000000000 ) ) ;
#2348 = DIRECTION ( 'NONE',  ( 0.000000000000000000, 0.000000000000000000, -1.000000000000000000 ) ) ;
#2349 = CARTESIAN_POINT ( 'NONE',  ( -24.87860977465234669, -26.54999999999999005, 10.00000000000000000 ) ) ;
#2350 = DIRECTION ( 'NONE',  ( 0.000000000000000000, -0.000000000000000000, 1.000000000000000000 ) ) ;
#2351 = CARTESIAN_POINT ( 'NONE',  ( -14.54403995615804135, 25.54999999999999361, 1.100000000000000089 ) ) ;
#2352 = VERTEX_POINT ( 'NONE', #104 ) ;
#2353 = ORIENTED_EDGE ( 'NONE', *, *, #2201, .T. ) ;
#2354 = LINE ( 'NONE', #493, #1339 ) ;
#2355 = EDGE_CURVE ( 'NONE', #1417, #1678, #723, .T. ) ;
#2356 = ORIENTED_EDGE ( 'NONE', *, *, #1529, .T. ) ;
#2357 = DIRECTION ( 'NONE',  ( -0.5000000000000003331, 0.8660254037844383745, 0.000000000000000000 ) ) ;
#2358 = DIRECTION ( 'NONE',  ( -1.000000000000000000, 0.000000000000000000, 0.000000000000000000 ) ) ;
#2359 = DIRECTION ( 'NONE',  ( -0.000000000000000000, -0.000000000000000000, -1.000000000000000000 ) ) ;
#2360 = DIRECTION ( 'NONE',  ( 0.000000000000000000, -1.000000000000000000, 0.000000000000000000 ) ) ;
#2361 =( LENGTH_UNIT ( ) NAMED_UNIT ( * ) SI_UNIT ( .MILLI., .METRE. ) );
#2362 = ORIENTED_EDGE ( 'NONE', *, *, #529, .T. ) ;
#2363 = VERTEX_POINT ( 'NONE', #1567 ) ;
#2364 = DIRECTION ( 'NONE',  ( 0.8660254037844385966, 0.5000000000000001110, -0.000000000000000000 ) ) ;
#2365 = EDGE_CURVE ( 'NONE', #1549, #1499, #2354, .T. ) ;
#2366 = CARTESIAN_POINT ( 'NONE',  ( 24.87860977465233958, -43.44999999999999574, 10.00000000000000000 ) ) ;
#2367 = VECTOR ( 'NONE', #908, 1000.000000000000000 ) ;
#2368 = ADVANCED_FACE ( 'NONE', ( #1347 ), #1905, .F. ) ;
#2369 = VERTEX_POINT ( 'NONE', #2393 ) ;
#2370 = DIRECTION ( 'NONE',  ( 0.4999999999999998890, 0.8660254037844387076, -0.000000000000000000 ) ) ;
#2371 = AXIS2_PLACEMENT_3D ( 'NONE', #1328, #296, #737 ) ;
#2372 = FACE_OUTER_BOUND ( 'NONE', #765, .T. ) ;
#2373 = EDGE_CURVE ( 'NONE', #2429, #241, #2159, .T. ) ;
#2374 = VECTOR ( 'NONE', #662, 1000.000000000000114 ) ;
#2375 = CARTESIAN_POINT ( 'NONE',  ( -15.12139022534766752, 26.54999999999999005, 1.100000000000000311 ) ) ;
#2376 = CARTESIAN_POINT ( 'NONE',  ( -24.87860977465234669, -26.54999999999999005, 10.00000000000000000 ) ) ;
#2377 = AXIS2_PLACEMENT_3D ( 'NONE', #1533, #1926, #514 ) ;
#2378 = ORIENTED_EDGE ( 'NONE', *, *, #1910, .F. ) ;
#2379 = EDGE_LOOP ( 'NONE', ( #260, #1557, #2439, #2277 ) ) ;
#2380 = VECTOR ( 'NONE', #699, 1000.000000000000000 ) ;
#2381 = VECTOR ( 'NONE', #1247, 1000.000000000000000 ) ;
#2382 = CARTESIAN_POINT ( 'NONE',  ( -15.12139022534766752, 26.54999999999999005, 10.00000000000000000 ) ) ;
#2383 = PLANE ( 'NONE',  #1021 ) ;
#2384 = ORIENTED_EDGE ( 'NONE', *, *, #795, .F. ) ;
#2385 = DIRECTION ( 'NONE',  ( 0.4999999999999998890, 0.8660254037844387076, 0.000000000000000000 ) ) ;
#2386 = FACE_OUTER_BOUND ( 'NONE', #1099, .T. ) ;
#2387 = CARTESIAN_POINT ( 'NONE',  ( 28.40000000000000213, 12.00000000000000000, 12.00000000000000000 ) ) ;
#2388 = CARTESIAN_POINT ( 'NONE',  ( -15.12139022534766752, -26.54999999999999005, 10.00000000000000000 ) ) ;
#2389 = FACE_OUTER_BOUND ( 'NONE', #930, .T. ) ;
#2390 = EDGE_CURVE ( 'NONE', #1025, #1831, #1558, .T. ) ;
#2391 = VERTEX_POINT ( 'NONE', #351 ) ;
#2392 = ORIENTED_EDGE ( 'NONE', *, *, #1321, .T. ) ;
#2393 = CARTESIAN_POINT ( 'NONE',  ( -14.54403995615804313, -44.45000000000001705, 1.100000000000000089 ) ) ;
#2394 = CARTESIAN_POINT ( 'NONE',  ( 25.45596004384197641, -44.45000000000001705, 0.000000000000000000 ) ) ;
#2395 = VERTEX_POINT ( 'NONE', #1 ) ;
#2396 = LINE ( 'NONE', #2214, #682 ) ;
#2397 = DIRECTION ( 'NONE',  ( -0.000000000000000000, -0.000000000000000000, -1.000000000000000000 ) ) ;
#2398 = DIRECTION ( 'NONE',  ( -0.5000000000000001110, -0.8660254037844385966, 0.000000000000000000 ) ) ;
#2399 = EDGE_CURVE ( 'NONE', #661, #612, #2441, .T. ) ;
#2400 = CARTESIAN_POINT ( 'NONE',  ( -14.54403995615804313, 44.45000000000001705, 0.000000000000000000 ) ) ;
#2401 = DIRECTION ( 'NONE',  ( -0.000000000000000000, 0.000000000000000000, 1.000000000000000000 ) ) ;
#2402 = ORIENTED_EDGE ( 'NONE', *, *, #2003, .T. ) ;
#2403 = EDGE_CURVE ( 'NONE', #1210, #1959, #562, .T. ) ;
#2404 = DIRECTION ( 'NONE',  ( -0.8660254037844385966, -0.5000000000000001110, 0.000000000000000000 ) ) ;
#2405 = DIRECTION ( 'NONE',  ( 1.000000000000000000, 0.000000000000000000, 0.000000000000000000 ) ) ;
#2406 = EDGE_LOOP ( 'NONE', ( #1907, #606, #1592, #2294 ) ) ;
#2407 = EDGE_LOOP ( 'NONE', ( #781, #1610, #2461, #2537 ) ) ;
#2408 = VECTOR ( 'NONE', #217, 1000.000000000000114 ) ;
#2409 = CARTESIAN_POINT ( 'NONE',  ( -24.87860977465234669, 26.54999999999999005, 10.00000000000000000 ) ) ;
#2410 = PLANE ( 'NONE',  #559 ) ;
#2411 = PLANE ( 'NONE',  #2668 ) ;
#2412 = AXIS2_PLACEMENT_3D ( 'NONE', #320, #985, #359 ) ;
#2413 = CARTESIAN_POINT ( 'NONE',  ( -14.54403995615804135, -25.54999999999999361, 0.000000000000000000 ) ) ;
#2414 = CIRCLE ( 'NONE', #1237, 5.000000000000011546 ) ;
#2415 = ORIENTED_EDGE ( 'NONE', *, *, #956, .T. ) ;
#2416 = VERTEX_POINT ( 'NONE', #1227 ) ;
#2417 = VECTOR ( 'NONE', #2583, 1000.000000000000000 ) ;
#2418 = PLANE ( 'NONE',  #689 ) ;
#2419 = VECTOR ( 'NONE', #2066, 999.9999999999998863 ) ;
#2420 = EDGE_LOOP ( 'NONE', ( #2673, #58, #2094, #916 ) ) ;
#2421 = AXIS2_PLACEMENT_3D ( 'NONE', #1798, #155, #577 ) ;
#2422 = DIRECTION ( 'NONE',  ( -1.000000000000000000, -0.000000000000000000, -0.000000000000000000 ) ) ;
#2423 = EDGE_CURVE ( 'NONE', #10, #65, #1830, .T. ) ;
#2424 = VERTEX_POINT ( 'NONE', #363 ) ;
#2425 = DIRECTION ( 'NONE',  ( -1.000000000000000000, 0.000000000000000000, 0.000000000000000000 ) ) ;
#2426 = CARTESIAN_POINT ( 'NONE',  ( 35.50000000000000000, 49.99999999999999289, 0.000000000000000000 ) ) ;
#2427 = CARTESIAN_POINT ( 'NONE',  ( 30.00000000000000000, -12.00000000000000000, -1.734723475976807883E-15 ) ) ;
#2428 = LINE ( 'NONE', #759, #418 ) ;
#2429 = VERTEX_POINT ( 'NONE', #780 ) ;
#2430 = ORIENTED_EDGE ( 'NONE', *, *, #884, .F. ) ;
#2431 = FACE_OUTER_BOUND ( 'NONE', #325, .T. ) ;
#2432 = ORIENTED_EDGE ( 'NONE', *, *, #1637, .T. ) ;
#2433 = VERTEX_POINT ( 'NONE', #1385 ) ;
#2434 = EDGE_CURVE ( 'NONE', #1783, #1082, #2463, .T. ) ;
#2435 = DIRECTION ( 'NONE',  ( -1.000000000000000000, 0.000000000000000000, 0.000000000000000000 ) ) ;
#2436 = DIRECTION ( 'NONE',  ( -0.4999999999999998335, -0.8660254037844387076, 0.000000000000000000 ) ) ;
#2437 = DIRECTION ( 'NONE',  ( 0.000000000000000000, -0.000000000000000000, -1.000000000000000000 ) ) ;
#2438 = LINE ( 'NONE', #776, #1368 ) ;
#2439 = ORIENTED_EDGE ( 'NONE', *, *, #1529, .F. ) ;
#2440 = EDGE_LOOP ( 'NONE', ( #943, #1550, #1964, #235 ) ) ;
#2441 = LINE ( 'NONE', #1426, #1076 ) ;
#2442 = EDGE_LOOP ( 'NONE', ( #1369, #1102, #1821, #1217 ) ) ;
#2443 = LINE ( 'NONE', #1889, #1730 ) ;
#2444 = EDGE_CURVE ( 'NONE', #462, #954, #613, .T. ) ;
#2445 = ORIENTED_EDGE ( 'NONE', *, *, #1434, .T. ) ;
#2446 = ADVANCED_FACE ( 'NONE', ( #1589 ), #1192, .F. ) ;
#2447 = EDGE_LOOP ( 'NONE', ( #1528, #1997, #1565, #754 ) ) ;
#2448 = CARTESIAN_POINT ( 'NONE',  ( 29.50000000000000711, 49.99999999999999289, 0.000000000000000000 ) ) ;
#2449 = DIRECTION ( 'NONE',  ( 1.000000000000000000, 0.000000000000000000, 0.000000000000000000 ) ) ;
#2450 = ADVANCED_FACE ( 'NONE', ( #392 ), #2418, .F. ) ;
#2451 = DIRECTION ( 'NONE',  ( 0.000000000000000000, -0.000000000000000000, -1.000000000000000000 ) ) ;
#2452 = AXIS2_PLACEMENT_3D ( 'NONE', #1927, #99, #2137 ) ;
#2453 = LINE ( 'NONE', #596, #983 ) ;
#2454 = VERTEX_POINT ( 'NONE', #1606 ) ;
#2455 = VECTOR ( 'NONE', #1213, 1000.000000000000114 ) ;
#2456 = CARTESIAN_POINT ( 'NONE',  ( -29.50000000000000000, 44.00000000000000000, 11.00000000000000000 ) ) ;
#2457 = ORIENTED_EDGE ( 'NONE', *, *, #2244, .T. ) ;
#2458 = CONICAL_SURFACE ( 'NONE', #421, 3.250000000000002665, 0.7853981633974479459 ) ;
#2459 = VECTOR ( 'NONE', #2140, 1000.000000000000000 ) ;
#2460 = CARTESIAN_POINT ( 'NONE',  ( 30.00000000000000000, -12.00000000000000000, -1.734723475976807883E-15 ) ) ;
#2461 = ORIENTED_EDGE ( 'NONE', *, *, #2001, .T. ) ;
#2462 = VECTOR ( 'NONE', #2118, 1000.000000000000114 ) ;
#2463 = CIRCLE ( 'NONE', #2070, 5.999999999999998224 ) ;
#2464 = EDGE_LOOP ( 'NONE', ( #1012, #200, #1536, #912 ) ) ;
#2465 = LINE ( 'NONE', #236, #942 ) ;
#2466 = CARTESIAN_POINT ( 'NONE',  ( 25.45596004384197286, 25.54999999999999361, 0.000000000000000000 ) ) ;
#2467 = LINE ( 'NONE', #1616, #2549 ) ;
#2468 = CARTESIAN_POINT ( 'NONE',  ( -26.75000000000000000, 12.00000000000000000, -1.734723475976807883E-15 ) ) ;
#2469 = ORIENTED_EDGE ( 'NONE', *, *, #426, .T. ) ;
#2470 = EDGE_CURVE ( 'NONE', #142, #669, #2027, .T. ) ;
#2471 = DIRECTION ( 'NONE',  ( -0.8660254037844387076, -0.4999999999999998335, 0.000000000000000000 ) ) ;
#2472 = ORIENTED_EDGE ( 'NONE', *, *, #1605, .F. ) ;
#2473 = PLANE ( 'NONE',  #728 ) ;
#2474 = VERTEX_POINT ( 'NONE', #2672 ) ;
#2475 = CARTESIAN_POINT ( 'NONE',  ( -14.54403995615804313, -44.45000000000001705, 1.100000000000000089 ) ) ;
#2476 = DIRECTION ( 'NONE',  ( -0.000000000000000000, -0.000000000000000000, -1.000000000000000000 ) ) ;
#2477 = EDGE_CURVE ( 'NONE', #1631, #1451, #2022, .T. ) ;
#2478 = PLANE ( 'NONE',  #1586 ) ;
#2479 = VERTEX_POINT ( 'NONE', #165 ) ;
#2480 = CARTESIAN_POINT ( 'NONE',  ( 28.40000000000000924, -12.00000000000000000, 1.650000000000012568 ) ) ;
#2481 = FACE_OUTER_BOUND ( 'NONE', #672, .T. ) ;
#2482 = EDGE_CURVE ( 'NONE', #2581, #2433, #993, .T. ) ;
#2483 = VERTEX_POINT ( 'NONE', #1396 ) ;
#2484 = CARTESIAN_POINT ( 'NONE',  ( -30.00000000000000000, 12.00000000000000000, 12.00000000000000000 ) ) ;
#2485 = CARTESIAN_POINT ( 'NONE',  ( 15.12139022534766752, -26.54999999999999005, 10.00000000000000000 ) ) ;
#2486 = AXIS2_PLACEMENT_3D ( 'NONE', #900, #1148, #739 ) ;
#2487 = ORIENTED_EDGE ( 'NONE', *, *, #387, .T. ) ;
#2488 = LINE ( 'NONE', #848, #289 ) ;
#2489 = ADVANCED_BREP_SHAPE_REPRESENTATION ( 'bottom', ( #170, #2486 ), #2618 ) ;
#2490 = DIRECTION ( 'NONE',  ( -0.000000000000000000, -0.000000000000000000, -1.000000000000000000 ) ) ;
#2491 = LINE ( 'NONE', #1050, #242 ) ;
#2492 = DIRECTION ( 'NONE',  ( -0.000000000000000000, 0.000000000000000000, -1.000000000000000000 ) ) ;
#2493 = ORIENTED_EDGE ( 'NONE', *, *, #1474, .T. ) ;
#2494 = DIRECTION ( 'NONE',  ( -0.000000000000000000, -0.000000000000000000, -1.000000000000000000 ) ) ;
#2495 = VECTOR ( 'NONE', #569, 1000.000000000000000 ) ;
#2496 = CARTESIAN_POINT ( 'NONE',  ( 31.59999999999999076, 12.00000000000000000, 1.650000000000012568 ) ) ;
#2497 = ORIENTED_EDGE ( 'NONE', *, *, #2613, .T. ) ;
#2498 = CIRCLE ( 'NONE', #2104, 1.599999999999990319 ) ;
#2499 = DIRECTION ( 'NONE',  ( 1.000000000000000000, -0.000000000000000000, 0.000000000000000000 ) ) ;
#2500 = VECTOR ( 'NONE', #1641, 1000.000000000000000 ) ;
#2501 = DIRECTION ( 'NONE',  ( -0.000000000000000000, -0.000000000000000000, -1.000000000000000000 ) ) ;
#2502 = EDGE_CURVE ( 'NONE', #2580, #1635, #2633, .T. ) ;
#2503 = AXIS2_PLACEMENT_3D ( 'NONE', #1752, #1547, #963 ) ;
#2504 = EDGE_LOOP ( 'NONE', ( #2097, #1415, #433, #362 ) ) ;
#2505 = CIRCLE ( 'NONE', #2421, 5.999999999999998224 ) ;
#2506 = LINE ( 'NONE', #834, #372 ) ;
#2507 = AXIS2_PLACEMENT_3D ( 'NONE', #543, #2173, #132 ) ;
#2508 = CARTESIAN_POINT ( 'NONE',  ( -15.12139022534766752, 26.54999999999999005, 10.00000000000000000 ) ) ;
#2509 = CARTESIAN_POINT ( 'NONE',  ( 29.50000000000000711, 44.00000000000000000, 12.00000000000000000 ) ) ;
#2510 = FACE_OUTER_BOUND ( 'NONE', #1566, .T. ) ;
#2511 = ORIENTED_EDGE ( 'NONE', *, *, #451, .T. ) ;
#2512 = CARTESIAN_POINT ( 'NONE',  ( 25.45596004384197641, -44.45000000000001705, 1.100000000000000089 ) ) ;
#2513 = LINE ( 'NONE', #1511, #992 ) ;
#2514 = ORIENTED_EDGE ( 'NONE', *, *, #1841, .F. ) ;
#2515 = ORIENTED_EDGE ( 'NONE', *, *, #2373, .F. ) ;
#2516 = DIRECTION ( 'NONE',  ( 0.000000000000000000, -0.7071067811865426878, 0.7071067811865524577 ) ) ;
#2517 = DIRECTION ( 'NONE',  ( 0.000000000000000000, 0.000000000000000000, 1.000000000000000000 ) ) ;
#2518 = CARTESIAN_POINT ( 'NONE',  ( -25.45596004384197641, 44.45000000000001705, 1.100000000000000089 ) ) ;
#2519 = EDGE_CURVE ( 'NONE', #485, #1486, #1648, .T. ) ;
#2520 = ADVANCED_FACE ( 'NONE', ( #2431 ), #584, .F. ) ;
#2521 = ORIENTED_EDGE ( 'NONE', *, *, #956, .F. ) ;
#2522 = CARTESIAN_POINT ( 'NONE',  ( -15.12139022534766752, -26.54999999999999005, 1.100000000000000311 ) ) ;
#2523 = DIRECTION ( 'NONE',  ( 0.000000000000000000, 0.000000000000000000, 1.000000000000000000 ) ) ;
#2524 = PLANE ( 'NONE',  #1553 ) ;
#2525 = DIRECTION ( 'NONE',  ( 0.000000000000000000, 0.000000000000000000, -1.000000000000000000 ) ) ;
#2526 = EDGE_LOOP ( 'NONE', ( #510, #783, #1700, #2326 ) ) ;
#2527 = DIRECTION ( 'NONE',  ( -1.000000000000000000, 0.000000000000000000, 0.000000000000000000 ) ) ;
#2528 = LINE ( 'NONE', #72, #2225 ) ;
#2529 = EDGE_LOOP ( 'NONE', ( #1512, #204, #1428, #169 ) ) ;
#2530 = EDGE_LOOP ( 'NONE', ( #1142, #1002, #995, #913, #798, #2235, #1386, #1991 ) ) ;
#2531 = LINE ( 'NONE', #249, #1812 ) ;
#2532 = EDGE_CURVE ( 'NONE', #2240, #1786, #379, .T. ) ;
#2533 = ORIENTED_EDGE ( 'NONE', *, *, #1526, .F. ) ;
#2534 = PLANE ( 'NONE',  #2232 ) ;
#2535 = EDGE_CURVE ( 'NONE', #1167, #1471, #2033, .T. ) ;
#2536 = CARTESIAN_POINT ( 'NONE',  ( -35.50000000000000000, 44.00000000000000000, 11.00000000000000000 ) ) ;
#2537 = ORIENTED_EDGE ( 'NONE', *, *, #1910, .T. ) ;
#2538 = DIRECTION ( 'NONE',  ( 0.000000000000000000, -0.000000000000000000, 1.000000000000000000 ) ) ;
#2539 = EDGE_CURVE ( 'NONE', #2363, #2636, #405, .T. ) ;
#2540 = DIRECTION ( 'NONE',  ( -0.5000000000000002220, 0.8660254037844384856, 0.000000000000000000 ) ) ;
#2541 = ORIENTED_EDGE ( 'NONE', *, *, #1434, .F. ) ;
#2542 = ORIENTED_EDGE ( 'NONE', *, *, #1624, .T. ) ;
#2543 = DIRECTION ( 'NONE',  ( 0.000000000000000000, 0.000000000000000000, -1.000000000000000000 ) ) ;
#2544 = CIRCLE ( 'NONE', #1109, 3.250000000000002665 ) ;
#2545 = CIRCLE ( 'NONE', #1507, 5.999999999999998224 ) ;
#2546 = ORIENTED_EDGE ( 'NONE', *, *, #2112, .F. ) ;
#2547 = CIRCLE ( 'NONE', #1726, 1.599999999999997202 ) ;
#2548 = CARTESIAN_POINT ( 'NONE',  ( 15.12139022534766752, -26.54999999999999005, 10.00000000000000000 ) ) ;
#2549 = VECTOR ( 'NONE', #388, 1000.000000000000000 ) ;
#2550 = CARTESIAN_POINT ( 'NONE',  ( 30.00000000000000000, 12.00000000000000000, 1.650000000000012568 ) ) ;
#2551 =( LENGTH_UNIT ( ) NAMED_UNIT ( * ) SI_UNIT ( .MILLI., .METRE. ) );
#2552 = PLANE ( 'NONE',  #773 ) ;
#2553 = CARTESIAN_POINT ( 'NONE',  ( -15.12139022534766752, 26.54999999999999005, 10.00000000000000000 ) ) ;
#2554 = AXIS2_PLACEMENT_3D ( 'NONE', #1736, #2136, #1761 ) ;
#2555 = DIRECTION ( 'NONE',  ( 0.000000000000000000, 1.000000000000000000, 0.000000000000000000 ) ) ;
#2556 = VECTOR ( 'NONE', #885, 1000.000000000000000 ) ;
#2557 = ORIENTED_EDGE ( 'NONE', *, *, #1975, .T. ) ;
#2558 = VERTEX_POINT ( 'NONE', #1660 ) ;
#2559 = ADVANCED_FACE ( 'NONE', ( #1306 ), #2072, .F. ) ;
#2560 = DIRECTION ( 'NONE',  ( -0.000000000000000000, -0.000000000000000000, -1.000000000000000000 ) ) ;
#2561 = ORIENTED_EDGE ( 'NONE', *, *, #2149, .T. ) ;
#2562 = FACE_OUTER_BOUND ( 'NONE', #1575, .T. ) ;
#2563 = LINE ( 'NONE', #882, #1461 ) ;
#2564 = DIRECTION ( 'NONE',  ( 0.4999999999999998890, 0.8660254037844387076, -0.000000000000000000 ) ) ;
#2565 = DIRECTION ( 'NONE',  ( -0.8660254037844387076, -0.4999999999999998890, 0.000000000000000000 ) ) ;
#2566 = CARTESIAN_POINT ( 'NONE',  ( 30.00000000000000000, -12.00000000000000000, -1.734723475976807883E-15 ) ) ;
#2567 = ADVANCED_FACE ( 'NONE', ( #2481 ), #11, .F. ) ;
#2568 = PRODUCT_CONTEXT ( 'NONE', #872, 'mechanical' ) ;
#2569 = ORIENTED_EDGE ( 'NONE', *, *, #1413, .T. ) ;
#2570 = VERTEX_POINT ( 'NONE', #2324 ) ;
#2571 = ADVANCED_FACE ( 'NONE', ( #841 ), #447, .F. ) ;
#2572 = CARTESIAN_POINT ( 'NONE',  ( -25.45596004384197641, -44.45000000000001705, 0.000000000000000000 ) ) ;
#2573 = LINE ( 'NONE', #726, #2417 ) ;
#2574 = EDGE_LOOP ( 'NONE', ( #839, #880, #1274, #1376 ) ) ;
#2575 = CARTESIAN_POINT ( 'NONE',  ( -28.40000000000000213, -12.00000000000000000, 12.00000000000000000 ) ) ;
#2576 = DIRECTION ( 'NONE',  ( -1.387778780781445429E-16, 1.000000000000000000, 0.000000000000000000 ) ) ;
#2577 = CARTESIAN_POINT ( 'NONE',  ( -29.49999999999998579, -49.00000000000002132, 12.00000000000000000 ) ) ;
#2578 = CARTESIAN_POINT ( 'NONE',  ( 14.54403995615804313, 44.45000000000001705, 0.000000000000000000 ) ) ;
#2579 = CARTESIAN_POINT ( 'NONE',  ( 15.12139022534766930, -43.44999999999999574, 1.100000000000000311 ) ) ;
#2580 = VERTEX_POINT ( 'NONE', #2496 ) ;
#2581 = VERTEX_POINT ( 'NONE', #638 ) ;
#2582 = DIRECTION ( 'NONE',  ( -1.000000000000000000, 0.000000000000000000, 0.000000000000000000 ) ) ;
#2583 = DIRECTION ( 'NONE',  ( -0.000000000000000000, -0.000000000000000000, -1.000000000000000000 ) ) ;
#2584 = AXIS2_PLACEMENT_3D ( 'NONE', #1967, #895, #1721 ) ;
#2585 = ORIENTED_EDGE ( 'NONE', *, *, #1560, .F. ) ;
#2586 = EDGE_CURVE ( 'NONE', #458, #1332, #624, .T. ) ;
#2587 = LINE ( 'NONE', #1312, #722 ) ;
#2588 = AXIS2_PLACEMENT_3D ( 'NONE', #2012, #746, #1570 ) ;
#2589 = CARTESIAN_POINT ( 'NONE',  ( -25.45596004384197286, 25.54999999999999361, 1.100000000000000089 ) ) ;
#2590 = DIRECTION ( 'NONE',  ( 0.7071067811865464625, 8.659560562354920532E-17, -0.7071067811865486830 ) ) ;
#2591 = AXIS2_PLACEMENT_3D ( 'NONE', #1847, #252, #33 ) ;
#2592 = CARTESIAN_POINT ( 'NONE',  ( -30.91192008768393862, -35.00000000000000000, 1.100000000000000089 ) ) ;
#2593 = LINE ( 'NONE', #1968, #725 ) ;
#2594 = VECTOR ( 'NONE', #1316, 1000.000000000000114 ) ;
#2595 = ORIENTED_EDGE ( 'NONE', *, *, #484, .F. ) ;
#2596 = VERTEX_POINT ( 'NONE', #25 ) ;
#2597 = VECTOR ( 'NONE', #358, 1000.000000000000000 ) ;
#2598 = ORIENTED_EDGE ( 'NONE', *, *, #2365, .F. ) ;
#2599 = VECTOR ( 'NONE', #2263, 1000.000000000000000 ) ;
#2600 = DIRECTION ( 'NONE',  ( -0.000000000000000000, -0.000000000000000000, -1.000000000000000000 ) ) ;
#2601 = DIRECTION ( 'NONE',  ( 0.4999999999999998890, -0.8660254037844387076, 0.000000000000000000 ) ) ;
#2602 = EDGE_CURVE ( 'NONE', #1959, #2659, #2113, .T. ) ;
#2603 = EDGE_LOOP ( 'NONE', ( #416, #681, #2457, #173 ) ) ;
#2604 = CARTESIAN_POINT ( 'NONE',  ( 24.87860977465234669, -26.54999999999999005, 1.100000000000000311 ) ) ;
#2605 = EDGE_CURVE ( 'NONE', #1895, #2073, #261, .T. ) ;
#2606 = LINE ( 'NONE', #538, #2597 ) ;
#2607 = DIRECTION ( 'NONE',  ( -0.4999999999999995004, 0.8660254037844389297, 0.000000000000000000 ) ) ;
#2608 = DIRECTION ( 'NONE',  ( 0.000000000000000000, 0.000000000000000000, -1.000000000000000000 ) ) ;
#2609 = ORIENTED_EDGE ( 'NONE', *, *, #13, .T. ) ;
#2610 = ORIENTED_EDGE ( 'NONE', *, *, #451, .F. ) ;
#2611 = DIRECTION ( 'NONE',  ( -1.000000000000000000, 0.000000000000000000, 0.000000000000000000 ) ) ;
#2612 = ORIENTED_EDGE ( 'NONE', *, *, #2216, .T. ) ;
#2613 = EDGE_CURVE ( 'NONE', #742, #1299, #1085, .T. ) ;
#2614 = DIRECTION ( 'NONE',  ( -1.000000000000000000, 0.000000000000000000, 0.000000000000000000 ) ) ;
#2615 = CARTESIAN_POINT ( 'NONE',  ( 9.088079912316073816, 35.00000000000000000, 1.100000000000000089 ) ) ;
#2616 = CARTESIAN_POINT ( 'NONE',  ( -10.24278045069532794, 34.99999999999999289, 1.100000000000000311 ) ) ;
#2617 = FACE_OUTER_BOUND ( 'NONE', #1873, .T. ) ;
#2618 =( GEOMETRIC_REPRESENTATION_CONTEXT ( 3 ) GLOBAL_UNCERTAINTY_ASSIGNED_CONTEXT ( ( #603 ) ) GLOBAL_UNIT_ASSIGNED_CONTEXT ( ( #2361, #719, #2181 ) ) REPRESENTATION_CONTEXT ( 'NONE', 'WORKASPACE' ) );
#2619 = VERTEX_POINT ( 'NONE', #874 ) ;
#2620 = ADVANCED_FACE ( 'NONE', ( #1918 ), #1884, .T. ) ;
#2621 = DIRECTION ( 'NONE',  ( -0.000000000000000000, -0.000000000000000000, -1.000000000000000000 ) ) ;
#2622 = ORIENTED_EDGE ( 'NONE', *, *, #729, .T. ) ;
#2623 = ORIENTED_EDGE ( 'NONE', *, *, #2062, .T. ) ;
#2624 = AXIS2_PLACEMENT_3D ( 'NONE', #512, #715, #702 ) ;
#2625 = CARTESIAN_POINT ( 'NONE',  ( -30.00000000000000000, 12.00000000000000000, -1.734723475976807883E-15 ) ) ;
#2626 = CARTESIAN_POINT ( 'NONE',  ( -29.75721954930468272, -34.99999999999999289, 10.00000000000000000 ) ) ;
#2627 = VECTOR ( 'NONE', #360, 1000.000000000000000 ) ;
#2628 = PLANE ( 'NONE',  #1197 ) ;
#2629 = AXIS2_PLACEMENT_3D ( 'NONE', #1878, #256, #1865 ) ;
#2630 = DIRECTION ( 'NONE',  ( 1.000000000000000000, 0.000000000000000000, 0.000000000000000000 ) ) ;
#2631 = ORIENTED_EDGE ( 'NONE', *, *, #1608, .F. ) ;
#2632 = AXIS2_PLACEMENT_3D ( 'NONE', #400, #2067, #824 ) ;
#2633 = LINE ( 'NONE', #2647, #1992 ) ;
#2634 = EDGE_CURVE ( 'NONE', #1210, #741, #61, .T. ) ;
#2635 = VECTOR ( 'NONE', #1341, 1000.000000000000000 ) ;
#2636 = VERTEX_POINT ( 'NONE', #2096 ) ;
#2637 = AXIS2_PLACEMENT_3D ( 'NONE', #1542, #1313, #690 ) ;
#2638 = ORIENTED_EDGE ( 'NONE', *, *, #464, .F. ) ;
#2639 = CYLINDRICAL_SURFACE ( 'NONE', #634, 1.599999999999997202 ) ;
#2640 = FACE_OUTER_BOUND ( 'NONE', #1168, .T. ) ;
#2641 = DIRECTION ( 'NONE',  ( -1.000000000000000000, 0.000000000000000000, 0.000000000000000000 ) ) ;
#2642 = DIRECTION ( 'NONE',  ( -0.5000000000000001110, -0.8660254037844385966, 0.000000000000000000 ) ) ;
#2643 = DIRECTION ( 'NONE',  ( 0.000000000000000000, -1.000000000000000000, 0.000000000000000000 ) ) ;
#2644 = ORIENTED_EDGE ( 'NONE', *, *, #239, .T. ) ;
#2645 = ORIENTED_EDGE ( 'NONE', *, *, #1696, .T. ) ;
#2646 = ADVANCED_FACE ( 'NONE', ( #432 ), #1261, .F. ) ;
#2647 = CARTESIAN_POINT ( 'NONE',  ( 33.25000000000000000, 12.00000000000000000, -1.734723475976807883E-15 ) ) ;
#2648 = VERTEX_POINT ( 'NONE', #1932 ) ;
#2649 = EDGE_CURVE ( 'NONE', #1005, #996, #655, .T. ) ;
#2650 = ORIENTED_EDGE ( 'NONE', *, *, #1267, .F. ) ;
#2651 = FACE_OUTER_BOUND ( 'NONE', #1869, .T. ) ;
#2652 = EDGE_CURVE ( 'NONE', #1499, #2311, #2085, .T. ) ;
#2653 = FACE_OUTER_BOUND ( 'NONE', #1138, .T. ) ;
#2654 = FACE_OUTER_BOUND ( 'NONE', #1587, .T. ) ;
#2655 = DIRECTION ( 'NONE',  ( -0.000000000000000000, -0.000000000000000000, -1.000000000000000000 ) ) ;
#2656 = EDGE_CURVE ( 'NONE', #1299, #73, #2513, .T. ) ;
#2657 = LINE ( 'NONE', #1627, #1936 ) ;
#2658 = CARTESIAN_POINT ( 'NONE',  ( 30.91192008768393862, 35.00000000000000000, 0.000000000000000000 ) ) ;
#2659 = VERTEX_POINT ( 'NONE', #1098 ) ;
#2660 = CARTESIAN_POINT ( 'NONE',  ( 29.50000000000000711, 49.99999999999999289, 12.00000000000000000 ) ) ;
#2661 = ORIENTED_EDGE ( 'NONE', *, *, #105, .F. ) ;
#2662 = ORIENTED_EDGE ( 'NONE', *, *, #1649, .T. ) ;
#2663 = EDGE_CURVE ( 'NONE', #546, #680, #2339, .T. ) ;
#2664 = ORIENTED_EDGE ( 'NONE', *, *, #323, .T. ) ;
#2665 = LINE ( 'NONE', #2475, #2282 ) ;
#2666 = CARTESIAN_POINT ( 'NONE',  ( -35.50000000000000000, 44.00000000000000000, 11.00000000000000000 ) ) ;
#2667 = DIRECTION ( 'NONE',  ( -0.000000000000000000, -0.000000000000000000, -1.000000000000000000 ) ) ;
#2668 = AXIS2_PLACEMENT_3D ( 'NONE', #2626, #2179, #2398 ) ;
#2669 = DIRECTION ( 'NONE',  ( 1.000000000000000000, 0.000000000000000000, 0.000000000000000000 ) ) ;
#2670 = ORIENTED_EDGE ( 'NONE', *, *, #1032, .T. ) ;
#2671 = CIRCLE ( 'NONE', #2279, 3.250000000000002665 ) ;
#2672 = CARTESIAN_POINT ( 'NONE',  ( 15.12139022534766752, 26.54999999999999005, 10.00000000000000000 ) ) ;
#2673 = ORIENTED_EDGE ( 'NONE', *, *, #1822, .T. ) ;
#2674 = AXIS2_PLACEMENT_3D ( 'NONE', #38, #1238, #1048 ) ;
#2675 = AXIS2_PLACEMENT_3D ( 'NONE', #18, #850, #2050 ) ;
#2676 = CARTESIAN_POINT ( 'NONE',  ( 15.12139022534766752, 26.54999999999999005, 1.100000000000000311 ) ) ;
#2677 = EDGE_CURVE ( 'NONE', #574, #1005, #2528, .T. ) ;
#2678 = VERTEX_POINT ( 'NONE', #311 ) ;
#2679 = CARTESIAN_POINT ( 'NONE',  ( 33.25000000000000000, -12.00000000000000000, -1.734723475976807883E-15 ) ) ;
#2680 = EDGE_CURVE ( 'NONE', #1951, #2321, #530, .T. ) ;
#2681 = FACE_BOUND ( 'NONE', #1795, .T. ) ;
#2682 = DIRECTION ( 'NONE',  ( -1.000000000000000000, 0.000000000000000000, 0.000000000000000000 ) ) ;
#2683 = ORIENTED_EDGE ( 'NONE', *, *, #1388, .T. ) ;
ENDSEC;
END-ISO-10303-21;
