ISO-10303-21;
HEADER;
FILE_DESCRIPTION (( 'STEP AP214' ),
    '1' );
FILE_NAME ('housing.STEP',
    '2026-01-06T14:37:40',
    ( '' ),
    ( '' ),
    'SwSTEP 2.0',
    'SolidWorks 2024',
    '' );
FILE_SCHEMA (( 'AUTOMOTIVE_DESIGN' ));
ENDSEC;

DATA;
#1 = EDGE_CURVE ( 'NONE', #3605, #5535, #5079, .T. ) ;
#2 = CARTESIAN_POINT ( 'NONE',  ( 34.50000000000000000, -13.15000000000009273, 117.1700000000000159 ) ) ;
#3 = FACE_OUTER_BOUND ( 'NONE', #2410, .T. ) ;
#4 = ORIENTED_EDGE ( 'NONE', *, *, #5363, .F. ) ;
#5 = CARTESIAN_POINT ( 'NONE',  ( 32.50000000000000711, -10.79999999999999538, 111.4700000000000131 ) ) ;
#6 = EDGE_CURVE ( 'NONE', #1747, #4390, #3627, .T. ) ;
#7 = CARTESIAN_POINT ( 'NONE',  ( 32.20000000000000284, -19.00000000000000355, 101.7999999999999829 ) ) ;
#8 = ORIENTED_EDGE ( 'NONE', *, *, #3226, .F. ) ;
#9 = ORIENTED_EDGE ( 'NONE', *, *, #4599, .F. ) ;
#10 = DIRECTION ( 'NONE',  ( 0.000000000000000000, 0.000000000000000000, -1.000000000000000000 ) ) ;
#11 = FACE_OUTER_BOUND ( 'NONE', #609, .T. ) ;
#12 = DIRECTION ( 'NONE',  ( 1.000000000000000000, -0.000000000000000000, -0.000000000000000000 ) ) ;
#13 = ORIENTED_EDGE ( 'NONE', *, *, #454, .F. ) ;
#14 = ORIENTED_EDGE ( 'NONE', *, *, #204, .F. ) ;
#15 = EDGE_LOOP ( 'NONE', ( #1893, #4771, #1666, #1857, #1339, #2649, #3816, #4345 ) ) ;
#16 = DIRECTION ( 'NONE',  ( 0.000000000000000000, 0.4999999999999977796, -0.8660254037844400399 ) ) ;
#17 = DIRECTION ( 'NONE',  ( 0.000000000000000000, -1.000000000000000000, -0.000000000000000000 ) ) ;
#18 = EDGE_LOOP ( 'NONE', ( #3092, #4301, #4087, #5181 ) ) ;
#19 = FACE_BOUND ( 'NONE', #3052, .T. ) ;
#20 = ORIENTED_EDGE ( 'NONE', *, *, #4021, .F. ) ;
#21 = AXIS2_PLACEMENT_3D ( 'NONE', #5166, #2609, #851 ) ;
#22 = VERTEX_POINT ( 'NONE', #4422 ) ;
#23 = EDGE_CURVE ( 'NONE', #172, #2786, #3581, .T. ) ;
#24 = DIRECTION ( 'NONE',  ( 0.000000000000000000, 0.000000000000000000, 1.000000000000000000 ) ) ;
#25 = DIRECTION ( 'NONE',  ( -1.000000000000000000, 0.000000000000000000, 0.000000000000000000 ) ) ;
#26 = DIRECTION ( 'NONE',  ( 0.000000000000000000, -0.4999999999999957256, 0.8660254037844411501 ) ) ;
#27 = ADVANCED_FACE ( 'NONE', ( #3635 ), #3219, .T. ) ;
#28 = EDGE_CURVE ( 'NONE', #3873, #5566, #1802, .T. ) ;
#29 = ADVANCED_FACE ( 'NONE', ( #3244 ), #1515, .F. ) ;
#30 = FACE_OUTER_BOUND ( 'NONE', #3963, .T. ) ;
#31 = FACE_OUTER_BOUND ( 'NONE', #1134, .T. ) ;
#32 = VERTEX_POINT ( 'NONE', #5076 ) ;
#33 = CARTESIAN_POINT ( 'NONE',  ( -32.20000000000000284, -19.00000000000000355, 101.7999999999999829 ) ) ;
#34 = CARTESIAN_POINT ( 'NONE',  ( 31.50000000000000711, 15.99999999999999645, 6.000000000000005329 ) ) ;
#35 = VECTOR ( 'NONE', #2604, 1000.000000000000000 ) ;
#36 = ADVANCED_FACE ( 'NONE', ( #1570, #1213, #4964, #348 ), #2805, .F. ) ;
#37 = CARTESIAN_POINT ( 'NONE',  ( 16.99862075525229699, -9.149999999999995026, 117.1700000000000017 ) ) ;
#38 = ORIENTED_EDGE ( 'NONE', *, *, #3476, .T. ) ;
#39 = ORIENTED_EDGE ( 'NONE', *, *, #2625, .F. ) ;
#40 = B_SPLINE_SURFACE_WITH_KNOTS ( 'NONE', 1, 1, ( 
 ( #2459, #4953 ),
 ( #5343, #3703 ) ),
 .UNSPECIFIED., .F., .F., .F.,
 ( 2, 2 ),
 ( 2, 2 ),
 ( 0.000000000000000000, 1.000000000000000000 ),
 ( 0.000000000000000000, 1.000000000000000000 ),
 .UNSPECIFIED. ) ;
#41 = VECTOR ( 'NONE', #1231, 1000.000000000000000 ) ;
#42 = AXIS2_PLACEMENT_3D ( 'NONE', #3840, #4766, #904 ) ;
#43 = ORIENTED_EDGE ( 'NONE', *, *, #4530, .F. ) ;
#44 = DIRECTION ( 'NONE',  ( 0.000000000000000000, 0.7071067811865510144, 0.7071067811865441310 ) ) ;
#45 = CARTESIAN_POINT ( 'NONE',  ( 0.000000000000000000, 30.97723724840129478, 104.2281614635077034 ) ) ;
#46 = ORIENTED_EDGE ( 'NONE', *, *, #3985, .F. ) ;
#47 = CARTESIAN_POINT ( 'NONE',  ( 25.50000000000000355, 15.99999999999999645, 125.0000000000000000 ) ) ;
#48 = ORIENTED_EDGE ( 'NONE', *, *, #4230, .F. ) ;
#49 = CIRCLE ( 'NONE', #1925, 1.799999999999960520 ) ;
#50 = AXIS2_PLACEMENT_3D ( 'NONE', #398, #1294, #5528 ) ;
#51 = LINE ( 'NONE', #2099, #505 ) ;
#52 = AXIS2_PLACEMENT_3D ( 'NONE', #3860, #870, #1341 ) ;
#53 = CARTESIAN_POINT ( 'NONE',  ( -3.999999999999996447, -15.99999999999999289, 108.8000000000000114 ) ) ;
#54 = LINE ( 'NONE', #4700, #4977 ) ;
#55 = ADVANCED_FACE ( 'NONE', ( #2926 ), #2503, .F. ) ;
#56 = CONICAL_SURFACE ( 'NONE', #592, 1.299999999999994493, 0.7853981633974407295 ) ;
#57 = CARTESIAN_POINT ( 'NONE',  ( -3.999999999999994671, -15.99999999999999289, 127.9999999999999432 ) ) ;
#58 = ORIENTED_EDGE ( 'NONE', *, *, #1907, .F. ) ;
#59 = DIRECTION ( 'NONE',  ( 0.000000000000000000, 0.7071067811865510144, 0.7071067811865441310 ) ) ;
#60 = CONICAL_SURFACE ( 'NONE', #3204, 1.300000000000001599, 0.7853981633974423948 ) ;
#61 = VECTOR ( 'NONE', #1560, 999.9999999999998863 ) ;
#62 = VERTEX_POINT ( 'NONE', #1542 ) ;
#63 = EDGE_CURVE ( 'NONE', #5500, #1541, #4119, .T. ) ;
#64 = LINE ( 'NONE', #33, #4812 ) ;
#65 = EDGE_CURVE ( 'NONE', #3143, #634, #1653, .T. ) ;
#66 = CARTESIAN_POINT ( 'NONE',  ( -26.50000000000000355, 15.99999999999999645, 129.0000000000000000 ) ) ;
#67 = AXIS2_PLACEMENT_3D ( 'NONE', #5125, #5062, #1257 ) ;
#68 = VECTOR ( 'NONE', #4667, 1000.000000000000114 ) ;
#69 =( BOUNDED_CURVE ( )  B_SPLINE_CURVE ( 3, ( #1673, #4319, #4776, #446 ),
 .UNSPECIFIED., .F., .F. ) 
 B_SPLINE_CURVE_WITH_KNOTS ( ( 4, 4 ),
 ( 0.000000000000000000, 3.141592653589793116 ),
 .UNSPECIFIED. ) 
 CURVE ( )  GEOMETRIC_REPRESENTATION_ITEM ( )  RATIONAL_B_SPLINE_CURVE ( ( 1.000000000000000000, 0.3333333333333333703, 0.3333333333333333703, 1.000000000000000000 ) ) 
 REPRESENTATION_ITEM ( '' )  );
#70 = LINE ( 'NONE', #2085, #957 ) ;
#71 = ORIENTED_EDGE ( 'NONE', *, *, #5437, .F. ) ;
#72 = VECTOR ( 'NONE', #555, 1000.000000000000000 ) ;
#73 = EDGE_CURVE ( 'NONE', #1501, #634, #5047, .T. ) ;
#74 = VECTOR ( 'NONE', #2896, 1000.000000000000000 ) ;
#75 = ORIENTED_EDGE ( 'NONE', *, *, #1685, .T. ) ;
#76 = ORIENTED_EDGE ( 'NONE', *, *, #784, .F. ) ;
#77 = CARTESIAN_POINT ( 'NONE',  ( -8.499999999999992895, -4.200000000000028599, 123.7999999999999972 ) ) ;
#78 = LINE ( 'NONE', #4298, #5360 ) ;
#79 = VERTEX_POINT ( 'NONE', #3751 ) ;
#80 = EDGE_CURVE ( 'NONE', #4783, #5124, #2027, .T. ) ;
#81 = LINE ( 'NONE', #4267, #2124 ) ;
#82 = VERTEX_POINT ( 'NONE', #1627 ) ;
#83 = ORIENTED_EDGE ( 'NONE', *, *, #4994, .F. ) ;
#84 = ORIENTED_EDGE ( 'NONE', *, *, #861, .T. ) ;
#85 = CARTESIAN_POINT ( 'NONE',  ( -17.00000000000000000, 18.99999999999999645, 91.12960387154670627 ) ) ;
#86 = DIRECTION ( 'NONE',  ( 0.000000000000000000, 0.000000000000000000, 1.000000000000000000 ) ) ;
#87 = DIRECTION ( 'NONE',  ( -0.000000000000000000, -0.4999999999999998890, 0.8660254037844385966 ) ) ;
#88 = CARTESIAN_POINT ( 'NONE',  ( -16.00000000000000000, 19.99999999999999645, 126.0000000000000000 ) ) ;
#89 = CARTESIAN_POINT ( 'NONE',  ( 13.00000000000000178, 33.56698729810768356, 107.5634665205267453 ) ) ;
#90 = ORIENTED_EDGE ( 'NONE', *, *, #197, .F. ) ;
#91 = CARTESIAN_POINT ( 'NONE',  ( -29.19999999999999929, 91.11955937175993370, 98.79999999999998295 ) ) ;
#92 = DIRECTION ( 'NONE',  ( -1.000000000000000000, -0.000000000000000000, -0.000000000000000000 ) ) ;
#93 = LINE ( 'NONE', #966, #4646 ) ;
#94 = VERTEX_POINT ( 'NONE', #4144 ) ;
#95 = ORIENTED_EDGE ( 'NONE', *, *, #1602, .F. ) ;
#96 = VERTEX_POINT ( 'NONE', #262 ) ;
#97 = LINE ( 'NONE', #1803, #2100 ) ;
#98 = ADVANCED_FACE ( 'NONE', ( #4657 ), #1972, .F. ) ;
#99 = CARTESIAN_POINT ( 'NONE',  ( -13.00000000000000178, 15.99999999999999645, 98.92227237500669901 ) ) ;
#100 = DIRECTION ( 'NONE',  ( -0.000000000000000000, -1.000000000000000000, -0.000000000000000000 ) ) ;
#101 = EDGE_LOOP ( 'NONE', ( #1306, #5491 ) ) ;
#102 = LINE ( 'NONE', #2176, #3487 ) ;
#103 = ORIENTED_EDGE ( 'NONE', *, *, #2947, .F. ) ;
#104 = EDGE_CURVE ( 'NONE', #3872, #5500, #3268, .T. ) ;
#105 = DIRECTION ( 'NONE',  ( 0.000000000000000000, -0.4999999999999947264, 0.8660254037844417052 ) ) ;
#106 = DIRECTION ( 'NONE',  ( 0.000000000000000000, 0.000000000000000000, 1.000000000000000000 ) ) ;
#107 = CARTESIAN_POINT ( 'NONE',  ( 16.99862075525229699, -9.149999999999995026, 111.4700000000000131 ) ) ;
#108 = FACE_OUTER_BOUND ( 'NONE', #3297, .T. ) ;
#109 = LINE ( 'NONE', #2660, #305 ) ;
#110 = LINE ( 'NONE', #1818, #2651 ) ;
#111 = ORIENTED_EDGE ( 'NONE', *, *, #1430, .T. ) ;
#112 = LINE ( 'NONE', #4362, #408 ) ;
#113 = CARTESIAN_POINT ( 'NONE',  ( -14.83023902200767807, 34.95358983848606726, 105.3618004706871289 ) ) ;
#114 = CARTESIAN_POINT ( 'NONE',  ( -34.10000000000000853, -17.83431457505076168, 0.000000000000000000 ) ) ;
#115 = ORIENTED_EDGE ( 'NONE', *, *, #23, .F. ) ;
#116 = EDGE_LOOP ( 'NONE', ( #2502, #1665, #1788, #3867 ) ) ;
#117 = CIRCLE ( 'NONE', #4713, 3.500000000000003109 ) ;
#118 = CYLINDRICAL_SURFACE ( 'NONE', #579, 1.300000000000002487 ) ;
#119 = EDGE_CURVE ( 'NONE', #744, #1242, #3355, .T. ) ;
#120 = CIRCLE ( 'NONE', #5251, 0.7000000000000061728 ) ;
#121 = DIRECTION ( 'NONE',  ( 0.000000000000000000, 1.000000000000000000, 0.000000000000000000 ) ) ;
#122 = LINE ( 'NONE', #4040, #1582 ) ;
#123 = ORIENTED_EDGE ( 'NONE', *, *, #2260, .T. ) ;
#124 = DIRECTION ( 'NONE',  ( 0.7559289460184536180, -0.3273268353539855458, 0.5669467095138438495 ) ) ;
#125 = ORIENTED_EDGE ( 'NONE', *, *, #3226, .T. ) ;
#126 = EDGE_CURVE ( 'NONE', #2619, #4156, #2838, .T. ) ;
#127 = EDGE_CURVE ( 'NONE', #4135, #3976, #3665, .T. ) ;
#128 = CIRCLE ( 'NONE', #4622, 1.300000000000002487 ) ;
#129 = EDGE_CURVE ( 'NONE', #4984, #525, #2442, .T. ) ;
#130 = DIRECTION ( 'NONE',  ( 0.7071067811865543451, 8.659560562355015442E-17, -0.7071067811865408004 ) ) ;
#131 = LINE ( 'NONE', #1502, #1233 ) ;
#132 = AXIS2_PLACEMENT_3D ( 'NONE', #4477, #3994, #3542 ) ;
#133 = FACE_OUTER_BOUND ( 'NONE', #4210, .T. ) ;
#134 = EDGE_CURVE ( 'NONE', #2843, #4408, #5022, .T. ) ;
#135 = DIRECTION ( 'NONE',  ( 0.7071067811865475727, 0.7071067811865475727, -0.000000000000000000 ) ) ;
#136 = AXIS2_PLACEMENT_3D ( 'NONE', #3694, #2006, #1085 ) ;
#137 = CARTESIAN_POINT ( 'NONE',  ( -34.50000000000000000, -18.00000000000000355, 0.4000000000000000222 ) ) ;
#138 = LINE ( 'NONE', #2377, #3390 ) ;
#139 = ORIENTED_EDGE ( 'NONE', *, *, #3734, .F. ) ;
#140 = AXIS2_PLACEMENT_3D ( 'NONE', #2615, #2090, #2173 ) ;
#141 = CARTESIAN_POINT ( 'NONE',  ( -25.50000000000000355, 17.34999999999998366, 125.0000000000000000 ) ) ;
#142 = PLANE ( 'NONE',  #3695 ) ;
#143 = VECTOR ( 'NONE', #521, 1000.000000000000000 ) ;
#144 = CIRCLE ( 'NONE', #5002, 3.250000000000002665 ) ;
#145 = FACE_OUTER_BOUND ( 'NONE', #2441, .T. ) ;
#146 = ORIENTED_EDGE ( 'NONE', *, *, #3877, .F. ) ;
#147 = VERTEX_POINT ( 'NONE', #4591 ) ;
#148 = DIRECTION ( 'NONE',  ( -7.243104283828005836E-17, -0.000000000000000000, 1.000000000000000000 ) ) ;
#149 = AXIS2_PLACEMENT_3D ( 'NONE', #4250, #559, #3385 ) ;
#150 = PLANE ( 'NONE',  #4981 ) ;
#151 = AXIS2_PLACEMENT_3D ( 'NONE', #806, #3696, #5033 ) ;
#153 = CARTESIAN_POINT ( 'NONE',  ( 16.00000000000000000, 23.61547005383771847, 125.0000000000000000 ) ) ;
#152 =( GEOMETRIC_REPRESENTATION_CONTEXT ( 3 ) GLOBAL_UNCERTAINTY_ASSIGNED_CONTEXT ( ( #4161 ) ) GLOBAL_UNIT_ASSIGNED_CONTEXT ( ( #3361, #1519, #3248 ) ) REPRESENTATION_CONTEXT ( 'NONE', 'WORKASPACE' ) );
#154 = CIRCLE ( 'NONE', #1322, 1.299999999999999156 ) ;
#155 = DIRECTION ( 'NONE',  ( -0.000000000000000000, -1.000000000000000000, -0.000000000000000000 ) ) ;
#156 = ORIENTED_EDGE ( 'NONE', *, *, #3294, .F. ) ;
#157 = DIRECTION ( 'NONE',  ( 0.000000000000000000, 0.000000000000000000, -1.000000000000000000 ) ) ;
#158 = EDGE_LOOP ( 'NONE', ( #1197, #4414, #3484, #2222, #650, #4482, #4946, #1150 ) ) ;
#159 = ORIENTED_EDGE ( 'NONE', *, *, #3030, .T. ) ;
#160 = CARTESIAN_POINT ( 'NONE',  ( 10.14186145275746576, 33.42944763917979145, 108.8016921978457674 ) ) ;
#161 = ADVANCED_FACE ( 'NONE', ( #733 ), #4170, .F. ) ;
#162 = DIRECTION ( 'NONE',  ( 9.637352644315585382E-17, -0.000000000000000000, -1.000000000000000000 ) ) ;
#163 = DIRECTION ( 'NONE',  ( -0.000000000000000000, -0.7071067811865476838, 0.7071067811865474617 ) ) ;
#164 = CARTESIAN_POINT ( 'NONE',  ( -33.50000000000000000, -19.00000000000000355, 129.0000000000000000 ) ) ;
#165 = DIRECTION ( 'NONE',  ( 0.000000000000000000, -0.7071067811865485719, -0.7071067811865465735 ) ) ;
#166 = EDGE_CURVE ( 'NONE', #2871, #903, #4311, .T. ) ;
#167 = CARTESIAN_POINT ( 'NONE',  ( -2.500000000000001332, 33.23997894819829213, 108.6122235068642539 ) ) ;
#168 = ORIENTED_EDGE ( 'NONE', *, *, #3784, .T. ) ;
#169 = CARTESIAN_POINT ( 'NONE',  ( -13.00000000000000178, 24.99999999999998224, 123.4019237886466698 ) ) ;
#170 = FACE_OUTER_BOUND ( 'NONE', #1676, .T. ) ;
#171 = EDGE_CURVE ( 'NONE', #4131, #5561, #3892, .T. ) ;
#172 = VERTEX_POINT ( 'NONE', #2558 ) ;
#173 = FACE_OUTER_BOUND ( 'NONE', #462, .T. ) ;
#174 = EDGE_LOOP ( 'NONE', ( #1048, #4168, #5119, #4784 ) ) ;
#175 = VERTEX_POINT ( 'NONE', #2112 ) ;
#176 = DIRECTION ( 'NONE',  ( 0.000000000000000000, 0.8660254037844498098, 0.4999999999999810152 ) ) ;
#177 = DIRECTION ( 'NONE',  ( 0.7071067811865474617, -0.7071067811865474617, -0.000000000000000000 ) ) ;
#178 = CARTESIAN_POINT ( 'NONE',  ( 13.00000000000000178, 15.99999999999999645, 116.7046606660471184 ) ) ;
#179 = DIRECTION ( 'NONE',  ( 0.000000000000000000, -1.000000000000000000, 0.000000000000000000 ) ) ;
#180 = ORIENTED_EDGE ( 'NONE', *, *, #656, .T. ) ;
#181 = LINE ( 'NONE', #2761, #339 ) ;
#182 = ORIENTED_EDGE ( 'NONE', *, *, #1333, .F. ) ;
#183 = ORIENTED_EDGE ( 'NONE', *, *, #883, .F. ) ;
#184 = DIRECTION ( 'NONE',  ( 0.7071067811865524577, 0.7071067811865426878, 0.000000000000000000 ) ) ;
#185 = ORIENTED_EDGE ( 'NONE', *, *, #2789, .T. ) ;
#186 = CARTESIAN_POINT ( 'NONE',  ( 32.20000000000000284, -17.20000000000000284, 6.000000000000002665 ) ) ;
#187 = CARTESIAN_POINT ( 'NONE',  ( -30.00000000000000000, -12.00000000000000000, 6.000000000000000000 ) ) ;
#188 = FACE_OUTER_BOUND ( 'NONE', #3786, .T. ) ;
#189 = ADVANCED_FACE ( 'NONE', ( #4283 ), #5142, .F. ) ;
#190 = CARTESIAN_POINT ( 'NONE',  ( 34.10000000000000142, -17.83431457505074746, 0.4000000000000000222 ) ) ;
#191 = CARTESIAN_POINT ( 'NONE',  ( -34.50000000000000000, 17.99999999999999645, 129.0000000000000000 ) ) ;
#192 = LINE ( 'NONE', #91, #1743 ) ;
#193 = CONICAL_SURFACE ( 'NONE', #3345, 3.250000000000002665, 0.7853981633974461696 ) ;
#194 = EDGE_CURVE ( 'NONE', #766, #3421, #463, .T. ) ;
#195 = EDGE_CURVE ( 'NONE', #4156, #3022, #5219, .T. ) ;
#196 = CARTESIAN_POINT ( 'NONE',  ( -32.20000000000000284, -17.20000000000000284, 101.7999999999999829 ) ) ;
#197 = EDGE_CURVE ( 'NONE', #4855, #2042, #64, .T. ) ;
#198 = VERTEX_POINT ( 'NONE', #1661 ) ;
#199 = APPLICATION_CONTEXT ( 'automotive_design' ) ;
#200 = CARTESIAN_POINT ( 'NONE',  ( 28.69999999999999929, 12.00000000000000000, 0.4999999999999744094 ) ) ;
#201 = EDGE_LOOP ( 'NONE', ( #2617, #4360, #5227, #5309 ) ) ;
#202 = ORIENTED_EDGE ( 'NONE', *, *, #2560, .T. ) ;
#203 = ORIENTED_EDGE ( 'NONE', *, *, #4085, .T. ) ;
#204 = EDGE_CURVE ( 'NONE', #4561, #292, #487, .T. ) ;
#205 = DIRECTION ( 'NONE',  ( 0.000000000000000000, -0.7071067811865497932, -0.7071067811865452413 ) ) ;
#206 = CARTESIAN_POINT ( 'NONE',  ( 13.00000000000000178, 15.99999999999999645, 95.92005097522067558 ) ) ;
#207 = ORIENTED_EDGE ( 'NONE', *, *, #4755, .F. ) ;
#208 = CARTESIAN_POINT ( 'NONE',  ( 33.33431457505074746, -18.60000000000000142, 0.000000000000000000 ) ) ;
#209 = VERTEX_POINT ( 'NONE', #4793 ) ;
#210 = VECTOR ( 'NONE', #2430, 1000.000000000000000 ) ;
#211 = LINE ( 'NONE', #4017, #3381 ) ;
#212 = ORIENTED_EDGE ( 'NONE', *, *, #246, .F. ) ;
#213 = DIRECTION ( 'NONE',  ( 0.000000000000000000, -1.000000000000000000, 6.050715484207101568E-15 ) ) ;
#214 = CARTESIAN_POINT ( 'NONE',  ( 25.50000000000000355, -19.00000000000000711, 128.2500000000000000 ) ) ;
#215 = CARTESIAN_POINT ( 'NONE',  ( 32.50000000000000711, -9.149999999999995026, 111.4700000000000131 ) ) ;
#216 = VECTOR ( 'NONE', #5529, 999.9999999999998863 ) ;
#217 = DIRECTION ( 'NONE',  ( -0.000000000000000000, 0.7071067811865464625, -0.7071067811865485719 ) ) ;
#218 = DIRECTION ( 'NONE',  ( 0.000000000000000000, 0.000000000000000000, -1.000000000000000000 ) ) ;
#219 = EDGE_CURVE ( 'NONE', #4451, #3335, #313, .T. ) ;
#220 = LINE ( 'NONE', #255, #4816 ) ;
#221 = DIRECTION ( 'NONE',  ( -0.000000000000000000, -1.000000000000000000, -0.000000000000000000 ) ) ;
#222 = AXIS2_PLACEMENT_3D ( 'NONE', #3594, #3652, #5381 ) ;
#223 = VECTOR ( 'NONE', #1561, 1000.000000000000000 ) ;
#224 = ORIENTED_EDGE ( 'NONE', *, *, #3566, .T. ) ;
#225 = ORIENTED_EDGE ( 'NONE', *, *, #3706, .F. ) ;
#226 = AXIS2_PLACEMENT_3D ( 'NONE', #2546, #456, #3083 ) ;
#227 = LINE ( 'NONE', #1942, #5367 ) ;
#228 = ADVANCED_FACE ( 'NONE', ( #4229 ), #823, .T. ) ;
#229 = ORIENTED_EDGE ( 'NONE', *, *, #1189, .T. ) ;
#230 = ORIENTED_EDGE ( 'NONE', *, *, #4748, .F. ) ;
#231 = DIRECTION ( 'NONE',  ( -1.000000000000000000, 0.000000000000000000, 0.000000000000000000 ) ) ;
#232 = CARTESIAN_POINT ( 'NONE',  ( 30.00000000000000000, 12.00000000000000000, 0.4999999999999744094 ) ) ;
#233 = AXIS2_PLACEMENT_3D ( 'NONE', #606, #5282, #575 ) ;
#234 = AXIS2_PLACEMENT_3D ( 'NONE', #2861, #1152, #4201 ) ;
#235 = EDGE_CURVE ( 'NONE', #3839, #1323, #4740, .T. ) ;
#236 = CARTESIAN_POINT ( 'NONE',  ( -5.000000000000000000, 29.13875961731633168, 104.5110041759823076 ) ) ;
#237 = ORIENTED_EDGE ( 'NONE', *, *, #1777, .T. ) ;
#238 = VECTOR ( 'NONE', #5559, 1000.000000000000000 ) ;
#239 = AXIS2_PLACEMENT_3D ( 'NONE', #3995, #3653, #590 ) ;
#240 = LINE ( 'NONE', #3108, #2484 ) ;
#241 = ORIENTED_EDGE ( 'NONE', *, *, #1521, .F. ) ;
#242 = AXIS2_PLACEMENT_3D ( 'NONE', #107, #1716, #1689 ) ;
#243 = VECTOR ( 'NONE', #1961, 1000.000000000000000 ) ;
#244 = ORIENTED_EDGE ( 'NONE', *, *, #1907, .T. ) ;
#245 = DIRECTION ( 'NONE',  ( 0.000000000000000000, 0.8660254037844409281, 0.4999999999999961697 ) ) ;
#246 = EDGE_CURVE ( 'NONE', #22, #4534, #3046, .T. ) ;
#247 = ORIENTED_EDGE ( 'NONE', *, *, #65, .T. ) ;
#248 = DIRECTION ( 'NONE',  ( 0.000000000000000000, 1.000000000000000000, 0.000000000000000000 ) ) ;
#249 = CARTESIAN_POINT ( 'NONE',  ( 33.50000000000002842, 18.99999999999999645, 129.0000000000000000 ) ) ;
#250 = CIRCLE ( 'NONE', #1684, 1.300000000000002487 ) ;
#251 = AXIS2_PLACEMENT_3D ( 'NONE', #1544, #2478, #4209 ) ;
#252 = SURFACE_STYLE_FILL_AREA ( #3284 ) ;
#253 = CARTESIAN_POINT ( 'NONE',  ( -9.000000000000001776, 29.35089165167226710, 103.3089226479651472 ) ) ;
#254 = FACE_OUTER_BOUND ( 'NONE', #909, .T. ) ;
#255 = CARTESIAN_POINT ( 'NONE',  ( 32.20000000000000284, -17.20000000000000284, 101.7999999999999829 ) ) ;
#256 = DIRECTION ( 'NONE',  ( 0.000000000000000000, 1.000000000000000000, -0.000000000000000000 ) ) ;
#257 = VERTEX_POINT ( 'NONE', #2530 ) ;
#258 = LINE ( 'NONE', #5355, #2029 ) ;
#259 = EDGE_CURVE ( 'NONE', #1279, #1960, #5562, .T. ) ;
#260 = ORIENTED_EDGE ( 'NONE', *, *, #3593, .F. ) ;
#261 = ORIENTED_EDGE ( 'NONE', *, *, #4685, .F. ) ;
#262 = CARTESIAN_POINT ( 'NONE',  ( -8.499999999999992895, -4.200000000000028599, 125.2000000000000028 ) ) ;
#263 = CARTESIAN_POINT ( 'NONE',  ( -8.499999999999992895, -4.200000000000028599, 104.2999999999999972 ) ) ;
#264 = CARTESIAN_POINT ( 'NONE',  ( -2.500000000000001332, 33.94708572938483826, 107.9051167256777148 ) ) ;
#265 = ORIENTED_EDGE ( 'NONE', *, *, #3005, .F. ) ;
#266 = VERTEX_POINT ( 'NONE', #4333 ) ;
#267 = EDGE_CURVE ( 'NONE', #79, #760, #3096, .T. ) ;
#268 = ADVANCED_FACE ( 'NONE', ( #1773 ), #4905, .F. ) ;
#269 = ORIENTED_EDGE ( 'NONE', *, *, #1272, .F. ) ;
#270 = CARTESIAN_POINT ( 'NONE',  ( 33.99999999999990052, -9.149999999999995026, 111.4700000000000131 ) ) ;
#271 = LINE ( 'NONE', #1225, #1404 ) ;
#272 = LINE ( 'NONE', #5514, #923 ) ;
#273 = CARTESIAN_POINT ( 'NONE',  ( -8.499999999999992895, -15.99999999999999289, 123.7999999999999972 ) ) ;
#274 = ORIENTED_EDGE ( 'NONE', *, *, #614, .F. ) ;
#275 = LINE ( 'NONE', #4187, #2900 ) ;
#276 = EDGE_CURVE ( 'NONE', #5557, #1550, #437, .T. ) ;
#277 = DIRECTION ( 'NONE',  ( 0.7071067811865474617, 0.7071067811865474617, -0.000000000000000000 ) ) ;
#278 = DIRECTION ( 'NONE',  ( -0.000000000000000000, -0.000000000000000000, -1.000000000000000000 ) ) ;
#279 = DIRECTION ( 'NONE',  ( 0.000000000000000000, 0.000000000000000000, -1.000000000000000000 ) ) ;
#280 = CARTESIAN_POINT ( 'NONE',  ( -13.00000000000000178, 33.99999999999987921, 107.8134665205267169 ) ) ;
#281 = ORIENTED_EDGE ( 'NONE', *, *, #4128, .F. ) ;
#282 = LINE ( 'NONE', #2701, #421 ) ;
#283 = FACE_OUTER_BOUND ( 'NONE', #3778, .T. ) ;
#284 = CIRCLE ( 'NONE', #1808, 1.799999999999912337 ) ;
#285 = ORIENTED_EDGE ( 'NONE', *, *, #1866, .T. ) ;
#286 = ORIENTED_EDGE ( 'NONE', *, *, #2422, .F. ) ;
#287 = DIRECTION ( 'NONE',  ( -0.000000000000000000, -1.521687259628782698E-16, -1.000000000000000000 ) ) ;
#288 = PLANE ( 'NONE',  #4082 ) ;
#289 = CARTESIAN_POINT ( 'NONE',  ( 16.00000000000000000, 71.83819027690550740, 41.47579849446650258 ) ) ;
#290 = ORIENTED_EDGE ( 'NONE', *, *, #471, .F. ) ;
#291 = DIRECTION ( 'NONE',  ( -0.000000000000000000, 0.000000000000000000, -1.000000000000000000 ) ) ;
#292 = VERTEX_POINT ( 'NONE', #1248 ) ;
#293 = EDGE_CURVE ( 'NONE', #5111, #5224, #4448, .T. ) ;
#294 = ORIENTED_EDGE ( 'NONE', *, *, #73, .F. ) ;
#295 = DIRECTION ( 'NONE',  ( 0.000000000000000000, -0.7071067811865464625, 0.7071067811865486830 ) ) ;
#296 = CARTESIAN_POINT ( 'NONE',  ( 33.99999999999990052, -9.149999999999995026, 111.4700000000000131 ) ) ;
#297 = EDGE_CURVE ( 'NONE', #1937, #629, #2584, .T. ) ;
#298 = CARTESIAN_POINT ( 'NONE',  ( -3.999999999999996447, -3.699999999999993072, 100.7999999999999829 ) ) ;
#299 = EDGE_CURVE ( 'NONE', #1840, #1705, #1926, .T. ) ;
#300 = FACE_BOUND ( 'NONE', #2509, .T. ) ;
#301 = ORIENTED_EDGE ( 'NONE', *, *, #4876, .F. ) ;
#302 = EDGE_CURVE ( 'NONE', #2081, #3141, #623, .T. ) ;
#303 = CARTESIAN_POINT ( 'NONE',  ( 9.000000000000001776, 18.99999999999999645, 123.0000000000000000 ) ) ;
#304 = AXIS2_PLACEMENT_3D ( 'NONE', #1240, #2953, #4675 ) ;
#305 = VECTOR ( 'NONE', #1366, 1000.000000000000000 ) ;
#306 = DIRECTION ( 'NONE',  ( 0.000000000000000000, 0.000000000000000000, 1.000000000000000000 ) ) ;
#307 = VECTOR ( 'NONE', #1870, 1000.000000000000114 ) ;
#308 = CARTESIAN_POINT ( 'NONE',  ( -25.50000000000000355, 17.34999999999998366, 123.4000000000000057 ) ) ;
#309 = EDGE_CURVE ( 'NONE', #1550, #1960, #1400, .T. ) ;
#310 = DIRECTION ( 'NONE',  ( 0.000000000000000000, 0.000000000000000000, -1.000000000000000000 ) ) ;
#311 = DIRECTION ( 'NONE',  ( -0.000000000000000000, 1.000000000000000000, -0.000000000000000000 ) ) ;
#312 = VECTOR ( 'NONE', #4974, 1000.000000000000000 ) ;
#313 = CIRCLE ( 'NONE', #42, 1.799999999999960520 ) ;
#314 = ORIENTED_EDGE ( 'NONE', *, *, #4199, .T. ) ;
#315 = LINE ( 'NONE', #728, #4825 ) ;
#316 = CARTESIAN_POINT ( 'NONE',  ( 31.29999999999999361, -12.00000000000000000, 0.4999999999999744094 ) ) ;
#317 = EDGE_LOOP ( 'NONE', ( #3838, #5312, #1956, #4080 ) ) ;
#318 = AXIS2_PLACEMENT_3D ( 'NONE', #1234, #1558, #785 ) ;
#319 = VECTOR ( 'NONE', #1042, 1000.000000000000000 ) ;
#320 = ORIENTED_EDGE ( 'NONE', *, *, #2654, .F. ) ;
#321 = DIRECTION ( 'NONE',  ( -0.000000000000000000, 1.000000000000000000, -0.000000000000000000 ) ) ;
#322 = PLANE ( 'NONE',  #5531 ) ;
#323 = VECTOR ( 'NONE', #581, 1000.000000000000000 ) ;
#324 = CARTESIAN_POINT ( 'NONE',  ( -8.499999999999992895, -4.200000000000028599, 103.5999999999999943 ) ) ;
#325 = VERTEX_POINT ( 'NONE', #565 ) ;
#326 = ORIENTED_EDGE ( 'NONE', *, *, #3662, .F. ) ;
#327 = VECTOR ( 'NONE', #1437, 1000.000000000000114 ) ;
#328 = ORIENTED_EDGE ( 'NONE', *, *, #5300, .F. ) ;
#330 = CARTESIAN_POINT ( 'NONE',  ( 33.33431457505077589, 18.59999999999998366, 0.000000000000000000 ) ) ;
#329 = AXIS2_PLACEMENT_3D ( 'NONE', #3630, #1406, #1348 ) ;
#331 = VECTOR ( 'NONE', #4330, 1000.000000000000114 ) ;
#332 = CARTESIAN_POINT ( 'NONE',  ( -25.50000000000000355, 35.49999999999985789, 126.5999999999999943 ) ) ;
#333 = CARTESIAN_POINT ( 'NONE',  ( 31.50000000000000711, -9.149999999999995026, 111.4700000000000131 ) ) ;
#334 = DIRECTION ( 'NONE',  ( 0.000000000000000000, 0.000000000000000000, -1.000000000000000000 ) ) ;
#335 = ORIENTED_EDGE ( 'NONE', *, *, #3573, .F. ) ;
#336 = FACE_OUTER_BOUND ( 'NONE', #2991, .T. ) ;
#337 = CIRCLE ( 'NONE', #4109, 1.299999999999999156 ) ;
#338 = DIRECTION ( 'NONE',  ( -1.000000000000000000, -0.000000000000000000, -0.000000000000000000 ) ) ;
#339 = VECTOR ( 'NONE', #975, 1000.000000000000114 ) ;
#340 = AXIS2_PLACEMENT_3D ( 'NONE', #3689, #3246, #2870 ) ;
#341 = CARTESIAN_POINT ( 'NONE',  ( -14.83023902200767807, 34.95358983848606726, 105.3618004706871289 ) ) ;
#342 = CARTESIAN_POINT ( 'NONE',  ( 34.10000000000000142, -17.83431457505074746, 0.000000000000000000 ) ) ;
#343 = ADVANCED_FACE ( 'NONE', ( #2632 ), #1877, .F. ) ;
#344 = ORIENTED_EDGE ( 'NONE', *, *, #2185, .T. ) ;
#345 = CARTESIAN_POINT ( 'NONE',  ( -25.50000000000000355, 35.49999999999985789, 125.0000000000000000 ) ) ;
#346 = DIRECTION ( 'NONE',  ( 1.000000000000000000, 0.000000000000000000, 0.000000000000000000 ) ) ;
#347 = ORIENTED_EDGE ( 'NONE', *, *, #1842, .F. ) ;
#348 = FACE_OUTER_BOUND ( 'NONE', #5321, .T. ) ;
#349 = CARTESIAN_POINT ( 'NONE',  ( -11.99999999999999289, -3.699999999999993072, 120.0000000000000000 ) ) ;
#350 = EDGE_CURVE ( 'NONE', #4773, #4984, #2196, .T. ) ;
#351 = LINE ( 'NONE', #4124, #790 ) ;
#352 = ORIENTED_EDGE ( 'NONE', *, *, #3062, .T. ) ;
#353 = LINE ( 'NONE', #3758, #2219 ) ;
#354 = ORIENTED_EDGE ( 'NONE', *, *, #166, .F. ) ;
#355 = VERTEX_POINT ( 'NONE', #5298 ) ;
#356 = DIRECTION ( 'NONE',  ( -0.7071067811865474617, -0.000000000000000000, -0.7071067811865474617 ) ) ;
#357 = CARTESIAN_POINT ( 'NONE',  ( -2.499999999999993783, 33.94708572938483826, 107.9051167256777148 ) ) ;
#358 = CARTESIAN_POINT ( 'NONE',  ( -9.000000000000001776, 18.99999999999999645, 92.95803099629280553 ) ) ;
#359 = CARTESIAN_POINT ( 'NONE',  ( 33.33431457505074746, -18.60000000000000142, 0.4000000000000000222 ) ) ;
#360 = ORIENTED_EDGE ( 'NONE', *, *, #2560, .F. ) ;
#361 = DIRECTION ( 'NONE',  ( -0.000000000000000000, -0.000000000000000000, 1.000000000000000000 ) ) ;
#362 = CARTESIAN_POINT ( 'NONE',  ( -31.49999999999999289, 15.99999999999999645, 129.0000000000000000 ) ) ;
#363 = LINE ( 'NONE', #4612, #3205 ) ;
#364 = LINE ( 'NONE', #875, #2545 ) ;
#365 = EDGE_CURVE ( 'NONE', #4071, #175, #2372, .T. ) ;
#366 = CARTESIAN_POINT ( 'NONE',  ( -15.00000000000000355, 18.99999999999999645, 88.30117674680055018 ) ) ;
#367 = DIRECTION ( 'NONE',  ( 0.000000000000000000, 0.000000000000000000, -1.000000000000000000 ) ) ;
#368 = LINE ( 'NONE', #4385, #2825 ) ;
#369 = EDGE_CURVE ( 'NONE', #2199, #1840, #3972, .T. ) ;
#370 = ORIENTED_EDGE ( 'NONE', *, *, #4593, .T. ) ;
#371 = EDGE_CURVE ( 'NONE', #4408, #209, #4031, .T. ) ;
#372 = CARTESIAN_POINT ( 'NONE',  ( 33.99999999999990052, -5.649999999999995026, 117.1700000000000159 ) ) ;
#373 = EDGE_CURVE ( 'NONE', #3899, #1705, #3176, .T. ) ;
#374 = DIRECTION ( 'NONE',  ( 0.000000000000000000, 0.000000000000000000, -1.000000000000000000 ) ) ;
#375 = DIRECTION ( 'NONE',  ( -1.000000000000000000, 0.000000000000000000, 2.172931285148401504E-16 ) ) ;
#376 = ORIENTED_EDGE ( 'NONE', *, *, #735, .T. ) ;
#377 = EDGE_CURVE ( 'NONE', #4462, #1279, #112, .T. ) ;
#378 = PLANE ( 'NONE',  #4837 ) ;
#379 = ORIENTED_EDGE ( 'NONE', *, *, #1459, .F. ) ;
#380 = AXIS2_PLACEMENT_3D ( 'NONE', #2532, #929, #464 ) ;
#381 = ORIENTED_EDGE ( 'NONE', *, *, #5287, .F. ) ;
#382 = DIRECTION ( 'NONE',  ( -2.001604010742468037E-16, -0.7071067811865486830, -0.7071067811865464625 ) ) ;
#383 = PLANE ( 'NONE',  #1138 ) ;
#384 = DIRECTION ( 'NONE',  ( 0.000000000000000000, 0.000000000000000000, 1.000000000000000000 ) ) ;
#385 = CARTESIAN_POINT ( 'NONE',  ( -13.00000000000000178, 33.56698729810768356, 107.5634665205267453 ) ) ;
#386 = VERTEX_POINT ( 'NONE', #1901 ) ;
#387 = LINE ( 'NONE', #2575, #41 ) ;
#388 = DIRECTION ( 'NONE',  ( 0.000000000000000000, -1.000000000000000000, 0.000000000000000000 ) ) ;
#389 = LINE ( 'NONE', #3768, #5280 ) ;
#390 = LINE ( 'NONE', #1711, #1372 ) ;
#391 = LINE ( 'NONE', #5105, #5509 ) ;
#392 = AXIS2_PLACEMENT_3D ( 'NONE', #1239, #2161, #26 ) ;
#393 = ORIENTED_EDGE ( 'NONE', *, *, #3021, .F. ) ;
#394 = CARTESIAN_POINT ( 'NONE',  ( -25.50000000000000355, -15.99999999999999289, 123.4000000000000057 ) ) ;
#395 = FACE_OUTER_BOUND ( 'NONE', #3386, .T. ) ;
#396 = ORIENTED_EDGE ( 'NONE', *, *, #5199, .F. ) ;
#397 = ORIENTED_EDGE ( 'NONE', *, *, #4424, .T. ) ;
#398 = CARTESIAN_POINT ( 'NONE',  ( -30.00000000000000000, -12.00000000000000000, 0.5000000000000125455 ) ) ;
#399 = AXIS2_PLACEMENT_3D ( 'NONE', #4519, #667, #2374 ) ;
#400 = CARTESIAN_POINT ( 'NONE',  ( 31.50000000000000711, 15.99999999999999645, 6.000000000000005329 ) ) ;
#401 = ORIENTED_EDGE ( 'NONE', *, *, #3702, .T. ) ;
#402 = PRODUCT_RELATED_PRODUCT_CATEGORY ( 'part', '', ( #3238 ) ) ;
#403 = CIRCLE ( 'NONE', #1211, 4.000000000000100364 ) ;
#404 = FACE_OUTER_BOUND ( 'NONE', #2233, .T. ) ;
#405 = ORIENTED_EDGE ( 'NONE', *, *, #5401, .F. ) ;
#406 = ORIENTED_EDGE ( 'NONE', *, *, #1022, .F. ) ;
#407 = CIRCLE ( 'NONE', #2556, 3.500000000000003109 ) ;
#408 = VECTOR ( 'NONE', #2225, 1000.000000000000000 ) ;
#409 = EDGE_CURVE ( 'NONE', #2032, #4131, #1035, .T. ) ;
#410 = ORIENTED_EDGE ( 'NONE', *, *, #1153, .T. ) ;
#411 = CARTESIAN_POINT ( 'NONE',  ( -49.55495899895102951, 18.99999999999999645, 92.95803099629280553 ) ) ;
#412 = DIRECTION ( 'NONE',  ( 1.000000000000000000, 8.761676666762143215E-17, 8.761676666762145680E-17 ) ) ;
#413 = ORIENTED_EDGE ( 'NONE', *, *, #4563, .F. ) ;
#414 = VECTOR ( 'NONE', #1002, 1000.000000000000114 ) ;
#415 = CARTESIAN_POINT ( 'NONE',  ( 32.50000000000000711, -9.149999999999995026, 111.4700000000000131 ) ) ;
#416 = ORIENTED_EDGE ( 'NONE', *, *, #5133, .F. ) ;
#417 = CARTESIAN_POINT ( 'NONE',  ( -11.99999999999999645, -3.699999999999993072, 99.79999999999999716 ) ) ;
#418 = EDGE_LOOP ( 'NONE', ( #4997, #2899, #1858, #4678 ) ) ;
#419 = AXIS2_PLACEMENT_3D ( 'NONE', #37, #2169, #2754 ) ;
#420 = ADVANCED_FACE ( 'NONE', ( #5244, #987, #3211 ), #4055, .T. ) ;
#421 = VECTOR ( 'NONE', #5252, 1000.000000000000114 ) ;
#422 = DIRECTION ( 'NONE',  ( 0.000000000000000000, -0.7071067811865489050, -0.7071067811865462405 ) ) ;
#423 = CARTESIAN_POINT ( 'NONE',  ( 25.50000000000000355, 15.99999999999999645, 126.5999999999999943 ) ) ;
#424 = ORIENTED_EDGE ( 'NONE', *, *, #2528, .T. ) ;
#425 = AXIS2_PLACEMENT_3D ( 'NONE', #1143, #5035, #2491 ) ;
#426 = VECTOR ( 'NONE', #278, 1000.000000000000000 ) ;
#427 = VECTOR ( 'NONE', #777, 1000.000000000000000 ) ;
#428 = CARTESIAN_POINT ( 'NONE',  ( 25.50000000000000355, 19.00000000000000000, 125.0000000000000000 ) ) ;
#429 = CARTESIAN_POINT ( 'NONE',  ( -8.499999999999992895, -4.200000000000028599, 104.2999999999999972 ) ) ;
#430 = CARTESIAN_POINT ( 'NONE',  ( -5.000000000000000000, 32.32074013265579282, 102.0361304418293429 ) ) ;
#431 = VECTOR ( 'NONE', #1166, 1000.000000000000000 ) ;
#432 = ORIENTED_EDGE ( 'NONE', *, *, #2160, .T. ) ;
#433 = DIRECTION ( 'NONE',  ( 0.000000000000000000, -0.4999999999999977796, 0.8660254037844400399 ) ) ;
#434 = CARTESIAN_POINT ( 'NONE',  ( -13.00000000000000178, 24.56698729810784698, 123.1519237886467266 ) ) ;
#435 = EDGE_LOOP ( 'NONE', ( #4922, #2336, #974, #908, #4097, #4406, #1163, #913 ) ) ;
#436 = EDGE_LOOP ( 'NONE', ( #2026, #1756, #5539, #2831 ) ) ;
#437 = LINE ( 'NONE', #881, #2551 ) ;
#438 = LINE ( 'NONE', #34, #2700 ) ;
#439 = CARTESIAN_POINT ( 'NONE',  ( -28.19999999999997442, 12.00000000000000000, 0.000000000000000000 ) ) ;
#440 = VERTEX_POINT ( 'NONE', #3948 ) ;
#441 = VERTEX_POINT ( 'NONE', #3576 ) ;
#442 = EDGE_LOOP ( 'NONE', ( #1413, #2259, #2117, #4339 ) ) ;
#443 = EDGE_CURVE ( 'NONE', #3185, #1725, #192, .T. ) ;
#444 = ORIENTED_EDGE ( 'NONE', *, *, #953, .F. ) ;
#445 = FACE_OUTER_BOUND ( 'NONE', #436, .T. ) ;
#446 = CARTESIAN_POINT ( 'NONE',  ( 13.00000000000000178, 15.99999999999999645, 116.7046606660471184 ) ) ;
#447 = EDGE_LOOP ( 'NONE', ( #2960, #4547, #3859, #1674 ) ) ;
#448 = LINE ( 'NONE', #1280, #2382 ) ;
#449 = ORIENTED_EDGE ( 'NONE', *, *, #2860, .F. ) ;
#450 = EDGE_CURVE ( 'NONE', #556, #1722, #2690, .T. ) ;
#451 = VERTEX_POINT ( 'NONE', #1796 ) ;
#452 = ADVANCED_FACE ( 'NONE', ( #3093 ), #1305, .F. ) ;
#453 = CARTESIAN_POINT ( 'NONE',  ( 32.50000000000000711, -5.649999999999995026, 111.4700000000000131 ) ) ;
#454 = EDGE_CURVE ( 'NONE', #5535, #3605, #673, .T. ) ;
#455 = ORIENTED_EDGE ( 'NONE', *, *, #3780, .T. ) ;
#456 = DIRECTION ( 'NONE',  ( 1.000000000000000000, -0.000000000000000000, 7.243104283828005836E-17 ) ) ;
#457 = CARTESIAN_POINT ( 'NONE',  ( -5.000000000000023093, -15.99999999999999289, 129.0000000000000000 ) ) ;
#458 = EDGE_CURVE ( 'NONE', #5124, #3872, #2717, .T. ) ;
#459 = DIRECTION ( 'NONE',  ( -1.000000000000000000, -0.000000000000000000, -0.000000000000000000 ) ) ;
#460 = DIRECTION ( 'NONE',  ( 1.000000000000000000, -0.000000000000000000, -0.000000000000000000 ) ) ;
#461 = DIRECTION ( 'NONE',  ( 0.000000000000000000, 0.7071067811865475727, -0.7071067811865475727 ) ) ;
#462 = EDGE_LOOP ( 'NONE', ( #3787, #3971, #1546, #896 ) ) ;
#463 = LINE ( 'NONE', #2082, #4535 ) ;
#464 = DIRECTION ( 'NONE',  ( -1.159058001766240939E-16, 0.000000000000000000, 1.000000000000000000 ) ) ;
#465 = DIRECTION ( 'NONE',  ( 2.172931285148401504E-16, 0.000000000000000000, 1.000000000000000000 ) ) ;
#466 = ORIENTED_EDGE ( 'NONE', *, *, #1030, .F. ) ;
#467 = ORIENTED_EDGE ( 'NONE', *, *, #1798, .T. ) ;
#468 = ORIENTED_EDGE ( 'NONE', *, *, #2120, .F. ) ;
#469 = FACE_OUTER_BOUND ( 'NONE', #5210, .T. ) ;
#470 = CARTESIAN_POINT ( 'NONE',  ( 15.00000000000000000, 19.29289321881345032, 89.00828352798708920 ) ) ;
#471 = EDGE_CURVE ( 'NONE', #3022, #172, #5040, .T. ) ;
#472 = EDGE_LOOP ( 'NONE', ( #207, #328, #1452, #1490 ) ) ;
#473 = DIRECTION ( 'NONE',  ( 0.000000000000000000, -0.000000000000000000, -1.000000000000000000 ) ) ;
#474 = ORIENTED_EDGE ( 'NONE', *, *, #4952, .F. ) ;
#475 = AXIS2_PLACEMENT_3D ( 'NONE', #4111, #256, #1967 ) ;
#476 = EDGE_CURVE ( 'NONE', #4890, #4863, #3707, .T. ) ;
#477 = CARTESIAN_POINT ( 'NONE',  ( -16.00000000000000000, 19.99999999999999645, 91.12960387154670627 ) ) ;
#478 = EDGE_CURVE ( 'NONE', #94, #2631, #1618, .T. ) ;
#479 = DIRECTION ( 'NONE',  ( 0.000000000000000000, 0.000000000000000000, 1.000000000000000000 ) ) ;
#480 = ADVANCED_FACE ( 'NONE', ( #2435 ), #4613, .T. ) ;
#481 = DIRECTION ( 'NONE',  ( 0.000000000000000000, 0.000000000000000000, 1.000000000000000000 ) ) ;
#482 = CARTESIAN_POINT ( 'NONE',  ( -16.00000000000000000, 0.000000000000000000, 125.0000000000000000 ) ) ;
#483 = ADVANCED_FACE ( 'NONE', ( #2346 ), #1989, .F. ) ;
#484 = ORIENTED_EDGE ( 'NONE', *, *, #1153, .F. ) ;
#485 = DIRECTION ( 'NONE',  ( -0.000000000000000000, 0.8660254037844419273, 0.4999999999999942268 ) ) ;
#486 = EDGE_LOOP ( 'NONE', ( #444, #2837, #3138, #2971 ) ) ;
#487 = LINE ( 'NONE', #1718, #2723 ) ;
#488 = CARTESIAN_POINT ( 'NONE',  ( 30.00000000000000000, 12.00000000000000000, 0.4999999999999744094 ) ) ;
#489 = VECTOR ( 'NONE', #2342, 1000.000000000000000 ) ;
#490 = PLANE ( 'NONE',  #769 ) ;
#491 = EDGE_LOOP ( 'NONE', ( #2612, #2964, #3670, #224 ) ) ;
#492 = AXIS2_PLACEMENT_3D ( 'NONE', #4452, #3978, #549 ) ;
#493 = ORIENTED_EDGE ( 'NONE', *, *, #4983, .T. ) ;
#494 = ORIENTED_EDGE ( 'NONE', *, *, #677, .T. ) ;
#495 = VECTOR ( 'NONE', #2028, 1000.000000000000227 ) ;
#496 = ORIENTED_EDGE ( 'NONE', *, *, #610, .T. ) ;
#497 = DIRECTION ( 'NONE',  ( -1.000000000000000000, 0.000000000000000000, -4.040504990629207337E-17 ) ) ;
#498 = DIRECTION ( 'NONE',  ( 0.000000000000000000, 0.000000000000000000, -1.000000000000000000 ) ) ;
#499 = ORIENTED_EDGE ( 'NONE', *, *, #5480, .T. ) ;
#500 = PLANE ( 'NONE',  #5552 ) ;
#501 = EDGE_LOOP ( 'NONE', ( #2642, #2853 ) ) ;
#502 = VECTOR ( 'NONE', #1899, 1000.000000000000000 ) ;
#503 = ORIENTED_EDGE ( 'NONE', *, *, #702, .F. ) ;
#504 = CARTESIAN_POINT ( 'NONE',  ( 34.10000000000000142, -17.83431457505074746, 0.4000000000000000222 ) ) ;
#505 = VECTOR ( 'NONE', #5184, 1000.000000000000114 ) ;
#506 = DIRECTION ( 'NONE',  ( 1.000000000000000000, 0.000000000000000000, 0.000000000000000000 ) ) ;
#507 = DIRECTION ( 'NONE',  ( 0.000000000000000000, 0.000000000000000000, 1.000000000000000000 ) ) ;
#508 = VECTOR ( 'NONE', #4232, 1000.000000000000000 ) ;
#509 = CIRCLE ( 'NONE', #1480, 1.299999999999994493 ) ;
#510 = CARTESIAN_POINT ( 'NONE',  ( -25.50000000000000355, -19.00000000000000711, 128.2500000000000000 ) ) ;
#511 = LINE ( 'NONE', #4309, #1393 ) ;
#512 = AXIS2_PLACEMENT_3D ( 'NONE', #2833, #1539, #2412 ) ;
#513 = AXIS2_PLACEMENT_3D ( 'NONE', #3321, #3861, #1261 ) ;
#514 = ORIENTED_EDGE ( 'NONE', *, *, #2599, .T. ) ;
#515 = ORIENTED_EDGE ( 'NONE', *, *, #1296, .F. ) ;
#516 = DIRECTION ( 'NONE',  ( 0.000000000000000000, 0.2588190451025675909, 0.9659258262890556557 ) ) ;
#517 = EDGE_CURVE ( 'NONE', #1332, #4010, #1591, .T. ) ;
#518 = LINE ( 'NONE', #400, #4624 ) ;
#519 = AXIS2_PLACEMENT_3D ( 'NONE', #3341, #3371, #5423 ) ;
#520 = AXIS2_PLACEMENT_3D ( 'NONE', #1419, #248, #2792 ) ;
#521 = DIRECTION ( 'NONE',  ( 0.000000000000000000, 0.000000000000000000, -1.000000000000000000 ) ) ;
#522 = EDGE_LOOP ( 'NONE', ( #5449, #3937, #2595, #274 ) ) ;
#523 = VECTOR ( 'NONE', #865, 999.9999999999998863 ) ;
#524 = ORIENTED_EDGE ( 'NONE', *, *, #104, .F. ) ;
#525 = VERTEX_POINT ( 'NONE', #1073 ) ;
#526 = EDGE_CURVE ( 'NONE', #5566, #4855, #220, .T. ) ;
#527 = DIRECTION ( 'NONE',  ( -0.000000000000000000, -0.7071067811865476838, 0.7071067811865474617 ) ) ;
#528 = PLANE ( 'NONE',  #233 ) ;
#529 = ORIENTED_EDGE ( 'NONE', *, *, #2260, .F. ) ;
#530 = DIRECTION ( 'NONE',  ( 0.000000000000000000, -1.000000000000000000, 0.000000000000000000 ) ) ;
#531 = VERTEX_POINT ( 'NONE', #2047 ) ;
#532 = CARTESIAN_POINT ( 'NONE',  ( 33.99999999999990052, -5.649999999999995026, 111.4700000000000131 ) ) ;
#533 = FACE_OUTER_BOUND ( 'NONE', #1015, .T. ) ;
#534 = CARTESIAN_POINT ( 'NONE',  ( 15.00000000000000000, 23.03811978464810295, 126.0000000000000000 ) ) ;
#535 = DIRECTION ( 'NONE',  ( -0.000000000000000000, 0.8660254037844419273, 0.4999999999999942268 ) ) ;
#536 = CARTESIAN_POINT ( 'NONE',  ( -34.10000000000000853, 17.83431457505076523, 0.000000000000000000 ) ) ;
#537 = CARTESIAN_POINT ( 'NONE',  ( 34.10000000000000853, 17.83431457505075457, 0.4000000000000000222 ) ) ;
#538 = EDGE_CURVE ( 'NONE', #3722, #2891, #1934, .T. ) ;
#539 = VERTEX_POINT ( 'NONE', #2857 ) ;
#540 = ORIENTED_EDGE ( 'NONE', *, *, #1527, .F. ) ;
#541 = CARTESIAN_POINT ( 'NONE',  ( 0.000000000000000000, 0.000000000000000000, 6.000000000000000000 ) ) ;
#542 = CARTESIAN_POINT ( 'NONE',  ( 33.33431457505074746, -18.60000000000000142, 0.4000000000000000222 ) ) ;
#543 = ADVANCED_FACE ( 'NONE', ( #752 ), #1117, .F. ) ;
#544 = EDGE_CURVE ( 'NONE', #3051, #1292, #5013, .T. ) ;
#545 = DIRECTION ( 'NONE',  ( -0.7071067811865545671, 0.000000000000000000, -0.7071067811865404673 ) ) ;
#546 = ADVANCED_FACE ( 'NONE', ( #4501, #4584 ), #4110, .F. ) ;
#547 = ORIENTED_EDGE ( 'NONE', *, *, #5362, .T. ) ;
#548 = ORIENTED_EDGE ( 'NONE', *, *, #944, .F. ) ;
#549 = DIRECTION ( 'NONE',  ( 0.000000000000000000, 0.000000000000000000, 1.000000000000000000 ) ) ;
#550 = CARTESIAN_POINT ( 'NONE',  ( 14.83023902200767807, 34.95358983848606726, 105.3618004706871289 ) ) ;
#551 = CARTESIAN_POINT ( 'NONE',  ( -33.33431457505076168, 18.59999999999999432, 0.4000000000000000222 ) ) ;
#552 = EDGE_CURVE ( 'NONE', #4304, #1747, #2408, .T. ) ;
#553 = CARTESIAN_POINT ( 'NONE',  ( 25.50000000000000355, 35.49999999999985789, 126.5999999999999943 ) ) ;
#554 = EDGE_LOOP ( 'NONE', ( #2859, #1690, #2369, #5388, #3449, #4421, #4289, #5179 ) ) ;
#555 = DIRECTION ( 'NONE',  ( -1.000000000000000000, 5.204017235966116751E-17, 0.000000000000000000 ) ) ;
#556 = VERTEX_POINT ( 'NONE', #341 ) ;
#557 = LINE ( 'NONE', #532, #1663 ) ;
#558 = DIRECTION ( 'NONE',  ( -0.000000000000000000, 0.000000000000000000, 1.000000000000000000 ) ) ;
#559 = DIRECTION ( 'NONE',  ( 0.5773502691896258421, -0.5773502691896258421, -0.5773502691896258421 ) ) ;
#560 = LINE ( 'NONE', #3540, #307 ) ;
#561 = AXIS2_PLACEMENT_3D ( 'NONE', #2776, #2270, #4416 ) ;
#562 = DIRECTION ( 'NONE',  ( 0.000000000000000000, -0.7071067811865497932, -0.7071067811865452413 ) ) ;
#563 = DIRECTION ( 'NONE',  ( 0.000000000000000000, 0.000000000000000000, -1.000000000000000000 ) ) ;
#564 = VERTEX_POINT ( 'NONE', #2827 ) ;
#565 = CARTESIAN_POINT ( 'NONE',  ( -12.99999999999999467, -15.99999999999999289, 121.0000000000000000 ) ) ;
#566 = FACE_OUTER_BOUND ( 'NONE', #4665, .T. ) ;
#567 = LINE ( 'NONE', #2272, #681 ) ;
#568 = ORIENTED_EDGE ( 'NONE', *, *, #2977, .T. ) ;
#569 = ORIENTED_EDGE ( 'NONE', *, *, #3526, .F. ) ;
#570 = CARTESIAN_POINT ( 'NONE',  ( 33.33431457505077589, 18.59999999999998366, 0.4000000000000000222 ) ) ;
#571 = DIRECTION ( 'NONE',  ( 0.000000000000000000, 0.000000000000000000, 1.000000000000000000 ) ) ;
#572 = ADVANCED_FACE ( 'NONE', ( #3655 ), #3087, .F. ) ;
#573 = CIRCLE ( 'NONE', #3538, 1.300000000000002487 ) ;
#574 = DIRECTION ( 'NONE',  ( 8.659560562354846577E-17, -1.015854067532018234E-14, 1.000000000000000000 ) ) ;
#575 = DIRECTION ( 'NONE',  ( -0.6416240996556109577, 0.000000000000000000, -0.7670192401375122149 ) ) ;
#576 = VERTEX_POINT ( 'NONE', #4138 ) ;
#577 = FACE_OUTER_BOUND ( 'NONE', #5337, .T. ) ;
#578 = ORIENTED_EDGE ( 'NONE', *, *, #5199, .T. ) ;
#579 = AXIS2_PLACEMENT_3D ( 'NONE', #3666, #4038, #994 ) ;
#580 = EDGE_CURVE ( 'NONE', #4373, #5160, #120, .T. ) ;
#581 = DIRECTION ( 'NONE',  ( 0.000000000000000000, 1.000000000000000000, -1.276756478318930021E-15 ) ) ;
#582 = ORIENTED_EDGE ( 'NONE', *, *, #5014, .T. ) ;
#583 = DIRECTION ( 'NONE',  ( 1.000000000000000000, 0.000000000000000000, 0.000000000000000000 ) ) ;
#584 = AXIS2_PLACEMENT_3D ( 'NONE', #2298, #4106, #562 ) ;
#585 = AXIS2_PLACEMENT_3D ( 'NONE', #2474, #2388, #3779 ) ;
#586 = CARTESIAN_POINT ( 'NONE',  ( -13.00000000000000178, 32.91698729810771340, 108.6892995454465307 ) ) ;
#587 = CARTESIAN_POINT ( 'NONE',  ( 15.60000000000000142, 24.15191520784413370, 124.8708497377870259 ) ) ;
#588 = EDGE_CURVE ( 'NONE', #2835, #3185, #3769, .T. ) ;
#589 = CARTESIAN_POINT ( 'NONE',  ( -26.25000000000000355, -26.25000000000000355, 129.0000000000000000 ) ) ;
#590 = DIRECTION ( 'NONE',  ( 1.000000000000000000, 0.000000000000000000, 0.000000000000000000 ) ) ;
#591 = ORIENTED_EDGE ( 'NONE', *, *, #4811, .T. ) ;
#592 = AXIS2_PLACEMENT_3D ( 'NONE', #879, #3945, #433 ) ;
#593 = CARTESIAN_POINT ( 'NONE',  ( 15.60000000000000142, 34.90154239743754516, 106.2519492829871410 ) ) ;
#594 = CARTESIAN_POINT ( 'NONE',  ( -15.60000000000000142, 34.90154239743754516, 106.2519492829871410 ) ) ;
#595 = AXIS2_PLACEMENT_3D ( 'NONE', #3952, #3130, #1856 ) ;
#596 = EDGE_LOOP ( 'NONE', ( #3300, #3342, #3664, #230 ) ) ;
#597 = VECTOR ( 'NONE', #4107, 1000.000000000000000 ) ;
#598 = CARTESIAN_POINT ( 'NONE',  ( 9.000000000000001776, 28.64378487048572097, 104.0160294291517005 ) ) ;
#599 = ORIENTED_EDGE ( 'NONE', *, *, #4454, .T. ) ;
#600 = EDGE_LOOP ( 'NONE', ( #1096, #1246, #2689, #715, #229, #225, #494, #1795 ) ) ;
#601 = ORIENTED_EDGE ( 'NONE', *, *, #1119, .T. ) ;
#602 = VECTOR ( 'NONE', #3352, 1000.000000000000000 ) ;
#603 = DIRECTION ( 'NONE',  ( 0.000000000000000000, 0.000000000000000000, 1.000000000000000000 ) ) ;
#604 = CIRCLE ( 'NONE', #2933, 1.799999999999982059 ) ;
#605 = LINE ( 'NONE', #3773, #1221 ) ;
#606 = CARTESIAN_POINT ( 'NONE',  ( 15.60000000000000142, 34.55513223592376448, 106.0519492829871524 ) ) ;
#607 = ORIENTED_EDGE ( 'NONE', *, *, #5260, .F. ) ;
#608 = DIRECTION ( 'NONE',  ( 0.000000000000000000, 0.000000000000000000, 1.000000000000000000 ) ) ;
#609 = EDGE_LOOP ( 'NONE', ( #3902, #2318, #1540, #2445 ) ) ;
#610 = EDGE_CURVE ( 'NONE', #4069, #1703, #3261, .T. ) ;
#611 = LINE ( 'NONE', #2317, #1929 ) ;
#612 = ORIENTED_EDGE ( 'NONE', *, *, #824, .F. ) ;
#613 = CARTESIAN_POINT ( 'NONE',  ( -29.19999999999998863, -17.20000000000000284, 9.000000000000001776 ) ) ;
#614 = EDGE_CURVE ( 'NONE', #2229, #4071, #54, .T. ) ;
#615 = EDGE_CURVE ( 'NONE', #4914, #4036, #1319, .T. ) ;
#616 = DIRECTION ( 'NONE',  ( 0.000000000000000000, 0.000000000000000000, -1.000000000000000000 ) ) ;
#617 = ADVANCED_FACE ( 'NONE', ( #4733 ), #3379, .F. ) ;
#618 = LINE ( 'NONE', #3968, #747 ) ;
#619 = DIRECTION ( 'NONE',  ( -0.000000000000000000, -1.000000000000000000, -0.000000000000000000 ) ) ;
#620 = LINE ( 'NONE', #1092, #4460 ) ;
#621 = ADVANCED_FACE ( 'NONE', ( #3886 ), #1205, .T. ) ;
#622 = ORIENTED_EDGE ( 'NONE', *, *, #2285, .T. ) ;
#623 = LINE ( 'NONE', #2325, #5266 ) ;
#624 = DIRECTION ( 'NONE',  ( -1.000000000000000000, 0.000000000000000000, 0.000000000000000000 ) ) ;
#625 = ORIENTED_EDGE ( 'NONE', *, *, #1188, .F. ) ;
#626 = FACE_OUTER_BOUND ( 'NONE', #1750, .T. ) ;
#627 = ORIENTED_EDGE ( 'NONE', *, *, #991, .F. ) ;
#628 = ORIENTED_EDGE ( 'NONE', *, *, #944, .T. ) ;
#629 = VERTEX_POINT ( 'NONE', #5521 ) ;
#630 = FACE_OUTER_BOUND ( 'NONE', #1620, .T. ) ;
#631 = DIRECTION ( 'NONE',  ( -0.7071067811865500152, -0.4999999999999966138, 0.5000000000000000000 ) ) ;
#632 = ORIENTED_EDGE ( 'NONE', *, *, #5133, .T. ) ;
#633 = DIRECTION ( 'NONE',  ( -0.000000000000000000, -0.8660254037844420383, -0.4999999999999941713 ) ) ;
#634 = VERTEX_POINT ( 'NONE', #2137 ) ;
#635 = ORIENTED_EDGE ( 'NONE', *, *, #4255, .F. ) ;
#636 = EDGE_CURVE ( 'NONE', #2614, #386, #2004, .T. ) ;
#637 = DIRECTION ( 'NONE',  ( 0.000000000000000000, -0.7071067811865474617, -0.7071067811865474617 ) ) ;
#638 = ORIENTED_EDGE ( 'NONE', *, *, #2874, .F. ) ;
#639 =( BOUNDED_CURVE ( )  B_SPLINE_CURVE ( 3, ( #982, #1007, #4788, #3513 ),
 .UNSPECIFIED., .F., .F. ) 
 B_SPLINE_CURVE_WITH_KNOTS ( ( 4, 4 ),
 ( 3.141592653589793116, 6.283185307179586232 ),
 .UNSPECIFIED. ) 
 CURVE ( )  GEOMETRIC_REPRESENTATION_ITEM ( )  RATIONAL_B_SPLINE_CURVE ( ( 1.000000000000000000, 0.3333333333333333703, 0.3333333333333333703, 1.000000000000000000 ) ) 
 REPRESENTATION_ITEM ( '' )  );
#640 = LINE ( 'NONE', #214, #1232 ) ;
#641 = SURFACE_STYLE_USAGE ( .BOTH. , #1928 ) ;
#642 = ADVANCED_FACE ( 'NONE', ( #5104 ), #4326, .F. ) ;
#643 = DIRECTION ( 'NONE',  ( -0.000000000000000000, 0.000000000000000000, -1.000000000000000000 ) ) ;
#644 = DIRECTION ( 'NONE',  ( 0.000000000000000000, 0.000000000000000000, 1.000000000000000000 ) ) ;
#645 = DIRECTION ( 'NONE',  ( -0.000000000000000000, 0.8660254037844419273, 0.4999999999999942268 ) ) ;
#646 = VECTOR ( 'NONE', #2550, 1000.000000000000114 ) ;
#647 = LINE ( 'NONE', #542, #2707 ) ;
#648 = ADVANCED_FACE ( 'NONE', ( #4760 ), #2918, .F. ) ;
#649 = ORIENTED_EDGE ( 'NONE', *, *, #588, .T. ) ;
#650 = ORIENTED_EDGE ( 'NONE', *, *, #5238, .T. ) ;
#651 = CARTESIAN_POINT ( 'NONE',  ( -5.000000000000000000, 30.76510521404533804, 105.4302429915248069 ) ) ;
#652 = ORIENTED_EDGE ( 'NONE', *, *, #1227, .T. ) ;
#653 = VERTEX_POINT ( 'NONE', #1686 ) ;
#654 = ORIENTED_EDGE ( 'NONE', *, *, #951, .T. ) ;
#655 = DIRECTION ( 'NONE',  ( -1.945377231826550998E-16, -1.000000000000000000, 0.000000000000000000 ) ) ;
#656 = EDGE_CURVE ( 'NONE', #2581, #2224, #573, .T. ) ;
#657 = CARTESIAN_POINT ( 'NONE',  ( 0.000000000000000000, 35.34500420136772902, 99.86039451054126914 ) ) ;
#658 = EDGE_LOOP ( 'NONE', ( #2753, #5277, #2355, #2334 ) ) ;
#659 = FACE_OUTER_BOUND ( 'NONE', #1489, .T. ) ;
#660 = ORIENTED_EDGE ( 'NONE', *, *, #5261, .F. ) ;
#661 = AXIS2_PLACEMENT_3D ( 'NONE', #5134, #3433, #1262 ) ;
#662 = ORIENTED_EDGE ( 'NONE', *, *, #73, .T. ) ;
#663 = DIRECTION ( 'NONE',  ( 1.000000000000000000, -0.000000000000000000, 0.000000000000000000 ) ) ;
#664 = CARTESIAN_POINT ( 'NONE',  ( -12.99999999999999822, -15.99999999999999289, 99.79999999999999716 ) ) ;
#665 = DIRECTION ( 'NONE',  ( 0.7071067811865475727, 0.000000000000000000, 0.7071067811865475727 ) ) ;
#666 = AXIS2_PLACEMENT_3D ( 'NONE', #1102, #1885, #4940 ) ;
#667 = DIRECTION ( 'NONE',  ( 0.000000000000000000, -1.000000000000000000, 0.000000000000000000 ) ) ;
#668 = VECTOR ( 'NONE', #2504, 1000.000000000000114 ) ;
#669 = DIRECTION ( 'NONE',  ( -0.000000000000000000, -0.7071067811865476838, 0.7071067811865474617 ) ) ;
#670 = LINE ( 'NONE', #4931, #3479 ) ;
#671 = DIRECTION ( 'NONE',  ( -0.000000000000000000, -1.000000000000000000, -0.000000000000000000 ) ) ;
#672 = DIRECTION ( 'NONE',  ( 0.000000000000000000, 0.4999999999999954481, -0.8660254037844413721 ) ) ;
#673 = CIRCLE ( 'NONE', #2637, 1.599999999999990319 ) ;
#674 = DIRECTION ( 'NONE',  ( 1.000000000000000000, -0.000000000000000000, 1.931763336277068232E-16 ) ) ;
#675 = EDGE_CURVE ( 'NONE', #1801, #1155, #1733, .T. ) ;
#676 = EDGE_LOOP ( 'NONE', ( #848, #3243 ) ) ;
#677 = EDGE_CURVE ( 'NONE', #5424, #1824, #364, .T. ) ;
#678 = ORIENTED_EDGE ( 'NONE', *, *, #4387, .F. ) ;
#679 = CARTESIAN_POINT ( 'NONE',  ( 0.000000000000000000, 35.34500420136772902, 99.86039451054126914 ) ) ;
#680 = DIRECTION ( 'NONE',  ( 1.000000000000000000, 0.000000000000000000, 0.000000000000000000 ) ) ;
#681 = VECTOR ( 'NONE', #3097, 1000.000000000000000 ) ;
#682 = VECTOR ( 'NONE', #367, 1000.000000000000000 ) ;
#683 = CARTESIAN_POINT ( 'NONE',  ( 13.00000000000000178, 25.21698729810782780, 122.0260907637269412 ) ) ;
#684 = ORIENTED_EDGE ( 'NONE', *, *, #3883, .F. ) ;
#685 = CONICAL_SURFACE ( 'NONE', #5106, 1.299999999999998046, 0.7853981633974479459 ) ;
#686 = EDGE_CURVE ( 'NONE', #4071, #940, #3462, .T. ) ;
#687 = CIRCLE ( 'NONE', #239, 1.800000000000023803 ) ;
#688 = PLANE ( 'NONE',  #2750 ) ;
#689 = VERTEX_POINT ( 'NONE', #2976 ) ;
#690 = CIRCLE ( 'NONE', #2659, 1.000000000000000888 ) ;
#691 = AXIS2_PLACEMENT_3D ( 'NONE', #1087, #558, #1841 ) ;
#692 = ORIENTED_EDGE ( 'NONE', *, *, #3463, .F. ) ;
#693 = FACE_OUTER_BOUND ( 'NONE', #5088, .T. ) ;
#694 = CARTESIAN_POINT ( 'NONE',  ( 26.50000000000000355, -19.00000000000000355, 6.000000000000000000 ) ) ;
#695 = CARTESIAN_POINT ( 'NONE',  ( -31.49999999999999289, 15.99999999999999645, 6.000000000000005329 ) ) ;
#696 = DIRECTION ( 'NONE',  ( 1.000000000000000000, 0.000000000000000000, 0.000000000000000000 ) ) ;
#697 = DIRECTION ( 'NONE',  ( 0.000000000000000000, 0.8660254037844409281, 0.4999999999999961697 ) ) ;
#698 = DIRECTION ( 'NONE',  ( 1.000000000000000000, -2.835494004171301146E-15, -2.835494004171282213E-15 ) ) ;
#699 = DIRECTION ( 'NONE',  ( -0.7071067811865474617, -0.7071067811865474617, 0.000000000000000000 ) ) ;
#700 = DIRECTION ( 'NONE',  ( -2.172931285148401751E-16, 0.000000000000000000, -1.000000000000000000 ) ) ;
#701 = ORIENTED_EDGE ( 'NONE', *, *, #5353, .F. ) ;
#702 = EDGE_CURVE ( 'NONE', #3714, #2969, #3269, .T. ) ;
#703 = LINE ( 'NONE', #972, #2923 ) ;
#704 = PLANE ( 'NONE',  #2650 ) ;
#705 = ORIENTED_EDGE ( 'NONE', *, *, #3030, .F. ) ;
#706 = ORIENTED_EDGE ( 'NONE', *, *, #4264, .F. ) ;
#707 = CARTESIAN_POINT ( 'NONE',  ( 31.50000000000000711, -7.499999999999994671, 111.4700000000000131 ) ) ;
#708 = DIRECTION ( 'NONE',  ( 0.7071067811865474617, -0.7071067811865474617, 0.000000000000000000 ) ) ;
#709 = EDGE_CURVE ( 'NONE', #257, #3183, #930, .T. ) ;
#710 = EDGE_CURVE ( 'NONE', #4062, #3715, #2074, .T. ) ;
#711 = EDGE_CURVE ( 'NONE', #1769, #292, #5157, .T. ) ;
#712 = DIRECTION ( 'NONE',  ( 0.000000000000000000, -0.4999999999999959477, 0.8660254037844410391 ) ) ;
#713 = ORIENTED_EDGE ( 'NONE', *, *, #2044, .T. ) ;
#714 = CARTESIAN_POINT ( 'NONE',  ( 33.49999999999998579, -19.00000000000000355, 129.0000000000000000 ) ) ;
#715 = ORIENTED_EDGE ( 'NONE', *, *, #2768, .T. ) ;
#716 = EDGE_CURVE ( 'NONE', #2983, #5497, #390, .T. ) ;
#717 = ORIENTED_EDGE ( 'NONE', *, *, #1456, .F. ) ;
#718 = FACE_BOUND ( 'NONE', #4888, .T. ) ;
#719 = CARTESIAN_POINT ( 'NONE',  ( -8.499999999999992895, -3.699999999999993072, 124.5000000000000000 ) ) ;
#720 = DIRECTION ( 'NONE',  ( 0.000000000000000000, 0.000000000000000000, -1.000000000000000000 ) ) ;
#721 = DIRECTION ( 'NONE',  ( -0.000000000000000000, -1.000000000000000000, -0.000000000000000000 ) ) ;
#722 = EDGE_LOOP ( 'NONE', ( #612, #3880, #5418, #3009 ) ) ;
#723 = DIRECTION ( 'NONE',  ( 0.000000000000000000, 0.000000000000000000, -1.000000000000000000 ) ) ;
#724 = LINE ( 'NONE', #4556, #2104 ) ;
#725 = LINE ( 'NONE', #4583, #4286 ) ;
#726 = DIRECTION ( 'NONE',  ( 0.000000000000000000, 0.000000000000000000, 1.000000000000000000 ) ) ;
#727 = LINE ( 'NONE', #5069, #4789 ) ;
#728 = CARTESIAN_POINT ( 'NONE',  ( -9.000000000000001776, 15.99999999999999289, 92.95803099629280553 ) ) ;
#729 = DIRECTION ( 'NONE',  ( 0.000000000000000000, -0.7071067811865475727, 0.7071067811865475727 ) ) ;
#730 = VECTOR ( 'NONE', #2919, 1000.000000000000000 ) ;
#731 = ORIENTED_EDGE ( 'NONE', *, *, #3062, .F. ) ;
#732 = VERTEX_POINT ( 'NONE', #1285 ) ;
#733 = FACE_OUTER_BOUND ( 'NONE', #522, .T. ) ;
#734 = CARTESIAN_POINT ( 'NONE',  ( 34.50000000000000000, 18.00000000000001066, 0.4000000000000000222 ) ) ;
#735 = EDGE_CURVE ( 'NONE', #3217, #1258, #3830, .T. ) ;
#736 = CARTESIAN_POINT ( 'NONE',  ( 25.50000000000000355, -15.99999999999999289, 126.5999999999999943 ) ) ;
#737 = VERTEX_POINT ( 'NONE', #4438 ) ;
#738 = DIRECTION ( 'NONE',  ( -1.000000000000000000, 1.561205170789834717E-16, 0.000000000000000000 ) ) ;
#739 = ORIENTED_EDGE ( 'NONE', *, *, #5401, .T. ) ;
#740 = DIRECTION ( 'NONE',  ( 0.7071067811865524577, 0.7071067811865426878, 0.000000000000000000 ) ) ;
#741 = CARTESIAN_POINT ( 'NONE',  ( 9.000000000000001776, 29.35089165167230973, 103.3089226479651188 ) ) ;
#742 = DIRECTION ( 'NONE',  ( 0.000000000000000000, 1.000000000000000000, 0.000000000000000000 ) ) ;
#743 = CARTESIAN_POINT ( 'NONE',  ( 0.000000000000000000, 0.000000000000000000, 0.000000000000000000 ) ) ;
#744 = VERTEX_POINT ( 'NONE', #949 ) ;
#745 = EDGE_CURVE ( 'NONE', #1824, #3632, #560, .T. ) ;
#746 = FACE_OUTER_BOUND ( 'NONE', #5311, .T. ) ;
#747 = VECTOR ( 'NONE', #921, 1000.000000000000000 ) ;
#748 = DIRECTION ( 'NONE',  ( 0.000000000000000000, -0.7071067811865492381, -0.7071067811865457964 ) ) ;
#749 = AXIS2_PLACEMENT_3D ( 'NONE', #5359, #2699, #2332 ) ;
#750 = DIRECTION ( 'NONE',  ( 1.000000000000000000, 0.000000000000000000, 0.000000000000000000 ) ) ;
#751 = EDGE_CURVE ( 'NONE', #634, #3143, #1021, .T. ) ;
#752 = FACE_OUTER_BOUND ( 'NONE', #5108, .T. ) ;
#753 = CARTESIAN_POINT ( 'NONE',  ( -14.83023902200767807, 34.95358983848606726, 105.3618004706871289 ) ) ;
#754 = AXIS2_PLACEMENT_3D ( 'NONE', #3319, #1145, #5037 ) ;
#755 = ORIENTED_EDGE ( 'NONE', *, *, #5512, .F. ) ;
#756 = FACE_OUTER_BOUND ( 'NONE', #5036, .T. ) ;
#757 = DIRECTION ( 'NONE',  ( 0.000000000000000000, -0.7071067811865475727, 0.7071067811865475727 ) ) ;
#758 = ORIENTED_EDGE ( 'NONE', *, *, #2164, .T. ) ;
#759 = VECTOR ( 'NONE', #460, 1000.000000000000000 ) ;
#760 = VERTEX_POINT ( 'NONE', #4026 ) ;
#761 = DIRECTION ( 'NONE',  ( -0.7071067811865426878, -0.7071067811865524577, -0.000000000000000000 ) ) ;
#762 = DIRECTION ( 'NONE',  ( 0.000000000000000000, -0.7071067811865489050, -0.7071067811865460184 ) ) ;
#763 = VECTOR ( 'NONE', #2580, 1000.000000000000000 ) ;
#764 = VECTOR ( 'NONE', #3535, 1000.000000000000114 ) ;
#765 = CARTESIAN_POINT ( 'NONE',  ( -25.50000000000000355, -17.34999999999999076, 123.4000000000000057 ) ) ;
#766 = VERTEX_POINT ( 'NONE', #164 ) ;
#767 = LINE ( 'NONE', #802, #3569 ) ;
#768 = ORIENTED_EDGE ( 'NONE', *, *, #824, .T. ) ;
#769 = AXIS2_PLACEMENT_3D ( 'NONE', #5117, #3499, #2610 ) ;
#770 = VECTOR ( 'NONE', #3958, 1000.000000000000000 ) ;
#771 = ORIENTED_EDGE ( 'NONE', *, *, #2223, .T. ) ;
#773 = DIRECTION ( 'NONE',  ( 0.000000000000000000, 0.4999999999999977796, -0.8660254037844400399 ) ) ;
#772 = CIRCLE ( 'NONE', #2928, 1.200000000000034373 ) ;
#774 = AXIS2_PLACEMENT_3D ( 'NONE', #2299, #4899, #2345 ) ;
#775 = DIRECTION ( 'NONE',  ( 1.000000000000000000, -0.000000000000000000, 0.000000000000000000 ) ) ;
#776 = EDGE_CURVE ( 'NONE', #837, #4450, #1845, .T. ) ;
#777 = DIRECTION ( 'NONE',  ( -0.6947465906068628350, 0.3596272983381939015, -0.6228927525105039109 ) ) ;
#778 = FACE_OUTER_BOUND ( 'NONE', #4242, .T. ) ;
#779 = ORIENTED_EDGE ( 'NONE', *, *, #4021, .T. ) ;
#780 = DIRECTION ( 'NONE',  ( 0.000000000000000000, 1.000000000000000000, 0.000000000000000000 ) ) ;
#781 = AXIS2_PLACEMENT_3D ( 'NONE', #1675, #1196, #2514 ) ;
#782 = CIRCLE ( 'NONE', #691, 1.800000000000023803 ) ;
#783 = ORIENTED_EDGE ( 'NONE', *, *, #3221, .F. ) ;
#784 = EDGE_CURVE ( 'NONE', #4419, #4317, #2740, .T. ) ;
#785 = DIRECTION ( 'NONE',  ( 0.000000000000000000, 0.000000000000000000, 1.000000000000000000 ) ) ;
#786 = ADVANCED_FACE ( 'NONE', ( #4386 ), #2999, .F. ) ;
#787 = LINE ( 'NONE', #2046, #426 ) ;
#788 = EDGE_CURVE ( 'NONE', #3141, #5124, #3491, .T. ) ;
#789 = VECTOR ( 'NONE', #2258, 1000.000000000000000 ) ;
#790 = VECTOR ( 'NONE', #5082, 1000.000000000000000 ) ;
#791 = CARTESIAN_POINT ( 'NONE',  ( 13.00000000000000178, 33.99999999999987921, 107.8134665205267169 ) ) ;
#792 = DIRECTION ( 'NONE',  ( -0.000000000000000000, -0.8660254037844420383, -0.4999999999999941713 ) ) ;
#793 = EDGE_CURVE ( 'NONE', #3477, #32, #5431, .T. ) ;
#794 = CARTESIAN_POINT ( 'NONE',  ( 25.50000000000000355, -19.00000000000000711, 121.7500000000000000 ) ) ;
#795 = DIRECTION ( 'NONE',  ( -1.000000000000000000, 0.000000000000000000, 0.000000000000000000 ) ) ;
#796 = VERTEX_POINT ( 'NONE', #3119 ) ;
#797 = VERTEX_POINT ( 'NONE', #4476 ) ;
#798 = DIRECTION ( 'NONE',  ( -0.000000000000000000, 1.000000000000000000, -0.000000000000000000 ) ) ;
#799 = LINE ( 'NONE', #4171, #216 ) ;
#800 = CARTESIAN_POINT ( 'NONE',  ( 2.500000000000001332, 33.94708572938483826, 107.9051167256777148 ) ) ;
#801 = EDGE_LOOP ( 'NONE', ( #2394, #3155, #3100, #393 ) ) ;
#802 = CARTESIAN_POINT ( 'NONE',  ( 32.50000000000000711, -7.499999999999994671, 111.4700000000000131 ) ) ;
#803 = ORIENTED_EDGE ( 'NONE', *, *, #4236, .F. ) ;
#804 = ORIENTED_EDGE ( 'NONE', *, *, #443, .F. ) ;
#805 = CARTESIAN_POINT ( 'NONE',  ( 2.500000000000001332, 33.94708572938483826, 107.9051167256777148 ) ) ;
#806 = CARTESIAN_POINT ( 'NONE',  ( 30.00000000000000000, 12.00000000000000000, 0.000000000000000000 ) ) ;
#807 = DIRECTION ( 'NONE',  ( -0.000000000000000000, -0.7071067811865476838, 0.7071067811865474617 ) ) ;
#808 = DIRECTION ( 'NONE',  ( 0.000000000000000000, 0.000000000000000000, 1.000000000000000000 ) ) ;
#809 = VERTEX_POINT ( 'NONE', #5265 ) ;
#810 = PLANE ( 'NONE',  #3181 ) ;
#811 = EDGE_CURVE ( 'NONE', #5248, #266, #2627, .T. ) ;
#812 = EDGE_LOOP ( 'NONE', ( #3765, #4881, #2070, #4003 ) ) ;
#813 = CARTESIAN_POINT ( 'NONE',  ( 13.00000000000000178, 24.56698729810783277, 123.1519237886467124 ) ) ;
#814 = CARTESIAN_POINT ( 'NONE',  ( -33.33431457505076878, -18.59999999999999787, 0.000000000000000000 ) ) ;
#815 = CARTESIAN_POINT ( 'NONE',  ( 31.50000000000000711, 15.99999999999999645, 6.000000000000005329 ) ) ;
#816 = ADVANCED_FACE ( 'NONE', ( #188 ), #3173, .F. ) ;
#817 = DIRECTION ( 'NONE',  ( 0.000000000000000000, 0.000000000000000000, -1.000000000000000000 ) ) ;
#818 = ORIENTED_EDGE ( 'NONE', *, *, #5165, .F. ) ;
#819 = CARTESIAN_POINT ( 'NONE',  ( -14.81725989930085596, 23.35358983848619374, 125.4535898384861667 ) ) ;
#820 = LINE ( 'NONE', #2524, #1397 ) ;
#821 = ORIENTED_EDGE ( 'NONE', *, *, #1798, .F. ) ;
#822 = VERTEX_POINT ( 'NONE', #4814 ) ;
#823 = PLANE ( 'NONE',  #2366 ) ;
#824 = EDGE_CURVE ( 'NONE', #4178, #2199, #5215, .T. ) ;
#825 = FACE_OUTER_BOUND ( 'NONE', #2245, .T. ) ;
#826 = EDGE_CURVE ( 'NONE', #5016, #653, #2684, .T. ) ;
#827 = DIRECTION ( 'NONE',  ( 0.7071067811865474617, -0.000000000000000000, -0.7071067811865474617 ) ) ;
#828 = VERTEX_POINT ( 'NONE', #1391 ) ;
#829 = ORIENTED_EDGE ( 'NONE', *, *, #1, .T. ) ;
#830 = EDGE_CURVE ( 'NONE', #4304, #4343, #639, .T. ) ;
#831 = AXIS2_PLACEMENT_3D ( 'NONE', #4874, #5245, #3625 ) ;
#832 = ORIENTED_EDGE ( 'NONE', *, *, #580, .T. ) ;
#833 = DIRECTION ( 'NONE',  ( -0.000000000000000000, 0.000000000000000000, -1.000000000000000000 ) ) ;
#834 = CARTESIAN_POINT ( 'NONE',  ( -28.69999999999999574, -12.00000000000000000, 6.000000000000000000 ) ) ;
#835 = ORIENTED_EDGE ( 'NONE', *, *, #3699, .F. ) ;
#836 = DIRECTION ( 'NONE',  ( 0.000000000000000000, 1.000000000000000000, 0.000000000000000000 ) ) ;
#837 = VERTEX_POINT ( 'NONE', #4896 ) ;
#838 = DIRECTION ( 'NONE',  ( 0.000000000000000000, 0.000000000000000000, 1.000000000000000000 ) ) ;
#839 = ORIENTED_EDGE ( 'NONE', *, *, #3053, .T. ) ;
#840 = FACE_OUTER_BOUND ( 'NONE', #3098, .T. ) ;
#841 = DIRECTION ( 'NONE',  ( 0.000000000000000000, 0.000000000000000000, -1.000000000000000000 ) ) ;
#842 = DIRECTION ( 'NONE',  ( 0.7071067811865491270, -0.7071067811865459074, 0.000000000000000000 ) ) ;
#843 = DIRECTION ( 'NONE',  ( -0.7071067811865426878, 0.7071067811865524577, -0.000000000000000000 ) ) ;
#844 = EDGE_CURVE ( 'NONE', #2424, #4489, #618, .T. ) ;
#845 = LINE ( 'NONE', #2162, #3827 ) ;
#846 = DIRECTION ( 'NONE',  ( 0.000000000000000000, 0.000000000000000000, 1.000000000000000000 ) ) ;
#847 = FACE_OUTER_BOUND ( 'NONE', #4924, .T. ) ;
#848 = ORIENTED_EDGE ( 'NONE', *, *, #3646, .T. ) ;
#849 = CARTESIAN_POINT ( 'NONE',  ( -26.50000000000000355, -19.00000000000000355, 6.000000000000000000 ) ) ;
#850 = VECTOR ( 'NONE', #1282, 1000.000000000000114 ) ;
#851 = DIRECTION ( 'NONE',  ( 0.000000000000000000, 0.000000000000000000, -1.000000000000000000 ) ) ;
#852 = ADVANCED_FACE ( 'NONE', ( #108 ), #4340, .F. ) ;
#853 = ADVANCED_FACE ( 'NONE', ( #2264 ), #1365, .T. ) ;
#854 = AXIS2_PLACEMENT_3D ( 'NONE', #482, #3514, #5189 ) ;
#855 = LINE ( 'NONE', #4715, #2922 ) ;
#856 = ORIENTED_EDGE ( 'NONE', *, *, #3365, .F. ) ;
#857 = ORIENTED_EDGE ( 'NONE', *, *, #299, .T. ) ;
#858 = VECTOR ( 'NONE', #4468, 1000.000000000000000 ) ;
#859 = ORIENTED_EDGE ( 'NONE', *, *, #2600, .T. ) ;
#860 = CARTESIAN_POINT ( 'NONE',  ( 25.50000000000000355, -15.99999999999999289, 125.0000000000000000 ) ) ;
#861 = EDGE_CURVE ( 'NONE', #809, #4792, #3571, .T. ) ;
#862 = FACE_OUTER_BOUND ( 'NONE', #4638, .T. ) ;
#863 = ORIENTED_EDGE ( 'NONE', *, *, #476, .T. ) ;
#864 = VECTOR ( 'NONE', #1267, 1000.000000000000000 ) ;
#865 = DIRECTION ( 'NONE',  ( 0.000000000000000000, -0.7071067811865486830, -0.7071067811865464625 ) ) ;
#866 = ORIENTED_EDGE ( 'NONE', *, *, #1777, .F. ) ;
#867 = CARTESIAN_POINT ( 'NONE',  ( 34.50000000000000000, 18.00000000000001066, 0.4000000000000000222 ) ) ;
#868 = AXIS2_PLACEMENT_3D ( 'NONE', #1299, #2145, #2506 ) ;
#869 = VECTOR ( 'NONE', #338, 1000.000000000000000 ) ;
#870 = DIRECTION ( 'NONE',  ( 0.000000000000000000, -0.000000000000000000, 1.000000000000000000 ) ) ;
#871 = LINE ( 'NONE', #899, #5012 ) ;
#872 = VECTOR ( 'NONE', #4073, 1000.000000000000000 ) ;
#873 = VECTOR ( 'NONE', #4153, 1000.000000000000000 ) ;
#874 = AXIS2_PLACEMENT_3D ( 'NONE', #333, #3340, #5091 ) ;
#875 = CARTESIAN_POINT ( 'NONE',  ( -16.00000000000000000, 18.99999999999999645, 127.0000000000000000 ) ) ;
#876 = AXIS2_PLACEMENT_3D ( 'NONE', #3613, #633, #999 ) ;
#877 = CARTESIAN_POINT ( 'NONE',  ( 15.60000000000000142, 23.80550504633035658, 124.6708497377870373 ) ) ;
#878 = VECTOR ( 'NONE', #1699, 1000.000000000000000 ) ;
#879 = CARTESIAN_POINT ( 'NONE',  ( 13.00000000000000178, 24.56698729810783277, 123.1519237886467124 ) ) ;
#880 = ORIENTED_EDGE ( 'NONE', *, *, #3054, .F. ) ;
#881 = CARTESIAN_POINT ( 'NONE',  ( 26.24999999999999645, -26.24999999999999645, 129.0000000000000000 ) ) ;
#882 = DIRECTION ( 'NONE',  ( -0.7071067811865411334, 0.7071067811865539010, 0.000000000000000000 ) ) ;
#883 = EDGE_CURVE ( 'NONE', #4317, #2501, #1530, .T. ) ;
#884 = DIRECTION ( 'NONE',  ( 0.000000000000000000, -0.7071067811865474617, -0.7071067811865474617 ) ) ;
#885 = VERTEX_POINT ( 'NONE', #4497 ) ;
#886 = ORIENTED_EDGE ( 'NONE', *, *, #3784, .F. ) ;
#887 = ORIENTED_EDGE ( 'NONE', *, *, #4193, .T. ) ;
#888 = ADVANCED_FACE ( 'NONE', ( #746 ), #40, .F. ) ;
#889 = EDGE_CURVE ( 'NONE', #837, #796, #1028, .T. ) ;
#890 = EDGE_CURVE ( 'NONE', #4114, #4936, #2404, .T. ) ;
#891 = ORIENTED_EDGE ( 'NONE', *, *, #1871, .F. ) ;
#892 = CARTESIAN_POINT ( 'NONE',  ( -30.00000000000000000, -12.00000000000000000, 6.000000000000000000 ) ) ;
#893 = CARTESIAN_POINT ( 'NONE',  ( -5.000000000000000000, 34.15921776374081276, 103.8746080729143557 ) ) ;
#894 = ORIENTED_EDGE ( 'NONE', *, *, #2955, .T. ) ;
#895 = CARTESIAN_POINT ( 'NONE',  ( 26.50000000000000355, -19.00000000000000355, 0.000000000000000000 ) ) ;
#896 = ORIENTED_EDGE ( 'NONE', *, *, #2218, .F. ) ;
#897 = EDGE_CURVE ( 'NONE', #4010, #4062, #4074, .T. ) ;
#898 = PLANE ( 'NONE',  #226 ) ;
#899 = CARTESIAN_POINT ( 'NONE',  ( 17.00000000000000000, 18.99999999999999645, 125.0000000000000000 ) ) ;
#900 = DIRECTION ( 'NONE',  ( 0.000000000000000000, -1.000000000000000000, 1.015854067532018234E-14 ) ) ;
#901 = LINE ( 'NONE', #510, #5168 ) ;
#902 = DIRECTION ( 'NONE',  ( 1.000000000000000000, 0.000000000000000000, 0.000000000000000000 ) ) ;
#903 = VERTEX_POINT ( 'NONE', #2013 ) ;
#904 = DIRECTION ( 'NONE',  ( 0.000000000000000000, -0.7071067811865485719, -0.7071067811865465735 ) ) ;
#905 = CARTESIAN_POINT ( 'NONE',  ( -16.00000000000000000, 23.61547005383785702, 125.0000000000000284 ) ) ;
#906 = DIRECTION ( 'NONE',  ( 0.000000000000000000, 0.7071067811865490160, 0.7071067811865460184 ) ) ;
#907 = EDGE_LOOP ( 'NONE', ( #2387, #2846, #3076, #3507 ) ) ;
#908 = ORIENTED_EDGE ( 'NONE', *, *, #788, .T. ) ;
#909 = EDGE_LOOP ( 'NONE', ( #5204, #1312, #499, #5410 ) ) ;
#910 = ORIENTED_EDGE ( 'NONE', *, *, #2603, .T. ) ;
#911 = DIRECTION ( 'NONE',  ( 0.000000000000000000, 1.000000000000000000, 0.000000000000000000 ) ) ;
#912 = LINE ( 'NONE', #4342, #878 ) ;
#913 = ORIENTED_EDGE ( 'NONE', *, *, #2629, .T. ) ;
#914 = CARTESIAN_POINT ( 'NONE',  ( -34.50000000000000000, 18.99999999999999645, 129.0000000000000000 ) ) ;
#915 = ORIENTED_EDGE ( 'NONE', *, *, #3286, .F. ) ;
#916 = VECTOR ( 'NONE', #5220, 1000.000000000000114 ) ;
#917 = ORIENTED_EDGE ( 'NONE', *, *, #2528, .F. ) ;
#918 = FACE_OUTER_BOUND ( 'NONE', #3453, .T. ) ;
#919 = PLANE ( 'NONE',  #2657 ) ;
#920 = EDGE_CURVE ( 'NONE', #3693, #828, #5077, .T. ) ;
#921 = DIRECTION ( 'NONE',  ( -0.7071067811865459074, -0.7071067811865491270, 0.000000000000000000 ) ) ;
#922 = DIRECTION ( 'NONE',  ( -0.7071067811865376918, 0.000000000000000000, 0.7071067811865574537 ) ) ;
#923 = VECTOR ( 'NONE', #742, 1000.000000000000000 ) ;
#924 = DIRECTION ( 'NONE',  ( 0.000000000000000000, 0.000000000000000000, -1.000000000000000000 ) ) ;
#925 = EDGE_CURVE ( 'NONE', #766, #5557, #3733, .T. ) ;
#926 = EDGE_LOOP ( 'NONE', ( #294, #731, #3350, #247 ) ) ;
#927 = ORIENTED_EDGE ( 'NONE', *, *, #4357, .F. ) ;
#928 = CARTESIAN_POINT ( 'NONE',  ( 16.00000000000000000, 0.000000000000000000, 0.000000000000000000 ) ) ;
#929 = DIRECTION ( 'NONE',  ( -1.000000000000000000, 0.000000000000000000, -1.159058001766240939E-16 ) ) ;
#930 = CIRCLE ( 'NONE', #1463, 1.599999999999990319 ) ;
#931 = LINE ( 'NONE', #4908, #5191 ) ;
#932 = ORIENTED_EDGE ( 'NONE', *, *, #2014, .T. ) ;
#933 = ORIENTED_EDGE ( 'NONE', *, *, #3672, .T. ) ;
#934 = ORIENTED_EDGE ( 'NONE', *, *, #302, .F. ) ;
#935 = AXIS2_PLACEMENT_3D ( 'NONE', #3781, #5413, #1183 ) ;
#936 = AXIS2_PLACEMENT_3D ( 'NONE', #679, #1101, #1182 ) ;
#937 = ORIENTED_EDGE ( 'NONE', *, *, #3646, .F. ) ;
#938 = DIRECTION ( 'NONE',  ( 1.000000000000000000, -0.000000000000000000, -0.000000000000000000 ) ) ;
#939 = CARTESIAN_POINT ( 'NONE',  ( 9.000000000000001776, 0.000000000000000000, 0.000000000000000000 ) ) ;
#940 = VERTEX_POINT ( 'NONE', #1504 ) ;
#941 = CARTESIAN_POINT ( 'NONE',  ( 31.50000000000000711, -15.99999999999999289, 129.0000000000000000 ) ) ;
#942 = ORIENTED_EDGE ( 'NONE', *, *, #3672, .F. ) ;
#943 = VECTOR ( 'NONE', #277, 1000.000000000000114 ) ;
#944 = EDGE_CURVE ( 'NONE', #1605, #2418, #5425, .T. ) ;
#945 = LINE ( 'NONE', #1707, #5086 ) ;
#946 = CIRCLE ( 'NONE', #3280, 1.299999999999999156 ) ;
#947 = PLANE ( 'NONE',  #4376 ) ;
#948 = CARTESIAN_POINT ( 'NONE',  ( 0.000000000000000000, 0.000000000000000000, 129.0000000000000000 ) ) ;
#949 = CARTESIAN_POINT ( 'NONE',  ( -11.99999999999999289, -15.99999999999999289, 120.0000000000000000 ) ) ;
#950 = VECTOR ( 'NONE', #5018, 1000.000000000000114 ) ;
#951 = EDGE_CURVE ( 'NONE', #796, #837, #128, .T. ) ;
#952 = EDGE_CURVE ( 'NONE', #3061, #2619, #275, .T. ) ;
#953 = EDGE_CURVE ( 'NONE', #1027, #1010, #1202, .T. ) ;
#954 = DIRECTION ( 'NONE',  ( 0.000000000000000000, 0.7071067811865475727, 0.7071067811865475727 ) ) ;
#955 = MANIFOLD_SOLID_BREP ( '\X2\0412044b044004350437\X0\-\X2\0412044b0442044f043d04430442044c\X0\13', #2901 ) ;
#956 = CARTESIAN_POINT ( 'NONE',  ( -13.00000000000000178, 12.56935403610591884, 95.44047730436517440 ) ) ;
#957 = VECTOR ( 'NONE', #1273, 1000.000000000000000 ) ;
#958 = VECTOR ( 'NONE', #5010, 1000.000000000000000 ) ;
#959 = ORIENTED_EDGE ( 'NONE', *, *, #3539, .F. ) ;
#960 = EDGE_LOOP ( 'NONE', ( #5254, #970 ) ) ;
#961 = DIRECTION ( 'NONE',  ( -1.000000000000000000, 0.000000000000000000, 0.000000000000000000 ) ) ;
#962 = PLANE ( 'NONE',  #2982 ) ;
#963 = VECTOR ( 'NONE', #4778, 1000.000000000000000 ) ;
#964 = EDGE_CURVE ( 'NONE', #3185, #3045, #4928, .T. ) ;
#965 = CIRCLE ( 'NONE', #3299, 1.799999999999929212 ) ;
#966 = CARTESIAN_POINT ( 'NONE',  ( -3.999999999999994671, -15.99999999999999289, 127.9999999999999432 ) ) ;
#967 = ORIENTED_EDGE ( 'NONE', *, *, #1810, .F. ) ;
#968 = CIRCLE ( 'NONE', #4112, 1.299999999999995604 ) ;
#969 = AXIS2_PLACEMENT_3D ( 'NONE', #5053, #4996, #4570 ) ;
#970 = ORIENTED_EDGE ( 'NONE', *, *, #636, .T. ) ;
#971 = CARTESIAN_POINT ( 'NONE',  ( -11.99999999999997868, -15.99999999999999289, 129.0000000000000000 ) ) ;
#972 = CARTESIAN_POINT ( 'NONE',  ( 31.50000000000000711, -10.79999999999999538, 111.4700000000000131 ) ) ;
#973 = LINE ( 'NONE', #553, #1220 ) ;
#974 = ORIENTED_EDGE ( 'NONE', *, *, #3692, .T. ) ;
#975 = DIRECTION ( 'NONE',  ( -0.000000000000000000, 0.8660254037844419273, 0.4999999999999942268 ) ) ;
#976 = ORIENTED_EDGE ( 'NONE', *, *, #1941, .F. ) ;
#977 = EDGE_LOOP ( 'NONE', ( #3310, #2722 ) ) ;
#978 = DIRECTION ( 'NONE',  ( 0.000000000000000000, -0.7071067811865476838, 0.7071067811865474617 ) ) ;
#979 = ORIENTED_EDGE ( 'NONE', *, *, #5208, .T. ) ;
#980 = CARTESIAN_POINT ( 'NONE',  ( -15.00000000000000355, 18.99999999999999645, 88.30117674680055018 ) ) ;
#981 = LINE ( 'NONE', #5140, #238 ) ;
#982 = CARTESIAN_POINT ( 'NONE',  ( 13.00000000000000178, 15.99999999999999645, 95.92005097522067558 ) ) ;
#983 = CARTESIAN_POINT ( 'NONE',  ( -16.00000000000000000, 71.83819027690562109, 41.47579849446656652 ) ) ;
#984 = LINE ( 'NONE', #2606, #331 ) ;
#985 = ORIENTED_EDGE ( 'NONE', *, *, #3825, .T. ) ;
#986 = EDGE_CURVE ( 'NONE', #4484, #3196, #1295, .T. ) ;
#987 = FACE_BOUND ( 'NONE', #2146, .T. ) ;
#988 = CARTESIAN_POINT ( 'NONE',  ( 14.81725989930085241, 23.70000000000001350, 125.6535898384861838 ) ) ;
#989 = PLANE ( 'NONE',  #1667 ) ;
#990 = ORIENTED_EDGE ( 'NONE', *, *, #28, .T. ) ;
#991 = EDGE_CURVE ( 'NONE', #539, #22, #4554, .T. ) ;
#992 = VERTEX_POINT ( 'NONE', #4302 ) ;
#993 = DIRECTION ( 'NONE',  ( 0.000000000000000000, 0.4999999999999830691, -0.8660254037844483666 ) ) ;
#994 = DIRECTION ( 'NONE',  ( -1.000000000000000000, 0.000000000000000000, 0.000000000000000000 ) ) ;
#995 = DIRECTION ( 'NONE',  ( -0.000000000000000000, 0.7071067811865476838, -0.7071067811865474617 ) ) ;
#996 = DIRECTION ( 'NONE',  ( 0.000000000000000000, 0.000000000000000000, -1.000000000000000000 ) ) ;
#997 = EDGE_LOOP ( 'NONE', ( #2779, #3585, #3663, #4747 ) ) ;
#998 = ADVANCED_FACE ( 'NONE', ( #1615 ), #5096, .T. ) ;
#999 = DIRECTION ( 'NONE',  ( 0.000000000000000000, 0.4999999999999947820, -0.8660254037844417052 ) ) ;
#1000 = ORIENTED_EDGE ( 'NONE', *, *, #844, .F. ) ;
#1001 = EDGE_LOOP ( 'NONE', ( #4431, #5176 ) ) ;
#1002 = DIRECTION ( 'NONE',  ( -0.000000000000000000, 0.3826834323650947223, 0.9238795325112846291 ) ) ;
#1003 = EDGE_LOOP ( 'NONE', ( #4235, #3215, #4429, #4237, #591 ) ) ;
#1004 = VECTOR ( 'NONE', #4139, 1000.000000000000000 ) ;
#1005 = DIRECTION ( 'NONE',  ( 0.000000000000000000, 0.000000000000000000, -1.000000000000000000 ) ) ;
#1006 = CARTESIAN_POINT ( 'NONE',  ( 31.50000000000000711, 15.99999999999999645, 129.0000000000000000 ) ) ;
#1007 = CARTESIAN_POINT ( 'NONE',  ( 10.40000000000000568, 15.99999999999999822, 95.92005097522067558 ) ) ;
#1008 = FACE_OUTER_BOUND ( 'NONE', #1097, .T. ) ;
#1009 = PLANE ( 'NONE',  #4916 ) ;
#1010 = VERTEX_POINT ( 'NONE', #453 ) ;
#1011 = DIRECTION ( 'NONE',  ( 0.000000000000000000, 0.000000000000000000, 1.000000000000000000 ) ) ;
#1012 = FACE_OUTER_BOUND ( 'NONE', #3027, .T. ) ;
#1013 = EDGE_CURVE ( 'NONE', #2177, #4798, #387, .T. ) ;
#1014 = DIRECTION ( 'NONE',  ( 0.000000000000000000, 0.8660254037844495878, 0.4999999999999809042 ) ) ;
#1015 = EDGE_LOOP ( 'NONE', ( #1337, #3776, #1723, #2696 ) ) ;
#1016 = ORIENTED_EDGE ( 'NONE', *, *, #3018, .F. ) ;
#1017 = EDGE_LOOP ( 'NONE', ( #3845, #1834, #4664, #632 ) ) ;
#1018 = DIRECTION ( 'NONE',  ( -1.000000000000000000, 0.000000000000000000, 0.000000000000000000 ) ) ;
#1019 = ADVANCED_FACE ( 'NONE', ( #5250 ), #2156, .F. ) ;
#1020 = EDGE_CURVE ( 'NONE', #2362, #2005, #4671, .T. ) ;
#1021 = CIRCLE ( 'NONE', #4714, 1.000000000000000888 ) ;
#1022 = EDGE_CURVE ( 'NONE', #1155, #4010, #2071, .T. ) ;
#1023 = CARTESIAN_POINT ( 'NONE',  ( -8.499999999999992895, -3.699999999999993072, 104.2999999999999972 ) ) ;
#1024 = CARTESIAN_POINT ( 'NONE',  ( -5.000000000000000000, 33.23997894819829924, 102.9553692573718564 ) ) ;
#1025 = ORIENTED_EDGE ( 'NONE', *, *, #1525, .F. ) ;
#1026 = CARTESIAN_POINT ( 'NONE',  ( 23.80000000000000071, -19.00000000000000711, 110.2000000000000028 ) ) ;
#1027 = VERTEX_POINT ( 'NONE', #4243 ) ;
#1028 = CIRCLE ( 'NONE', #5175, 1.300000000000002487 ) ;
#1029 = VECTOR ( 'NONE', #2415, 1000.000000000000000 ) ;
#1030 = EDGE_CURVE ( 'NONE', #5160, #2155, #3957, .T. ) ;
#1031 = CYLINDRICAL_SURFACE ( 'NONE', #2286, 1.000000000000000888 ) ;
#1032 = ORIENTED_EDGE ( 'NONE', *, *, #3055, .T. ) ;
#1033 = DIRECTION ( 'NONE',  ( 0.000000000000000000, 0.000000000000000000, -1.000000000000000000 ) ) ;
#1034 = VECTOR ( 'NONE', #5267, 1000.000000000000000 ) ;
#1035 = CIRCLE ( 'NONE', #5447, 1.300000000000004263 ) ;
#1036 = LINE ( 'NONE', #4471, #1762 ) ;
#1037 = DIRECTION ( 'NONE',  ( 0.000000000000000000, 1.000000000000000000, 0.000000000000000000 ) ) ;
#1038 = AXIS2_PLACEMENT_3D ( 'NONE', #5550, #3941, #24 ) ;
#1039 = LINE ( 'NONE', #3123, #502 ) ;
#1040 = DIRECTION ( 'NONE',  ( -0.000000000000000000, 1.000000000000000000, -0.000000000000000000 ) ) ;
#1041 = ORIENTED_EDGE ( 'NONE', *, *, #5137, .F. ) ;
#1042 = DIRECTION ( 'NONE',  ( 0.7071067811865423547, -0.000000000000000000, 0.7071067811865526798 ) ) ;
#1043 = CARTESIAN_POINT ( 'NONE',  ( -3.999999999999996447, -3.699999999999993072, 108.8000000000000114 ) ) ;
#1044 = CIRCLE ( 'NONE', #5454, 1.000000000000000888 ) ;
#1045 = ORIENTED_EDGE ( 'NONE', *, *, #788, .F. ) ;
#1046 = AXIS2_PLACEMENT_3D ( 'NONE', #3148, #2773, #644 ) ;
#1047 = DIRECTION ( 'NONE',  ( -0.000000000000000000, 0.8660254037844418162, 0.4999999999999945044 ) ) ;
#1048 = ORIENTED_EDGE ( 'NONE', *, *, #2867, .T. ) ;
#1049 = ORIENTED_EDGE ( 'NONE', *, *, #134, .T. ) ;
#1050 = ORIENTED_EDGE ( 'NONE', *, *, #409, .T. ) ;
#1051 = AXIS2_PLACEMENT_3D ( 'NONE', #2970, #334, #1641 ) ;
#1052 = LINE ( 'NONE', #3979, #3814 ) ;
#1053 = VECTOR ( 'NONE', #162, 1000.000000000000000 ) ;
#1054 = ADVANCED_FACE ( 'NONE', ( #5546, #1378, #3793, #2911, #2516, #336 ), #810, .F. ) ;
#1055 = CIRCLE ( 'NONE', #4472, 1.300000000000001599 ) ;
#1056 = AXIS2_PLACEMENT_3D ( 'NONE', #2759, #631, #2333 ) ;
#1057 = PLANE ( 'NONE',  #1056 ) ;
#1058 = ORIENTED_EDGE ( 'NONE', *, *, #1872, .T. ) ;
#1059 = DIRECTION ( 'NONE',  ( -0.000000000000000000, 0.000000000000000000, -1.000000000000000000 ) ) ;
#1060 = ORIENTED_EDGE ( 'NONE', *, *, #3437, .T. ) ;
#1061 = EDGE_CURVE ( 'NONE', #5074, #1801, #3101, .T. ) ;
#1062 = ADVANCED_FACE ( 'NONE', ( #2043 ), #2547, .F. ) ;
#1063 = CARTESIAN_POINT ( 'NONE',  ( -28.69999999999999574, -12.00000000000000000, 0.5000000000000125455 ) ) ;
#1064 = ORIENTED_EDGE ( 'NONE', *, *, #2226, .F. ) ;
#1065 = LINE ( 'NONE', #4841, #2746 ) ;
#1066 = DIRECTION ( 'NONE',  ( 0.000000000000000000, -0.7071067811865486830, -0.7071067811865464625 ) ) ;
#1067 = EDGE_CURVE ( 'NONE', #1279, #3722, #3406, .T. ) ;
#1068 = DIRECTION ( 'NONE',  ( 0.7071067811865474617, -0.000000000000000000, 0.7071067811865474617 ) ) ;
#1069 = LINE ( 'NONE', #2772, #2461 ) ;
#1070 =( BOUNDED_CURVE ( )  B_SPLINE_CURVE ( 3, ( #1584, #3277, #2790, #2398 ),
 .UNSPECIFIED., .F., .F. ) 
 B_SPLINE_CURVE_WITH_KNOTS ( ( 4, 4 ),
 ( 0.000000000000000000, 3.141592653589793116 ),
 .UNSPECIFIED. ) 
 CURVE ( )  GEOMETRIC_REPRESENTATION_ITEM ( )  RATIONAL_B_SPLINE_CURVE ( ( 1.000000000000000000, 0.3333333333333333703, 0.3333333333333333703, 1.000000000000000000 ) ) 
 REPRESENTATION_ITEM ( '' )  );
#1071 = PLANE ( 'NONE',  #1046 ) ;
#1072 = ADVANCED_FACE ( 'NONE', ( #3429, #2973, #3766 ), #4695, .T. ) ;
#1073 = CARTESIAN_POINT ( 'NONE',  ( 31.50000000000000711, -7.499999999999994671, 111.4700000000000131 ) ) ;
#1074 = CARTESIAN_POINT ( 'NONE',  ( -33.50000000000000000, 18.99999999999999645, 0.4000000000000000222 ) ) ;
#1075 = EDGE_LOOP ( 'NONE', ( #3982, #4900, #3038, #3895 ) ) ;
#1076 = DIRECTION ( 'NONE',  ( 1.931763336277068232E-16, 0.000000000000000000, -1.000000000000000000 ) ) ;
#1077 = ORIENTED_EDGE ( 'NONE', *, *, #3306, .F. ) ;
#1078 = VERTEX_POINT ( 'NONE', #5492 ) ;
#1079 = VERTEX_POINT ( 'NONE', #5153 ) ;
#1080 = DIRECTION ( 'NONE',  ( -0.000000000000000000, 1.000000000000000000, -0.000000000000000000 ) ) ;
#1081 = LINE ( 'NONE', #3104, #3488 ) ;
#1082 = EDGE_LOOP ( 'NONE', ( #5545, #1614 ) ) ;
#1083 = CARTESIAN_POINT ( 'NONE',  ( -30.00000000000000000, 12.00000000000000000, 0.5000000000000125455 ) ) ;
#1084 = EDGE_LOOP ( 'NONE', ( #4687, #3140 ) ) ;
#1085 = DIRECTION ( 'NONE',  ( 0.000000000000000000, 0.4999999999999943379, -0.8660254037844418162 ) ) ;
#1086 = ORIENTED_EDGE ( 'NONE', *, *, #3862, .F. ) ;
#1087 = CARTESIAN_POINT ( 'NONE',  ( -30.00000000000000000, -12.00000000000000000, 0.000000000000000000 ) ) ;
#1088 = CARTESIAN_POINT ( 'NONE',  ( -11.99999999999999645, -15.99999999999999289, 108.8000000000000114 ) ) ;
#1089 = CARTESIAN_POINT ( 'NONE',  ( -34.50000000000000000, -19.00000000000000355, 129.0000000000000000 ) ) ;
#1090 = CARTESIAN_POINT ( 'NONE',  ( 5.000000000000000000, 30.41155182345208274, 105.7837963821180551 ) ) ;
#1091 = EDGE_CURVE ( 'NONE', #2709, #2042, #97, .T. ) ;
#1092 = CARTESIAN_POINT ( 'NONE',  ( 32.50000000000000711, -12.64999999999999503, 117.1700000000000159 ) ) ;
#1093 = CARTESIAN_POINT ( 'NONE',  ( -29.19999999999999929, -16.00000000000000000, 98.79999999999998295 ) ) ;
#1094 = CARTESIAN_POINT ( 'NONE',  ( -29.19999999999999929, -17.20000000000000284, 98.79999999999998295 ) ) ;
#1095 = ADVANCED_FACE ( 'NONE', ( #5064 ), #2720, .F. ) ;
#1096 = ORIENTED_EDGE ( 'NONE', *, *, #5043, .T. ) ;
#1097 = EDGE_LOOP ( 'NONE', ( #5386, #1326, #3186, #4336 ) ) ;
#1098 = CARTESIAN_POINT ( 'NONE',  ( 25.50000000000000355, -17.34999999999999076, 123.4000000000000057 ) ) ;
#1099 = ORIENTED_EDGE ( 'NONE', *, *, #1351, .T. ) ;
#1100 = ORIENTED_EDGE ( 'NONE', *, *, #890, .F. ) ;
#1101 = DIRECTION ( 'NONE',  ( -0.000000000000000000, -0.7071067811865476838, 0.7071067811865474617 ) ) ;
#1102 = CARTESIAN_POINT ( 'NONE',  ( -13.00000000000000178, 3.569354036106028083, 111.0289345724851273 ) ) ;
#1103 = DIRECTION ( 'NONE',  ( -0.000000000000000000, -0.7071067811865476838, 0.7071067811865474617 ) ) ;
#1104 = ORIENTED_EDGE ( 'NONE', *, *, #1131, .T. ) ;
#1105 = VERTEX_POINT ( 'NONE', #4219 ) ;
#1106 = ORIENTED_EDGE ( 'NONE', *, *, #3286, .T. ) ;
#1107 = DIRECTION ( 'NONE',  ( 1.000000000000000000, 0.000000000000000000, 0.000000000000000000 ) ) ;
#1108 = DIRECTION ( 'NONE',  ( 0.000000000000000000, -1.000000000000000000, 0.000000000000000000 ) ) ;
#1109 = DIRECTION ( 'NONE',  ( 0.000000000000000000, 0.000000000000000000, 1.000000000000000000 ) ) ;
#1110 = FACE_OUTER_BOUND ( 'NONE', #3759, .T. ) ;
#1111 = VECTOR ( 'NONE', #4728, 1000.000000000000000 ) ;
#1112 = CARTESIAN_POINT ( 'NONE',  ( -30.00000000000000000, 12.00000000000000000, 0.5000000000000125455 ) ) ;
#1113 = ADVANCED_FACE ( 'NONE', ( #2276 ), #118, .F. ) ;
#1114 = FACE_OUTER_BOUND ( 'NONE', #4764, .T. ) ;
#1115 = AXIS2_PLACEMENT_3D ( 'NONE', #813, #697, #1616 ) ;
#1116 = CARTESIAN_POINT ( 'NONE',  ( -25.50000000000000355, 19.00000000000000000, 125.0000000000000000 ) ) ;
#1117 = CYLINDRICAL_SURFACE ( 'NONE', #2751, 1.599999999999990319 ) ;
#1118 = EDGE_CURVE ( 'NONE', #4590, #1418, #3718, .T. ) ;
#1119 = EDGE_CURVE ( 'NONE', #1309, #2811, #3159, .T. ) ;
#1120 = DIRECTION ( 'NONE',  ( -0.000000000000000000, -1.000000000000000000, -0.000000000000000000 ) ) ;
#1121 = VECTOR ( 'NONE', #911, 1000.000000000000000 ) ;
#1122 = VECTOR ( 'NONE', #5272, 1000.000000000000000 ) ;
#1123 = EDGE_CURVE ( 'NONE', #4681, #1554, #2726, .T. ) ;
#1124 = VERTEX_POINT ( 'NONE', #5391 ) ;
#1125 = ORIENTED_EDGE ( 'NONE', *, *, #2623, .T. ) ;
#1126 = LINE ( 'NONE', #3135, #3384 ) ;
#1127 = VECTOR ( 'NONE', #382, 999.9999999999998863 ) ;
#1128 = DIRECTION ( 'NONE',  ( -1.000000000000000000, 0.000000000000000000, 0.000000000000000000 ) ) ;
#1129 = ORIENTED_EDGE ( 'NONE', *, *, #3409, .F. ) ;
#1130 = DIRECTION ( 'NONE',  ( 0.000000000000000000, 1.000000000000000000, 0.000000000000000000 ) ) ;
#1131 = EDGE_CURVE ( 'NONE', #4796, #1105, #3541, .T. ) ;
#1132 = CARTESIAN_POINT ( 'NONE',  ( -12.99999999999999822, -15.99999999999999289, 107.8000000000000114 ) ) ;
#1133 = LINE ( 'NONE', #2417, #5379 ) ;
#1134 = EDGE_LOOP ( 'NONE', ( #5560, #5389, #3448, #3303 ) ) ;
#1135 = VECTOR ( 'NONE', #2406, 999.9999999999998863 ) ;
#1136 = DIRECTION ( 'NONE',  ( -1.000000000000000000, -0.000000000000000000, -0.000000000000000000 ) ) ;
#1137 = VERTEX_POINT ( 'NONE', #1860 ) ;
#1138 = AXIS2_PLACEMENT_3D ( 'NONE', #2877, #775, #3789 ) ;
#1139 = ORIENTED_EDGE ( 'NONE', *, *, #371, .T. ) ;
#1140 = CARTESIAN_POINT ( 'NONE',  ( 0.000000000000000000, -37.68612227933303416, 37.68612227933314074 ) ) ;
#1141 = CARTESIAN_POINT ( 'NONE',  ( 5.000000000000000000, 29.13875961731633168, 104.5110041759823218 ) ) ;
#1142 = CARTESIAN_POINT ( 'NONE',  ( -32.20000000000001705, -17.20000000000000284, 6.000000000000000000 ) ) ;
#1143 = CARTESIAN_POINT ( 'NONE',  ( 30.00000000000000000, 12.00000000000000000, 6.000000000000000000 ) ) ;
#1144 = ORIENTED_EDGE ( 'NONE', *, *, #3578, .F. ) ;
#1145 = DIRECTION ( 'NONE',  ( 0.000000000000000000, -1.000000000000000000, 0.000000000000000000 ) ) ;
#1146 = DIRECTION ( 'NONE',  ( 1.000000000000000000, 0.000000000000000000, 0.000000000000000000 ) ) ;
#1147 = LINE ( 'NONE', #5067, #1135 ) ;
#1148 = DIRECTION ( 'NONE',  ( 1.000000000000000000, -1.561205170789834717E-16, 0.000000000000000000 ) ) ;
#1149 = LINE ( 'NONE', #2466, #1445 ) ;
#1150 = ORIENTED_EDGE ( 'NONE', *, *, #2153, .T. ) ;
#1151 = ORIENTED_EDGE ( 'NONE', *, *, #2343, .F. ) ;
#1152 = DIRECTION ( 'NONE',  ( -0.000000000000000000, 1.000000000000000000, -0.000000000000000000 ) ) ;
#1153 = EDGE_CURVE ( 'NONE', #1242, #3133, #3187, .T. ) ;
#1154 = FACE_BOUND ( 'NONE', #4662, .T. ) ;
#1155 = VERTEX_POINT ( 'NONE', #3220 ) ;
#1156 = DIRECTION ( 'NONE',  ( -0.6947465906068636121, -0.3596272983381935129, 0.6228927525105032448 ) ) ;
#1157 = DIRECTION ( 'NONE',  ( -1.000000000000000000, 0.000000000000000000, -0.000000000000000000 ) ) ;
#1158 = ADVANCED_FACE ( 'NONE', ( #3608 ), #5305, .F. ) ;
#1159 = DIRECTION ( 'NONE',  ( -1.000000000000000000, -0.000000000000000000, -0.000000000000000000 ) ) ;
#1160 = ORIENTED_EDGE ( 'NONE', *, *, #5392, .T. ) ;
#1161 = CARTESIAN_POINT ( 'NONE',  ( -5.000000000000000000, 31.68434402958784801, 106.3494818070673205 ) ) ;
#1162 = ORIENTED_EDGE ( 'NONE', *, *, #1635, .T. ) ;
#1163 = ORIENTED_EDGE ( 'NONE', *, *, #63, .T. ) ;
#1164 = CARTESIAN_POINT ( 'NONE',  ( -25.50000000000000355, 19.00000000000000000, 125.0000000000000000 ) ) ;
#1165 = ADVANCED_FACE ( 'NONE', ( #630 ), #2758, .T. ) ;
#1166 = DIRECTION ( 'NONE',  ( -0.000000000000000000, -1.000000000000000000, -0.000000000000000000 ) ) ;
#1167 = CARTESIAN_POINT ( 'NONE',  ( 13.00000000000000178, 34.21698729810766082, 106.4376334956069599 ) ) ;
#1168 = LINE ( 'NONE', #4217, #4198 ) ;
#1169 = ORIENTED_EDGE ( 'NONE', *, *, #1866, .F. ) ;
#1170 = APPLICATION_CONTEXT ( 'automotive_design' ) ;
#1171 = DIRECTION ( 'NONE',  ( 0.000000000000000000, 0.000000000000000000, -1.000000000000000000 ) ) ;
#1172 = DIRECTION ( 'NONE',  ( 0.000000000000000000, 0.000000000000000000, 1.000000000000000000 ) ) ;
#1173 = CARTESIAN_POINT ( 'NONE',  ( -15.00000000000000000, 19.99999999999999645, 126.0000000000000000 ) ) ;
#1174 = CARTESIAN_POINT ( 'NONE',  ( -9.000000000000001776, 28.64378487048572097, 104.0160294291517005 ) ) ;
#1175 = DIRECTION ( 'NONE',  ( 0.000000000000000000, 0.000000000000000000, 1.000000000000000000 ) ) ;
#1176 = ORIENTED_EDGE ( 'NONE', *, *, #3471, .F. ) ;
#1177 = DIRECTION ( 'NONE',  ( 0.000000000000000000, 0.4999999999999830691, -0.8660254037844483666 ) ) ;
#1178 = CARTESIAN_POINT ( 'NONE',  ( 14.81725989930085419, 23.35358983848608716, 125.4535898384861241 ) ) ;
#1179 = CIRCLE ( 'NONE', #831, 3.250000000000002665 ) ;
#1180 = ORIENTED_EDGE ( 'NONE', *, *, #1602, .T. ) ;
#1181 = ORIENTED_EDGE ( 'NONE', *, *, #552, .T. ) ;
#1182 = DIRECTION ( 'NONE',  ( 0.000000000000000000, -0.7071067811865510144, -0.7071067811865441310 ) ) ;
#1183 = DIRECTION ( 'NONE',  ( 0.000000000000000000, 0.4999999999999959477, -0.8660254037844410391 ) ) ;
#1184 = EDGE_CURVE ( 'NONE', #3217, #2424, #2311, .T. ) ;
#1185 = CARTESIAN_POINT ( 'NONE',  ( 26.50000000000000355, 15.99999999999999645, 129.0000000000000000 ) ) ;
#1186 = ORIENTED_EDGE ( 'NONE', *, *, #1200, .T. ) ;
#1187 = ORIENTED_EDGE ( 'NONE', *, *, #1123, .T. ) ;
#1188 = EDGE_CURVE ( 'NONE', #1441, #4561, #1052, .T. ) ;
#1189 = EDGE_CURVE ( 'NONE', #564, #1554, #4510, .T. ) ;
#1190 = ADVANCED_FACE ( 'NONE', ( #4399 ), #150, .T. ) ;
#1191 = ORIENTED_EDGE ( 'NONE', *, *, #2050, .F. ) ;
#1192 = CARTESIAN_POINT ( 'NONE',  ( 31.50000000000000711, -15.99999999999999289, 6.000000000000005329 ) ) ;
#1193 = ORIENTED_EDGE ( 'NONE', *, *, #5405, .T. ) ;
#1194 = CARTESIAN_POINT ( 'NONE',  ( 33.33431457505074746, -18.60000000000000142, 0.000000000000000000 ) ) ;
#1195 = DIRECTION ( 'NONE',  ( 8.659560562354927928E-17, 0.9659258262890625391, -0.2588190451025417227 ) ) ;
#1196 = DIRECTION ( 'NONE',  ( 0.000000000000000000, 1.000000000000000000, -0.000000000000000000 ) ) ;
#1197 = ORIENTED_EDGE ( 'NONE', *, *, #925, .T. ) ;
#1198 = CARTESIAN_POINT ( 'NONE',  ( -8.499999999999992895, -4.200000000000028599, 104.2999999999999972 ) ) ;
#1199 = VECTOR ( 'NONE', #3991, 1000.000000000000000 ) ;
#1200 = EDGE_CURVE ( 'NONE', #1863, #556, #1436, .T. ) ;
#1201 = DIRECTION ( 'NONE',  ( -2.001604010742468037E-16, 0.7071067811865486830, 0.7071067811865464625 ) ) ;
#1202 = CIRCLE ( 'NONE', #1912, 3.500000000000003109 ) ;
#1203 = LINE ( 'NONE', #2073, #869 ) ;
#1204 = AXIS2_PLACEMENT_3D ( 'NONE', #4911, #176, #993 ) ;
#1205 = PLANE ( 'NONE',  #2182 ) ;
#1206 = DIRECTION ( 'NONE',  ( -1.000000000000000000, 0.000000000000000000, 0.000000000000000000 ) ) ;
#1207 = AXIS2_PLACEMENT_3D ( 'NONE', #5279, #1410, #603 ) ;
#1208 = DIRECTION ( 'NONE',  ( 0.6546536707079774198, -0.3779644730092262539, 0.6546536707079774198 ) ) ;
#1209 = CARTESIAN_POINT ( 'NONE',  ( -62.50000000000002842, -3.699999999999993072, 62.49999999999911893 ) ) ;
#1210 = ORIENTED_EDGE ( 'NONE', *, *, #4220, .T. ) ;
#1211 = AXIS2_PLACEMENT_3D ( 'NONE', #2948, #5038, #1172 ) ;
#1212 = VERTEX_POINT ( 'NONE', #2252 ) ;
#1213 = FACE_BOUND ( 'NONE', #3324, .T. ) ;
#1214 = DIRECTION ( 'NONE',  ( -0.7071067811865474617, -0.000000000000000000, 0.7071067811865474617 ) ) ;
#1215 = VECTOR ( 'NONE', #740, 1000.000000000000000 ) ;
#1216 = DIRECTION ( 'NONE',  ( -1.000000000000000000, 0.000000000000000000, 0.000000000000000000 ) ) ;
#1217 = ORIENTED_EDGE ( 'NONE', *, *, #2452, .T. ) ;
#1218 = EDGE_LOOP ( 'NONE', ( #678, #269, #5420, #705 ) ) ;
#1219 = EDGE_CURVE ( 'NONE', #3426, #4798, #2359, .T. ) ;
#1220 = VECTOR ( 'NONE', #100, 1000.000000000000000 ) ;
#1221 = VECTOR ( 'NONE', #1208, 1000.000000000000000 ) ;
#1223 = CARTESIAN_POINT ( 'NONE',  ( -13.00000000000000178, 32.91698729810770629, 108.6892995454465307 ) ) ;
#1222 = AXIS2_PLACEMENT_3D ( 'NONE', #4618, #757, #4202 ) ;
#1224 = VECTOR ( 'NONE', #218, 1000.000000000000000 ) ;
#1225 = CARTESIAN_POINT ( 'NONE',  ( 9.000000000000001776, 28.64378487048572097, 104.0160294291517005 ) ) ;
#1226 = LINE ( 'NONE', #4133, #1764 ) ;
#1227 = EDGE_CURVE ( 'NONE', #2386, #1703, #1647, .T. ) ;
#1228 = DIRECTION ( 'NONE',  ( 0.000000000000000000, 0.000000000000000000, -1.000000000000000000 ) ) ;
#1229 = EDGE_LOOP ( 'NONE', ( #3399, #2995, #4127, #1730 ) ) ;
#1230 = ADVANCED_FACE ( 'NONE', ( #4453 ), #3554, .F. ) ;
#1231 = DIRECTION ( 'NONE',  ( 0.000000000000000000, 1.000000000000000000, 0.000000000000000000 ) ) ;
#1232 = VECTOR ( 'NONE', #3649, 1000.000000000000114 ) ;
#1233 = VECTOR ( 'NONE', #1895, 1000.000000000000000 ) ;
#1234 = CARTESIAN_POINT ( 'NONE',  ( -8.499999999999992895, -15.99999999999999289, 104.2999999999999972 ) ) ;
#1235 = FACE_OUTER_BOUND ( 'NONE', #2589, .T. ) ;
#1236 = AXIS2_PLACEMENT_3D ( 'NONE', #415, #5284, #608 ) ;
#1237 = ADVANCED_FACE ( 'NONE', ( #3134, #4857 ), #4207, .F. ) ;
#1238 = VECTOR ( 'NONE', #412, 1000.000000000000000 ) ;
#1239 = CARTESIAN_POINT ( 'NONE',  ( 13.00000000000000178, 3.569354036106028083, 111.0289345724851273 ) ) ;
#1240 = CARTESIAN_POINT ( 'NONE',  ( 25.50000000000000355, -19.00000000000000711, 125.0000000000000000 ) ) ;
#1241 = ORIENTED_EDGE ( 'NONE', *, *, #4193, .F. ) ;
#1242 = VERTEX_POINT ( 'NONE', #349 ) ;
#1243 = CYLINDRICAL_SURFACE ( 'NONE', #4642, 1.599999999999990319 ) ;
#1244 = EDGE_CURVE ( 'NONE', #1608, #4419, #799, .T. ) ;
#1245 = DIRECTION ( 'NONE',  ( 0.7071067811865475727, 0.000000000000000000, -0.7071067811865475727 ) ) ;
#1246 = ORIENTED_EDGE ( 'NONE', *, *, #3857, .T. ) ;
#1247 = EDGE_LOOP ( 'NONE', ( #1241, #1657, #5029, #4765 ) ) ;
#1248 = CARTESIAN_POINT ( 'NONE',  ( 31.50000000000000711, 15.99999999999999645, 6.000000000000005329 ) ) ;
#1249 = DIRECTION ( 'NONE',  ( 0.000000000000000000, 0.000000000000000000, -1.000000000000000000 ) ) ;
#1250 = CARTESIAN_POINT ( 'NONE',  ( 32.20000000000000284, -17.20000000000000284, 6.000000000000002665 ) ) ;
#1251 = ORIENTED_EDGE ( 'NONE', *, *, #3414, .F. ) ;
#1252 = ORIENTED_EDGE ( 'NONE', *, *, #991, .T. ) ;
#1253 = EDGE_LOOP ( 'NONE', ( #3614, #5171 ) ) ;
#1254 = DIRECTION ( 'NONE',  ( 0.000000000000000000, 0.000000000000000000, -1.000000000000000000 ) ) ;
#1255 = PLANE ( 'NONE',  #3308 ) ;
#1256 = ORIENTED_EDGE ( 'NONE', *, *, #4264, .T. ) ;
#1257 = DIRECTION ( 'NONE',  ( 0.000000000000000000, 0.4999999999999941713, -0.8660254037844420383 ) ) ;
#1258 = VERTEX_POINT ( 'NONE', #5481 ) ;
#1259 = DIRECTION ( 'NONE',  ( 0.000000000000000000, -1.000000000000000000, 0.000000000000000000 ) ) ;
#1260 = DIRECTION ( 'NONE',  ( 0.000000000000000000, -0.000000000000000000, -1.000000000000000000 ) ) ;
#1261 = DIRECTION ( 'NONE',  ( 0.000000000000000000, -0.7071067811865485719, -0.7071067811865465735 ) ) ;
#1262 = DIRECTION ( 'NONE',  ( 0.000000000000000000, -1.000000000000000000, 0.000000000000000000 ) ) ;
#1263 = CARTESIAN_POINT ( 'NONE',  ( -11.99999999999999645, -3.699999999999993072, 99.79999999999999716 ) ) ;
#1264 = EDGE_CURVE ( 'NONE', #4398, #1548, #2909, .T. ) ;
#1265 = ADVANCED_FACE ( 'NONE', ( #5503 ), #2083, .F. ) ;
#1266 = CARTESIAN_POINT ( 'NONE',  ( -5.000000000000000000, 30.41155182345208630, 105.7837963821180551 ) ) ;
#1267 = DIRECTION ( 'NONE',  ( 0.000000000000000000, 0.000000000000000000, 1.000000000000000000 ) ) ;
#1268 = DIRECTION ( 'NONE',  ( 0.000000000000000000, 0.000000000000000000, -1.000000000000000000 ) ) ;
#1269 = EDGE_LOOP ( 'NONE', ( #2165, #379, #2864, #1696 ) ) ;
#1270 = CARTESIAN_POINT ( 'NONE',  ( -13.00000000000000178, 33.99999999999987921, 107.8134665205267169 ) ) ;
#1271 = FACE_OUTER_BOUND ( 'NONE', #442, .T. ) ;
#1272 = EDGE_CURVE ( 'NONE', #5160, #4373, #3373, .T. ) ;
#1273 = DIRECTION ( 'NONE',  ( -1.931763336277068232E-16, 0.000000000000000000, 1.000000000000000000 ) ) ;
#1274 = ORIENTED_EDGE ( 'NONE', *, *, #302, .T. ) ;
#1275 = ORIENTED_EDGE ( 'NONE', *, *, #2120, .T. ) ;
#1276 = ORIENTED_EDGE ( 'NONE', *, *, #1713, .T. ) ;
#1277 = CARTESIAN_POINT ( 'NONE',  ( -12.99999999999999822, -15.99999999999999289, 100.7999999999999972 ) ) ;
#1278 = CARTESIAN_POINT ( 'NONE',  ( 23.80000000000000071, -15.99999999999999289, 109.2000000000000028 ) ) ;
#1279 = VERTEX_POINT ( 'NONE', #734 ) ;
#1280 = CARTESIAN_POINT ( 'NONE',  ( 25.50000000000000355, 35.49999999999985789, 126.5999999999999943 ) ) ;
#1281 = ORIENTED_EDGE ( 'NONE', *, *, #1678, .T. ) ;
#1282 = DIRECTION ( 'NONE',  ( 0.000000000000000000, -0.7071067811865499042, -0.7071067811865451302 ) ) ;
#1283 = PLANE ( 'NONE',  #2467 ) ;
#1284 = DIRECTION ( 'NONE',  ( 0.000000000000000000, 0.000000000000000000, -1.000000000000000000 ) ) ;
#1285 = CARTESIAN_POINT ( 'NONE',  ( -9.000000000000001776, 18.99999999999999645, 92.95803099629280553 ) ) ;
#1286 = EDGE_CURVE ( 'NONE', #2786, #1258, #1543, .T. ) ;
#1287 = AXIS2_PLACEMENT_3D ( 'NONE', #1266, #4761, #1343 ) ;
#1288 = CARTESIAN_POINT ( 'NONE',  ( 32.50000000000000711, -5.649999999999995026, 117.1700000000000159 ) ) ;
#1289 = CARTESIAN_POINT ( 'NONE',  ( -5.000000000000000000, 31.68434402958784091, 107.0565885882538169 ) ) ;
#1290 = FACE_OUTER_BOUND ( 'NONE', #2171, .T. ) ;
#1291 = EDGE_CURVE ( 'NONE', #4060, #5083, #3753, .T. ) ;
#1292 = VERTEX_POINT ( 'NONE', #3270 ) ;
#1293 = EDGE_CURVE ( 'NONE', #5083, #1137, #4568, .T. ) ;
#1294 = DIRECTION ( 'NONE',  ( 0.000000000000000000, 0.000000000000000000, -1.000000000000000000 ) ) ;
#1295 = CIRCLE ( 'NONE', #399, 1.599999999999990319 ) ;
#1296 = EDGE_CURVE ( 'NONE', #4681, #5248, #4993, .T. ) ;
#1297 = DIRECTION ( 'NONE',  ( -0.000000000000000000, -1.000000000000000000, -0.000000000000000000 ) ) ;
#1298 = AXIS2_PLACEMENT_3D ( 'NONE', #1767, #1735, #5136 ) ;
#1299 = CARTESIAN_POINT ( 'NONE',  ( -33.50000000000000000, -19.00000000000000355, 129.0000000000000000 ) ) ;
#1300 = EDGE_LOOP ( 'NONE', ( #3634, #38 ) ) ;
#1301 = ADVANCED_FACE ( 'NONE', ( #2443 ), #322, .F. ) ;
#1302 = ORIENTED_EDGE ( 'NONE', *, *, #3358, .F. ) ;
#1303 = EDGE_LOOP ( 'NONE', ( #5230, #514, #4892, #2800 ) ) ;
#1304 = AXIS2_PLACEMENT_3D ( 'NONE', #4785, #3431, #422 ) ;
#1305 = CONICAL_SURFACE ( 'NONE', #4541, 1.299999999999998046, 0.7853981633974479459 ) ;
#1306 = ORIENTED_EDGE ( 'NONE', *, *, #4757, .T. ) ;
#1307 = DIRECTION ( 'NONE',  ( -1.000000000000000000, -0.000000000000000000, -0.000000000000000000 ) ) ;
#1308 = DIRECTION ( 'NONE',  ( 1.000000000000000000, -1.415347769246190128E-16, -1.415347769246190621E-16 ) ) ;
#1309 = VERTEX_POINT ( 'NONE', #4592 ) ;
#1310 = CIRCLE ( 'NONE', #3111, 1.299999999999998046 ) ;
#1311 = CARTESIAN_POINT ( 'NONE',  ( 33.99999999999990052, -12.64999999999999503, 117.1700000000000159 ) ) ;
#1312 = ORIENTED_EDGE ( 'NONE', *, *, #5536, .T. ) ;
#1313 = CIRCLE ( 'NONE', #1936, 1.799999999999982059 ) ;
#1314 = AXIS2_PLACEMENT_3D ( 'NONE', #1770, #4819, #2662 ) ;
#1315 = LINE ( 'NONE', #85, #1835 ) ;
#1316 = DIRECTION ( 'NONE',  ( 0.6546536707079781969, 0.3779644730092237004, -0.6546536707079781969 ) ) ;
#1317 = VECTOR ( 'NONE', #4496, 1000.000000000000114 ) ;
#1318 = CONICAL_SURFACE ( 'NONE', #4467, 3.500000000000003109, 0.7853981633974415066 ) ;
#1319 = LINE ( 'NONE', #3410, #4437 ) ;
#1320 = VECTOR ( 'NONE', #3195, 1000.000000000000000 ) ;
#1321 = CARTESIAN_POINT ( 'NONE',  ( -32.20000000000000284, -19.00000000000000355, 101.7999999999999829 ) ) ;
#1322 = AXIS2_PLACEMENT_3D ( 'NONE', #3222, #4886, #2729 ) ;
#1323 = VERTEX_POINT ( 'NONE', #5049 ) ;
#1324 = DIRECTION ( 'NONE',  ( -0.000000000000000000, 0.8660254037844420383, 0.4999999999999942824 ) ) ;
#1325 = ORIENTED_EDGE ( 'NONE', *, *, #4354, .F. ) ;
#1326 = ORIENTED_EDGE ( 'NONE', *, *, #735, .F. ) ;
#1327 = DIRECTION ( 'NONE',  ( 0.000000000000000000, 0.000000000000000000, 1.000000000000000000 ) ) ;
#1328 = EDGE_CURVE ( 'NONE', #3682, #3647, #5445, .T. ) ;
#1329 = PLANE ( 'NONE',  #2079 ) ;
#1330 = CARTESIAN_POINT ( 'NONE',  ( -15.59999999999999609, 15.99999999999999822, 119.7068820658331703 ) ) ;
#1331 = ORIENTED_EDGE ( 'NONE', *, *, #5335, .T. ) ;
#1332 = VERTEX_POINT ( 'NONE', #1132 ) ;
#1333 = EDGE_CURVE ( 'NONE', #4398, #3050, #2894, .T. ) ;
#1334 = ORIENTED_EDGE ( 'NONE', *, *, #2284, .F. ) ;
#1335 = LINE ( 'NONE', #411, #2201 ) ;
#1336 = CARTESIAN_POINT ( 'NONE',  ( 2.500000000000001332, 33.23997894819829213, 108.6122235068642539 ) ) ;
#1337 = ORIENTED_EDGE ( 'NONE', *, *, #1067, .F. ) ;
#1338 = FACE_BOUND ( 'NONE', #5325, .T. ) ;
#1339 = ORIENTED_EDGE ( 'NONE', *, *, #1985, .F. ) ;
#1340 = EDGE_CURVE ( 'NONE', #2631, #653, #4623, .T. ) ;
#1341 = DIRECTION ( 'NONE',  ( 1.000000000000000000, 0.000000000000000000, -0.000000000000000000 ) ) ;
#1342 = LINE ( 'NONE', #3040, #4279 ) ;
#1343 = DIRECTION ( 'NONE',  ( 0.000000000000000000, -0.7071067811865485719, -0.7071067811865465735 ) ) ;
#1344 = DIRECTION ( 'NONE',  ( -0.7071067811865474617, 0.7071067811865474617, 0.000000000000000000 ) ) ;
#1345 = ORIENTED_EDGE ( 'NONE', *, *, #4255, .T. ) ;
#1346 = CARTESIAN_POINT ( 'NONE',  ( 9.000000000000001776, 15.99999999999999289, 92.95803099629280553 ) ) ;
#1347 = DIRECTION ( 'NONE',  ( 0.000000000000000000, 0.000000000000000000, -1.000000000000000000 ) ) ;
#1348 = DIRECTION ( 'NONE',  ( 0.000000000000000000, 0.000000000000000000, 1.000000000000000000 ) ) ;
#1349 = ORIENTED_EDGE ( 'NONE', *, *, #1013, .F. ) ;
#1350 = VERTEX_POINT ( 'NONE', #1571 ) ;
#1351 = EDGE_CURVE ( 'NONE', #4681, #2128, #2927, .T. ) ;
#1352 = ORIENTED_EDGE ( 'NONE', *, *, #3048, .T. ) ;
#1353 = LINE ( 'NONE', #1381, #327 ) ;
#1354 = DIRECTION ( 'NONE',  ( 0.000000000000000000, 0.000000000000000000, 1.000000000000000000 ) ) ;
#1355 = ORIENTED_EDGE ( 'NONE', *, *, #4331, .T. ) ;
#1356 = LINE ( 'NONE', #1755, #4108 ) ;
#1357 = ORIENTED_EDGE ( 'NONE', *, *, #5480, .F. ) ;
#1358 = VECTOR ( 'NONE', #2828, 1000.000000000000000 ) ;
#1359 = EDGE_CURVE ( 'NONE', #1605, #4462, #2807, .T. ) ;
#1360 = ADVANCED_FACE ( 'NONE', ( #2389 ), #288, .F. ) ;
#1361 = EDGE_CURVE ( 'NONE', #5020, #689, #1651, .T. ) ;
#1362 = DIRECTION ( 'NONE',  ( -1.000000000000000000, 0.000000000000000000, 0.000000000000000000 ) ) ;
#1363 = CARTESIAN_POINT ( 'NONE',  ( 25.50000000000000355, 19.00000000000000000, 128.2500000000000000 ) ) ;
#1364 = EDGE_CURVE ( 'NONE', #2086, #2803, #2559, .T. ) ;
#1365 = PLANE ( 'NONE',  #2895 ) ;
#1366 = DIRECTION ( 'NONE',  ( 8.659560562354881089E-17, -6.050715484207101568E-15, 1.000000000000000000 ) ) ;
#1367 = CIRCLE ( 'NONE', #2992, 3.500000000000003109 ) ;
#1368 = DIRECTION ( 'NONE',  ( 0.000000000000000000, -3.043374519257565890E-16, -1.000000000000000000 ) ) ;
#1369 = EDGE_LOOP ( 'NONE', ( #4322, #115, #1461, #376 ) ) ;
#1370 = DIRECTION ( 'NONE',  ( 0.000000000000000000, 0.000000000000000000, -1.000000000000000000 ) ) ;
#1371 = LINE ( 'NONE', #5324, #5414 ) ;
#1372 = VECTOR ( 'NONE', #2102, 1000.000000000000114 ) ;
#1373 = VECTOR ( 'NONE', #361, 1000.000000000000000 ) ;
#1374 = DIRECTION ( 'NONE',  ( 0.000000000000000000, -1.000000000000000000, 0.000000000000000000 ) ) ;
#1375 = ORIENTED_EDGE ( 'NONE', *, *, #2457, .F. ) ;
#1376 = ORIENTED_EDGE ( 'NONE', *, *, #5019, .T. ) ;
#1377 = VERTEX_POINT ( 'NONE', #2144 ) ;
#1378 = FACE_BOUND ( 'NONE', #676, .T. ) ;
#1379 = AXIS2_PLACEMENT_3D ( 'NONE', #4231, #2058, #374 ) ;
#1380 = VECTOR ( 'NONE', #2143, 1000.000000000000000 ) ;
#1381 = CARTESIAN_POINT ( 'NONE',  ( 25.50000000000000355, 19.00000000000000000, 128.2500000000000000 ) ) ;
#1382 = DIRECTION ( 'NONE',  ( -0.000000000000000000, 0.7071067811865451302, -0.7071067811865499042 ) ) ;
#1383 = ORIENTED_EDGE ( 'NONE', *, *, #1988, .T. ) ;
#1384 = FACE_BOUND ( 'NONE', #2352, .T. ) ;
#1385 = EDGE_LOOP ( 'NONE', ( #2384, #3126, #4332, #3874, #3504, #1826, #3456, #4281 ) ) ;
#1386 = VECTOR ( 'NONE', #3492, 1000.000000000000000 ) ;
#1387 = LINE ( 'NONE', #160, #858 ) ;
#1388 = VECTOR ( 'NONE', #4297, 1000.000000000000114 ) ;
#1389 = CARTESIAN_POINT ( 'NONE',  ( -30.00000000000000000, -12.00000000000000000, 0.5000000000000125455 ) ) ;
#1390 = FACE_OUTER_BOUND ( 'NONE', #486, .T. ) ;
#1391 = CARTESIAN_POINT ( 'NONE',  ( 25.50000000000000355, 15.99999999999999645, 123.4000000000000057 ) ) ;
#1392 = AXIS2_PLACEMENT_3D ( 'NONE', #3967, #4227, #3441 ) ;
#1393 = VECTOR ( 'NONE', #485, 1000.000000000000114 ) ;
#1394 = FACE_OUTER_BOUND ( 'NONE', #3674, .T. ) ;
#1395 = EDGE_CURVE ( 'NONE', #1937, #1888, #518, .T. ) ;
#1396 = LINE ( 'NONE', #3125, #5456 ) ;
#1397 = VECTOR ( 'NONE', #4894, 1000.000000000000114 ) ;
#1398 = CIRCLE ( 'NONE', #1758, 1.300000000000002487 ) ;
#1399 = ORIENTED_EDGE ( 'NONE', *, *, #5294, .T. ) ;
#1400 = LINE ( 'NONE', #5322, #1122 ) ;
#1401 = EDGE_CURVE ( 'NONE', #292, #3366, #438, .T. ) ;
#1402 = FACE_OUTER_BOUND ( 'NONE', #1444, .T. ) ;
#1403 = VECTOR ( 'NONE', #2002, 1000.000000000000000 ) ;
#1404 = VECTOR ( 'NONE', #5421, 1000.000000000000000 ) ;
#1405 = ADVANCED_FACE ( 'NONE', ( #2986 ), #3072, .F. ) ;
#1406 = DIRECTION ( 'NONE',  ( 1.000000000000000000, -0.000000000000000000, -0.000000000000000000 ) ) ;
#1407 = VERTEX_POINT ( 'NONE', #905 ) ;
#1408 = ORIENTED_EDGE ( 'NONE', *, *, #6, .F. ) ;
#1409 = ORIENTED_EDGE ( 'NONE', *, *, #5052, .F. ) ;
#1410 = DIRECTION ( 'NONE',  ( -1.000000000000000000, -0.000000000000000000, 0.000000000000000000 ) ) ;
#1411 = CARTESIAN_POINT ( 'NONE',  ( 5.000000000000000000, 31.68434402958784801, 106.3494818070673205 ) ) ;
#1412 = FACE_OUTER_BOUND ( 'NONE', #3402, .T. ) ;
#1413 = ORIENTED_EDGE ( 'NONE', *, *, #3192, .F. ) ;
#1414 = DIRECTION ( 'NONE',  ( -1.000000000000000000, 0.000000000000000000, 0.000000000000000000 ) ) ;
#1415 = ORIENTED_EDGE ( 'NONE', *, *, #3055, .F. ) ;
#1416 = ORIENTED_EDGE ( 'NONE', *, *, #4020, .F. ) ;
#1417 = LINE ( 'NONE', #3167, #323 ) ;
#1418 = VERTEX_POINT ( 'NONE', #3472 ) ;
#1419 = CARTESIAN_POINT ( 'NONE',  ( -8.499999999999992895, -19.00000000000000711, 114.4000000000000057 ) ) ;
#1420 = CARTESIAN_POINT ( 'NONE',  ( 34.10000000000000853, 17.83431457505075457, 0.000000000000000000 ) ) ;
#1421 = DIRECTION ( 'NONE',  ( -0.000000000000000000, 1.000000000000000000, -0.000000000000000000 ) ) ;
#1422 = DIRECTION ( 'NONE',  ( 1.945377231826550998E-16, 1.000000000000000000, 0.000000000000000000 ) ) ;
#1423 = CARTESIAN_POINT ( 'NONE',  ( 32.50000000000000711, -7.499999999999994671, 117.1700000000000017 ) ) ;
#1424 = ORIENTED_EDGE ( 'NONE', *, *, #3631, .F. ) ;
#1425 = ORIENTED_EDGE ( 'NONE', *, *, #2625, .T. ) ;
#1426 = DIRECTION ( 'NONE',  ( -0.6947465906068636121, -0.3596272983381935129, 0.6228927525105032448 ) ) ;
#1427 = EDGE_CURVE ( 'NONE', #1079, #1937, #3419, .T. ) ;
#1428 = ADVANCED_FACE ( 'NONE', ( #5195 ), #1329, .T. ) ;
#1429 = DIRECTION ( 'NONE',  ( -0.7071067811865426878, -0.000000000000000000, -0.7071067811865524577 ) ) ;
#1430 = EDGE_CURVE ( 'NONE', #689, #79, #2585, .T. ) ;
#1431 = DIRECTION ( 'NONE',  ( 0.000000000000000000, 1.000000000000000000, 0.000000000000000000 ) ) ;
#1432 = ORIENTED_EDGE ( 'NONE', *, *, #3566, .F. ) ;
#1433 = ORIENTED_EDGE ( 'NONE', *, *, #3259, .T. ) ;
#1434 = ORIENTED_EDGE ( 'NONE', *, *, #4780, .T. ) ;
#1435 = ADVANCED_FACE ( 'NONE', ( #3444 ), #3047, .F. ) ;
#1436 = LINE ( 'NONE', #550, #3905 ) ;
#1437 = DIRECTION ( 'NONE',  ( 0.000000000000000000, 0.7071067811865489050, 0.7071067811865460184 ) ) ;
#1438 = DIRECTION ( 'NONE',  ( -0.7071067811865475727, 0.000000000000000000, -0.7071067811865475727 ) ) ;
#1439 = ORIENTED_EDGE ( 'NONE', *, *, #1872, .F. ) ;
#1440 = LINE ( 'NONE', #208, #72 ) ;
#1441 = VERTEX_POINT ( 'NONE', #4334 ) ;
#1442 = ORIENTED_EDGE ( 'NONE', *, *, #3150, .T. ) ;
#1443 = CARTESIAN_POINT ( 'NONE',  ( -3.999999999999996447, -3.699999999999993072, 100.7999999999999829 ) ) ;
#1444 = EDGE_LOOP ( 'NONE', ( #1714, #2338, #5375, #3328 ) ) ;
#1445 = VECTOR ( 'NONE', #700, 1000.000000000000000 ) ;
#1446 = CYLINDRICAL_SURFACE ( 'NONE', #3933, 1.299999999999992717 ) ;
#1447 = LINE ( 'NONE', #1006, #2480 ) ;
#1448 = CARTESIAN_POINT ( 'NONE',  ( -12.99999999999999822, -15.99999999999999289, 108.8000000000000114 ) ) ;
#1449 = DIRECTION ( 'NONE',  ( -0.5773502691896258421, -0.5773502691896258421, -0.5773502691896258421 ) ) ;
#1450 = CARTESIAN_POINT ( 'NONE',  ( -8.499999999999992895, -4.200000000000028599, 124.5000000000000000 ) ) ;
#1451 = ADVANCED_FACE ( 'NONE', ( #11 ), #4244, .F. ) ;
#1452 = ORIENTED_EDGE ( 'NONE', *, *, #1293, .T. ) ;
#1453 = CARTESIAN_POINT ( 'NONE',  ( 31.50000000000000711, -9.149999999999995026, 117.1700000000000159 ) ) ;
#1454 = DIRECTION ( 'NONE',  ( -0.000000000000000000, -1.000000000000000000, -0.000000000000000000 ) ) ;
#1455 = ORIENTED_EDGE ( 'NONE', *, *, #4653, .F. ) ;
#1456 = EDGE_CURVE ( 'NONE', #3050, #2607, #3887, .T. ) ;
#1457 = ADVANCED_FACE ( 'NONE', ( #1271 ), #3016, .F. ) ;
#1458 = DIRECTION ( 'NONE',  ( 0.000000000000000000, 0.000000000000000000, 1.000000000000000000 ) ) ;
#1459 = EDGE_CURVE ( 'NONE', #4914, #5152, #3974, .T. ) ;
#1460 = EDGE_LOOP ( 'NONE', ( #1045, #934, #1162, #1470 ) ) ;
#1461 = ORIENTED_EDGE ( 'NONE', *, *, #2917, .T. ) ;
#1462 = EDGE_LOOP ( 'NONE', ( #5508, #4589, #684, #2486 ) ) ;
#1463 = AXIS2_PLACEMENT_3D ( 'NONE', #2183, #2549, #3910 ) ;
#1464 = CARTESIAN_POINT ( 'NONE',  ( -34.50000000000000000, 17.99999999999999645, 129.0000000000000000 ) ) ;
#1465 = AXIS2_PLACEMENT_3D ( 'NONE', #4005, #4882, #205 ) ;
#1466 = ADVANCED_FACE ( 'NONE', ( #825 ), #1774, .F. ) ;
#1467 = CARTESIAN_POINT ( 'NONE',  ( 16.99862075525229699, -12.64999999999999503, 117.1700000000000159 ) ) ;
#1468 = EDGE_LOOP ( 'NONE', ( #717, #856 ) ) ;
#1469 = DIRECTION ( 'NONE',  ( 0.6000000000000025313, 0.000000000000000000, -0.7999999999999981570 ) ) ;
#1470 = ORIENTED_EDGE ( 'NONE', *, *, #80, .T. ) ;
#1471 = VECTOR ( 'NONE', #2962, 1000.000000000000000 ) ;
#1472 = PLANE ( 'NONE',  #3729 ) ;
#1473 = FACE_OUTER_BOUND ( 'NONE', #596, .T. ) ;
#1474 = VECTOR ( 'NONE', #669, 1000.000000000000000 ) ;
#1475 = FACE_BOUND ( 'NONE', #977, .T. ) ;
#1476 = CIRCLE ( 'NONE', #5354, 1.299999999999999378 ) ;
#1477 = LINE ( 'NONE', #4954, #2636 ) ;
#1478 = LINE ( 'NONE', #3207, #597 ) ;
#1479 = CONICAL_SURFACE ( 'NONE', #3383, 0.7000000000000061728, 0.7853981633974460586 ) ;
#1480 = AXIS2_PLACEMENT_3D ( 'NONE', #3424, #3451, #16 ) ;
#1481 = AXIS2_PLACEMENT_3D ( 'NONE', #877, #5159, #2220 ) ;
#1482 = DIRECTION ( 'NONE',  ( 0.000000000000000000, -0.7071067811865501263, -0.7071067811865447972 ) ) ;
#1483 = FACE_OUTER_BOUND ( 'NONE', #174, .T. ) ;
#1484 = VECTOR ( 'NONE', #4686, 1000.000000000000000 ) ;
#1485 = ORIENTED_EDGE ( 'NONE', *, *, #588, .F. ) ;
#1486 = CIRCLE ( 'NONE', #4647, 3.250000000000002665 ) ;
#1487 = CARTESIAN_POINT ( 'NONE',  ( -25.50000000000000355, 35.49999999999985789, 123.4000000000000057 ) ) ;
#1488 = ORIENTED_EDGE ( 'NONE', *, *, #2351, .T. ) ;
#1489 = EDGE_LOOP ( 'NONE', ( #2035, #139, #493, #1274 ) ) ;
#1490 = ORIENTED_EDGE ( 'NONE', *, *, #5131, .F. ) ;
#1491 = DIRECTION ( 'NONE',  ( -1.931763336277068232E-16, -0.000000000000000000, 1.000000000000000000 ) ) ;
#1492 = AXIS2_PLACEMENT_3D ( 'NONE', #1389, #1005, #583 ) ;
#1493 = CIRCLE ( 'NONE', #1952, 1.299999999999995604 ) ;
#1494 = VECTOR ( 'NONE', #4173, 999.9999999999998863 ) ;
#1495 = FACE_OUTER_BOUND ( 'NONE', #4204, .T. ) ;
#1496 = ORIENTED_EDGE ( 'NONE', *, *, #126, .T. ) ;
#1497 = CARTESIAN_POINT ( 'NONE',  ( -13.00000000000000178, 24.56698729810784343, 123.1519237886467266 ) ) ;
#1498 = ORIENTED_EDGE ( 'NONE', *, *, #4045, .F. ) ;
#1499 = EDGE_CURVE ( 'NONE', #5396, #2801, #284, .T. ) ;
#1500 = DIRECTION ( 'NONE',  ( 0.7071067811865545671, 8.659560562355017907E-17, -0.7071067811865404673 ) ) ;
#1501 = VERTEX_POINT ( 'NONE', #4363 ) ;
#1502 = CARTESIAN_POINT ( 'NONE',  ( 25.50000000000000355, 35.49999999999985789, 123.4000000000000057 ) ) ;
#1503 = LINE ( 'NONE', #2819, #872 ) ;
#1504 = CARTESIAN_POINT ( 'NONE',  ( 33.99999999999989342, -12.64999999999999503, 117.1700000000000159 ) ) ;
#1505 = EDGE_CURVE ( 'NONE', #3686, #3354, #2227, .T. ) ;
#1506 = LINE ( 'NONE', #2795, #1474 ) ;
#1507 = CARTESIAN_POINT ( 'NONE',  ( -13.00000000000000178, 15.99999999999999645, 95.92005097522067558 ) ) ;
#1508 = CARTESIAN_POINT ( 'NONE',  ( -16.00000000000000000, 0.000000000000000000, 0.000000000000000000 ) ) ;
#1509 = DIRECTION ( 'NONE',  ( 1.000000000000000000, -0.000000000000000000, -0.000000000000000000 ) ) ;
#1510 = ORIENTED_EDGE ( 'NONE', *, *, #4639, .T. ) ;
#1511 = ORIENTED_EDGE ( 'NONE', *, *, #3445, .F. ) ;
#1512 = CARTESIAN_POINT ( 'NONE',  ( 30.00000000000000000, -12.00000000000000000, 0.4999999999999744094 ) ) ;
#1513 = ORIENTED_EDGE ( 'NONE', *, *, #119, .T. ) ;
#1514 = ORIENTED_EDGE ( 'NONE', *, *, #1328, .T. ) ;
#1515 = CYLINDRICAL_SURFACE ( 'NONE', #936, 1.000000000000001332 ) ;
#1516 = CARTESIAN_POINT ( 'NONE',  ( 54.00000000000000000, -3.699999999999993072, 54.00000000000000000 ) ) ;
#1517 = DIRECTION ( 'NONE',  ( 0.000000000000000000, 0.000000000000000000, -1.000000000000000000 ) ) ;
#1518 = ORIENTED_EDGE ( 'NONE', *, *, #2391, .T. ) ;
#1519 =( NAMED_UNIT ( * ) PLANE_ANGLE_UNIT ( ) SI_UNIT ( $, .RADIAN. ) );
#1520 = ORIENTED_EDGE ( 'NONE', *, *, #5192, .F. ) ;
#1521 = EDGE_CURVE ( 'NONE', #3605, #2510, #1797, .T. ) ;
#1522 = DIRECTION ( 'NONE',  ( -0.000000000000000000, -0.000000000000000000, -1.000000000000000000 ) ) ;
#1523 = ORIENTED_EDGE ( 'NONE', *, *, #3889, .T. ) ;
#1524 = CARTESIAN_POINT ( 'NONE',  ( 25.50000000000000355, 35.49999999999985789, 125.0000000000000000 ) ) ;
#1525 = EDGE_CURVE ( 'NONE', #3632, #2128, #2749, .T. ) ;
#1526 = LINE ( 'NONE', #2490, #1903 ) ;
#1527 = EDGE_CURVE ( 'NONE', #5478, #992, #1179, .T. ) ;
#1528 = LINE ( 'NONE', #1420, #5462 ) ;
#1529 = ADVANCED_FACE ( 'NONE', ( #1012 ), #3160, .F. ) ;
#1530 = LINE ( 'NONE', #303, #2186 ) ;
#1531 = CARTESIAN_POINT ( 'NONE',  ( -8.499999999999992895, -19.00000000000000711, 115.4000000000000057 ) ) ;
#1532 = DIRECTION ( 'NONE',  ( 0.000000000000000000, 1.000000000000000000, -1.521687259628782945E-16 ) ) ;
#1533 = ADVANCED_FACE ( 'NONE', ( #4444 ), #3998, .F. ) ;
#1534 = DIRECTION ( 'NONE',  ( -1.000000000000000000, 0.000000000000000000, 0.000000000000000000 ) ) ;
#1535 = AXIS2_PLACEMENT_3D ( 'NONE', #4903, #2718, #2304 ) ;
#1536 = FACE_OUTER_BOUND ( 'NONE', #2569, .T. ) ;
#1537 = ORIENTED_EDGE ( 'NONE', *, *, #3019, .T. ) ;
#1538 = DIRECTION ( 'NONE',  ( -0.000000000000000000, -1.000000000000000000, -0.000000000000000000 ) ) ;
#1539 = DIRECTION ( 'NONE',  ( 1.000000000000000000, 0.000000000000000000, -0.000000000000000000 ) ) ;
#1540 = ORIENTED_EDGE ( 'NONE', *, *, #4757, .F. ) ;
#1541 = VERTEX_POINT ( 'NONE', #594 ) ;
#1542 = CARTESIAN_POINT ( 'NONE',  ( 33.99999999999989342, -12.64999999999999503, 111.4700000000000131 ) ) ;
#1543 = LINE ( 'NONE', #1998, #2633 ) ;
#1544 = CARTESIAN_POINT ( 'NONE',  ( 0.000000000000000000, 32.39145081077447941, 102.8139479011345117 ) ) ;
#1545 = ORIENTED_EDGE ( 'NONE', *, *, #373, .F. ) ;
#1546 = ORIENTED_EDGE ( 'NONE', *, *, #3497, .F. ) ;
#1547 = AXIS2_PLACEMENT_3D ( 'NONE', #428, #5187, #2579 ) ;
#1548 = VERTEX_POINT ( 'NONE', #4079 ) ;
#1549 = PLANE ( 'NONE',  #2733 ) ;
#1550 = VERTEX_POINT ( 'NONE', #1821 ) ;
#1551 = CARTESIAN_POINT ( 'NONE',  ( 31.50000000000000711, -15.99999999999999289, 129.0000000000000000 ) ) ;
#1552 = CARTESIAN_POINT ( 'NONE',  ( -12.99999999999999822, -15.99999999999999289, 100.7999999999999972 ) ) ;
#1553 = DIRECTION ( 'NONE',  ( 0.000000000000000000, 0.8660254037844460351, 0.4999999999999873990 ) ) ;
#1554 = VERTEX_POINT ( 'NONE', #4032 ) ;
#1555 = VECTOR ( 'NONE', #1491, 1000.000000000000000 ) ;
#1556 = FILL_AREA_STYLE_COLOUR ( '', #2360 ) ;
#1557 = ADVANCED_FACE ( 'NONE', ( #170 ), #1902, .F. ) ;
#1558 = DIRECTION ( 'NONE',  ( -0.000000000000000000, -1.000000000000000000, 0.000000000000000000 ) ) ;
#1559 = AXIS2_PLACEMENT_3D ( 'NONE', #3678, #2855, #5066 ) ;
#1560 = DIRECTION ( 'NONE',  ( 0.7071067811865376918, 0.000000000000000000, -0.7071067811865574537 ) ) ;
#1561 = DIRECTION ( 'NONE',  ( -1.000000000000000000, 4.472567230765142743E-15, 0.000000000000000000 ) ) ;
#1562 = LINE ( 'NONE', #1094, #730 ) ;
#1563 = AXIS2_PLACEMENT_3D ( 'NONE', #2125, #4263, #497 ) ;
#1564 = EDGE_CURVE ( 'NONE', #2003, #355, #5299, .T. ) ;
#1565 = ORIENTED_EDGE ( 'NONE', *, *, #2091, .F. ) ;
#1566 = LINE ( 'NONE', #794, #3287 ) ;
#1567 = LINE ( 'NONE', #2802, #950 ) ;
#1568 = ORIENTED_EDGE ( 'NONE', *, *, #2673, .T. ) ;
#1569 = ORIENTED_EDGE ( 'NONE', *, *, #5392, .F. ) ;
#1570 = FACE_BOUND ( 'NONE', #4041, .T. ) ;
#1571 = CARTESIAN_POINT ( 'NONE',  ( -14.81725989930085596, 23.69999999999996376, 125.6535898384861554 ) ) ;
#1572 = AXIS2_PLACEMENT_3D ( 'NONE', #4877, #1014, #4449 ) ;
#1573 = EDGE_CURVE ( 'NONE', #2357, #2314, #1878, .T. ) ;
#1574 = VECTOR ( 'NONE', #902, 1000.000000000000000 ) ;
#1575 = FACE_OUTER_BOUND ( 'NONE', #3615, .T. ) ;
#1576 = ORIENTED_EDGE ( 'NONE', *, *, #5362, .F. ) ;
#1577 = AXIS2_PLACEMENT_3D ( 'NONE', #434, #2108, #5073 ) ;
#1578 = VECTOR ( 'NONE', #5399, 1000.000000000000114 ) ;
#1579 = FACE_OUTER_BOUND ( 'NONE', #5172, .T. ) ;
#1580 = ORIENTED_EDGE ( 'NONE', *, *, #1395, .T. ) ;
#1581 = PRODUCT_DEFINITION_FORMATION_WITH_SPECIFIED_SOURCE ( 'ANY', '', #3238, .NOT_KNOWN. ) ;
#1582 = VECTOR ( 'NONE', #2785, 1000.000000000000000 ) ;
#1583 = EDGE_LOOP ( 'NONE', ( #1753, #622 ) ) ;
#1584 = CARTESIAN_POINT ( 'NONE',  ( -13.00000000000000178, 15.99999999999999645, 119.7068820658331418 ) ) ;
#1585 = CARTESIAN_POINT ( 'NONE',  ( 5.000000000000000000, 32.32074013265579282, 102.0361304418293429 ) ) ;
#1586 = CARTESIAN_POINT ( 'NONE',  ( 14.83023902200767807, 34.95358983848606726, 105.3618004706871289 ) ) ;
#1587 = CARTESIAN_POINT ( 'NONE',  ( 29.20000000000000639, 91.11955937175993370, 98.79999999999998295 ) ) ;
#1588 = ORIENTED_EDGE ( 'NONE', *, *, #2391, .F. ) ;
#1589 = CARTESIAN_POINT ( 'NONE',  ( -34.10000000000000853, -17.83431457505076168, 0.000000000000000000 ) ) ;
#1590 = FACE_BOUND ( 'NONE', #491, .T. ) ;
#1591 = LINE ( 'NONE', #2380, #3377 ) ;
#1592 = EDGE_CURVE ( 'NONE', #3045, #3871, #1371, .T. ) ;
#1593 = CARTESIAN_POINT ( 'NONE',  ( 13.00000000000000178, 34.21698729810765371, 106.4376334956069599 ) ) ;
#1594 = VERTEX_POINT ( 'NONE', #2326 ) ;
#1595 = DIRECTION ( 'NONE',  ( 0.000000000000000000, -0.000000000000000000, 1.000000000000000000 ) ) ;
#1596 = CARTESIAN_POINT ( 'NONE',  ( -13.00000000000000178, 15.99999999999999645, 98.92227237500669901 ) ) ;
#1597 = ADVANCED_FACE ( 'NONE', ( #4056 ), #4393, .F. ) ;
#1598 = EDGE_LOOP ( 'NONE', ( #3955, #4991, #2148, #1077 ) ) ;
#1599 = ADVANCED_FACE ( 'NONE', ( #4823 ), #962, .F. ) ;
#1600 = ORIENTED_EDGE ( 'NONE', *, *, #3599, .T. ) ;
#1601 = CARTESIAN_POINT ( 'NONE',  ( -34.10000000000000853, -17.83431457505076168, 0.4000000000000000222 ) ) ;
#1602 = EDGE_CURVE ( 'NONE', #4489, #4030, #647, .T. ) ;
#1603 = DIRECTION ( 'NONE',  ( 0.000000000000000000, 0.000000000000000000, -1.000000000000000000 ) ) ;
#1604 = DIRECTION ( 'NONE',  ( -0.000000000000000000, -0.000000000000000000, -1.000000000000000000 ) ) ;
#1605 = VERTEX_POINT ( 'NONE', #1074 ) ;
#1606 = ADVANCED_FACE ( 'NONE', ( #1483 ), #4933, .F. ) ;
#1607 = PRODUCT_CONTEXT ( 'NONE', #1170, 'mechanical' ) ;
#1608 = VERTEX_POINT ( 'NONE', #2350 ) ;
#1609 = ORIENTED_EDGE ( 'NONE', *, *, #2947, .T. ) ;
#1610 = CARTESIAN_POINT ( 'NONE',  ( -31.49999999999999289, 15.99999999999999645, 129.0000000000000000 ) ) ;
#1611 = DIRECTION ( 'NONE',  ( 0.000000000000000000, 0.000000000000000000, -1.000000000000000000 ) ) ;
#1612 = CARTESIAN_POINT ( 'NONE',  ( -8.499999999999992895, -4.200000000000028599, 123.7999999999999972 ) ) ;
#1613 = FACE_OUTER_BOUND ( 'NONE', #447, .T. ) ;
#1614 = ORIENTED_EDGE ( 'NONE', *, *, #293, .T. ) ;
#1615 = FACE_OUTER_BOUND ( 'NONE', #4117, .T. ) ;
#1616 = DIRECTION ( 'NONE',  ( 0.000000000000000000, -0.4999999999999977796, 0.8660254037844400399 ) ) ;
#1617 = CARTESIAN_POINT ( 'NONE',  ( -34.10000000000000853, 17.83431457505076523, 0.000000000000000000 ) ) ;
#1618 = LINE ( 'NONE', #4078, #2915 ) ;
#1619 = CARTESIAN_POINT ( 'NONE',  ( 25.50000000000000355, 17.34999999999998366, 125.0000000000000000 ) ) ;
#1620 = EDGE_LOOP ( 'NONE', ( #660, #4268, #1992, #1943 ) ) ;
#1621 = ADVANCED_FACE ( 'NONE', ( #1402 ), #142, .T. ) ;
#1622 = DIRECTION ( 'NONE',  ( 0.000000000000000000, 0.000000000000000000, -1.000000000000000000 ) ) ;
#1623 = LINE ( 'NONE', #7, #602 ) ;
#1624 = AXIS2_PLACEMENT_3D ( 'NONE', #1741, #2113, #3498 ) ;
#1625 = VERTEX_POINT ( 'NONE', #988 ) ;
#1626 = ORIENTED_EDGE ( 'NONE', *, *, #2598, .F. ) ;
#1627 = CARTESIAN_POINT ( 'NONE',  ( -8.499999999999992895, -15.99999999999999289, 103.5999999999999943 ) ) ;
#1628 = CARTESIAN_POINT ( 'NONE',  ( 28.69999999999999929, -12.00000000000000000, 0.4999999999999744094 ) ) ;
#1629 = ADVANCED_FACE ( 'NONE', ( #566 ), #2777, .F. ) ;
#1630 = EDGE_CURVE ( 'NONE', #556, #5500, #3153, .T. ) ;
#1631 = LINE ( 'NONE', #289, #2036 ) ;
#1632 = ORIENTED_EDGE ( 'NONE', *, *, #4782, .T. ) ;
#1633 = DIRECTION ( 'NONE',  ( 1.561205170789834717E-16, 1.000000000000000000, -0.000000000000000000 ) ) ;
#1634 = ORIENTED_EDGE ( 'NONE', *, *, #4780, .F. ) ;
#1635 = EDGE_CURVE ( 'NONE', #2081, #4783, #5041, .T. ) ;
#1636 = EDGE_LOOP ( 'NONE', ( #1302, #3691, #5385, #1975 ) ) ;
#1637 = FACE_OUTER_BOUND ( 'NONE', #4632, .T. ) ;
#1638 = EDGE_LOOP ( 'NONE', ( #2664, #4769, #3225, #1837 ) ) ;
#1639 = DIRECTION ( 'NONE',  ( -0.000000000000000000, -1.000000000000000000, -0.000000000000000000 ) ) ;
#1640 = LINE ( 'NONE', #1167, #3745 ) ;
#1641 = DIRECTION ( 'NONE',  ( -1.000000000000000000, 0.000000000000000000, 0.000000000000000000 ) ) ;
#1642 = EDGE_LOOP ( 'NONE', ( #1349, #125, #48, #3642 ) ) ;
#1643 = CARTESIAN_POINT ( 'NONE',  ( -16.00000000000000000, 19.99999999999999645, 0.000000000000000000 ) ) ;
#1644 = VECTOR ( 'NONE', #5068, 1000.000000000000114 ) ;
#1645 = EDGE_CURVE ( 'NONE', #2042, #5474, #1149, .T. ) ;
#1646 = LINE ( 'NONE', #4159, #2371 ) ;
#1647 = CIRCLE ( 'NONE', #2192, 1.299999999999995604 ) ;
#1648 = FACE_BOUND ( 'NONE', #4314, .T. ) ;
#1649 = DIRECTION ( 'NONE',  ( 0.000000000000000000, 0.000000000000000000, 1.000000000000000000 ) ) ;
#1650 = CARTESIAN_POINT ( 'NONE',  ( -13.00000000000000178, 25.89999999999991331, 121.8430780618347740 ) ) ;
#1651 = CIRCLE ( 'NONE', #3822, 1.299999999999998046 ) ;
#1652 = ORIENTED_EDGE ( 'NONE', *, *, #5043, .F. ) ;
#1653 = CIRCLE ( 'NONE', #3724, 1.000000000000000888 ) ;
#1654 = ORIENTED_EDGE ( 'NONE', *, *, #2742, .T. ) ;
#1655 = LINE ( 'NONE', #5139, #682 ) ;
#1656 = FACE_OUTER_BOUND ( 'NONE', #3853, .T. ) ;
#1657 = ORIENTED_EDGE ( 'NONE', *, *, #793, .F. ) ;
#1658 = VECTOR ( 'NONE', #2405, 1000.000000000000000 ) ;
#1659 = AXIS2_PLACEMENT_3D ( 'NONE', #2961, #2984, #4710 ) ;
#1660 = ORIENTED_EDGE ( 'NONE', *, *, #2768, .F. ) ;
#1661 = CARTESIAN_POINT ( 'NONE',  ( -4.999999999999969802, -15.99999999999999289, 99.79999999999999716 ) ) ;
#1662 = DIRECTION ( 'NONE',  ( -0.7071067811865475727, 0.7071067811865475727, 0.000000000000000000 ) ) ;
#1663 = VECTOR ( 'NONE', #184, 1000.000000000000000 ) ;
#1664 = CARTESIAN_POINT ( 'NONE',  ( -12.99999999999999467, -3.699999999999993072, 128.0000000000000000 ) ) ;
#1665 = ORIENTED_EDGE ( 'NONE', *, *, #1264, .F. ) ;
#1666 = ORIENTED_EDGE ( 'NONE', *, *, #450, .F. ) ;
#1667 = AXIS2_PLACEMENT_3D ( 'NONE', #4826, #4418, #2721 ) ;
#1668 = VECTOR ( 'NONE', #3301, 1000.000000000000000 ) ;
#1669 = ORIENTED_EDGE ( 'NONE', *, *, #5292, .F. ) ;
#1671 = CARTESIAN_POINT ( 'NONE',  ( 33.33431457505074746, -18.60000000000000142, 0.4000000000000000222 ) ) ;
#1670 = AXIS2_PLACEMENT_3D ( 'NONE', #4973, #1844, #5316 ) ;
#1672 = CIRCLE ( 'NONE', #3026, 1.300000000000004263 ) ;
#1673 = CARTESIAN_POINT ( 'NONE',  ( 13.00000000000000178, 15.99999999999999645, 119.7068820658331418 ) ) ;
#1674 = ORIENTED_EDGE ( 'NONE', *, *, #3476, .F. ) ;
#1675 = CARTESIAN_POINT ( 'NONE',  ( -25.50000000000000355, -15.99999999999999289, 125.0000000000000000 ) ) ;
#1676 = EDGE_LOOP ( 'NONE', ( #3012, #3033, #401, #3000 ) ) ;
#1677 = ADVANCED_FACE ( 'NONE', ( #4164, #4560 ), #3708, .T. ) ;
#1678 = EDGE_CURVE ( 'NONE', #2076, #903, #3741, .T. ) ;
#1679 = CARTESIAN_POINT ( 'NONE',  ( 30.00000000000000000, 12.00000000000000000, 0.4999999999999744094 ) ) ;
#1680 = VECTOR ( 'NONE', #4753, 1000.000000000000000 ) ;
#1681 = VECTOR ( 'NONE', #213, 1000.000000000000000 ) ;
#1682 = DIRECTION ( 'NONE',  ( 0.000000000000000000, 0.7071067811865492381, 0.7071067811865457964 ) ) ;
#1683 = DIRECTION ( 'NONE',  ( 0.000000000000000000, 0.000000000000000000, 1.000000000000000000 ) ) ;
#1684 = AXIS2_PLACEMENT_3D ( 'NONE', #2508, #291, #3812 ) ;
#1685 = EDGE_CURVE ( 'NONE', #32, #3477, #4873, .T. ) ;
#1686 = CARTESIAN_POINT ( 'NONE',  ( -5.000000000000011546, -15.99999999999999289, 108.8000000000000114 ) ) ;
#1687 = DIRECTION ( 'NONE',  ( -0.6947465906068628350, -0.3596272983381979538, 0.6228927525105014684 ) ) ;
#1688 = LINE ( 'NONE', #3413, #864 ) ;
#1689 = DIRECTION ( 'NONE',  ( 0.000000000000000000, 0.000000000000000000, -1.000000000000000000 ) ) ;
#1690 = ORIENTED_EDGE ( 'NONE', *, *, #3497, .T. ) ;
#1691 = ORIENTED_EDGE ( 'NONE', *, *, #1564, .T. ) ;
#1692 = DIRECTION ( 'NONE',  ( -1.000000000000000000, 0.000000000000000000, 0.000000000000000000 ) ) ;
#1693 = CARTESIAN_POINT ( 'NONE',  ( 5.000000000000000000, 30.76510521404533804, 105.4302429915248069 ) ) ;
#1694 = DIRECTION ( 'NONE',  ( -0.000000000000000000, -1.000000000000000000, -0.000000000000000000 ) ) ;
#1695 = ORIENTED_EDGE ( 'NONE', *, *, #4057, .T. ) ;
#1696 = ORIENTED_EDGE ( 'NONE', *, *, #3639, .F. ) ;
#1697 = EDGE_LOOP ( 'NONE', ( #347, #540 ) ) ;
#1698 = DIRECTION ( 'NONE',  ( 0.000000000000000000, 0.000000000000000000, 1.000000000000000000 ) ) ;
#1699 = DIRECTION ( 'NONE',  ( 0.000000000000000000, 1.000000000000000000, 0.000000000000000000 ) ) ;
#1700 = EDGE_CURVE ( 'NONE', #1884, #4030, #2409, .T. ) ;
#1701 = ORIENTED_EDGE ( 'NONE', *, *, #5261, .T. ) ;
#1702 = LINE ( 'NONE', #2648, #5278 ) ;
#1703 = VERTEX_POINT ( 'NONE', #2886 ) ;
#1704 = DIRECTION ( 'NONE',  ( 0.000000000000000000, 0.000000000000000000, -1.000000000000000000 ) ) ;
#1705 = VERTEX_POINT ( 'NONE', #3237 ) ;
#1706 = ADVANCED_FACE ( 'NONE', ( #5015 ), #2168, .F. ) ;
#1707 = CARTESIAN_POINT ( 'NONE',  ( 13.00000000000000178, 32.91698729810770629, 108.6892995454465307 ) ) ;
#1708 = EDGE_CURVE ( 'NONE', #760, #79, #1720, .T. ) ;
#1709 = CARTESIAN_POINT ( 'NONE',  ( 34.50000000000000000, -17.99999999999998934, 0.4000000000000000222 ) ) ;
#1710 = EDGE_CURVE ( 'NONE', #5486, #5303, #2381, .T. ) ;
#1711 = CARTESIAN_POINT ( 'NONE',  ( 13.00000000000000178, 4.219354036106018668, 109.9031015475653561 ) ) ;
#1712 = PLANE ( 'NONE',  #4445 ) ;
#1713 = EDGE_CURVE ( 'NONE', #1377, #4088, #2049, .T. ) ;
#1714 = ORIENTED_EDGE ( 'NONE', *, *, #63, .F. ) ;
#1715 = DIRECTION ( 'NONE',  ( 0.000000000000000000, -0.7071067811865501263, -0.7071067811865447972 ) ) ;
#1716 = DIRECTION ( 'NONE',  ( 1.000000000000000000, -0.000000000000000000, -0.000000000000000000 ) ) ;
#1717 = ORIENTED_EDGE ( 'NONE', *, *, #1061, .T. ) ;
#1718 = CARTESIAN_POINT ( 'NONE',  ( 31.50000000000000711, 15.99999999999999645, 129.0000000000000000 ) ) ;
#1719 = CARTESIAN_POINT ( 'NONE',  ( -25.50000000000000355, -19.00000000000000711, 125.0000000000000000 ) ) ;
#1720 = CIRCLE ( 'NONE', #2339, 1.799999999999929212 ) ;
#1721 = FACE_OUTER_BOUND ( 'NONE', #4347, .T. ) ;
#1722 = VERTEX_POINT ( 'NONE', #4980 ) ;
#1723 = ORIENTED_EDGE ( 'NONE', *, *, #309, .F. ) ;
#1724 = ORIENTED_EDGE ( 'NONE', *, *, #1361, .T. ) ;
#1725 = VERTEX_POINT ( 'NONE', #4958 ) ;
#1726 = DIRECTION ( 'NONE',  ( -1.000000000000000000, 0.000000000000000000, 0.000000000000000000 ) ) ;
#1727 = CARTESIAN_POINT ( 'NONE',  ( 23.80000000000000071, -15.99999999999999289, 110.2000000000000028 ) ) ;
#1728 = ORIENTED_EDGE ( 'NONE', *, *, #371, .F. ) ;
#1729 = DIRECTION ( 'NONE',  ( 0.6546536707079773088, -0.3779644730092240890, 0.6546536707079787520 ) ) ;
#1730 = ORIENTED_EDGE ( 'NONE', *, *, #2635, .F. ) ;
#1731 = CARTESIAN_POINT ( 'NONE',  ( 30.00000000000000000, -12.00000000000000000, 6.000000000000000000 ) ) ;
#1732 = DIRECTION ( 'NONE',  ( 0.000000000000000000, 1.000000000000000000, 0.000000000000000000 ) ) ;
#1733 = LINE ( 'NONE', #2496, #1644 ) ;
#1734 = VECTOR ( 'NONE', #645, 1000.000000000000114 ) ;
#1735 = DIRECTION ( 'NONE',  ( -0.000000000000000000, 1.000000000000000000, -0.000000000000000000 ) ) ;
#1736 = LINE ( 'NONE', #4736, #4550 ) ;
#1737 = ORIENTED_EDGE ( 'NONE', *, *, #3815, .F. ) ;
#1738 = DIRECTION ( 'NONE',  ( -0.000000000000000000, -0.000000000000000000, -1.000000000000000000 ) ) ;
#1739 = VECTOR ( 'NONE', #655, 1000.000000000000000 ) ;
#1740 = EDGE_CURVE ( 'NONE', #1725, #3871, #1562, .T. ) ;
#1741 = CARTESIAN_POINT ( 'NONE',  ( 30.00000000000000000, 12.00000000000000000, 6.000000000000000000 ) ) ;
#1742 = VECTOR ( 'NONE', #287, 1000.000000000000000 ) ;
#1743 = VECTOR ( 'NONE', #2246, 1000.000000000000000 ) ;
#1744 = CYLINDRICAL_SURFACE ( 'NONE', #419, 3.500000000000003109 ) ;
#1745 = ORIENTED_EDGE ( 'NONE', *, *, #4064, .T. ) ;
#1746 = ORIENTED_EDGE ( 'NONE', *, *, #4499, .T. ) ;
#1747 = VERTEX_POINT ( 'NONE', #1593 ) ;
#1748 = EDGE_CURVE ( 'NONE', #822, #62, #3323, .T. ) ;
#1749 = VECTOR ( 'NONE', #1107, 1000.000000000000000 ) ;
#1750 = EDGE_LOOP ( 'NONE', ( #2757, #111, #2781, #3240 ) ) ;
#1751 = LINE ( 'NONE', #5177, #2207 ) ;
#1752 = DIRECTION ( 'NONE',  ( 0.000000000000000000, -0.7071067811865492381, -0.7071067811865457964 ) ) ;
#1753 = ORIENTED_EDGE ( 'NONE', *, *, #4128, .T. ) ;
#1754 = CONICAL_SURFACE ( 'NONE', #4999, 3.250000000000002665, 0.7853981633974461696 ) ;
#1755 = CARTESIAN_POINT ( 'NONE',  ( -15.60000000000000142, 24.15191520784413370, 124.8708497377870259 ) ) ;
#1756 = ORIENTED_EDGE ( 'NONE', *, *, #2498, .T. ) ;
#1757 = CONICAL_SURFACE ( 'NONE', #2476, 1.299999999999999156, 0.7853981633974582710 ) ;
#1758 = AXIS2_PLACEMENT_3D ( 'NONE', #4869, #4077, #1931 ) ;
#1759 = ORIENTED_EDGE ( 'NONE', *, *, #377, .F. ) ;
#1760 = CARTESIAN_POINT ( 'NONE',  ( 1.224646799147357398E-16, 31.68434402958792617, 102.1068411199479726 ) ) ;
#1761 = CARTESIAN_POINT ( 'NONE',  ( 31.29999999999999361, -12.00000000000000000, 0.4999999999999744094 ) ) ;
#1762 = VECTOR ( 'NONE', #616, 1000.000000000000000 ) ;
#1763 = VECTOR ( 'NONE', #3202, 1000.000000000000000 ) ;
#1764 = VECTOR ( 'NONE', #4578, 1000.000000000000000 ) ;
#1765 = DIRECTION ( 'NONE',  ( 0.7071067811865459074, 0.7071067811865491270, 0.000000000000000000 ) ) ;
#1766 = AXIS2_PLACEMENT_3D ( 'NONE', #47, #530, #3530 ) ;
#1767 = CARTESIAN_POINT ( 'NONE',  ( 25.50000000000000355, 19.00000000000000000, 125.0000000000000000 ) ) ;
#1768 = CONICAL_SURFACE ( 'NONE', #2646, 0.9999999999999988898, 0.7853981633974322918 ) ;
#1769 = VERTEX_POINT ( 'NONE', #4614 ) ;
#1770 = CARTESIAN_POINT ( 'NONE',  ( -8.499999999999992895, -3.699999999999993072, 104.2999999999999972 ) ) ;
#1771 = EDGE_CURVE ( 'NONE', #1888, #1124, #727, .T. ) ;
#1772 = EDGE_LOOP ( 'NONE', ( #1434, #2782, #3362, #1099 ) ) ;
#1773 = FACE_OUTER_BOUND ( 'NONE', #5314, .T. ) ;
#1774 = PLANE ( 'NONE',  #380 ) ;
#1775 = ADVANCED_FACE ( 'NONE', ( #4649, #2798 ), #4528, .T. ) ;
#1776 = ADVANCED_FACE ( 'NONE', ( #1536 ), #193, .F. ) ;
#1777 = EDGE_CURVE ( 'NONE', #1594, #1350, #391, .T. ) ;
#1778 = ORIENTED_EDGE ( 'NONE', *, *, #636, .F. ) ;
#1779 = VERTEX_POINT ( 'NONE', #4248 ) ;
#1780 = ORIENTED_EDGE ( 'NONE', *, *, #5158, .F. ) ;
#1781 = ORIENTED_EDGE ( 'NONE', *, *, #544, .F. ) ;
#1782 = CARTESIAN_POINT ( 'NONE',  ( 33.49999999999998579, -19.00000000000000355, 0.4000000000000000222 ) ) ;
#1783 = EDGE_CURVE ( 'NONE', #1960, #5000, #3831, .T. ) ;
#1784 = DIRECTION ( 'NONE',  ( -0.000000000000000000, -0.7071067811865476838, 0.7071067811865474617 ) ) ;
#1785 = ORIENTED_EDGE ( 'NONE', *, *, #476, .F. ) ;
#1786 = DIRECTION ( 'NONE',  ( 0.000000000000000000, 1.000000000000000000, 0.000000000000000000 ) ) ;
#1787 = ORIENTED_EDGE ( 'NONE', *, *, #1291, .F. ) ;
#1788 = ORIENTED_EDGE ( 'NONE', *, *, #1333, .T. ) ;
#1789 = FACE_OUTER_BOUND ( 'NONE', #4595, .T. ) ;
#1790 = CARTESIAN_POINT ( 'NONE',  ( 31.29999999999999361, -12.00000000000000000, 6.000000000000000000 ) ) ;
#1791 = DIRECTION ( 'NONE',  ( 0.000000000000000000, 0.000000000000000000, -1.000000000000000000 ) ) ;
#1792 = LINE ( 'NONE', #57, #2716 ) ;
#1793 = FACE_OUTER_BOUND ( 'NONE', #1890, .T. ) ;
#1794 = ORIENTED_EDGE ( 'NONE', *, *, #2347, .T. ) ;
#1795 = ORIENTED_EDGE ( 'NONE', *, *, #3950, .F. ) ;
#1796 = CARTESIAN_POINT ( 'NONE',  ( 28.20000000000001705, 12.00000000000000000, 0.000000000000000000 ) ) ;
#1797 = LINE ( 'NONE', #3212, #2525 ) ;
#1798 = EDGE_CURVE ( 'NONE', #96, #3157, #2103, .T. ) ;
#1799 = DIRECTION ( 'NONE',  ( 0.000000000000000000, 0.000000000000000000, 1.000000000000000000 ) ) ;
#1800 = ORIENTED_EDGE ( 'NONE', *, *, #4503, .F. ) ;
#1801 = VERTEX_POINT ( 'NONE', #1263 ) ;
#1802 = LINE ( 'NONE', #4004, #3007 ) ;
#1803 = CARTESIAN_POINT ( 'NONE',  ( -32.20000000000000284, -17.20000000000000284, 101.7999999999999829 ) ) ;
#1804 = CARTESIAN_POINT ( 'NONE',  ( -3.999999999999996447, -15.99999999999999289, 100.7999999999999829 ) ) ;
#1805 = ORIENTED_EDGE ( 'NONE', *, *, #897, .T. ) ;
#1806 = CARTESIAN_POINT ( 'NONE',  ( 0.000000000000000000, 29.56302368602835884, 103.5210546823211786 ) ) ;
#1807 = ORIENTED_EDGE ( 'NONE', *, *, #3048, .F. ) ;
#1808 = AXIS2_PLACEMENT_3D ( 'NONE', #2634, #4684, #2167 ) ;
#1809 = ORIENTED_EDGE ( 'NONE', *, *, #4856, .T. ) ;
#1810 = EDGE_CURVE ( 'NONE', #4803, #2357, #4275, .T. ) ;
#1811 = CARTESIAN_POINT ( 'NONE',  ( -15.00000000000000355, 19.29289321881345032, 89.00828352798708920 ) ) ;
#1812 = CARTESIAN_POINT ( 'NONE',  ( 23.80000000000000071, -19.00000000000000711, 110.2000000000000028 ) ) ;
#1813 = FACE_OUTER_BOUND ( 'NONE', #158, .T. ) ;
#1814 = DIRECTION ( 'NONE',  ( -0.7071067811865474617, 0.7071067811865474617, 0.000000000000000000 ) ) ;
#1815 = ADVANCED_FACE ( 'NONE', ( #5555 ), #3709, .F. ) ;
#1816 = DIRECTION ( 'NONE',  ( 0.000000000000000000, -0.4999999999999959477, 0.8660254037844410391 ) ) ;
#1817 = VECTOR ( 'NONE', #2851, 1000.000000000000000 ) ;
#1818 = CARTESIAN_POINT ( 'NONE',  ( 15.05355765015909952, 35.17945619722799222, 104.9705884616253542 ) ) ;
#1819 = EDGE_LOOP ( 'NONE', ( #416, #3732 ) ) ;
#1820 = DIRECTION ( 'NONE',  ( 8.659560562354641966E-17, 0.9659258262890733082, -0.2588190451025022543 ) ) ;
#1821 = CARTESIAN_POINT ( 'NONE',  ( 34.50000000000000000, -17.99999999999998934, 129.0000000000000000 ) ) ;
#1822 = VECTOR ( 'NONE', #3245, 1000.000000000000114 ) ;
#1823 = FACE_BOUND ( 'NONE', #2989, .T. ) ;
#1824 = VERTEX_POINT ( 'NONE', #5135 ) ;
#1825 = EDGE_LOOP ( 'NONE', ( #3475, #942, #2677, #652 ) ) ;
#1826 = ORIENTED_EDGE ( 'NONE', *, *, #1013, .T. ) ;
#1827 = DIRECTION ( 'NONE',  ( 1.000000000000000000, 0.000000000000000000, 0.000000000000000000 ) ) ;
#1828 = EDGE_CURVE ( 'NONE', #2314, #4670, #2075, .T. ) ;
#1829 = AXIS2_PLACEMENT_3D ( 'NONE', #5519, #4611, #306 ) ;
#1830 = CARTESIAN_POINT ( 'NONE',  ( -33.33431457505076878, -18.59999999999999787, 0.4000000000000000222 ) ) ;
#1831 = CARTESIAN_POINT ( 'NONE',  ( 15.59999999999999609, 15.99999999999999822, 98.92227237500671322 ) ) ;
#1832 = ORIENTED_EDGE ( 'NONE', *, *, #2799, .F. ) ;
#1833 = DIRECTION ( 'NONE',  ( 0.000000000000000000, 0.8660254037844460351, 0.4999999999999873990 ) ) ;
#1834 = ORIENTED_EDGE ( 'NONE', *, *, #454, .T. ) ;
#1835 = VECTOR ( 'NONE', #5235, 1000.000000000000114 ) ;
#1836 = AXIS2_PLACEMENT_3D ( 'NONE', #169, #3545, #4932 ) ;
#1837 = ORIENTED_EDGE ( 'NONE', *, *, #4530, .T. ) ;
#1838 = LINE ( 'NONE', #5288, #2920 ) ;
#1839 = CIRCLE ( 'NONE', #2647, 1.000000000000000888 ) ;
#1840 = VERTEX_POINT ( 'NONE', #1650 ) ;
#1841 = DIRECTION ( 'NONE',  ( 1.000000000000000000, 0.000000000000000000, 0.000000000000000000 ) ) ;
#1842 = EDGE_CURVE ( 'NONE', #992, #5478, #2538, .T. ) ;
#1843 = EDGE_CURVE ( 'NONE', #2418, #3426, #1526, .T. ) ;
#1844 = DIRECTION ( 'NONE',  ( -0.000000000000000000, -1.000000000000000000, -0.000000000000000000 ) ) ;
#1845 = LINE ( 'NONE', #2321, #5338 ) ;
#1846 = AXIS2_PLACEMENT_3D ( 'NONE', #1450, #3622, #4054 ) ;
#1847 = DIRECTION ( 'NONE',  ( -1.000000000000000000, 0.000000000000000000, 0.000000000000000000 ) ) ;
#1848 = CARTESIAN_POINT ( 'NONE',  ( -25.50000000000000355, -19.00000000000000711, 125.0000000000000000 ) ) ;
#1849 = AXIS2_PLACEMENT_3D ( 'NONE', #5515, #2095, #4669 ) ;
#1850 = EDGE_CURVE ( 'NONE', #3051, #3242, #4216, .T. ) ;
#1851 = CIRCLE ( 'NONE', #2929, 1.499999999999879430 ) ;
#1852 = ORIENTED_EDGE ( 'NONE', *, *, #711, .F. ) ;
#1853 = DIRECTION ( 'NONE',  ( -0.000000000000000000, 0.8660254037844418162, 0.4999999999999945044 ) ) ;
#1854 = CARTESIAN_POINT ( 'NONE',  ( -8.499999999999992895, -3.699999999999993072, 124.5000000000000000 ) ) ;
#1855 = VECTOR ( 'NONE', #5156, 1000.000000000000114 ) ;
#1856 = DIRECTION ( 'NONE',  ( 1.000000000000000000, 0.000000000000000000, -0.000000000000000000 ) ) ;
#1857 = ORIENTED_EDGE ( 'NONE', *, *, #1200, .F. ) ;
#1858 = ORIENTED_EDGE ( 'NONE', *, *, #5430, .F. ) ;
#1859 = ORIENTED_EDGE ( 'NONE', *, *, #1573, .F. ) ;
#1860 = CARTESIAN_POINT ( 'NONE',  ( 28.20000000000001705, -12.00000000000000000, 0.000000000000000000 ) ) ;
#1861 = DIRECTION ( 'NONE',  ( 0.000000000000000000, 0.000000000000000000, -1.000000000000000000 ) ) ;
#1862 = FACE_OUTER_BOUND ( 'NONE', #4174, .T. ) ;
#1863 = VERTEX_POINT ( 'NONE', #1586 ) ;
#1864 = DIRECTION ( 'NONE',  ( 0.000000000000000000, 0.000000000000000000, -1.000000000000000000 ) ) ;
#1865 = ORIENTED_EDGE ( 'NONE', *, *, #2423, .T. ) ;
#1866 = EDGE_CURVE ( 'NONE', #4574, #3976, #3763, .T. ) ;
#1867 = FACE_OUTER_BOUND ( 'NONE', #5523, .T. ) ;
#1868 = CARTESIAN_POINT ( 'NONE',  ( -30.00000000000000000, -12.00000000000000000, 0.5000000000000125455 ) ) ;
#1869 = FACE_OUTER_BOUND ( 'NONE', #3264, .T. ) ;
#1870 = DIRECTION ( 'NONE',  ( 0.000000000000000000, 0.7071067811865474617, -0.7071067811865474617 ) ) ;
#1871 = EDGE_CURVE ( 'NONE', #1550, #3722, #2906, .T. ) ;
#1872 = EDGE_CURVE ( 'NONE', #732, #3242, #4606, .T. ) ;
#1873 = EDGE_CURVE ( 'NONE', #209, #4792, #272, .T. ) ;
#1874 = CARTESIAN_POINT ( 'NONE',  ( 34.50000000000000000, -13.15000000000009273, 111.4700000000000131 ) ) ;
#1875 = DIRECTION ( 'NONE',  ( -0.000000000000000000, 0.7071067811865476838, -0.7071067811865474617 ) ) ;
#1876 = ORIENTED_EDGE ( 'NONE', *, *, #2860, .T. ) ;
#1877 = CYLINDRICAL_SURFACE ( 'NONE', #3014, 1.299999999999999156 ) ;
#1878 = LINE ( 'NONE', #3973, #5239 ) ;
#1879 = EDGE_CURVE ( 'NONE', #62, #2235, #117, .T. ) ;
#1880 = ORIENTED_EDGE ( 'NONE', *, *, #2431, .F. ) ;
#1881 = CARTESIAN_POINT ( 'NONE',  ( -16.00000000000000000, 19.99999999999999645, 125.0000000000000000 ) ) ;
#1882 = EDGE_LOOP ( 'NONE', ( #3439, #4035, #4580, #1357 ) ) ;
#1883 = ORIENTED_EDGE ( 'NONE', *, *, #1189, .F. ) ;
#1884 = VERTEX_POINT ( 'NONE', #4240 ) ;
#1885 = DIRECTION ( 'NONE',  ( -0.000000000000000000, 0.8660254037844420383, 0.4999999999999942824 ) ) ;
#1886 = CARTESIAN_POINT ( 'NONE',  ( -9.000000000000001776, 28.64378487048572097, 104.0160294291517005 ) ) ;
#1887 = FACE_OUTER_BOUND ( 'NONE', #3552, .T. ) ;
#1888 = VERTEX_POINT ( 'NONE', #695 ) ;
#1889 = CARTESIAN_POINT ( 'NONE',  ( 32.20000000000000284, -19.00000000000000355, 6.000000000000002665 ) ) ;
#1890 = EDGE_LOOP ( 'NONE', ( #1569, #4962, #5218, #1724 ) ) ;
#1891 = ORIENTED_EDGE ( 'NONE', *, *, #1030, .T. ) ;
#1892 = LINE ( 'NONE', #1443, #4730 ) ;
#1893 = ORIENTED_EDGE ( 'NONE', *, *, #5014, .F. ) ;
#1894 = AXIS2_PLACEMENT_3D ( 'NONE', #196, #3128, #2691 ) ;
#1895 = DIRECTION ( 'NONE',  ( -0.000000000000000000, -1.000000000000000000, -0.000000000000000000 ) ) ;
#1896 = PLANE ( 'NONE',  #4285 ) ;
#1897 =( LENGTH_UNIT ( ) NAMED_UNIT ( * ) SI_UNIT ( .MILLI., .METRE. ) );
#1898 = EDGE_CURVE ( 'NONE', #2925, #2639, #2094, .T. ) ;
#1899 = DIRECTION ( 'NONE',  ( 1.000000000000000000, -0.000000000000000000, -0.000000000000000000 ) ) ;
#1900 = CARTESIAN_POINT ( 'NONE',  ( 26.50000000000000355, 16.00000000000000000, 6.000000000000000000 ) ) ;
#1901 = CARTESIAN_POINT ( 'NONE',  ( 13.00000000000000178, 33.09999999999992326, 109.3723122473386695 ) ) ;
#1902 = CYLINDRICAL_SURFACE ( 'NONE', #4598, 0.7000000000000061728 ) ;
#1903 = VECTOR ( 'NONE', #2040, 1000.000000000000114 ) ;
#1904 = EDGE_LOOP ( 'NONE', ( #2762, #9 ) ) ;
#1905 = FACE_OUTER_BOUND ( 'NONE', #3179, .T. ) ;
#1906 = VERTEX_POINT ( 'NONE', #4668 ) ;
#1907 = EDGE_CURVE ( 'NONE', #3926, #539, #3819, .T. ) ;
#1908 = EDGE_LOOP ( 'NONE', ( #484, #4827, #5358, #803 ) ) ;
#1909 = DIRECTION ( 'NONE',  ( -0.000000000000000000, -0.000000000000000000, -1.000000000000000000 ) ) ;
#1910 = VECTOR ( 'NONE', #3863, 1000.000000000000000 ) ;
#1911 = CARTESIAN_POINT ( 'NONE',  ( 34.10000000000000853, 17.83431457505075457, 0.4000000000000000222 ) ) ;
#1912 = AXIS2_PLACEMENT_3D ( 'NONE', #215, #2820, #4609 ) ;
#1913 = VECTOR ( 'NONE', #1909, 1000.000000000000000 ) ;
#1914 = FACE_OUTER_BOUND ( 'NONE', #3455, .T. ) ;
#1915 = EDGE_LOOP ( 'NONE', ( #3194, #857 ) ) ;
#1916 = EDGE_CURVE ( 'NONE', #903, #940, #1367, .T. ) ;
#1917 = FACE_OUTER_BOUND ( 'NONE', #658, .T. ) ;
#1918 = ORIENTED_EDGE ( 'NONE', *, *, #1091, .T. ) ;
#1919 = VECTOR ( 'NONE', #680, 1000.000000000000000 ) ;
#1920 = VECTOR ( 'NONE', #4253, 1000.000000000000000 ) ;
#1921 = ORIENTED_EDGE ( 'NONE', *, *, #2917, .F. ) ;
#1922 = LINE ( 'NONE', #1811, #414 ) ;
#1923 = ORIENTED_EDGE ( 'NONE', *, *, #2236, .F. ) ;
#1924 = FACE_OUTER_BOUND ( 'NONE', #4531, .T. ) ;
#1925 = AXIS2_PLACEMENT_3D ( 'NONE', #1090, #217, #165 ) ;
#1926 = CIRCLE ( 'NONE', #1836, 1.799999999999848388 ) ;
#1927 = CYLINDRICAL_SURFACE ( 'NONE', #2829, 1.299999999999992717 ) ;
#1928 = SURFACE_SIDE_STYLE ('',( #252 ) ) ;
#1929 = VECTOR ( 'NONE', #4046, 1000.000000000000000 ) ;
#1930 = DIRECTION ( 'NONE',  ( -0.000000000000000000, 0.7071067811865451302, -0.7071067811865499042 ) ) ;
#1931 = DIRECTION ( 'NONE',  ( 1.000000000000000000, 0.000000000000000000, 0.000000000000000000 ) ) ;
#1932 = AXIS2_PLACEMENT_3D ( 'NONE', #4859, #155, #996 ) ;
#1933 = VECTOR ( 'NONE', #574, 1000.000000000000000 ) ;
#1934 = LINE ( 'NONE', #2019, #3828 ) ;
#1935 = DIRECTION ( 'NONE',  ( 1.000000000000000000, 0.000000000000000000, 0.000000000000000000 ) ) ;
#1936 = AXIS2_PLACEMENT_3D ( 'NONE', #4506, #1969, #346 ) ;
#1937 = VERTEX_POINT ( 'NONE', #4183 ) ;
#1938 = VECTOR ( 'NONE', #750, 1000.000000000000000 ) ;
#1939 = VECTOR ( 'NONE', #807, 1000.000000000000000 ) ;
#1940 = ORIENTED_EDGE ( 'NONE', *, *, #4538, .F. ) ;
#1941 = EDGE_CURVE ( 'NONE', #3839, #4574, #2401, .T. ) ;
#1942 = CARTESIAN_POINT ( 'NONE',  ( 32.50000000000000711, -5.649999999999995026, 117.1700000000000159 ) ) ;
#1943 = ORIENTED_EDGE ( 'NONE', *, *, #4403, .T. ) ;
#1944 = ORIENTED_EDGE ( 'NONE', *, *, #3120, .T. ) ;
#1945 = CARTESIAN_POINT ( 'NONE',  ( -11.99999999999999289, -3.699999999999993072, 120.0000000000000000 ) ) ;
#1946 = CIRCLE ( 'NONE', #519, 1.799999999999982059 ) ;
#1947 = DIRECTION ( 'NONE',  ( 0.000000000000000000, 0.000000000000000000, -1.000000000000000000 ) ) ;
#1948 = VECTOR ( 'NONE', #2512, 1000.000000000000000 ) ;
#1949 = EDGE_CURVE ( 'NONE', #1747, #2614, #1640, .T. ) ;
#1950 = EDGE_CURVE ( 'NONE', #525, #3354, #2935, .T. ) ;
#1951 = EDGE_CURVE ( 'NONE', #629, #5283, #1226, .T. ) ;
#1952 = AXIS2_PLACEMENT_3D ( 'NONE', #4344, #5255, #5573 ) ;
#1953 = CARTESIAN_POINT ( 'NONE',  ( 16.99862075525229699, -9.149999999999995026, 111.4700000000000131 ) ) ;
#1954 = ORIENTED_EDGE ( 'NONE', *, *, #3375, .T. ) ;
#1955 = CARTESIAN_POINT ( 'NONE',  ( -34.50000000000000000, 17.99999999999999645, 129.0000000000000000 ) ) ;
#1956 = ORIENTED_EDGE ( 'NONE', *, *, #711, .T. ) ;
#1957 = EDGE_CURVE ( 'NONE', #2032, #4756, #2943, .T. ) ;
#1958 = EDGE_LOOP ( 'NONE', ( #2172, #4602, #1701, #547 ) ) ;
#1959 = FACE_OUTER_BOUND ( 'NONE', #3710, .T. ) ;
#1960 = VERTEX_POINT ( 'NONE', #4635 ) ;
#1961 = DIRECTION ( 'NONE',  ( -1.000000000000000000, -0.000000000000000000, -0.000000000000000000 ) ) ;
#1962 = DIRECTION ( 'NONE',  ( -0.7071067811865524577, -0.7071067811865426878, -0.000000000000000000 ) ) ;
#1963 =( NAMED_UNIT ( * ) SI_UNIT ( $, .STERADIAN. ) SOLID_ANGLE_UNIT ( ) );
#1964 = DIRECTION ( 'NONE',  ( -2.001604010742468037E-16, -0.7071067811865486830, -0.7071067811865464625 ) ) ;
#1965 = PLANE ( 'NONE',  #4195 ) ;
#1966 = DIRECTION ( 'NONE',  ( -0.000000000000000000, 1.000000000000000000, -0.000000000000000000 ) ) ;
#1967 = DIRECTION ( 'NONE',  ( 0.000000000000000000, 0.000000000000000000, 1.000000000000000000 ) ) ;
#1968 = ORIENTED_EDGE ( 'NONE', *, *, #1401, .F. ) ;
#1969 = DIRECTION ( 'NONE',  ( -0.000000000000000000, 0.000000000000000000, 1.000000000000000000 ) ) ;
#1970 = EDGE_LOOP ( 'NONE', ( #2200, #1106, #4906, #1032 ) ) ;
#1971 = ORIENTED_EDGE ( 'NONE', *, *, #3532, .F. ) ;
#1972 = CYLINDRICAL_SURFACE ( 'NONE', #5081, 1.000000000000000888 ) ;
#1973 = DIRECTION ( 'NONE',  ( 0.7071067811865475727, 0.000000000000000000, 0.7071067811865475727 ) ) ;
#1974 = FACE_OUTER_BOUND ( 'NONE', #2724, .T. ) ;
#1975 = ORIENTED_EDGE ( 'NONE', *, *, #478, .F. ) ;
#1976 = DIRECTION ( 'NONE',  ( 0.000000000000000000, -0.7071067811865474617, -0.7071067811865474617 ) ) ;
#1977 = EDGE_LOOP ( 'NONE', ( #5408, #4084, #891, #2732 ) ) ;
#1978 = EDGE_CURVE ( 'NONE', #2904, #5074, #2817, .T. ) ;
#1979 = ORIENTED_EDGE ( 'NONE', *, *, #2763, .F. ) ;
#1980 = LINE ( 'NONE', #1192, #2115 ) ;
#1981 = LINE ( 'NONE', #694, #1948 ) ;
#1982 = DIRECTION ( 'NONE',  ( 0.7071067811865474617, -0.000000000000000000, -0.7071067811865474617 ) ) ;
#1983 = CARTESIAN_POINT ( 'NONE',  ( 32.50000000000000711, -10.79999999999999361, 117.1700000000000017 ) ) ;
#1984 = ORIENTED_EDGE ( 'NONE', *, *, #2179, .F. ) ;
#1985 = EDGE_CURVE ( 'NONE', #4783, #1863, #3698, .T. ) ;
#1986 = LINE ( 'NONE', #253, #4631 ) ;
#1987 = CARTESIAN_POINT ( 'NONE',  ( 61.99999999999992184, -3.699999999999993072, 61.99999999999820233 ) ) ;
#1988 = EDGE_CURVE ( 'NONE', #4169, #5474, #5004, .T. ) ;
#1989 = CYLINDRICAL_SURFACE ( 'NONE', #3191, 1.599999999999990319 ) ;
#1990 = VECTOR ( 'NONE', #1429, 1000.000000000000000 ) ;
#1991 = CARTESIAN_POINT ( 'NONE',  ( -9.000000000000001776, 25.23205080756887497, 123.0000000000000000 ) ) ;
#1992 = ORIENTED_EDGE ( 'NONE', *, *, #3919, .T. ) ;
#1993 = ORIENTED_EDGE ( 'NONE', *, *, #3856, .T. ) ;
#1994 = CARTESIAN_POINT ( 'NONE',  ( 33.99999999999990052, -9.149999999999995026, 111.4700000000000131 ) ) ;
#1995 = DIRECTION ( 'NONE',  ( 0.000000000000000000, -0.7071067811865475727, 0.7071067811865475727 ) ) ;
#1996 = ORIENTED_EDGE ( 'NONE', *, *, #1879, .T. ) ;
#1997 = CARTESIAN_POINT ( 'NONE',  ( -4.999999999999980460, -3.699999999999993072, 120.0000000000000000 ) ) ;
#1998 = CARTESIAN_POINT ( 'NONE',  ( 33.33431457505077589, 18.59999999999998366, 0.000000000000000000 ) ) ;
#1999 = AXIS2_PLACEMENT_3D ( 'NONE', #429, #2521, #3411 ) ;
#2000 = CYLINDRICAL_SURFACE ( 'NONE', #2938, 1.300000000000002487 ) ;
#2001 = ORIENTED_EDGE ( 'NONE', *, *, #3085, .T. ) ;
#2002 = DIRECTION ( 'NONE',  ( -0.000000000000000000, 1.000000000000000000, -0.000000000000000000 ) ) ;
#2003 = VERTEX_POINT ( 'NONE', #298 ) ;
#2004 = CIRCLE ( 'NONE', #3457, 1.799999999999929212 ) ;
#2005 = VERTEX_POINT ( 'NONE', #2009 ) ;
#2006 = DIRECTION ( 'NONE',  ( -0.000000000000000000, -0.8660254037844420383, -0.4999999999999941713 ) ) ;
#2007 = LINE ( 'NONE', #4181, #3394 ) ;
#2008 = ADVANCED_FACE ( 'NONE', ( #3728 ), #5458, .T. ) ;
#2009 = CARTESIAN_POINT ( 'NONE',  ( 15.00000000000000000, 19.29289321881345032, 89.00828352798708920 ) ) ;
#2010 = CARTESIAN_POINT ( 'NONE',  ( -8.499999999999992895, -15.99999999999999289, 104.2999999999999972 ) ) ;
#2011 = ORIENTED_EDGE ( 'NONE', *, *, #4610, .F. ) ;
#2012 = VECTOR ( 'NONE', #4683, 1000.000000000000000 ) ;
#2013 = CARTESIAN_POINT ( 'NONE',  ( 33.99999999999989342, -5.649999999999995026, 117.1700000000000159 ) ) ;
#2014 = EDGE_CURVE ( 'NONE', #1722, #737, #3944, .T. ) ;
#2015 = DIRECTION ( 'NONE',  ( 0.000000000000000000, 0.000000000000000000, 1.000000000000000000 ) ) ;
#2016 = ADVANCED_FACE ( 'NONE', ( #3913 ), #4817, .T. ) ;
#2017 = DIRECTION ( 'NONE',  ( -0.000000000000000000, 1.000000000000000000, -0.000000000000000000 ) ) ;
#2018 = EDGE_CURVE ( 'NONE', #3335, #4451, #3712, .T. ) ;
#2019 = CARTESIAN_POINT ( 'NONE',  ( 34.50000000000000000, -17.99999999999998934, 0.4000000000000000222 ) ) ;
#2020 = CARTESIAN_POINT ( 'NONE',  ( -16.00000000000000000, 19.99999999999999645, 91.12960387154670627 ) ) ;
#2021 = AXIS2_PLACEMENT_3D ( 'NONE', #1164, #4575, #4516 ) ;
#2022 = EDGE_CURVE ( 'NONE', #1548, #2607, #901, .T. ) ;
#2023 = ORIENTED_EDGE ( 'NONE', *, *, #784, .T. ) ;
#2024 = CARTESIAN_POINT ( 'NONE',  ( 16.99862075525229699, -5.649999999999995026, 117.1700000000000159 ) ) ;
#2025 = PLANE ( 'NONE',  #2741 ) ;
#2026 = ORIENTED_EDGE ( 'NONE', *, *, #4787, .F. ) ;
#2027 = LINE ( 'NONE', #3716, #3909 ) ;
#2028 = DIRECTION ( 'NONE',  ( -0.7071067811865545671, 0.000000000000000000, -0.7071067811865404673 ) ) ;
#2029 = VECTOR ( 'NONE', #2354, 1000.000000000000114 ) ;
#2030 = VECTOR ( 'NONE', #1368, 1000.000000000000000 ) ;
#2031 = CARTESIAN_POINT ( 'NONE',  ( -34.50000000000000000, -18.00000000000000355, 129.0000000000000000 ) ) ;
#2032 = VERTEX_POINT ( 'NONE', #430 ) ;
#2033 = VECTOR ( 'NONE', #163, 1000.000000000000000 ) ;
#2034 = VECTOR ( 'NONE', #3675, 1000.000000000000000 ) ;
#2035 = ORIENTED_EDGE ( 'NONE', *, *, #3692, .F. ) ;
#2036 = VECTOR ( 'NONE', #712, 1000.000000000000114 ) ;
#2037 = EDGE_LOOP ( 'NONE', ( #3392, #2488, #4405, #2209, #1415 ) ) ;
#2038 = CARTESIAN_POINT ( 'NONE',  ( 17.00000000000000000, 18.99999999999999645, 91.12960387154673469 ) ) ;
#2039 = DIRECTION ( 'NONE',  ( 0.000000000000000000, 0.000000000000000000, 1.000000000000000000 ) ) ;
#2040 = DIRECTION ( 'NONE',  ( -0.7071067811865474617, -0.7071067811865474617, -0.000000000000000000 ) ) ;
#2041 = CARTESIAN_POINT ( 'NONE',  ( 15.60000000000000142, 34.90154239743754516, 106.2519492829871410 ) ) ;
#2042 = VERTEX_POINT ( 'NONE', #1321 ) ;
#2043 = FACE_OUTER_BOUND ( 'NONE', #5112, .T. ) ;
#2044 = EDGE_CURVE ( 'NONE', #4291, #3659, #1792, .T. ) ;
#2045 = CARTESIAN_POINT ( 'NONE',  ( 13.00000000000000178, 15.99999999999999645, 116.7046606660471184 ) ) ;
#2046 = CARTESIAN_POINT ( 'NONE',  ( -34.10000000000000853, 17.83431457505076523, 0.4000000000000000222 ) ) ;
#2047 = CARTESIAN_POINT ( 'NONE',  ( 32.50000000000000711, -12.64999999999999503, 117.1700000000000159 ) ) ;
#2048 = EDGE_CURVE ( 'NONE', #5561, #3335, #109, .T. ) ;
#2049 = LINE ( 'NONE', #4224, #5057 ) ;
#2050 = EDGE_CURVE ( 'NONE', #2891, #3421, #4388, .T. ) ;
#2051 = ORIENTED_EDGE ( 'NONE', *, *, #615, .F. ) ;
#2052 = CARTESIAN_POINT ( 'NONE',  ( -8.499999999999992895, -15.99999999999999289, 115.4000000000000057 ) ) ;
#2053 = DIRECTION ( 'NONE',  ( 0.000000000000000000, -0.7071067811865474617, -0.7071067811865474617 ) ) ;
#2054 = EDGE_LOOP ( 'NONE', ( #894, #2583, #1588, #3833 ) ) ;
#2055 = ORIENTED_EDGE ( 'NONE', *, *, #1061, .F. ) ;
#2056 = DIRECTION ( 'NONE',  ( -0.000000000000000000, 0.7071067811865474617, 0.7071067811865476838 ) ) ;
#2057 = ADVANCED_FACE ( 'NONE', ( #30 ), #5262, .F. ) ;
#2058 = DIRECTION ( 'NONE',  ( -0.000000000000000000, -1.000000000000000000, -0.000000000000000000 ) ) ;
#2059 = CARTESIAN_POINT ( 'NONE',  ( 34.50000000000000000, -10.79999999999999538, 117.1700000000000017 ) ) ;
#2060 = ORIENTED_EDGE ( 'NONE', *, *, #1592, .F. ) ;
#2061 = DIRECTION ( 'NONE',  ( 0.000000000000000000, 0.000000000000000000, 1.000000000000000000 ) ) ;
#2062 = ORIENTED_EDGE ( 'NONE', *, *, #2454, .T. ) ;
#2063 = ADVANCED_FACE ( 'NONE', ( #2979, #4308 ), #1712, .T. ) ;
#2064 = ORIENTED_EDGE ( 'NONE', *, *, #3885, .T. ) ;
#2065 = CARTESIAN_POINT ( 'NONE',  ( 15.00000000000000000, 18.99999999999999645, 88.30117674680055018 ) ) ;
#2066 = EDGE_LOOP ( 'NONE', ( #4047, #1923 ) ) ;
#2067 = CARTESIAN_POINT ( 'NONE',  ( -8.499999999999992895, -3.699999999999993072, 125.2000000000000028 ) ) ;
#2068 = DIRECTION ( 'NONE',  ( 1.000000000000000000, 0.000000000000000000, 0.000000000000000000 ) ) ;
#2069 = DIRECTION ( 'NONE',  ( -1.000000000000000000, 5.204017235966116751E-17, 0.000000000000000000 ) ) ;
#2070 = ORIENTED_EDGE ( 'NONE', *, *, #2869, .T. ) ;
#2071 = LINE ( 'NONE', #5575, #1373 ) ;
#2072 = DIRECTION ( 'NONE',  ( 0.000000000000000000, -0.7071067811865475727, 0.7071067811865475727 ) ) ;
#2073 = CARTESIAN_POINT ( 'NONE',  ( -12.99999999999999467, -15.99999999999999289, 120.0000000000000000 ) ) ;
#2074 = LINE ( 'NONE', #3797, #3809 ) ;
#2075 = LINE ( 'NONE', #3798, #3898 ) ;
#2076 = VERTEX_POINT ( 'NONE', #1288 ) ;
#2077 = FACE_OUTER_BOUND ( 'NONE', #926, .T. ) ;
#2078 = CARTESIAN_POINT ( 'NONE',  ( 0.000000000000000000, 30.27013046721473799, 103.5210546823211644 ) ) ;
#2079 = AXIS2_PLACEMENT_3D ( 'NONE', #4284, #882, #4767 ) ;
#2080 = ORIENTED_EDGE ( 'NONE', *, *, #1630, .T. ) ;
#2081 = VERTEX_POINT ( 'NONE', #3465 ) ;
#2082 = CARTESIAN_POINT ( 'NONE',  ( -33.50000000000000000, -19.00000000000000355, 129.0000000000000000 ) ) ;
#2083 = PLANE ( 'NONE',  #5080 ) ;
#2084 = ADVANCED_FACE ( 'NONE', ( #4703 ), #2605, .T. ) ;
#2085 = CARTESIAN_POINT ( 'NONE',  ( 29.20000000000000639, -16.00000000000000000, 98.79999999999998295 ) ) ;
#2086 = VERTEX_POINT ( 'NONE', #2188 ) ;
#2087 = DIRECTION ( 'NONE',  ( -1.000000000000000000, 0.000000000000000000, -9.637352644315585382E-17 ) ) ;
#2088 = EDGE_LOOP ( 'NONE', ( #5568, #1129, #467, #1416 ) ) ;
#2089 = ORIENTED_EDGE ( 'NONE', *, *, #3593, .T. ) ;
#2090 = DIRECTION ( 'NONE',  ( 0.000000000000000000, 0.000000000000000000, -1.000000000000000000 ) ) ;
#2091 = EDGE_CURVE ( 'NONE', #3596, #3891, #4276, .T. ) ;
#2092 = EDGE_LOOP ( 'NONE', ( #3977, #2563, #2283, #3327 ) ) ;
#2093 = CARTESIAN_POINT ( 'NONE',  ( 30.00000000000000000, -12.00000000000000000, 6.000000000000000000 ) ) ;
#2094 = LINE ( 'NONE', #1612, #3807 ) ;
#2095 = DIRECTION ( 'NONE',  ( 0.000000000000000000, -1.000000000000000000, 0.000000000000000000 ) ) ;
#2096 = ORIENTED_EDGE ( 'NONE', *, *, #3885, .F. ) ;
#2097 = CARTESIAN_POINT ( 'NONE',  ( -34.50000000000000000, -19.00000000000000355, 129.0000000000000000 ) ) ;
#2098 = AXIS2_PLACEMENT_3D ( 'NONE', #5406, #5469, #2885 ) ;
#2099 = CARTESIAN_POINT ( 'NONE',  ( 15.00000000000000000, 18.99999999999999645, 88.30117674680055018 ) ) ;
#2100 = VECTOR ( 'NONE', #3525, 1000.000000000000000 ) ;
#2101 = FACE_BOUND ( 'NONE', #2152, .T. ) ;
#2102 = DIRECTION ( 'NONE',  ( -0.000000000000000000, 0.8660254037844419273, 0.4999999999999942268 ) ) ;
#2103 = LINE ( 'NONE', #2978, #646 ) ;
#2104 = VECTOR ( 'NONE', #5098, 1000.000000000000000 ) ;
#2105 = VECTOR ( 'NONE', #1130, 1000.000000000000000 ) ;
#2106 = ORIENTED_EDGE ( 'NONE', *, *, #4707, .F. ) ;
#2107 = CARTESIAN_POINT ( 'NONE',  ( -3.999999999999996447, -3.699999999999993072, 108.8000000000000114 ) ) ;
#2108 = DIRECTION ( 'NONE',  ( 0.000000000000000000, 0.8660254037844460351, 0.4999999999999873990 ) ) ;
#2109 = EDGE_LOOP ( 'NONE', ( #4918, #1669, #927, #1151, #1439, #2210, #285, #4315 ) ) ;
#2110 = CIRCLE ( 'NONE', #584, 1.499999999999960476 ) ;
#2111 = VECTOR ( 'NONE', #3740, 1000.000000000000000 ) ;
#2112 = CARTESIAN_POINT ( 'NONE',  ( 34.50000000000000000, -5.149999999999897327, 117.1700000000000159 ) ) ;
#2113 = DIRECTION ( 'NONE',  ( 0.000000000000000000, 0.000000000000000000, -1.000000000000000000 ) ) ;
#2114 = EDGE_CURVE ( 'NONE', #1010, #2871, #4328, .T. ) ;
#2115 = VECTOR ( 'NONE', #663, 1000.000000000000000 ) ;
#2116 = CARTESIAN_POINT ( 'NONE',  ( -12.99999999999999467, -15.99999999999999289, 121.0000000000000000 ) ) ;
#2117 = ORIENTED_EDGE ( 'NONE', *, *, #3631, .T. ) ;
#2118 = EDGE_LOOP ( 'NONE', ( #2536, #95, #578, #2328 ) ) ;
#2119 = VECTOR ( 'NONE', #2307, 1000.000000000000000 ) ;
#2120 = EDGE_CURVE ( 'NONE', #3022, #3891, #845, .T. ) ;
#2121 = ADVANCED_FACE ( 'NONE', ( #3068 ), #4790, .F. ) ;
#2122 = ADVANCED_FACE ( 'NONE', ( #3 ), #3438, .F. ) ;
#2123 = ORIENTED_EDGE ( 'NONE', *, *, #3951, .T. ) ;
#2125 = CARTESIAN_POINT ( 'NONE',  ( -32.20000000000001705, -17.20000000000000284, 6.000000000000000000 ) ) ;
#2124 = VECTOR ( 'NONE', #1786, 1000.000000000000000 ) ;
#2126 = AXIS2_PLACEMENT_3D ( 'NONE', #4160, #2017, #4644 ) ;
#2127 = CARTESIAN_POINT ( 'NONE',  ( 33.49999999999998579, -19.00000000000000355, 129.0000000000000000 ) ) ;
#2128 = VERTEX_POINT ( 'NONE', #2322 ) ;
#2129 = LINE ( 'NONE', #4379, #3036 ) ;
#2130 = ORIENTED_EDGE ( 'NONE', *, *, #3054, .T. ) ;
#2131 = CARTESIAN_POINT ( 'NONE',  ( 0.000000000000000000, 0.000000000000000000, 6.000000000000000000 ) ) ;
#2132 = CONICAL_SURFACE ( 'NONE', #3846, 1.300000000000002487, 0.7853981633974579379 ) ;
#2133 = ADVANCED_FACE ( 'NONE', ( #1008 ), #4075, .T. ) ;
#2134 = AXIS2_PLACEMENT_3D ( 'NONE', #5376, #3230, #4948 ) ;
#2135 = DIRECTION ( 'NONE',  ( -0.000000000000000000, -1.000000000000000000, -0.000000000000000000 ) ) ;
#2136 = DIRECTION ( 'NONE',  ( -0.000000000000000000, 0.000000000000000000, 1.000000000000000000 ) ) ;
#2137 = CARTESIAN_POINT ( 'NONE',  ( -8.499999999999992895, -15.99999999999999289, 113.4000000000000057 ) ) ;
#2138 = CARTESIAN_POINT ( 'NONE',  ( -3.150285493734852338, 41.34104326347033265, 94.29840660763439075 ) ) ;
#2139 = DIRECTION ( 'NONE',  ( -1.000000000000000000, 0.000000000000000000, 0.000000000000000000 ) ) ;
#2140 = CARTESIAN_POINT ( 'NONE',  ( -29.19999999999998863, -17.20000000000000284, 9.000000000000001776 ) ) ;
#2141 = PLANE ( 'NONE',  #3298 ) ;
#2142 = ORIENTED_EDGE ( 'NONE', *, *, #5238, .F. ) ;
#2143 = DIRECTION ( 'NONE',  ( 0.000000000000000000, 0.000000000000000000, 1.000000000000000000 ) ) ;
#2144 = CARTESIAN_POINT ( 'NONE',  ( 23.80000000000000071, -19.00000000000000711, 109.2000000000000028 ) ) ;
#2145 = DIRECTION ( 'NONE',  ( 0.7071067811865475727, 0.7071067811865475727, 0.000000000000000000 ) ) ;
#2146 = EDGE_LOOP ( 'NONE', ( #933, #3074 ) ) ;
#2147 = SHAPE_DEFINITION_REPRESENTATION ( #3285, #4939 ) ;
#2148 = ORIENTED_EDGE ( 'NONE', *, *, #1119, .F. ) ;
#2149 = ORIENTED_EDGE ( 'NONE', *, *, #2323, .F. ) ;
#2150 = PLANE ( 'NONE',  #1563 ) ;
#2151 = CARTESIAN_POINT ( 'NONE',  ( 2.500000000000000000, 28.64378487048572097, 104.0160294291517005 ) ) ;
#2152 = EDGE_LOOP ( 'NONE', ( #1537, #5146 ) ) ;
#2153 = EDGE_CURVE ( 'NONE', #4329, #766, #4412, .T. ) ;
#2154 = DIRECTION ( 'NONE',  ( 0.000000000000000000, 0.4999999999999870104, -0.8660254037844460351 ) ) ;
#2155 = VERTEX_POINT ( 'NONE', #2744 ) ;
#2156 = PLANE ( 'NONE',  #3271 ) ;
#2157 = ORIENTED_EDGE ( 'NONE', *, *, #3085, .F. ) ;
#2158 = PLANE ( 'NONE',  #1038 ) ;
#2159 = DIRECTION ( 'NONE',  ( 0.000000000000000000, 0.4999999999999954481, -0.8660254037844413721 ) ) ;
#2160 = EDGE_CURVE ( 'NONE', #1105, #4796, #2110, .T. ) ;
#2161 = DIRECTION ( 'NONE',  ( -0.000000000000000000, 0.8660254037844420383, 0.4999999999999942824 ) ) ;
#2162 = CARTESIAN_POINT ( 'NONE',  ( -33.33431457505076168, 18.59999999999999432, 0.4000000000000000222 ) ) ;
#2163 = DIRECTION ( 'NONE',  ( 0.000000000000000000, -0.4999999999999957256, 0.8660254037844411501 ) ) ;
#2164 = EDGE_CURVE ( 'NONE', #3686, #147, #4177, .T. ) ;
#2165 = ORIENTED_EDGE ( 'NONE', *, *, #3067, .F. ) ;
#2166 = DIRECTION ( 'NONE',  ( -0.000000000000000000, -1.000000000000000000, -0.000000000000000000 ) ) ;
#2167 = DIRECTION ( 'NONE',  ( 0.000000000000000000, 0.4999999999999943379, -0.8660254037844418162 ) ) ;
#2168 = CONICAL_SURFACE ( 'NONE', #3794, 3.500000000000003109, 0.7853981633974415066 ) ;
#2169 = DIRECTION ( 'NONE',  ( 1.000000000000000000, -0.000000000000000000, -0.000000000000000000 ) ) ;
#2170 = ORIENTED_EDGE ( 'NONE', *, *, #1219, .F. ) ;
#2171 = EDGE_LOOP ( 'NONE', ( #4998, #5054, #755, #3149 ) ) ;
#2172 = ORIENTED_EDGE ( 'NONE', *, *, #5198, .T. ) ;
#2173 = DIRECTION ( 'NONE',  ( -1.000000000000000000, 0.000000000000000000, -0.000000000000000000 ) ) ;
#2174 = DIRECTION ( 'NONE',  ( 0.000000000000000000, 0.7071067811865499042, 0.7071067811865451302 ) ) ;
#2175 = EDGE_LOOP ( 'NONE', ( #2437, #1609 ) ) ;
#2176 = CARTESIAN_POINT ( 'NONE',  ( -49.55495899895102951, 33.94708572938485247, 107.9051167256776722 ) ) ;
#2177 = VERTEX_POINT ( 'NONE', #137 ) ;
#2178 =( BOUNDED_CURVE ( )  B_SPLINE_CURVE ( 3, ( #4102, #4409, #4072, #4865 ),
 .UNSPECIFIED., .F., .F. ) 
 B_SPLINE_CURVE_WITH_KNOTS ( ( 4, 4 ),
 ( 3.141592653589793116, 6.283185307179586232 ),
 .UNSPECIFIED. ) 
 CURVE ( )  GEOMETRIC_REPRESENTATION_ITEM ( )  RATIONAL_B_SPLINE_CURVE ( ( 1.000000000000000000, 0.3333333333333333703, 0.3333333333333333703, 1.000000000000000000 ) ) 
 REPRESENTATION_ITEM ( '' )  );
#2179 = EDGE_CURVE ( 'NONE', #5303, #4317, #1039, .T. ) ;
#2180 = CARTESIAN_POINT ( 'NONE',  ( 0.000000000000000000, 30.97723724840128767, 104.2281614635077034 ) ) ;
#2181 = CARTESIAN_POINT ( 'NONE',  ( 14.81725989930085419, 23.35358983848619374, 125.4535898384861667 ) ) ;
#2182 = AXIS2_PLACEMENT_3D ( 'NONE', #4247, #842, #1765 ) ;
#2183 = CARTESIAN_POINT ( 'NONE',  ( -25.50000000000000355, -15.99999999999999289, 125.0000000000000000 ) ) ;
#2184 = ADVANCED_FACE ( 'NONE', ( #3147 ), #3620, .F. ) ;
#2185 = EDGE_CURVE ( 'NONE', #5535, #4484, #1477, .T. ) ;
#2186 = VECTOR ( 'NONE', #3619, 1000.000000000000000 ) ;
#2187 = EDGE_CURVE ( 'NONE', #2424, #1884, #4053, .T. ) ;
#2188 = CARTESIAN_POINT ( 'NONE',  ( -15.00000000000000355, 18.99999999999999645, 88.30117674680055018 ) ) ;
#2189 = CYLINDRICAL_SURFACE ( 'NONE', #2470, 1.599999999999990319 ) ;
#2190 = ORIENTED_EDGE ( 'NONE', *, *, #3808, .T. ) ;
#2191 = DIRECTION ( 'NONE',  ( -0.000000000000000000, -0.8660254037844420383, -0.4999999999999941713 ) ) ;
#2192 = AXIS2_PLACEMENT_3D ( 'NONE', #232, #1947, #1827 ) ;
#2193 = DIRECTION ( 'NONE',  ( -1.000000000000000000, 0.000000000000000000, 0.000000000000000000 ) ) ;
#2194 = EDGE_CURVE ( 'NONE', #4708, #885, #2195, .T. ) ;
#2195 = CIRCLE ( 'NONE', #3547, 4.000000000000100364 ) ;
#2196 = CIRCLE ( 'NONE', #5087, 1.649999999999998579 ) ;
#2197 = CARTESIAN_POINT ( 'NONE',  ( 33.50000000000002842, 18.99999999999999645, 0.4000000000000000222 ) ) ;
#2198 = ORIENTED_EDGE ( 'NONE', *, *, #2295, .F. ) ;
#2199 = VERTEX_POINT ( 'NONE', #4522 ) ;
#2200 = ORIENTED_EDGE ( 'NONE', *, *, #4426, .F. ) ;
#2201 = VECTOR ( 'NONE', #2993, 1000.000000000000000 ) ;
#2202 = ORIENTED_EDGE ( 'NONE', *, *, #5473, .F. ) ;
#2203 = CARTESIAN_POINT ( 'NONE',  ( 0.000000000000000000, 32.39145081077447941, 102.8139479011345117 ) ) ;
#2204 = DIRECTION ( 'NONE',  ( -1.000000000000000000, 0.000000000000000000, 0.000000000000000000 ) ) ;
#2205 = ORIENTED_EDGE ( 'NONE', *, *, #4157, .T. ) ;
#2206 = AXIS2_PLACEMENT_3D ( 'NONE', #2987, #375, #465 ) ;
#2207 = VECTOR ( 'NONE', #4238, 1000.000000000000114 ) ;
#2208 = DIRECTION ( 'NONE',  ( 0.000000000000000000, 1.000000000000000000, -0.000000000000000000 ) ) ;
#2209 = ORIENTED_EDGE ( 'NONE', *, *, #3437, .F. ) ;
#2210 = ORIENTED_EDGE ( 'NONE', *, *, #2834, .T. ) ;
#2211 = VECTOR ( 'NONE', #3216, 1000.000000000000000 ) ;
#2212 = AXIS2_PLACEMENT_3D ( 'NONE', #2856, #3829, #5551 ) ;
#2213 = LINE ( 'NONE', #3039, #4727 ) ;
#2214 = CARTESIAN_POINT ( 'NONE',  ( 23.80000000000000071, -19.00000000000000711, 111.2000000000000028 ) ) ;
#2215 = VECTOR ( 'NONE', #2069, 1000.000000000000000 ) ;
#2216 = CIRCLE ( 'NONE', #2390, 1.200000000000034373 ) ;
#2217 = DIRECTION ( 'NONE',  ( 0.000000000000000000, 0.7071067811865499042, 0.7071067811865451302 ) ) ;
#2218 = EDGE_CURVE ( 'NONE', #355, #198, #1069, .T. ) ;
#2219 = VECTOR ( 'NONE', #4572, 1000.000000000000000 ) ;
#2220 = DIRECTION ( 'NONE',  ( 0.000000000000000000, 0.000000000000000000, -1.000000000000000000 ) ) ;
#2221 = FACE_OUTER_BOUND ( 'NONE', #5232, .T. ) ;
#2222 = ORIENTED_EDGE ( 'NONE', *, *, #1783, .T. ) ;
#2223 = EDGE_CURVE ( 'NONE', #2357, #1407, #4498, .T. ) ;
#2224 = VERTEX_POINT ( 'NONE', #2713 ) ;
#2225 = DIRECTION ( 'NONE',  ( 0.7071067811865426878, -0.7071067811865524577, 0.000000000000000000 ) ) ;
#2226 = EDGE_CURVE ( 'NONE', #4036, #5373, #49, .T. ) ;
#2227 = LINE ( 'NONE', #4712, #4697 ) ;
#2228 = PLANE ( 'NONE',  #512 ) ;
#2229 = VERTEX_POINT ( 'NONE', #1874 ) ;
#2230 = ADVANCED_FACE ( 'NONE', ( #1394 ), #2686, .F. ) ;
#2231 = ORIENTED_EDGE ( 'NONE', *, *, #1828, .F. ) ;
#2232 = CARTESIAN_POINT ( 'NONE',  ( -8.499999999999992895, -3.699999999999993072, 105.5000000000000426 ) ) ;
#2233 = EDGE_LOOP ( 'NONE', ( #3283, #3417, #405, #1918 ) ) ;
#2234 = LINE ( 'NONE', #2313, #4660 ) ;
#2235 = VERTEX_POINT ( 'NONE', #3572 ) ;
#2236 = EDGE_CURVE ( 'NONE', #1906, #3904, #4904, .T. ) ;
#2237 = DIRECTION ( 'NONE',  ( -0.000000000000000000, -1.000000000000000000, -0.000000000000000000 ) ) ;
#2238 = ORIENTED_EDGE ( 'NONE', *, *, #2254, .F. ) ;
#2239 = FACE_OUTER_BOUND ( 'NONE', #4081, .T. ) ;
#2240 = CARTESIAN_POINT ( 'NONE',  ( 34.50000000000000000, 18.99999999999999645, 129.0000000000000000 ) ) ;
#2241 = CARTESIAN_POINT ( 'NONE',  ( -15.00000000000000000, 23.03811978464823085, 126.0000000000000000 ) ) ;
#2242 = CARTESIAN_POINT ( 'NONE',  ( 9.000000000000001776, 25.23205080756887497, 123.0000000000000000 ) ) ;
#2243 = DIRECTION ( 'NONE',  ( 8.659560562354913137E-17, -0.7071067811865489050, 0.7071067811865460184 ) ) ;
#2244 = LINE ( 'NONE', #4763, #1574 ) ;
#2245 = EDGE_LOOP ( 'NONE', ( #2308, #4176, #2060, #4337 ) ) ;
#2246 = DIRECTION ( 'NONE',  ( -0.000000000000000000, -1.000000000000000000, -0.000000000000000000 ) ) ;
#2247 = DIRECTION ( 'NONE',  ( 0.000000000000000000, 0.000000000000000000, 1.000000000000000000 ) ) ;
#2248 = CARTESIAN_POINT ( 'NONE',  ( 25.50000000000000355, -15.99999999999999289, 125.0000000000000000 ) ) ;
#2249 = ORIENTED_EDGE ( 'NONE', *, *, #4772, .T. ) ;
#2250 = ORIENTED_EDGE ( 'NONE', *, *, #2767, .T. ) ;
#2251 = ORIENTED_EDGE ( 'NONE', *, *, #4007, .T. ) ;
#2252 = CARTESIAN_POINT ( 'NONE',  ( -8.499999999999992895, -3.699999999999993072, 103.0999999999999659 ) ) ;
#2253 = ADVANCED_FACE ( 'NONE', ( #4440 ), #4868, .F. ) ;
#2254 = EDGE_CURVE ( 'NONE', #440, #4504, #1506, .T. ) ;
#2255 = LINE ( 'NONE', #3078, #770 ) ;
#2256 = LINE ( 'NONE', #5333, #4365 ) ;
#2257 = ORIENTED_EDGE ( 'NONE', *, *, #656, .F. ) ;
#2258 = DIRECTION ( 'NONE',  ( -0.7071067811865524577, 0.7071067811865426878, 0.000000000000000000 ) ) ;
#2259 = ORIENTED_EDGE ( 'NONE', *, *, #4236, .T. ) ;
#2260 = EDGE_CURVE ( 'NONE', #2672, #4670, #4136, .T. ) ;
#2261 = CARTESIAN_POINT ( 'NONE',  ( -14.81725989930085596, 23.35358983848619374, 125.4535898384861667 ) ) ;
#2262 = CARTESIAN_POINT ( 'NONE',  ( -28.69999999999999574, 12.00000000000000000, 6.000000000000000000 ) ) ;
#2263 = PLANE ( 'NONE',  #4466 ) ;
#2264 = FACE_OUTER_BOUND ( 'NONE', #1369, .T. ) ;
#2265 = CARTESIAN_POINT ( 'NONE',  ( -16.00000000000000000, 23.49999999999999645, 126.0000000000000000 ) ) ;
#2266 = VECTOR ( 'NONE', #2453, 1000.000000000000000 ) ;
#2267 = FACE_OUTER_BOUND ( 'NONE', #3516, .T. ) ;
#2268 = EDGE_LOOP ( 'NONE', ( #1568, #1746 ) ) ;
#2269 = DIRECTION ( 'NONE',  ( -1.000000000000000000, 0.000000000000000000, 0.000000000000000000 ) ) ;
#2270 = DIRECTION ( 'NONE',  ( -0.000000000000000000, -1.000000000000000000, -0.000000000000000000 ) ) ;
#2271 = VECTOR ( 'NONE', #4104, 1000.000000000000000 ) ;
#2272 = CARTESIAN_POINT ( 'NONE',  ( -31.49999999999999289, -15.99999999999999289, 129.0000000000000000 ) ) ;
#2273 = ORIENTED_EDGE ( 'NONE', *, *, #3463, .T. ) ;
#2274 = VERTEX_POINT ( 'NONE', #1589 ) ;
#2275 = CARTESIAN_POINT ( 'NONE',  ( -11.99999999999997868, 0.000000000000000000, 129.0000000000000000 ) ) ;
#2276 = FACE_OUTER_BOUND ( 'NONE', #2364, .T. ) ;
#2277 = EDGE_CURVE ( 'NONE', #2925, #96, #3723, .T. ) ;
#2278 = CIRCLE ( 'NONE', #2641, 0.9999999999999988898 ) ;
#2279 = CARTESIAN_POINT ( 'NONE',  ( 2.500000000000000000, 28.64378487048572097, 104.0160294291517005 ) ) ;
#2280 = DIRECTION ( 'NONE',  ( 0.000000000000000000, 0.000000000000000000, 1.000000000000000000 ) ) ;
#2281 = ORIENTED_EDGE ( 'NONE', *, *, #195, .F. ) ;
#2282 = DIRECTION ( 'NONE',  ( 0.7071067811865475727, -0.7071067811865475727, 0.000000000000000000 ) ) ;
#2283 = ORIENTED_EDGE ( 'NONE', *, *, #4538, .T. ) ;
#2284 = EDGE_CURVE ( 'NONE', #1292, #1779, #2517, .T. ) ;
#2285 = EDGE_CURVE ( 'NONE', #2983, #576, #3152, .T. ) ;
#2286 = AXIS2_PLACEMENT_3D ( 'NONE', #4947, #4891, #3565 ) ;
#2287 = AXIS2_PLACEMENT_3D ( 'NONE', #4902, #2303, #3597 ) ;
#2288 = ADVANCED_FACE ( 'NONE', ( #5465 ), #3275, .F. ) ;
#2289 = ORIENTED_EDGE ( 'NONE', *, *, #709, .T. ) ;
#2290 = PLANE ( 'NONE',  #4447 ) ;
#2291 = CONICAL_SURFACE ( 'NONE', #3017, 1.299999999999999822, 0.7853981633974145282 ) ;
#2292 = EDGE_LOOP ( 'NONE', ( #1144, #880, #3423, #4486 ) ) ;
#2293 = DIRECTION ( 'NONE',  ( -0.000000000000000000, -0.7071067811865476838, 0.7071067811865474617 ) ) ;
#2294 = FACE_OUTER_BOUND ( 'NONE', #2645, .T. ) ;
#2295 = EDGE_CURVE ( 'NONE', #531, #940, #3288, .T. ) ;
#2296 = DIRECTION ( 'NONE',  ( -0.000000000000000000, 1.000000000000000000, -0.000000000000000000 ) ) ;
#2297 = VECTOR ( 'NONE', #1344, 1000.000000000000114 ) ;
#2298 = CARTESIAN_POINT ( 'NONE',  ( 0.000000000000000000, 32.74500420136772050, 102.4603945105412777 ) ) ;
#2299 = CARTESIAN_POINT ( 'NONE',  ( 31.50000000000000711, -9.149999999999995026, 117.1700000000000159 ) ) ;
#2300 = AXIS2_PLACEMENT_3D ( 'NONE', #187, #2739, #3170 ) ;
#2301 = VECTOR ( 'NONE', #1316, 1000.000000000000114 ) ;
#2302 = ORIENTED_EDGE ( 'NONE', *, *, #5221, .T. ) ;
#2303 = DIRECTION ( 'NONE',  ( -1.000000000000000000, 0.000000000000000000, 0.000000000000000000 ) ) ;
#2304 = DIRECTION ( 'NONE',  ( 0.000000000000000000, 0.000000000000000000, -1.000000000000000000 ) ) ;
#2305 = CIRCLE ( 'NONE', #4025, 0.7000000000000061728 ) ;
#2306 = VERTEX_POINT ( 'NONE', #362 ) ;
#2307 = DIRECTION ( 'NONE',  ( -0.000000000000000000, 0.7071067811865476838, -0.7071067811865474617 ) ) ;
#2308 = ORIENTED_EDGE ( 'NONE', *, *, #443, .T. ) ;
#2309 = EDGE_LOOP ( 'NONE', ( #241, #13, #3450, #2456 ) ) ;
#2310 = EDGE_LOOP ( 'NONE', ( #635, #4067, #3056, #1331 ) ) ;
#2311 = LINE ( 'NONE', #1911, #1739 ) ;
#2312 = CARTESIAN_POINT ( 'NONE',  ( -5.000000000000023093, -3.699999999999993072, 129.0000000000000000 ) ) ;
#2313 = CARTESIAN_POINT ( 'NONE',  ( 25.50000000000000355, 19.00000000000000000, 121.7500000000000000 ) ) ;
#2314 = VERTEX_POINT ( 'NONE', #3795 ) ;
#2315 = FACE_OUTER_BOUND ( 'NONE', #2092, .T. ) ;
#2316 = ORIENTED_EDGE ( 'NONE', *, *, #2654, .T. ) ;
#2317 = CARTESIAN_POINT ( 'NONE',  ( -32.20000000000001705, -17.20000000000000284, 6.000000000000000000 ) ) ;
#2318 = ORIENTED_EDGE ( 'NONE', *, *, #2591, .T. ) ;
#2319 = CARTESIAN_POINT ( 'NONE',  ( -5.000000000000000000, 35.83997894819830776, 100.3553692573718479 ) ) ;
#2320 = LINE ( 'NONE', #3618, #1317 ) ;
#2321 = CARTESIAN_POINT ( 'NONE',  ( -31.30000000000000071, 12.00000000000000000, 0.5000000000000125455 ) ) ;
#2322 = CARTESIAN_POINT ( 'NONE',  ( 15.00000000000000000, 19.99999999999999645, 126.0000000000000000 ) ) ;
#2323 = EDGE_CURVE ( 'NONE', #2224, #837, #1646, .T. ) ;
#2324 = DIRECTION ( 'NONE',  ( 0.000000000000000000, 0.000000000000000000, -1.000000000000000000 ) ) ;
#2325 = CARTESIAN_POINT ( 'NONE',  ( 15.60000000000000142, 23.80550504633035658, 124.6708497377870373 ) ) ;
#2326 = CARTESIAN_POINT ( 'NONE',  ( -14.81725989930085596, 23.35358983848619374, 125.4535898384861667 ) ) ;
#2327 = EDGE_CURVE ( 'NONE', #82, #2155, #2727, .T. ) ;
#2328 = ORIENTED_EDGE ( 'NONE', *, *, #3799, .T. ) ;
#2329 = CARTESIAN_POINT ( 'NONE',  ( -13.00000000000000178, 33.56698729810768356, 107.5634665205267453 ) ) ;
#2330 = ORIENTED_EDGE ( 'NONE', *, *, #1850, .T. ) ;
#2331 = EDGE_LOOP ( 'NONE', ( #4854, #496, #4368, #2945 ) ) ;
#2332 = DIRECTION ( 'NONE',  ( 1.000000000000000000, 0.000000000000000000, 0.000000000000000000 ) ) ;
#2333 = DIRECTION ( 'NONE',  ( 0.000000000000000000, -0.7071067811865499042, -0.7071067811865451302 ) ) ;
#2334 = ORIENTED_EDGE ( 'NONE', *, *, #3150, .F. ) ;
#2335 = DIRECTION ( 'NONE',  ( -2.172931285148401751E-16, 0.000000000000000000, -1.000000000000000000 ) ) ;
#2336 = ORIENTED_EDGE ( 'NONE', *, *, #3337, .T. ) ;
#2337 = DIRECTION ( 'NONE',  ( 0.000000000000000000, 0.7071067811865474617, 0.7071067811865476838 ) ) ;
#2338 = ORIENTED_EDGE ( 'NONE', *, *, #1630, .F. ) ;
#2339 = AXIS2_PLACEMENT_3D ( 'NONE', #280, #792, #672 ) ;
#2340 = DIRECTION ( 'NONE',  ( -1.000000000000000000, -0.000000000000000000, -0.000000000000000000 ) ) ;
#2341 = CARTESIAN_POINT ( 'NONE',  ( 33.50000000000002842, 18.99999999999999645, 129.0000000000000000 ) ) ;
#2342 = DIRECTION ( 'NONE',  ( 1.159058001766240939E-16, -0.000000000000000000, -1.000000000000000000 ) ) ;
#2343 = EDGE_CURVE ( 'NONE', #3242, #3522, #1986, .T. ) ;
#2344 = DIRECTION ( 'NONE',  ( 0.000000000000000000, -0.7071067811865501263, -0.7071067811865447972 ) ) ;
#2345 = DIRECTION ( 'NONE',  ( 0.000000000000000000, 0.000000000000000000, 1.000000000000000000 ) ) ;
#2346 = FACE_OUTER_BOUND ( 'NONE', #2310, .T. ) ;
#2347 = EDGE_CURVE ( 'NONE', #147, #525, #724, .T. ) ;
#2348 =( BOUNDED_CURVE ( )  B_SPLINE_CURVE ( 3, ( #3528, #1831, #4488, #5365 ),
 .UNSPECIFIED., .F., .F. ) 
 B_SPLINE_CURVE_WITH_KNOTS ( ( 4, 4 ),
 ( 0.000000000000000000, 3.141592653589793116 ),
 .UNSPECIFIED. ) 
 CURVE ( )  GEOMETRIC_REPRESENTATION_ITEM ( )  RATIONAL_B_SPLINE_CURVE ( ( 1.000000000000000000, 0.3333333333333333703, 0.3333333333333333703, 1.000000000000000000 ) ) 
 REPRESENTATION_ITEM ( '' )  );
#2349 = EDGE_CURVE ( 'NONE', #885, #2229, #403, .T. ) ;
#2350 = CARTESIAN_POINT ( 'NONE',  ( 9.000000000000001776, 28.64378487048572097, 104.0160294291517005 ) ) ;
#2351 = EDGE_CURVE ( 'NONE', #3430, #5206, #2914, .T. ) ;
#2352 = EDGE_LOOP ( 'NONE', ( #1520, #2413 ) ) ;
#2353 = EDGE_LOOP ( 'NONE', ( #1737, #1160, #4937, #474 ) ) ;
#2354 = DIRECTION ( 'NONE',  ( 0.000000000000000000, -0.7071067811865474617, 0.7071067811865474617 ) ) ;
#2355 = ORIENTED_EDGE ( 'NONE', *, *, #1527, .T. ) ;
#2356 = ORIENTED_EDGE ( 'NONE', *, *, #1293, .F. ) ;
#2357 = VERTEX_POINT ( 'NONE', #4976 ) ;
#2358 = ADVANCED_FACE ( 'NONE', ( #4190 ), #3911, .F. ) ;
#2359 = LINE ( 'NONE', #1464, #3626 ) ;
#2360 = COLOUR_RGB ( '',0.7921568627450980005, 0.8196078431372548767, 0.9333333333333333481 ) ;
#2361 = LINE ( 'NONE', #264, #1494 ) ;
#2362 = VERTEX_POINT ( 'NONE', #4672 ) ;
#2363 = CARTESIAN_POINT ( 'NONE',  ( 25.50000000000000355, -19.00000000000000711, 125.0000000000000000 ) ) ;
#2364 = EDGE_LOOP ( 'NONE', ( #2755, #1176, #5126, #2397 ) ) ;
#2365 = VECTOR ( 'NONE', #3806, 1000.000000000000000 ) ;
#2366 = AXIS2_PLACEMENT_3D ( 'NONE', #3470, #5164, #1692 ) ;
#2367 = ORIENTED_EDGE ( 'NONE', *, *, #2808, .F. ) ;
#2368 = DIRECTION ( 'NONE',  ( 0.000000000000000000, 0.7071067811865492381, 0.7071067811865457964 ) ) ;
#2369 = ORIENTED_EDGE ( 'NONE', *, *, #3742, .F. ) ;
#2370 = DIRECTION ( 'NONE',  ( 0.000000000000000000, 0.000000000000000000, -1.000000000000000000 ) ) ;
#2371 = VECTOR ( 'NONE', #3320, 1000.000000000000000 ) ;
#2372 = CIRCLE ( 'NONE', #2287, 4.000000000000100364 ) ;
#2373 = DIRECTION ( 'NONE',  ( -0.000000000000000000, -1.000000000000000000, 0.000000000000000000 ) ) ;
#2374 = DIRECTION ( 'NONE',  ( 0.000000000000000000, 0.000000000000000000, -1.000000000000000000 ) ) ;
#2375 = CIRCLE ( 'NONE', #2021, 3.250000000000002665 ) ;
#2376 = DIRECTION ( 'NONE',  ( 1.000000000000000000, -1.945377231826550998E-16, 0.000000000000000000 ) ) ;
#2377 = CARTESIAN_POINT ( 'NONE',  ( -4.999999999999969802, -15.99999999999999289, 99.79999999999999716 ) ) ;
#2378 = CONICAL_SURFACE ( 'NONE', #4737, 1.299999999999998046, 0.7853981633974479459 ) ;
#2379 = AXIS2_PLACEMENT_3D ( 'NONE', #892, #833, #2593 ) ;
#2380 = CARTESIAN_POINT ( 'NONE',  ( -12.99999999999999822, -3.699999999999993072, 107.8000000000000114 ) ) ;
#2381 = LINE ( 'NONE', #1991, #2432 ) ;
#2382 = VECTOR ( 'NONE', #2237, 1000.000000000000000 ) ;
#2383 = CIRCLE ( 'NONE', #2830, 3.250000000000002665 ) ;
#2384 = ORIENTED_EDGE ( 'NONE', *, *, #377, .T. ) ;
#2385 = DIRECTION ( 'NONE',  ( 0.000000000000000000, 0.7071067811865475727, -0.7071067811865475727 ) ) ;
#2386 = VERTEX_POINT ( 'NONE', #5009 ) ;
#2387 = ORIENTED_EDGE ( 'NONE', *, *, #5504, .F. ) ;
#2388 = DIRECTION ( 'NONE',  ( 0.000000000000000000, -0.7071067811865451302, 0.7071067811865499042 ) ) ;
#2389 = FACE_OUTER_BOUND ( 'NONE', #3312, .T. ) ;
#2390 = AXIS2_PLACEMENT_3D ( 'NONE', #719, #5090, #2039 ) ;
#2391 = EDGE_CURVE ( 'NONE', #2988, #4140, #3767, .T. ) ;
#2392 = AXIS2_PLACEMENT_3D ( 'NONE', #657, #1103, #5448 ) ;
#2393 = CARTESIAN_POINT ( 'NONE',  ( -32.20000000000000284, -17.20000000000000284, 101.7999999999999829 ) ) ;
#2394 = ORIENTED_EDGE ( 'NONE', *, *, #2285, .F. ) ;
#2395 = CARTESIAN_POINT ( 'NONE',  ( -14.83023902200767807, 35.29999999999984794, 105.5618004706871318 ) ) ;
#2396 = EDGE_LOOP ( 'NONE', ( #75, #1345, #3274, #146 ) ) ;
#2397 = ORIENTED_EDGE ( 'NONE', *, *, #889, .T. ) ;
#2398 = CARTESIAN_POINT ( 'NONE',  ( -13.00000000000000178, 15.99999999999999645, 116.7046606660471184 ) ) ;
#2399 = ADVANCED_FACE ( 'NONE', ( #3346 ), #5493, .F. ) ;
#2400 = LINE ( 'NONE', #2067, #431 ) ;
#2401 = LINE ( 'NONE', #3790, #4520 ) ;
#2402 = CARTESIAN_POINT ( 'NONE',  ( -8.499999999999992895, -4.200000000000028599, 105.0000000000000142 ) ) ;
#2403 = VERTEX_POINT ( 'NONE', #1531 ) ;
#2404 = LINE ( 'NONE', #4158, #5342 ) ;
#2405 = DIRECTION ( 'NONE',  ( 1.000000000000000000, -0.000000000000000000, -0.000000000000000000 ) ) ;
#2406 = DIRECTION ( 'NONE',  ( 0.7071067811865525687, 0.000000000000000000, 0.7071067811865425767 ) ) ;
#2407 = UNCERTAINTY_MEASURE_WITH_UNIT (LENGTH_MEASURE( 1.000000000000000082E-05 ), #1897, 'distance_accuracy_value', 'NONE');
#2408 = LINE ( 'NONE', #2465, #1734 ) ;
#2409 = LINE ( 'NONE', #342, #1004 ) ;
#2410 = EDGE_LOOP ( 'NONE', ( #5327, #4044, #5501, #1433 ) ) ;
#2411 = CARTESIAN_POINT ( 'NONE',  ( 25.50000000000000355, -17.34999999999999076, 126.5999999999999943 ) ) ;
#2412 = DIRECTION ( 'NONE',  ( -0.000000000000000000, 0.000000000000000000, -1.000000000000000000 ) ) ;
#2413 = ORIENTED_EDGE ( 'NONE', *, *, #709, .F. ) ;
#2414 = ORIENTED_EDGE ( 'NONE', *, *, #5226, .F. ) ;
#2415 = DIRECTION ( 'NONE',  ( 0.000000000000000000, 1.000000000000000000, 0.000000000000000000 ) ) ;
#2416 = CARTESIAN_POINT ( 'NONE',  ( 16.00000000000000000, 19.99999999999999645, 88.71539030917364244 ) ) ;
#2417 = CARTESIAN_POINT ( 'NONE',  ( -8.499999999999992895, -4.200000000000028599, 103.5999999999999943 ) ) ;
#2418 = VERTEX_POINT ( 'NONE', #2913 ) ;
#2419 = CARTESIAN_POINT ( 'NONE',  ( -15.60000000000000142, 24.15191520784413370, 124.8708497377870259 ) ) ;
#2420 = ORIENTED_EDGE ( 'NONE', *, *, #710, .F. ) ;
#2421 = ADVANCED_FACE ( 'NONE', ( #4643, #3258, #2494, #1114 ), #2823, .F. ) ;
#2422 = EDGE_CURVE ( 'NONE', #3891, #2786, #3001, .T. ) ;
#2423 = EDGE_CURVE ( 'NONE', #4390, #386, #945, .T. ) ;
#2424 = VERTEX_POINT ( 'NONE', #504 ) ;
#2425 = DIRECTION ( 'NONE',  ( 1.000000000000000000, 0.000000000000000000, 0.000000000000000000 ) ) ;
#2426 = FACE_OUTER_BOUND ( 'NONE', #418, .T. ) ;
#2427 = DIRECTION ( 'NONE',  ( -0.000000000000000000, -1.000000000000000000, -0.000000000000000000 ) ) ;
#2428 = FACE_BOUND ( 'NONE', #1253, .T. ) ;
#2429 = ORIENTED_EDGE ( 'NONE', *, *, #2822, .T. ) ;
#2430 = DIRECTION ( 'NONE',  ( 9.637352644315585382E-17, -0.000000000000000000, -1.000000000000000000 ) ) ;
#2431 = EDGE_CURVE ( 'NONE', #1078, #3899, #2213, .T. ) ;
#2432 = VECTOR ( 'NONE', #3349, 999.9999999999998863 ) ;
#2433 = CARTESIAN_POINT ( 'NONE',  ( 0.000000000000000000, 30.97723724840129478, 104.2281614635077034 ) ) ;
#2434 = LINE ( 'NONE', #4222, #3291 ) ;
#2435 = FACE_OUTER_BOUND ( 'NONE', #5460, .T. ) ;
#2436 = DIRECTION ( 'NONE',  ( 0.000000000000000000, -1.000000000000000000, 0.000000000000000000 ) ) ;
#2437 = ORIENTED_EDGE ( 'NONE', *, *, #5547, .T. ) ;
#2438 = FACE_OUTER_BOUND ( 'NONE', #4292, .T. ) ;
#2439 = CARTESIAN_POINT ( 'NONE',  ( -34.50000000000000000, 17.99999999999999645, 0.4000000000000000222 ) ) ;
#2440 = EDGE_LOOP ( 'NONE', ( #2760, #410, #3024, #4982, #4532, #3821, #84, #3986 ) ) ;
#2441 = EDGE_LOOP ( 'NONE', ( #1408, #4797, #835, #2574 ) ) ;
#2442 = LINE ( 'NONE', #707, #1742 ) ;
#2443 = FACE_OUTER_BOUND ( 'NONE', #1977, .T. ) ;
#2444 = CARTESIAN_POINT ( 'NONE',  ( -29.19999999999999929, -17.20000000000000284, 98.79999999999998295 ) ) ;
#2445 = ORIENTED_EDGE ( 'NONE', *, *, #4593, .F. ) ;
#2446 = DIRECTION ( 'NONE',  ( 0.000000000000000000, 0.4999999999999945044, -0.8660254037844418162 ) ) ;
#2447 = ORIENTED_EDGE ( 'NONE', *, *, #1710, .F. ) ;
#2448 = ADVANCED_FACE ( 'NONE', ( #3906 ), #3013, .F. ) ;
#2449 = ORIENTED_EDGE ( 'NONE', *, *, #4182, .T. ) ;
#2450 = CARTESIAN_POINT ( 'NONE',  ( 15.00000000000000000, 18.99999999999999645, 88.30117674680055018 ) ) ;
#2451 = DIRECTION ( 'NONE',  ( 0.000000000000000000, 0.000000000000000000, -1.000000000000000000 ) ) ;
#2452 = EDGE_CURVE ( 'NONE', #4504, #4938, #2278, .T. ) ;
#2453 = DIRECTION ( 'NONE',  ( 0.000000000000000000, -1.000000000000000000, 0.000000000000000000 ) ) ;
#2454 = EDGE_CURVE ( 'NONE', #2005, #2803, #51, .T. ) ;
#2455 = DIRECTION ( 'NONE',  ( -0.000000000000000000, -1.000000000000000000, 0.000000000000000000 ) ) ;
#2456 = ORIENTED_EDGE ( 'NONE', *, *, #2688, .T. ) ;
#2457 = EDGE_CURVE ( 'NONE', #2912, #1309, #3407, .T. ) ;
#2458 = VECTOR ( 'NONE', #1156, 1000.000000000000000 ) ;
#2459 = CARTESIAN_POINT ( 'NONE',  ( 15.00000000000000000, 19.29289321881345032, 89.00828352798708920 ) ) ;
#2460 = DIRECTION ( 'NONE',  ( 1.000000000000000000, -0.000000000000000000, -0.000000000000000000 ) ) ;
#2461 = VECTOR ( 'NONE', #4844, 1000.000000000000000 ) ;
#2462 = VECTOR ( 'NONE', #4443, 1000.000000000000000 ) ;
#2463 = DIRECTION ( 'NONE',  ( 0.000000000000000000, -1.000000000000000000, 3.043374519257565890E-16 ) ) ;
#2464 = ADVANCED_FACE ( 'NONE', ( #1789 ), #1283, .F. ) ;
#2465 = CARTESIAN_POINT ( 'NONE',  ( 13.00000000000000178, 13.21935403610590853, 94.31464427944540319 ) ) ;
#2466 = CARTESIAN_POINT ( 'NONE',  ( -32.20000000000000284, -19.00000000000000355, 101.7999999999999829 ) ) ;
#2467 = AXIS2_PLACEMENT_3D ( 'NONE', #4305, #4698, #388 ) ;
#2468 = ORIENTED_EDGE ( 'NONE', *, *, #3363, .T. ) ;
#2469 = FACE_OUTER_BOUND ( 'NONE', #116, .T. ) ;
#2470 = AXIS2_PLACEMENT_3D ( 'NONE', #3915, #3515, #924 ) ;
#2471 = CARTESIAN_POINT ( 'NONE',  ( 15.60000000000000142, 34.55513223592376448, 106.0519492829871524 ) ) ;
#2472 = ORIENTED_EDGE ( 'NONE', *, *, #5019, .F. ) ;
#2473 = ORIENTED_EDGE ( 'NONE', *, *, #544, .T. ) ;
#2474 = CARTESIAN_POINT ( 'NONE',  ( -16.00000000000000000, 35.49999999999985789, 105.2153903091733866 ) ) ;
#2475 = CARTESIAN_POINT ( 'NONE',  ( -3.999999999999996447, -15.99999999999999289, 107.7999999999999972 ) ) ;
#2476 = AXIS2_PLACEMENT_3D ( 'NONE', #1512, #3241, #1128 ) ;
#2477 = VECTOR ( 'NONE', #2884, 1000.000000000000000 ) ;
#2478 = DIRECTION ( 'NONE',  ( 0.000000000000000000, 0.7071067811865475727, -0.7071067811865475727 ) ) ;
#2479 = ORIENTED_EDGE ( 'NONE', *, *, #166, .T. ) ;
#2480 = VECTOR ( 'NONE', #5400, 1000.000000000000000 ) ;
#2481 = CIRCLE ( 'NONE', #1492, 1.300000000000002487 ) ;
#2482 = CARTESIAN_POINT ( 'NONE',  ( -3.999999999999994227, -3.699999999999993072, 120.0000000000000000 ) ) ;
#2483 = EDGE_LOOP ( 'NONE', ( #5330, #1514, #4629, #1787 ) ) ;
#2484 = VECTOR ( 'NONE', #1414, 1000.000000000000000 ) ;
#2485 = CIRCLE ( 'NONE', #1932, 1.599999999999990319 ) ;
#2486 = ORIENTED_EDGE ( 'NONE', *, *, #4782, .F. ) ;
#2487 = CARTESIAN_POINT ( 'NONE',  ( -12.99999999999999822, -3.699999999999993072, 99.79999999999999716 ) ) ;
#2488 = ORIENTED_EDGE ( 'NONE', *, *, #129, .F. ) ;
#2489 = CARTESIAN_POINT ( 'NONE',  ( -25.50000000000000355, 35.49999999999985789, 123.4000000000000057 ) ) ;
#2490 = CARTESIAN_POINT ( 'NONE',  ( -26.24999999999999645, 26.24999999999999645, 129.0000000000000000 ) ) ;
#2491 = DIRECTION ( 'NONE',  ( -1.000000000000000000, 0.000000000000000000, 0.000000000000000000 ) ) ;
#2492 = ORIENTED_EDGE ( 'NONE', *, *, #126, .F. ) ;
#2493 = DIRECTION ( 'NONE',  ( 0.000000000000000000, 0.000000000000000000, 1.000000000000000000 ) ) ;
#2494 = FACE_BOUND ( 'NONE', #600, .T. ) ;
#2495 = LINE ( 'NONE', #4557, #1938 ) ;
#2496 = CARTESIAN_POINT ( 'NONE',  ( -12.99999999999999822, -3.699999999999993072, 100.7999999999999972 ) ) ;
#2497 = DIRECTION ( 'NONE',  ( -0.000000000000000000, 0.8660254037844418162, 0.4999999999999945044 ) ) ;
#2498 = EDGE_CURVE ( 'NONE', #4543, #1105, #2622, .T. ) ;
#2499 = CYLINDRICAL_SURFACE ( 'NONE', #234, 1.000000000000000888 ) ;
#2500 = PLANE ( 'NONE',  #3835 ) ;
#2501 = VERTEX_POINT ( 'NONE', #4729 ) ;
#2502 = ORIENTED_EDGE ( 'NONE', *, *, #2022, .F. ) ;
#2503 = PLANE ( 'NONE',  #4625 ) ;
#2504 = DIRECTION ( 'NONE',  ( -0.7071067811865474617, -0.000000000000000000, 0.7071067811865474617 ) ) ;
#2505 = ADVANCED_FACE ( 'NONE', ( #918 ), #3064, .F. ) ;
#2506 = DIRECTION ( 'NONE',  ( -0.000000000000000000, 0.000000000000000000, -1.000000000000000000 ) ) ;
#2507 = ORIENTED_EDGE ( 'NONE', *, *, #4225, .T. ) ;
#2508 = CARTESIAN_POINT ( 'NONE',  ( -30.00000000000000000, -12.00000000000000000, 6.000000000000000000 ) ) ;
#2509 = EDGE_LOOP ( 'NONE', ( #4262, #4218 ) ) ;
#2510 = VERTEX_POINT ( 'NONE', #3511 ) ;
#2511 = LINE ( 'NONE', #1223, #1388 ) ;
#2512 = DIRECTION ( 'NONE',  ( 0.000000000000000000, 1.000000000000000000, 0.000000000000000000 ) ) ;
#2513 = CARTESIAN_POINT ( 'NONE',  ( 9.000000000000001776, 18.99999999999999645, 92.95803099629280553 ) ) ;
#2514 = DIRECTION ( 'NONE',  ( 0.000000000000000000, 0.000000000000000000, 1.000000000000000000 ) ) ;
#2515 = ORIENTED_EDGE ( 'NONE', *, *, #3946, .F. ) ;
#2516 = FACE_BOUND ( 'NONE', #4186, .T. ) ;
#2517 = LINE ( 'NONE', #3376, #4090 ) ;
#2518 = LINE ( 'NONE', #5099, #2477 ) ;
#2519 = DIRECTION ( 'NONE',  ( -0.000000000000000000, 0.000000000000000000, -1.000000000000000000 ) ) ;
#2520 = ADVANCED_FACE ( 'NONE', ( #3882 ), #898, .F. ) ;
#2521 = DIRECTION ( 'NONE',  ( 0.000000000000000000, 1.000000000000000000, 0.000000000000000000 ) ) ;
#2522 = ORIENTED_EDGE ( 'NONE', *, *, #4122, .F. ) ;
#2523 = CARTESIAN_POINT ( 'NONE',  ( -29.19999999999999929, -16.00000000000000000, 98.79999999999998295 ) ) ;
#2524 = CARTESIAN_POINT ( 'NONE',  ( 14.81725989930085419, 23.35358983848619374, 125.4535898384861667 ) ) ;
#2525 = VECTOR ( 'NONE', #3177, 1000.000000000000114 ) ;
#2526 = ADVANCED_FACE ( 'NONE', ( #4758 ), #2158, .T. ) ;
#2527 = ORIENTED_EDGE ( 'NONE', *, *, #2734, .T. ) ;
#2528 = EDGE_CURVE ( 'NONE', #3685, #2314, #1315, .T. ) ;
#2529 = VERTEX_POINT ( 'NONE', #4808 ) ;
#2530 = CARTESIAN_POINT ( 'NONE',  ( -25.50000000000000355, -15.99999999999999289, 126.5999999999999943 ) ) ;
#2531 = EDGE_CURVE ( 'NONE', #3682, #4060, #946, .T. ) ;
#2532 = CARTESIAN_POINT ( 'NONE',  ( -29.19999999999999929, 91.11955937175993370, 98.79999999999998295 ) ) ;
#2533 = DIRECTION ( 'NONE',  ( 0.000000000000000000, 0.000000000000000000, -1.000000000000000000 ) ) ;
#2534 = ORIENTED_EDGE ( 'NONE', *, *, #2454, .F. ) ;
#2535 = ADVANCED_FACE ( 'NONE', ( #840 ), #5130, .F. ) ;
#2536 = ORIENTED_EDGE ( 'NONE', *, *, #5405, .F. ) ;
#2537 = ORIENTED_EDGE ( 'NONE', *, *, #5052, .T. ) ;
#2538 = CIRCLE ( 'NONE', #304, 3.250000000000002665 ) ;
#2539 = CARTESIAN_POINT ( 'NONE',  ( 2.499999999999993783, 33.42944763917979145, 108.8016921978457674 ) ) ;
#2540 = FACE_OUTER_BOUND ( 'NONE', #2680, .T. ) ;
#2541 = ORIENTED_EDGE ( 'NONE', *, *, #2351, .F. ) ;
#2542 = FACE_BOUND ( 'NONE', #1598, .T. ) ;
#2543 = ORIENTED_EDGE ( 'NONE', *, *, #3532, .T. ) ;
#2544 = DIRECTION ( 'NONE',  ( 1.000000000000000000, 0.000000000000000000, -0.000000000000000000 ) ) ;
#2545 = VECTOR ( 'NONE', #4648, 1000.000000000000000 ) ;
#2546 = CARTESIAN_POINT ( 'NONE',  ( 32.20000000000000284, -17.20000000000000284, 101.7999999999999829 ) ) ;
#2547 = CONICAL_SURFACE ( 'NONE', #5436, 1.299999999999999156, 0.7853981633974582710 ) ;
#2548 = CARTESIAN_POINT ( 'NONE',  ( 30.00000000000000000, -12.00000000000000000, 0.000000000000000000 ) ) ;
#2549 = DIRECTION ( 'NONE',  ( 0.000000000000000000, 1.000000000000000000, -0.000000000000000000 ) ) ;
#2550 = DIRECTION ( 'NONE',  ( 0.000000000000000000, 0.7071067811865490160, 0.7071067811865460184 ) ) ;
#2551 = VECTOR ( 'NONE', #5113, 1000.000000000000114 ) ;
#2552 = DIRECTION ( 'NONE',  ( -0.000000000000000000, -0.000000000000000000, -1.000000000000000000 ) ) ;
#2553 = CARTESIAN_POINT ( 'NONE',  ( 28.69999999999999929, 12.00000000000000000, 6.000000000000000000 ) ) ;
#2554 = DIRECTION ( 'NONE',  ( -0.7071067811865423547, -0.000000000000000000, -0.7071067811865526798 ) ) ;
#2555 = ORIENTED_EDGE ( 'NONE', *, *, #3950, .T. ) ;
#2556 = AXIS2_PLACEMENT_3D ( 'NONE', #270, #2425, #3367 ) ;
#2557 = ORIENTED_EDGE ( 'NONE', *, *, #2018, .F. ) ;
#2558 = CARTESIAN_POINT ( 'NONE',  ( 33.33431457505077589, 18.59999999999998366, 0.4000000000000000222 ) ) ;
#2559 = LINE ( 'NONE', #3519, #1471 ) ;
#2560 = EDGE_CURVE ( 'NONE', #2314, #3035, #2685, .T. ) ;
#2561 = AXIS2_PLACEMENT_3D ( 'NONE', #5228, #1538, #1861 ) ;
#2562 = CARTESIAN_POINT ( 'NONE',  ( -13.00000000000000178, 15.99999999999999645, 116.7046606660471184 ) ) ;
#2563 = ORIENTED_EDGE ( 'NONE', *, *, #2789, .F. ) ;
#2564 = ORIENTED_EDGE ( 'NONE', *, *, #4051, .T. ) ;
#2565 = EDGE_LOOP ( 'NONE', ( #4963, #3273, #1375, #3897 ) ) ;
#2566 = AXIS2_PLACEMENT_3D ( 'NONE', #2694, #1374, #5275 ) ;
#2567 = CONICAL_SURFACE ( 'NONE', #2126, 3.250000000000002665, 0.7853981633974461696 ) ;
#2568 = ADVANCED_FACE ( 'NONE', ( #1867 ), #1031, .F. ) ;
#2569 = EDGE_LOOP ( 'NONE', ( #4251, #5534, #4862, #182 ) ) ;
#2570 = DIRECTION ( 'NONE',  ( -5.204017235966116751E-17, -1.000000000000000000, 0.000000000000000000 ) ) ;
#2571 = CARTESIAN_POINT ( 'NONE',  ( -16.00000000000000000, -35.56480193577343130, 35.56480193577367288 ) ) ;
#2572 = ORIENTED_EDGE ( 'NONE', *, *, #1950, .T. ) ;
#2573 = DIRECTION ( 'NONE',  ( 1.000000000000000000, 0.000000000000000000, 4.040504990629207337E-17 ) ) ;
#2574 = ORIENTED_EDGE ( 'NONE', *, *, #2423, .F. ) ;
#2575 = CARTESIAN_POINT ( 'NONE',  ( -34.50000000000000000, -18.00000000000000355, 0.4000000000000000222 ) ) ;
#2576 = EDGE_CURVE ( 'NONE', #4419, #2988, #1387, .T. ) ;
#2577 = DIRECTION ( 'NONE',  ( 0.000000000000000000, -1.000000000000000000, 0.000000000000000000 ) ) ;
#2578 = CYLINDRICAL_SURFACE ( 'NONE', #3031, 1.649999999999998579 ) ;
#2579 = DIRECTION ( 'NONE',  ( 0.000000000000000000, 0.000000000000000000, 1.000000000000000000 ) ) ;
#2580 = DIRECTION ( 'NONE',  ( 0.000000000000000000, -0.4999999999999947264, 0.8660254037844417052 ) ) ;
#2581 = VERTEX_POINT ( 'NONE', #4493 ) ;
#2582 = DIRECTION ( 'NONE',  ( 0.000000000000000000, 0.8660254037844498098, 0.4999999999999810152 ) ) ;
#2583 = ORIENTED_EDGE ( 'NONE', *, *, #3053, .F. ) ;
#2584 = LINE ( 'NONE', #849, #4731 ) ;
#2585 = LINE ( 'NONE', #5143, #916 ) ;
#2586 = EDGE_LOOP ( 'NONE', ( #3353, #1600, #2429, #1409 ) ) ;
#2587 = CARTESIAN_POINT ( 'NONE',  ( 9.000000000000001776, 18.99999999999999645, 92.95803099629280553 ) ) ;
#2588 = EDGE_LOOP ( 'NONE', ( #5247, #768, #979, #1880 ) ) ;
#2589 = EDGE_LOOP ( 'NONE', ( #3276, #1576, #3251, #1968, #14, #1376, #185, #3628 ) ) ;
#2590 = ORIENTED_EDGE ( 'NONE', *, *, #1328, .F. ) ;
#2591 = EDGE_CURVE ( 'NONE', #1703, #3725, #5374, .T. ) ;
#2592 = ORIENTED_EDGE ( 'NONE', *, *, #1783, .F. ) ;
#2593 = DIRECTION ( 'NONE',  ( 1.000000000000000000, 0.000000000000000000, 0.000000000000000000 ) ) ;
#2594 = DIRECTION ( 'NONE',  ( 0.000000000000000000, 1.000000000000000000, 0.000000000000000000 ) ) ;
#2595 = ORIENTED_EDGE ( 'NONE', *, *, #686, .F. ) ;
#2596 = LINE ( 'NONE', #3081, #4381 ) ;
#2597 = ORIENTED_EDGE ( 'NONE', *, *, #4085, .F. ) ;
#2598 = EDGE_CURVE ( 'NONE', #4936, #4590, #3113, .T. ) ;
#2599 = EDGE_CURVE ( 'NONE', #796, #4513, #1838, .T. ) ;
#2600 = EDGE_CURVE ( 'NONE', #1594, #4744, #5339, .T. ) ;
#2601 = CARTESIAN_POINT ( 'NONE',  ( -8.499999999999992895, -19.00000000000000711, 114.4000000000000057 ) ) ;
#2602 = CARTESIAN_POINT ( 'NONE',  ( 31.79999999999997939, 12.00000000000000000, 0.000000000000000000 ) ) ;
#2603 = EDGE_CURVE ( 'NONE', #440, #4796, #1417, .T. ) ;
#2604 = DIRECTION ( 'NONE',  ( -0.7071067811865524577, 0.7071067811865426878, 0.000000000000000000 ) ) ;
#2605 = PLANE ( 'NONE',  #854 ) ;
#2606 = CARTESIAN_POINT ( 'NONE',  ( -3.999999999999996447, -3.699999999999993072, 107.7999999999999972 ) ) ;
#2607 = VERTEX_POINT ( 'NONE', #5313 ) ;
#2608 = DIRECTION ( 'NONE',  ( 0.000000000000000000, 0.000000000000000000, 1.000000000000000000 ) ) ;
#2609 = DIRECTION ( 'NONE',  ( -0.000000000000000000, -1.000000000000000000, -0.000000000000000000 ) ) ;
#2610 = DIRECTION ( 'NONE',  ( 0.000000000000000000, 1.000000000000000000, 0.000000000000000000 ) ) ;
#2611 = ORIENTED_EDGE ( 'NONE', *, *, #2867, .F. ) ;
#2612 = ORIENTED_EDGE ( 'NONE', *, *, #4685, .T. ) ;
#2613 = EDGE_LOOP ( 'NONE', ( #4828, #3849, #3947, #1580 ) ) ;
#2614 = VERTEX_POINT ( 'NONE', #2708 ) ;
#2615 = CARTESIAN_POINT ( 'NONE',  ( -29.19999999999998863, 91.11955937175993370, 9.000000000000001776 ) ) ;
#2616 = EDGE_CURVE ( 'NONE', #4266, #2003, #1892, .T. ) ;
#2617 = ORIENTED_EDGE ( 'NONE', *, *, #3742, .T. ) ;
#2618 = CARTESIAN_POINT ( 'NONE',  ( -26.50000000000000355, -15.99999999999999289, 0.000000000000000000 ) ) ;
#2619 = VERTEX_POINT ( 'NONE', #4839 ) ;
#2620 = ADVANCED_FACE ( 'NONE', ( #4434 ), #2290, .F. ) ;
#2621 = VECTOR ( 'NONE', #1687, 1000.000000000000000 ) ;
#2622 = LINE ( 'NONE', #1760, #3643 ) ;
#2623 = EDGE_CURVE ( 'NONE', #3588, #2274, #3645, .T. ) ;
#2624 = DIRECTION ( 'NONE',  ( -0.000000000000000000, -0.8660254037844420383, -0.4999999999999941713 ) ) ;
#2625 = EDGE_CURVE ( 'NONE', #4169, #3873, #611, .T. ) ;
#2626 = AXIS2_PLACEMENT_3D ( 'NONE', #4353, #1791, #5237 ) ;
#2627 = LINE ( 'NONE', #3066, #5070 ) ;
#2628 = DIRECTION ( 'NONE',  ( -1.000000000000000000, 0.000000000000000000, 0.000000000000000000 ) ) ;
#2629 = EDGE_CURVE ( 'NONE', #1541, #5510, #211, .T. ) ;
#2630 = CARTESIAN_POINT ( 'NONE',  ( -13.00000000000000178, 24.56698729810784698, 123.1519237886467266 ) ) ;
#2631 = VERTEX_POINT ( 'NONE', #4383 ) ;
#2632 = FACE_OUTER_BOUND ( 'NONE', #2331, .T. ) ;
#2633 = VECTOR ( 'NONE', #708, 1000.000000000000114 ) ;
#2634 = CARTESIAN_POINT ( 'NONE',  ( 13.00000000000000178, 24.99999999999998224, 123.4019237886466698 ) ) ;
#2635 = EDGE_CURVE ( 'NONE', #2871, #4708, #557, .T. ) ;
#2636 = VECTOR ( 'NONE', #619, 1000.000000000000000 ) ;
#2637 = AXIS2_PLACEMENT_3D ( 'NONE', #141, #3151, #4872 ) ;
#2638 = DIRECTION ( 'NONE',  ( 0.000000000000000000, -0.4999999999999830691, 0.8660254037844483666 ) ) ;
#2639 = VERTEX_POINT ( 'NONE', #3616 ) ;
#2640 = EDGE_LOOP ( 'NONE', ( #4515, #180 ) ) ;
#2641 = AXIS2_PLACEMENT_3D ( 'NONE', #2180, #5213, #1682 ) ;
#2642 = ORIENTED_EDGE ( 'NONE', *, *, #4303, .T. ) ;
#2643 = CARTESIAN_POINT ( 'NONE',  ( -10.40000000000000568, 15.99999999999999822, 98.92227237500671322 ) ) ;
#2644 = CARTESIAN_POINT ( 'NONE',  ( 28.69999999999999929, -12.00000000000000000, 6.000000000000000000 ) ) ;
#2645 = EDGE_LOOP ( 'NONE', ( #2414, #3749, #582, #237 ) ) ;
#2646 = AXIS2_PLACEMENT_3D ( 'NONE', #45, #5209, #1752 ) ;
#2647 = AXIS2_PLACEMENT_3D ( 'NONE', #2832, #3161, #2728 ) ;
#2648 = CARTESIAN_POINT ( 'NONE',  ( 16.00000000000000000, 19.99999999999999645, 91.12960387154673469 ) ) ;
#2649 = ORIENTED_EDGE ( 'NONE', *, *, #1635, .F. ) ;
#2650 = AXIS2_PLACEMENT_3D ( 'NONE', #3302, #674, #1076 ) ;
#2651 = VECTOR ( 'NONE', #5268, 999.9999999999998863 ) ;
#2652 = CARTESIAN_POINT ( 'NONE',  ( 31.29999999999999361, 12.00000000000000000, 0.4999999999999744094 ) ) ;
#2653 = CARTESIAN_POINT ( 'NONE',  ( -8.499999999999992895, -15.99999999999999289, 124.5000000000000000 ) ) ;
#2654 = EDGE_CURVE ( 'NONE', #2086, #3035, #1922, .T. ) ;
#2655 = DIRECTION ( 'NONE',  ( -0.000000000000000000, 0.000000000000000000, -1.000000000000000000 ) ) ;
#2656 = CIRCLE ( 'NONE', #3393, 1.300000000000001599 ) ;
#2657 = AXIS2_PLACEMENT_3D ( 'NONE', #4732, #5214, #3460 ) ;
#2658 = DIRECTION ( 'NONE',  ( -0.7071067811865543451, 0.000000000000000000, -0.7071067811865408004 ) ) ;
#2659 = AXIS2_PLACEMENT_3D ( 'NONE', #1026, #4461, #5395 ) ;
#2660 = CARTESIAN_POINT ( 'NONE',  ( -5.000000000000000000, 31.68434402958784801, 106.3494818070673205 ) ) ;
#2661 = CIRCLE ( 'NONE', #251, 1.000000000000001332 ) ;
#2662 = DIRECTION ( 'NONE',  ( 0.000000000000000000, 0.000000000000000000, -1.000000000000000000 ) ) ;
#2663 = ORIENTED_EDGE ( 'NONE', *, *, #5269, .F. ) ;
#2664 = ORIENTED_EDGE ( 'NONE', *, *, #4878, .T. ) ;
#2665 = DIRECTION ( 'NONE',  ( 0.000000000000000000, -0.4999999999999830691, 0.8660254037844483666 ) ) ;
#2666 = ADVANCED_FACE ( 'NONE', ( #3142 ), #1472, .F. ) ;
#2667 = ADVANCED_FACE ( 'NONE', ( #2239 ), #4407, .F. ) ;
#2668 = DIRECTION ( 'NONE',  ( 1.000000000000000000, -0.000000000000000000, 0.000000000000000000 ) ) ;
#2669 = CARTESIAN_POINT ( 'NONE',  ( -28.19999999999997442, -12.00000000000000000, 0.000000000000000000 ) ) ;
#2670 = ORIENTED_EDGE ( 'NONE', *, *, #826, .T. ) ;
#2671 = ORIENTED_EDGE ( 'NONE', *, *, #3607, .T. ) ;
#2672 = VERTEX_POINT ( 'NONE', #4864 ) ;
#2673 = EDGE_CURVE ( 'NONE', #1078, #4178, #1070, .T. ) ;
#2674 = DIRECTION ( 'NONE',  ( 0.000000000000000000, 0.000000000000000000, 1.000000000000000000 ) ) ;
#2675 = LINE ( 'NONE', #3980, #3560 ) ;
#2676 = FACE_OUTER_BOUND ( 'NONE', #2088, .T. ) ;
#2677 = ORIENTED_EDGE ( 'NONE', *, *, #3188, .T. ) ;
#2678 = PLANE ( 'NONE',  #3657 ) ;
#2679 = ORIENTED_EDGE ( 'NONE', *, *, #4849, .T. ) ;
#2680 = EDGE_LOOP ( 'NONE', ( #76, #5334, #4013, #1169, #976, #261, #183 ) ) ;
#2681 = CARTESIAN_POINT ( 'NONE',  ( -33.33431457505076878, -18.59999999999999787, 0.000000000000000000 ) ) ;
#2682 = CARTESIAN_POINT ( 'NONE',  ( -13.00000000000000178, 23.91698729810786261, 124.2777568135664978 ) ) ;
#2683 = DIRECTION ( 'NONE',  ( -0.000000000000000000, 0.8660254037844419273, 0.4999999999999942268 ) ) ;
#2684 = LINE ( 'NONE', #1448, #4615 ) ;
#2685 = B_SPLINE_CURVE_WITH_KNOTS ( 'NONE', 1,
 ( #477, #4070 ),
 .UNSPECIFIED., .F., .F.,
 ( 2, 2 ),
 ( 0.000000000000000000, 0.002449489742783156170 ),
 .UNSPECIFIED. ) ;
#2686 = PLANE ( 'NONE',  #5350 ) ;
#2687 = DIRECTION ( 'NONE',  ( 0.000000000000000000, -0.4999999999999850675, 0.8660254037844472563 ) ) ;
#2688 = EDGE_CURVE ( 'NONE', #2725, #2510, #2375, .T. ) ;
#2689 = ORIENTED_EDGE ( 'NONE', *, *, #1364, .T. ) ;
#2690 = LINE ( 'NONE', #3518, #3730 ) ;
#2691 = DIRECTION ( 'NONE',  ( 1.000000000000000000, 0.000000000000000000, -0.000000000000000000 ) ) ;
#2692 = ADVANCED_FACE ( 'NONE', ( #718, #1637 ), #5455, .T. ) ;
#2693 = EDGE_CURVE ( 'NONE', #5016, #1332, #3760, .T. ) ;
#2694 = CARTESIAN_POINT ( 'NONE',  ( 0.000000000000000000, -3.699999999999993072, 0.000000000000000000 ) ) ;
#2695 = EDGE_CURVE ( 'NONE', #2235, #2871, #407, .T. ) ;
#2696 = ORIENTED_EDGE ( 'NONE', *, *, #1871, .T. ) ;
#2697 = ORIENTED_EDGE ( 'NONE', *, *, #3467, .F. ) ;
#2698 = ORIENTED_EDGE ( 'NONE', *, *, #745, .F. ) ;
#2699 = DIRECTION ( 'NONE',  ( -0.000000000000000000, 0.000000000000000000, 1.000000000000000000 ) ) ;
#2700 = VECTOR ( 'NONE', #2193, 1000.000000000000000 ) ;
#2701 = CARTESIAN_POINT ( 'NONE',  ( -15.00000000000000178, 19.99999999999999645, 126.0000000000000000 ) ) ;
#2702 = EDGE_CURVE ( 'NONE', #1124, #629, #1980, .T. ) ;
#2703 = LINE ( 'NONE', #4009, #3921 ) ;
#2704 = ORIENTED_EDGE ( 'NONE', *, *, #204, .T. ) ;
#2705 = LINE ( 'NONE', #2731, #3213 ) ;
#2706 = ORIENTED_EDGE ( 'NONE', *, *, #471, .T. ) ;
#2707 = VECTOR ( 'NONE', #3577, 1000.000000000000000 ) ;
#2708 = CARTESIAN_POINT ( 'NONE',  ( 13.00000000000000178, 34.89999999999986358, 106.2546207937147216 ) ) ;
#2709 = VERTEX_POINT ( 'NONE', #5419 ) ;
#2710 = LINE ( 'NONE', #3989, #1681 ) ;
#2711 = CARTESIAN_POINT ( 'NONE',  ( 31.50000000000000711, -7.499999999999993783, 117.1700000000000017 ) ) ;
#2712 = CARTESIAN_POINT ( 'NONE',  ( -8.499999999999992895, -15.99999999999999289, 114.4000000000000057 ) ) ;
#2713 = CARTESIAN_POINT ( 'NONE',  ( -31.30000000000000071, 12.00000000000000000, 6.000000000000000000 ) ) ;
#2714 = CARTESIAN_POINT ( 'NONE',  ( 34.50000000000000000, -10.79999999999999538, 111.4700000000000131 ) ) ;
#2715 = EDGE_LOOP ( 'NONE', ( #1565, #569, #5477, #1275 ) ) ;
#2716 = VECTOR ( 'NONE', #922, 999.9999999999998863 ) ;
#2717 = LINE ( 'NONE', #593, #2462 ) ;
#2718 = DIRECTION ( 'NONE',  ( -0.000000000000000000, -1.000000000000000000, -0.000000000000000000 ) ) ;
#2719 = AXIS2_PLACEMENT_3D ( 'NONE', #4867, #2296, #507 ) ;
#2720 = CONICAL_SURFACE ( 'NONE', #3993, 0.7000000000000061728, 0.7853981633974460586 ) ;
#2721 = DIRECTION ( 'NONE',  ( 0.000000000000000000, -1.000000000000000000, 0.000000000000000000 ) ) ;
#2722 = ORIENTED_EDGE ( 'NONE', *, *, #3639, .T. ) ;
#2723 = VECTOR ( 'NONE', #1738, 1000.000000000000000 ) ;
#2724 = EDGE_LOOP ( 'NONE', ( #2257, #2190, #654, #2149 ) ) ;
#2725 = VERTEX_POINT ( 'NONE', #2903 ) ;
#2726 = LINE ( 'NONE', #4423, #4172 ) ;
#2727 = CIRCLE ( 'NONE', #318, 0.7000000000000061728 ) ;
#2728 = DIRECTION ( 'NONE',  ( 0.000000000000000000, 0.000000000000000000, 1.000000000000000000 ) ) ;
#2729 = DIRECTION ( 'NONE',  ( -1.000000000000000000, 0.000000000000000000, 0.000000000000000000 ) ) ;
#2730 = ORIENTED_EDGE ( 'NONE', *, *, #1, .F. ) ;
#2731 = CARTESIAN_POINT ( 'NONE',  ( -32.20000000000000284, -17.20000000000000284, 101.7999999999999829 ) ) ;
#2732 = ORIENTED_EDGE ( 'NONE', *, *, #276, .F. ) ;
#2733 = AXIS2_PLACEMENT_3D ( 'NONE', #2487, #3788, #5001 ) ;
#2734 = EDGE_CURVE ( 'NONE', #4938, #4504, #5543, .T. ) ;
#2735 = DIRECTION ( 'NONE',  ( 1.000000000000000000, 0.000000000000000000, 0.000000000000000000 ) ) ;
#2736 = CONICAL_SURFACE ( 'NONE', #4188, 3.500000000000003109, 0.7853981633974415066 ) ;
#2737 = ORIENTED_EDGE ( 'NONE', *, *, #2153, .F. ) ;
#2738 = CYLINDRICAL_SURFACE ( 'NONE', #5556, 1.299999999999999378 ) ;
#2739 = DIRECTION ( 'NONE',  ( 0.000000000000000000, 0.000000000000000000, -1.000000000000000000 ) ) ;
#2740 = LINE ( 'NONE', #2242, #3621 ) ;
#2741 = AXIS2_PLACEMENT_3D ( 'NONE', #3684, #2890, #4167 ) ;
#2742 = EDGE_CURVE ( 'NONE', #903, #175, #4099, .T. ) ;
#2743 = AXIS2_PLACEMENT_3D ( 'NONE', #956, #1324, #2163 ) ;
#2744 = CARTESIAN_POINT ( 'NONE',  ( -8.499999999999992895, -15.99999999999999289, 105.0000000000000142 ) ) ;
#2745 = LINE ( 'NONE', #4413, #3929 ) ;
#2746 = VECTOR ( 'NONE', #2340, 1000.000000000000000 ) ;
#2747 = ORIENTED_EDGE ( 'NONE', *, *, #1286, .T. ) ;
#2748 = DIRECTION ( 'NONE',  ( -0.000000000000000000, 0.7071067811865451302, -0.7071067811865499042 ) ) ;
#2749 = LINE ( 'NONE', #4481, #4327 ) ;
#2750 = AXIS2_PLACEMENT_3D ( 'NONE', #2482, #2087, #4544 ) ;
#2751 = AXIS2_PLACEMENT_3D ( 'NONE', #5434, #3292, #2775 ) ;
#2752 = AXIS2_PLACEMENT_3D ( 'NONE', #2093, #498, #2204 ) ;
#2753 = ORIENTED_EDGE ( 'NONE', *, *, #4425, .F. ) ;
#2754 = DIRECTION ( 'NONE',  ( 0.000000000000000000, 0.000000000000000000, -1.000000000000000000 ) ) ;
#2755 = ORIENTED_EDGE ( 'NONE', *, *, #3808, .F. ) ;
#2756 = ORIENTED_EDGE ( 'NONE', *, *, #2254, .T. ) ;
#2757 = ORIENTED_EDGE ( 'NONE', *, *, #3091, .F. ) ;
#2758 = PLANE ( 'NONE',  #3907 ) ;
#2759 = CARTESIAN_POINT ( 'NONE',  ( 15.00000000000000000, 35.49999999999985789, 105.2153903091733866 ) ) ;
#2760 = ORIENTED_EDGE ( 'NONE', *, *, #3445, .T. ) ;
#2761 = CARTESIAN_POINT ( 'NONE',  ( -13.00000000000000178, 13.21935403610590853, 94.31464427944540319 ) ) ;
#2762 = ORIENTED_EDGE ( 'NONE', *, *, #4121, .F. ) ;
#2763 = EDGE_CURVE ( 'NONE', #2801, #5396, #3549, .T. ) ;
#2764 = DIRECTION ( 'NONE',  ( 0.000000000000000000, -0.000000000000000000, 1.000000000000000000 ) ) ;
#2765 = ORIENTED_EDGE ( 'NONE', *, *, #4755, .T. ) ;
#2766 = DIRECTION ( 'NONE',  ( -0.000000000000000000, 0.8660254037844420383, 0.4999999999999942824 ) ) ;
#2767 = EDGE_CURVE ( 'NONE', #4092, #5497, #4361, .T. ) ;
#2768 = EDGE_CURVE ( 'NONE', #2803, #564, #5426, .T. ) ;
#2769 = DIRECTION ( 'NONE',  ( 0.6546536707079773088, -0.3779644730092240890, 0.6546536707079787520 ) ) ;
#2770 = ADVANCED_FACE ( 'NONE', ( #693 ), #1549, .F. ) ;
#2771 = CARTESIAN_POINT ( 'NONE',  ( -29.19999999999999929, -16.00000000000000000, 98.79999999999998295 ) ) ;
#2772 = CARTESIAN_POINT ( 'NONE',  ( -4.999999999999969802, -3.699999999999993072, 99.79999999999999716 ) ) ;
#2773 = DIRECTION ( 'NONE',  ( 0.000000000000000000, 1.000000000000000000, -0.000000000000000000 ) ) ;
#2774 = ADVANCED_FACE ( 'NONE', ( #1959 ), #4179, .T. ) ;
#2775 = DIRECTION ( 'NONE',  ( 0.000000000000000000, 0.000000000000000000, -1.000000000000000000 ) ) ;
#2776 = CARTESIAN_POINT ( 'NONE',  ( 25.50000000000000355, 35.49999999999985789, 125.0000000000000000 ) ) ;
#2777 = B_SPLINE_SURFACE_WITH_KNOTS ( 'NONE', 1, 1, ( 
 ( #2020, #5384 ),
 ( #3295, #366 ) ),
 .UNSPECIFIED., .F., .F., .F.,
 ( 2, 2 ),
 ( 2, 2 ),
 ( 0.000000000000000000, 1.000000000000000000 ),
 ( 0.000000000000000000, 1.000000000000000000 ),
 .UNSPECIFIED. ) ;
#2778 = ORIENTED_EDGE ( 'NONE', *, *, #3337, .F. ) ;
#2779 = ORIENTED_EDGE ( 'NONE', *, *, #197, .T. ) ;
#2780 = DIRECTION ( 'NONE',  ( 0.000000000000000000, -0.7071067811865510144, -0.7071067811865441310 ) ) ;
#2781 = ORIENTED_EDGE ( 'NONE', *, *, #1708, .F. ) ;
#2782 = ORIENTED_EDGE ( 'NONE', *, *, #3706, .T. ) ;
#2783 = DIRECTION ( 'NONE',  ( -0.7071067811865425767, 0.000000000000000000, 0.7071067811865524577 ) ) ;
#2784 = CARTESIAN_POINT ( 'NONE',  ( 17.00000000000000000, 18.99999999999999645, 126.0000000000000000 ) ) ;
#2785 = DIRECTION ( 'NONE',  ( 0.000000000000000000, -1.000000000000000000, 0.000000000000000000 ) ) ;
#2786 = VERTEX_POINT ( 'NONE', #330 ) ;
#2787 = DIRECTION ( 'NONE',  ( 0.000000000000000000, 0.000000000000000000, -1.000000000000000000 ) ) ;
#2788 = ORIENTED_EDGE ( 'NONE', *, *, #517, .T. ) ;
#2789 = EDGE_CURVE ( 'NONE', #2306, #1888, #5398, .T. ) ;
#2790 = CARTESIAN_POINT ( 'NONE',  ( -10.40000000000000568, 15.99999999999999822, 116.7046606660471326 ) ) ;
#2791 = AXIS2_PLACEMENT_3D ( 'NONE', #488, #1249, #5563 ) ;
#2792 = DIRECTION ( 'NONE',  ( 0.000000000000000000, 0.000000000000000000, 1.000000000000000000 ) ) ;
#2793 = CARTESIAN_POINT ( 'NONE',  ( -15.60000000000000142, 23.80550504633035658, 124.6708497377870373 ) ) ;
#2794 = DIRECTION ( 'NONE',  ( -0.7071067811865474617, 0.7071067811865474617, 0.000000000000000000 ) ) ;
#2795 = CARTESIAN_POINT ( 'NONE',  ( 1.224646799147357151E-16, 36.05211098255428226, 100.5675012917278082 ) ) ;
#2796 = FACE_OUTER_BOUND ( 'NONE', #4820, .T. ) ;
#2797 = CARTESIAN_POINT ( 'NONE',  ( -8.499999999999992895, -4.200000000000028599, 104.2999999999999972 ) ) ;
#2798 = FACE_OUTER_BOUND ( 'NONE', #2440, .T. ) ;
#2799 = EDGE_CURVE ( 'NONE', #5535, #2725, #4214, .T. ) ;
#2800 = ORIENTED_EDGE ( 'NONE', *, *, #776, .F. ) ;
#2801 = VERTEX_POINT ( 'NONE', #3250 ) ;
#2802 = CARTESIAN_POINT ( 'NONE',  ( -31.30000000000000071, -12.00000000000000000, 0.5000000000000125455 ) ) ;
#2803 = VERTEX_POINT ( 'NONE', #2065 ) ;
#2804 = EDGE_LOOP ( 'NONE', ( #1050, #4571, #4378, #3304 ) ) ;
#2805 = PLANE ( 'NONE',  #585 ) ;
#2806 = VECTOR ( 'NONE', #1534, 1000.000000000000000 ) ;
#2807 = LINE ( 'NONE', #4145, #1919 ) ;
#2808 = EDGE_CURVE ( 'NONE', #4018, #1769, #4970, .T. ) ;
#2809 = STYLED_ITEM ( 'NONE', ( #5461 ), #955 ) ;
#2810 = CARTESIAN_POINT ( 'NONE',  ( -30.00000000000000000, 12.00000000000000000, 6.000000000000000000 ) ) ;
#2811 = VERTEX_POINT ( 'NONE', #2815 ) ;
#2812 = ORIENTED_EDGE ( 'NONE', *, *, #2422, .T. ) ;
#2813 = AXIS2_PLACEMENT_3D ( 'NONE', #5345, #1449, #5295 ) ;
#2814 = EDGE_LOOP ( 'NONE', ( #1281, #3523, #2198, #1455 ) ) ;
#2815 = CARTESIAN_POINT ( 'NONE',  ( 29.20000000000000639, -17.20000000000000284, 98.79999999999998295 ) ) ;
#2816 = FACE_OUTER_BOUND ( 'NONE', #5138, .T. ) ;
#2817 = LINE ( 'NONE', #1552, #5103 ) ;
#2818 = VECTOR ( 'NONE', #1500, 1000.000000000000227 ) ;
#2819 = CARTESIAN_POINT ( 'NONE',  ( -17.00000000000000000, 18.99999999999999645, 129.0000000000000000 ) ) ;
#2820 = DIRECTION ( 'NONE',  ( 1.000000000000000000, -0.000000000000000000, -0.000000000000000000 ) ) ;
#2821 = AXIS2_PLACEMENT_3D ( 'NONE', #2601, #4271, #4323 ) ;
#2822 = EDGE_CURVE ( 'NONE', #5152, #4914, #1476, .T. ) ;
#2823 = PLANE ( 'NONE',  #3464 ) ;
#2824 = FACE_BOUND ( 'NONE', #1583, .T. ) ;
#2825 = VECTOR ( 'NONE', #5525, 1000.000000000000000 ) ;
#2826 = CONICAL_SURFACE ( 'NONE', #3555, 1.300000000000002487, 0.7853981633974579379 ) ;
#2827 = CARTESIAN_POINT ( 'NONE',  ( 17.00000000000000000, 18.99999999999999645, 91.12960387154673469 ) ) ;
#2828 = DIRECTION ( 'NONE',  ( 0.000000000000000000, 0.4999999999999947264, -0.8660254037844417052 ) ) ;
#2829 = AXIS2_PLACEMENT_3D ( 'NONE', #3203, #4049, #3568 ) ;
#2830 = AXIS2_PLACEMENT_3D ( 'NONE', #1848, #4978, #2324 ) ;
#2831 = ORIENTED_EDGE ( 'NONE', *, *, #2603, .F. ) ;
#2832 = CARTESIAN_POINT ( 'NONE',  ( -8.499999999999992895, -19.00000000000000711, 114.4000000000000057 ) ) ;
#2833 = CARTESIAN_POINT ( 'NONE',  ( -34.50000000000000000, 18.99999999999999645, 129.0000000000000000 ) ) ;
#2834 = EDGE_CURVE ( 'NONE', #732, #4574, #1335, .T. ) ;
#2835 = VERTEX_POINT ( 'NONE', #3057 ) ;
#2836 = ADVANCED_FACE ( 'NONE', ( #3875 ), #2150, .F. ) ;
#2837 = ORIENTED_EDGE ( 'NONE', *, *, #4563, .T. ) ;
#2838 = LINE ( 'NONE', #1601, #1029 ) ;
#2839 = AXIS2_PLACEMENT_3D ( 'NONE', #2934, #1633, #738 ) ;
#2840 = CARTESIAN_POINT ( 'NONE',  ( 16.00000000000001066, 19.99999999999999645, 124.9999999999999858 ) ) ;
#2841 = VECTOR ( 'NONE', #5060, 1000.000000000000000 ) ;
#2842 = CARTESIAN_POINT ( 'NONE',  ( 31.50000000000000711, -15.99999999999999289, 129.0000000000000000 ) ) ;
#2843 = VERTEX_POINT ( 'NONE', #3817 ) ;
#2844 = ADVANCED_FACE ( 'NONE', ( #3850 ), #3029, .T. ) ;
#2845 = LINE ( 'NONE', #5450, #1403 ) ;
#2846 = ORIENTED_EDGE ( 'NONE', *, *, #2048, .T. ) ;
#2847 = EDGE_LOOP ( 'NONE', ( #3368, #244, #3956, #1940, #2472, #625, #265, #2130 ) ) ;
#2848 = DIRECTION ( 'NONE',  ( 0.7071067811865475727, 0.7071067811865475727, 0.000000000000000000 ) ) ;
#2849 = ORIENTED_EDGE ( 'NONE', *, *, #4199, .F. ) ;
#2850 = LINE ( 'NONE', #2489, #2034 ) ;
#2851 = DIRECTION ( 'NONE',  ( -0.000000000000000000, 0.7071067811865476838, -0.7071067811865474617 ) ) ;
#2852 = CARTESIAN_POINT ( 'NONE',  ( 5.000000000000000000, 31.68434402958784801, 106.3494818070673205 ) ) ;
#2853 = ORIENTED_EDGE ( 'NONE', *, *, #2531, .T. ) ;
#2854 = DIRECTION ( 'NONE',  ( 1.000000000000000000, 0.000000000000000000, 0.000000000000000000 ) ) ;
#2855 = DIRECTION ( 'NONE',  ( -0.000000000000000000, -0.7071067811865476838, 0.7071067811865474617 ) ) ;
#2856 = CARTESIAN_POINT ( 'NONE',  ( 31.50000000000000711, 15.99999999999999645, 129.0000000000000000 ) ) ;
#2857 = CARTESIAN_POINT ( 'NONE',  ( -11.99999999999997513, -15.99999999999999289, 129.0000000000000000 ) ) ;
#2858 = CARTESIAN_POINT ( 'NONE',  ( 16.99862075525229699, -12.64999999999999503, 111.4700000000000131 ) ) ;
#2859 = ORIENTED_EDGE ( 'NONE', *, *, #3889, .F. ) ;
#2860 = EDGE_CURVE ( 'NONE', #2128, #4890, #5569, .T. ) ;
#2861 = CARTESIAN_POINT ( 'NONE',  ( -8.499999999999992895, -19.00000000000000711, 114.4000000000000057 ) ) ;
#2862 = CARTESIAN_POINT ( 'NONE',  ( -8.499999999999992895, -3.699999999999993072, 104.2999999999999972 ) ) ;
#2863 = ORIENTED_EDGE ( 'NONE', *, *, #1700, .F. ) ;
#2864 = ORIENTED_EDGE ( 'NONE', *, *, #615, .T. ) ;
#2865 = CARTESIAN_POINT ( 'NONE',  ( -14.83023902200767807, 35.29999999999984794, 105.5618004706871318 ) ) ;
#2866 = CARTESIAN_POINT ( 'NONE',  ( -13.00000000000000178, 33.56698729810768356, 107.5634665205267453 ) ) ;
#2867 = EDGE_CURVE ( 'NONE', #441, #4320, #4096, .T. ) ;
#2868 = ADVANCED_FACE ( 'NONE', ( #445 ), #4546, .F. ) ;
#2869 = EDGE_CURVE ( 'NONE', #5020, #760, #2511, .T. ) ;
#2870 = DIRECTION ( 'NONE',  ( 0.000000000000000000, 0.000000000000000000, -1.000000000000000000 ) ) ;
#2871 = VERTEX_POINT ( 'NONE', #5148 ) ;
#2872 = CARTESIAN_POINT ( 'NONE',  ( 13.00000000000000178, 25.21698729810783490, 122.0260907637269554 ) ) ;
#2873 = ORIENTED_EDGE ( 'NONE', *, *, #4526, .F. ) ;
#2874 = EDGE_CURVE ( 'NONE', #5497, #4092, #509, .T. ) ;
#2875 = EDGE_LOOP ( 'NONE', ( #4151, #5304, #804, #1485 ) ) ;
#2876 = CARTESIAN_POINT ( 'NONE',  ( -11.99999999999999645, -15.99999999999999289, 108.8000000000000114 ) ) ;
#2877 = CARTESIAN_POINT ( 'NONE',  ( -26.50000000000000355, -19.00000000000000355, 6.000000000000000000 ) ) ;
#2878 = DIRECTION ( 'NONE',  ( 8.659560562354913137E-17, 0.7071067811865490160, -0.7071067811865460184 ) ) ;
#2879 = FACE_BOUND ( 'NONE', #101, .T. ) ;
#2880 = ORIENTED_EDGE ( 'NONE', *, *, #5292, .T. ) ;
#2881 = CARTESIAN_POINT ( 'NONE',  ( -33.50000000000000000, 18.99999999999999645, 129.0000000000000000 ) ) ;
#2882 = VECTOR ( 'NONE', #4585, 1000.000000000000000 ) ;
#2883 = CARTESIAN_POINT ( 'NONE',  ( -16.00000000000000000, 19.99999999999999645, 125.0000000000000000 ) ) ;
#2884 = DIRECTION ( 'NONE',  ( 1.000000000000000000, -0.000000000000000000, -0.000000000000000000 ) ) ;
#2885 = DIRECTION ( 'NONE',  ( 0.000000000000000000, 0.7071067811865474617, 0.7071067811865474617 ) ) ;
#2886 = CARTESIAN_POINT ( 'NONE',  ( 31.29999999999999361, 12.00000000000000000, 0.4999999999999744094 ) ) ;
#2887 = ORIENTED_EDGE ( 'NONE', *, *, #3951, .F. ) ;
#2888 = ORIENTED_EDGE ( 'NONE', *, *, #3805, .F. ) ;
#2889 = CARTESIAN_POINT ( 'NONE',  ( -25.50000000000000355, -19.00000000000000711, 125.0000000000000000 ) ) ;
#2890 = DIRECTION ( 'NONE',  ( -1.000000000000000000, 0.000000000000000000, 0.000000000000000000 ) ) ;
#2891 = VERTEX_POINT ( 'NONE', #1782 ) ;
#2892 = EDGE_LOOP ( 'NONE', ( #3562, #3792, #4620, #4203, #3896 ) ) ;
#2893 = DIRECTION ( 'NONE',  ( 0.000000000000000000, -1.000000000000000000, 0.000000000000000000 ) ) ;
#2894 = LINE ( 'NONE', #5115, #4350 ) ;
#2895 = AXIS2_PLACEMENT_3D ( 'NONE', #3088, #135, #1814 ) ;
#2896 = DIRECTION ( 'NONE',  ( -1.000000000000000000, -0.000000000000000000, -0.000000000000000000 ) ) ;
#2897 = ORIENTED_EDGE ( 'NONE', *, *, #2277, .F. ) ;
#2898 = FACE_OUTER_BOUND ( 'NONE', #5574, .T. ) ;
#2899 = ORIENTED_EDGE ( 'NONE', *, *, #1879, .F. ) ;
#2900 = VECTOR ( 'NONE', #2794, 1000.000000000000114 ) ;
#2901 = CLOSED_SHELL ( 'NONE', ( #2535, #98, #2057, #816, #1776, #5428, #3881, #1606, #3112, #3992, #786, #1815, #4701, #2358, #4919, #4711, #2448, #4569, #3122, #1451, #852, #2910, #5464, #2868, #4093, #4885, #617, #3296, #1557, #2990, #2399, #4432, #4870, #2121, #648, #3775, #4364, #4988, #2253, #343, #5174, #2421, #5101, #3770, #4717, #1054, #1301, #5095, #5470, #4527, #546, #4150, #1230, #4945, #5471, #5233, #1677, #3623, #1165, #420, #1405, #4123, #3953, #1072, #4949, #1113, #2520, #2836, #4473, #1597, #5318, #2949, #4781, #3755, #1466, #36, #2230, #480, #189, #2505, #4875, #3263, #5051, #1158, #2122, #29, #2667, #3777, #2692, #55, #3436, #5058, #4115, #2620, #2084, #2016, #4295, #4950, #2184, #4052, #1019, #2774, #4293, #1629, #888, #228, #2063, #853, #5530, #1428, #1190, #3180, #2844, #621, #2133, #1775, #5538, #4600, #1457, #1435, #998, #4630, #1533, #2770, #1599, #1360, #4316, #3469, #3677, #3503, #2942, #3510, #4802, #4287, #4355, #3197, #4576, #4676, #642, #5027, #4956, #1265, #2464, #27, #4464, #2288, #3293, #5123, #268, #4818, #1062, #4023, #2666, #161, #1706, #4850, #4824, #5201, #3232, #3257, #452, #1095, #4256, #483, #3235, #543, #3011, #1529, #3129, #572, #3534, #2568, #3121, #1237, #5048, #2526, #1621, #5572, #4189, #2008, #5364, #3189 ) ) ;
#2902 = ORIENTED_EDGE ( 'NONE', *, *, #920, .F. ) ;
#2903 = CARTESIAN_POINT ( 'NONE',  ( -25.50000000000000355, 19.00000000000000000, 128.2500000000000000 ) ) ;
#2904 = VERTEX_POINT ( 'NONE', #1277 ) ;
#2905 = LINE ( 'NONE', #2941, #68 ) ;
#2906 = LINE ( 'NONE', #3370, #4975 ) ;
#2907 = CARTESIAN_POINT ( 'NONE',  ( -26.50000000000000355, -19.00000000000000355, 0.000000000000000000 ) ) ;
#2908 = ORIENTED_EDGE ( 'NONE', *, *, #2702, .F. ) ;
#2909 = CIRCLE ( 'NONE', #1379, 1.599999999999990319 ) ;
#2910 = ADVANCED_FACE ( 'NONE', ( #2940 ), #2826, .F. ) ;
#2911 = FACE_BOUND ( 'NONE', #1697, .T. ) ;
#2912 = VERTEX_POINT ( 'NONE', #4722 ) ;
#2913 = CARTESIAN_POINT ( 'NONE',  ( -33.50000000000000000, 18.99999999999999645, 129.0000000000000000 ) ) ;
#2914 = CIRCLE ( 'NONE', #3638, 1.649999999999998579 ) ;
#2915 = VECTOR ( 'NONE', #5383, 1000.000000000000000 ) ;
#2916 = CARTESIAN_POINT ( 'NONE',  ( -2.500000000000000000, 29.35089165167226710, 103.3089226479651472 ) ) ;
#2917 = EDGE_CURVE ( 'NONE', #172, #3217, #1751, .T. ) ;
#2918 = CYLINDRICAL_SURFACE ( 'NONE', #392, 1.299999999999992717 ) ;
#2919 = DIRECTION ( 'NONE',  ( 1.159058001766240939E-16, 0.000000000000000000, -1.000000000000000000 ) ) ;
#2920 = VECTOR ( 'NONE', #130, 1000.000000000000114 ) ;
#2921 = FACE_OUTER_BOUND ( 'NONE', #1229, .T. ) ;
#2922 = VECTOR ( 'NONE', #906, 1000.000000000000114 ) ;
#2923 = VECTOR ( 'NONE', #4427, 1000.000000000000000 ) ;
#2924 = CARTESIAN_POINT ( 'NONE',  ( -28.69999999999999574, -12.00000000000000000, 0.5000000000000125455 ) ) ;
#2925 = VERTEX_POINT ( 'NONE', #77 ) ;
#2926 = FACE_OUTER_BOUND ( 'NONE', #4871, .T. ) ;
#2927 = LINE ( 'NONE', #2840, #668 ) ;
#2928 = AXIS2_PLACEMENT_3D ( 'NONE', #2862, #4588, #5476 ) ;
#2929 = AXIS2_PLACEMENT_3D ( 'NONE', #5432, #3347, #4673 ) ;
#2930 = FACE_OUTER_BOUND ( 'NONE', #3940, .T. ) ;
#2931 = ORIENTED_EDGE ( 'NONE', *, *, #6, .T. ) ;
#2932 = VECTOR ( 'NONE', #2769, 1000.000000000000000 ) ;
#2933 = AXIS2_PLACEMENT_3D ( 'NONE', #2548, #2136, #506 ) ;
#2934 = CARTESIAN_POINT ( 'NONE',  ( -33.33431457505076168, 18.59999999999999432, 0.4000000000000000222 ) ) ;
#2935 = CIRCLE ( 'NONE', #874, 1.649999999999998579 ) ;
#2936 = VERTEX_POINT ( 'NONE', #4341 ) ;
#2937 = CIRCLE ( 'NONE', #1766, 1.599999999999990319 ) ;
#2938 = AXIS2_PLACEMENT_3D ( 'NONE', #2810, #3272, #1216 ) ;
#2939 = ORIENTED_EDGE ( 'NONE', *, *, #1985, .T. ) ;
#2940 = FACE_OUTER_BOUND ( 'NONE', #1462, .T. ) ;
#2941 = CARTESIAN_POINT ( 'NONE',  ( -34.50000000000000000, 17.99999999999999645, 0.4000000000000000222 ) ) ;
#2942 = ADVANCED_FACE ( 'NONE', ( #469 ), #5207, .F. ) ;
#2943 = LINE ( 'NONE', #5061, #1939 ) ;
#2944 = CARTESIAN_POINT ( 'NONE',  ( 1.836970198720889172E-16, 31.68434402958782670, 105.6423750258806393 ) ) ;
#2945 = ORIENTED_EDGE ( 'NONE', *, *, #3188, .F. ) ;
#2946 = DIRECTION ( 'NONE',  ( 0.000000000000000000, 0.000000000000000000, 1.000000000000000000 ) ) ;
#2947 = EDGE_CURVE ( 'NONE', #4114, #3575, #4455, .T. ) ;
#2948 = CARTESIAN_POINT ( 'NONE',  ( 34.50000000000000000, -9.149999999999995026, 111.4700000000000131 ) ) ;
#2949 = ADVANCED_FACE ( 'NONE', ( #4774 ), #4318, .F. ) ;
#2950 = DIRECTION ( 'NONE',  ( -0.000000000000000000, 1.000000000000000000, -0.000000000000000000 ) ) ;
#2951 = EDGE_CURVE ( 'NONE', #2988, #4508, #3482, .T. ) ;
#2952 = CARTESIAN_POINT ( 'NONE',  ( -30.00000000000000000, 12.00000000000000000, 6.000000000000000000 ) ) ;
#2953 = DIRECTION ( 'NONE',  ( -0.000000000000000000, -1.000000000000000000, -0.000000000000000000 ) ) ;
#2954 = ORIENTED_EDGE ( 'NONE', *, *, #751, .T. ) ;
#2955 = EDGE_CURVE ( 'NONE', #4508, #4135, #4666, .T. ) ;
#2956 = EDGE_LOOP ( 'NONE', ( #46, #2289, #5567, #5006 ) ) ;
#2957 = DIRECTION ( 'NONE',  ( 0.000000000000000000, 0.000000000000000000, -1.000000000000000000 ) ) ;
#2958 = DIRECTION ( 'NONE',  ( 0.000000000000000000, -1.000000000000000000, 0.000000000000000000 ) ) ;
#2959 = ORIENTED_EDGE ( 'NONE', *, *, #1710, .T. ) ;
#2960 = ORIENTED_EDGE ( 'NONE', *, *, #2599, .F. ) ;
#2961 = CARTESIAN_POINT ( 'NONE',  ( 0.000000000000000000, 30.62368385780808211, 104.5817148541008947 ) ) ;
#2962 = DIRECTION ( 'NONE',  ( 1.000000000000000000, 0.000000000000000000, -0.000000000000000000 ) ) ;
#2963 = CARTESIAN_POINT ( 'NONE',  ( -8.499999999999992895, -15.99999999999999289, 125.2000000000000028 ) ) ;
#2964 = ORIENTED_EDGE ( 'NONE', *, *, #235, .T. ) ;
#2965 = ORIENTED_EDGE ( 'NONE', *, *, #4599, .T. ) ;
#2966 = EDGE_LOOP ( 'NONE', ( #1399, #43, #39, #1383 ) ) ;
#2967 = CARTESIAN_POINT ( 'NONE',  ( 34.50000000000000000, -9.149999999999995026, 117.1700000000000159 ) ) ;
#2968 = LINE ( 'NONE', #4801, #5097 ) ;
#2969 = VERTEX_POINT ( 'NONE', #4800 ) ;
#2970 = CARTESIAN_POINT ( 'NONE',  ( -30.00000000000000000, 12.00000000000000000, 0.5000000000000125455 ) ) ;
#2971 = ORIENTED_EDGE ( 'NONE', *, *, #2114, .F. ) ;
#2972 =( BOUNDED_CURVE ( )  B_SPLINE_CURVE ( 3, ( #2562, #5222, #1330, #4768 ),
 .UNSPECIFIED., .F., .F. ) 
 B_SPLINE_CURVE_WITH_KNOTS ( ( 4, 4 ),
 ( 3.141592653589793116, 6.283185307179586232 ),
 .UNSPECIFIED. ) 
 CURVE ( )  GEOMETRIC_REPRESENTATION_ITEM ( )  RATIONAL_B_SPLINE_CURVE ( ( 1.000000000000000000, 0.3333333333333333703, 0.3333333333333333703, 1.000000000000000000 ) ) 
 REPRESENTATION_ITEM ( '' )  );
#2973 = FACE_BOUND ( 'NONE', #2175, .T. ) ;
#2974 = DIRECTION ( 'NONE',  ( 1.000000000000000000, -1.561205170789834717E-16, 0.000000000000000000 ) ) ;
#2975 = CARTESIAN_POINT ( 'NONE',  ( 30.00000000000000000, 12.00000000000000000, 6.000000000000000000 ) ) ;
#2976 = CARTESIAN_POINT ( 'NONE',  ( -13.00000000000000178, 34.21698729810765371, 106.4376334956069599 ) ) ;
#2977 = EDGE_CURVE ( 'NONE', #4504, #5111, #2675, .T. ) ;
#2978 = CARTESIAN_POINT ( 'NONE',  ( -8.499999999999992895, -4.200000000000028599, 125.2000000000000028 ) ) ;
#2979 = FACE_BOUND ( 'NONE', #3935, .T. ) ;
#2980 = DIRECTION ( 'NONE',  ( -0.000000000000000000, -1.000000000000000000, -0.000000000000000000 ) ) ;
#2981 = LINE ( 'NONE', #4705, #4742 ) ;
#2982 = AXIS2_PLACEMENT_3D ( 'NONE', #4502, #2668, #5349 ) ;
#2983 = VERTEX_POINT ( 'NONE', #178 ) ;
#2984 = DIRECTION ( 'NONE',  ( 0.000000000000000000, 0.7071067811865475727, -0.7071067811865475727 ) ) ;
#2985 = EDGE_CURVE ( 'NONE', #3477, #3714, #1353, .T. ) ;
#2986 = FACE_OUTER_BOUND ( 'NONE', #1825, .T. ) ;
#2987 = CARTESIAN_POINT ( 'NONE',  ( -32.20000000000000284, -17.20000000000000284, 101.7999999999999829 ) ) ;
#2988 = VERTEX_POINT ( 'NONE', #4884 ) ;
#2989 = EDGE_LOOP ( 'NONE', ( #2679, #159 ) ) ;
#2990 = ADVANCED_FACE ( 'NONE', ( #5332 ), #4400, .F. ) ;
#2991 = EDGE_LOOP ( 'NONE', ( #1191, #2205, #3105, #3848 ) ) ;
#2992 = AXIS2_PLACEMENT_3D ( 'NONE', #4972, #2068, #1109 ) ;
#2993 = DIRECTION ( 'NONE',  ( 1.000000000000000000, -0.000000000000000000, -0.000000000000000000 ) ) ;
#2994 = CARTESIAN_POINT ( 'NONE',  ( 34.50000000000000000, -13.15000000000009273, 117.1700000000000159 ) ) ;
#2995 = ORIENTED_EDGE ( 'NONE', *, *, #5397, .T. ) ;
#2996 = DIRECTION ( 'NONE',  ( 1.000000000000000000, -0.000000000000000000, -0.000000000000000000 ) ) ;
#2997 = VERTEX_POINT ( 'NONE', #2232 ) ;
#2998 = CARTESIAN_POINT ( 'NONE',  ( -8.499999999999992895, -3.699999999999993072, 105.0000000000000142 ) ) ;
#2999 = CONICAL_SURFACE ( 'NONE', #5169, 0.7000000000000061728, 0.7853981633974460586 ) ;
#3000 = ORIENTED_EDGE ( 'NONE', *, *, #3435, .F. ) ;
#3001 = LINE ( 'NONE', #4245, #4356 ) ;
#3002 = VECTOR ( 'NONE', #1259, 1000.000000000000000 ) ;
#3003 = CARTESIAN_POINT ( 'NONE',  ( 32.50000000000000711, -10.79999999999999538, 111.4700000000000131 ) ) ;
#3004 = DIRECTION ( 'NONE',  ( 1.000000000000000000, 0.000000000000000000, 0.000000000000000000 ) ) ;
#3005 = EDGE_CURVE ( 'NONE', #3659, #1441, #1126, .T. ) ;
#3006 = VECTOR ( 'NONE', #1964, 999.9999999999998863 ) ;
#3007 = VECTOR ( 'NONE', #148, 1000.000000000000000 ) ;
#3008 = CARTESIAN_POINT ( 'NONE',  ( 13.00000000000000178, 12.56935403610591884, 95.44047730436517440 ) ) ;
#3009 = ORIENTED_EDGE ( 'NONE', *, *, #5433, .T. ) ;
#3010 = FACE_OUTER_BOUND ( 'NONE', #3720, .T. ) ;
#3011 = ADVANCED_FACE ( 'NONE', ( #3583 ), #5307, .F. ) ;
#3012 = ORIENTED_EDGE ( 'NONE', *, *, #2277, .T. ) ;
#3013 = CONICAL_SURFACE ( 'NONE', #1304, 1.300000000000001599, 0.7853981633974423948 ) ;
#3014 = AXIS2_PLACEMENT_3D ( 'NONE', #3127, #1370, #961 ) ;
#3015 = DIRECTION ( 'NONE',  ( -1.000000000000000000, -0.000000000000000000, -0.000000000000000000 ) ) ;
#3016 = PLANE ( 'NONE',  #4511 ) ;
#3017 = AXIS2_PLACEMENT_3D ( 'NONE', #2630, #4791, #2687 ) ;
#3018 = EDGE_CURVE ( 'NONE', #3082, #4681, #2255, .T. ) ;
#3019 = EDGE_CURVE ( 'NONE', #4779, #3480, #4883, .T. ) ;
#3020 = LINE ( 'NONE', #3420, #4278 ) ;
#3021 = EDGE_CURVE ( 'NONE', #576, #4092, #4562, .T. ) ;
#3022 = VERTEX_POINT ( 'NONE', #551 ) ;
#3023 = ORIENTED_EDGE ( 'NONE', *, *, #1898, .T. ) ;
#3024 = ORIENTED_EDGE ( 'NONE', *, *, #3192, .T. ) ;
#3025 = VECTOR ( 'NONE', #3713, 1000.000000000000227 ) ;
#3026 = AXIS2_PLACEMENT_3D ( 'NONE', #3890, #4389, #1715 ) ;
#3027 = EDGE_LOOP ( 'NONE', ( #4847, #83, #1442, #4505 ) ) ;
#3029 = PLANE ( 'NONE',  #4821 ) ;
#3028 = AXIS2_PLACEMENT_3D ( 'NONE', #3116, #1268, #795 ) ;
#3030 = EDGE_CURVE ( 'NONE', #1212, #2997, #3473, .T. ) ;
#3031 = AXIS2_PLACEMENT_3D ( 'NONE', #5236, #4384, #86 ) ;
#3032 = PLANE ( 'NONE',  #4208 ) ;
#3033 = ORIENTED_EDGE ( 'NONE', *, *, #3946, .T. ) ;
#3034 = LINE ( 'NONE', #914, #1680 ) ;
#3035 = VERTEX_POINT ( 'NONE', #4375 ) ;
#3036 = VECTOR ( 'NONE', #3903, 1000.000000000000000 ) ;
#3037 = CIRCLE ( 'NONE', #3644, 1.000000000000000888 ) ;
#3038 = ORIENTED_EDGE ( 'NONE', *, *, #952, .T. ) ;
#3039 = CARTESIAN_POINT ( 'NONE',  ( -13.00000000000000178, 2.919354036106037498, 112.1547675974048985 ) ) ;
#3040 = CARTESIAN_POINT ( 'NONE',  ( -8.499999999999992895, -3.699999999999993072, 103.5999999999999943 ) ) ;
#3041 = DIRECTION ( 'NONE',  ( 0.000000000000000000, 0.4999999999999954481, -0.8660254037844413721 ) ) ;
#3042 = CARTESIAN_POINT ( 'NONE',  ( -15.60000000000000142, 34.55513223592376448, 106.0519492829871524 ) ) ;
#3043 = ORIENTED_EDGE ( 'NONE', *, *, #4122, .T. ) ;
#3044 = FACE_OUTER_BOUND ( 'NONE', #5120, .T. ) ;
#3045 = VERTEX_POINT ( 'NONE', #3610 ) ;
#3046 = LINE ( 'NONE', #3496, #4990 ) ;
#3047 = CYLINDRICAL_SURFACE ( 'NONE', #21, 0.7000000000000061728 ) ;
#3048 = EDGE_CURVE ( 'NONE', #3632, #4670, #282, .T. ) ;
#3049 = DIRECTION ( 'NONE',  ( 8.659560562354867531E-17, 0.9659258262890692004, -0.2588190451025176864 ) ) ;
#3050 = VERTEX_POINT ( 'NONE', #3265 ) ;
#3051 = VERTEX_POINT ( 'NONE', #1886 ) ;
#3052 = EDGE_LOOP ( 'NONE', ( #1809, #3930, #649, #4033 ) ) ;
#3053 = EDGE_CURVE ( 'NONE', #4140, #4135, #4008, .T. ) ;
#3054 = EDGE_CURVE ( 'NONE', #3659, #2936, #3103, .T. ) ;
#3055 = EDGE_CURVE ( 'NONE', #3354, #5243, #703, .T. ) ;
#3056 = ORIENTED_EDGE ( 'NONE', *, *, #3877, .T. ) ;
#3057 = CARTESIAN_POINT ( 'NONE',  ( 29.20000000000000639, -16.00000000000000000, 98.79999999999998295 ) ) ;
#3058 = DIRECTION ( 'NONE',  ( -0.7071067811865500152, 0.4999999999999966138, -0.5000000000000000000 ) ) ;
#3059 = ORIENTED_EDGE ( 'NONE', *, *, #811, .T. ) ;
#3060 = LINE ( 'NONE', #895, #3842 ) ;
#3061 = VERTEX_POINT ( 'NONE', #1830 ) ;
#3062 = EDGE_CURVE ( 'NONE', #2403, #1501, #1839, .T. ) ;
#3063 = VERTEX_POINT ( 'NONE', #2411 ) ;
#3064 = PLANE ( 'NONE',  #52 ) ;
#3065 = DIRECTION ( 'NONE',  ( -1.000000000000000000, 0.000000000000000000, 0.000000000000000000 ) ) ;
#3066 = CARTESIAN_POINT ( 'NONE',  ( 16.00000000000000000, -35.56480193577343840, 35.56480193577367999 ) ) ;
#3067 = EDGE_CURVE ( 'NONE', #5152, #5373, #5281, .T. ) ;
#3068 = FACE_OUTER_BOUND ( 'NONE', #2588, .T. ) ;
#3069 = DIRECTION ( 'NONE',  ( 1.000000000000000000, 0.000000000000000000, 0.000000000000000000 ) ) ;
#3070 = ORIENTED_EDGE ( 'NONE', *, *, #580, .F. ) ;
#3071 = CARTESIAN_POINT ( 'NONE',  ( -34.10000000000000853, 17.83431457505076523, 0.4000000000000000222 ) ) ;
#3072 = CYLINDRICAL_SURFACE ( 'NONE', #1624, 1.299999999999999156 ) ;
#3073 = DIRECTION ( 'NONE',  ( 0.000000000000000000, 0.8660254037844495878, 0.4999999999999809042 ) ) ;
#3074 = ORIENTED_EDGE ( 'NONE', *, *, #5129, .T. ) ;
#3075 = EDGE_LOOP ( 'NONE', ( #2238, #397, #3043, #2527 ) ) ;
#3076 = ORIENTED_EDGE ( 'NONE', *, *, #219, .F. ) ;
#3077 = ORIENTED_EDGE ( 'NONE', *, *, #3598, .T. ) ;
#3078 = CARTESIAN_POINT ( 'NONE',  ( 16.00000000000000000, 0.000000000000000000, 125.0000000000000000 ) ) ;
#3079 = CARTESIAN_POINT ( 'NONE',  ( 16.00000000000000000, 19.99999999999999645, 91.12960387154673469 ) ) ;
#3080 = ORIENTED_EDGE ( 'NONE', *, *, #4191, .T. ) ;
#3081 = CARTESIAN_POINT ( 'NONE',  ( -32.20000000000001705, -19.00000000000000355, 6.000000000000000000 ) ) ;
#3082 = VERTEX_POINT ( 'NONE', #153 ) ;
#3083 = DIRECTION ( 'NONE',  ( 7.243104283828005836E-17, 0.000000000000000000, -1.000000000000000000 ) ) ;
#3084 = CARTESIAN_POINT ( 'NONE',  ( 13.00000000000000178, 33.99999999999987921, 107.8134665205267169 ) ) ;
#3085 = EDGE_CURVE ( 'NONE', #1407, #4863, #605, .T. ) ;
#3086 = DIRECTION ( 'NONE',  ( -1.000000000000000000, 0.000000000000000000, 0.000000000000000000 ) ) ;
#3087 = CONICAL_SURFACE ( 'NONE', #4523, 3.250000000000002665, 0.7853981633974461696 ) ;
#3088 = CARTESIAN_POINT ( 'NONE',  ( 33.33431457505077589, 18.59999999999998366, 0.4000000000000000222 ) ) ;
#3089 = DIRECTION ( 'NONE',  ( 0.000000000000000000, -0.4999999999999957256, 0.8660254037844411501 ) ) ;
#3090 = LINE ( 'NONE', #5161, #2297 ) ;
#3091 = EDGE_CURVE ( 'NONE', #689, #5020, #3922, .T. ) ;
#3092 = ORIENTED_EDGE ( 'NONE', *, *, #2977, .F. ) ;
#3093 = FACE_OUTER_BOUND ( 'NONE', #5193, .T. ) ;
#3094 = VECTOR ( 'NONE', #1214, 1000.000000000000114 ) ;
#3095 = CARTESIAN_POINT ( 'NONE',  ( -4.999999999999969802, -3.699999999999993072, 99.79999999999999716 ) ) ;
#3096 = CIRCLE ( 'NONE', #3823, 1.799999999999929212 ) ;
#3097 = DIRECTION ( 'NONE',  ( -0.000000000000000000, -0.000000000000000000, -1.000000000000000000 ) ) ;
#3098 = EDGE_LOOP ( 'NONE', ( #2096, #662, #2954, #5042 ) ) ;
#3099 = ORIENTED_EDGE ( 'NONE', *, *, #4465, .F. ) ;
#3100 = ORIENTED_EDGE ( 'NONE', *, *, #2874, .T. ) ;
#3101 = LINE ( 'NONE', #417, #4529 ) ;
#3102 = AXIS2_PLACEMENT_3D ( 'NONE', #860, #5121, #1698 ) ;
#3103 = LINE ( 'NONE', #2312, #5188 ) ;
#3104 = CARTESIAN_POINT ( 'NONE',  ( 14.83023902200767807, 34.95358983848606726, 105.3618004706871289 ) ) ;
#3105 = ORIENTED_EDGE ( 'NONE', *, *, #925, .F. ) ;
#3106 = VECTOR ( 'NONE', #545, 1000.000000000000227 ) ;
#3107 = AXIS2_PLACEMENT_3D ( 'NONE', #4226, #5498, #5558 ) ;
#3108 = CARTESIAN_POINT ( 'NONE',  ( 31.50000000000000711, 15.99999999999999645, 0.000000000000000000 ) ) ;
#3109 = ORIENTED_EDGE ( 'NONE', *, *, #2218, .T. ) ;
#3110 = CONICAL_SURFACE ( 'NONE', #1577, 1.299999999999999822, 0.7853981633974145282 ) ;
#3111 = AXIS2_PLACEMENT_3D ( 'NONE', #89, #2582, #3494 ) ;
#3112 = ADVANCED_FACE ( 'NONE', ( #756 ), #1243, .F. ) ;
#3113 = LINE ( 'NONE', #1063, #3832 ) ;
#3114 = VERTEX_POINT ( 'NONE', #2553 ) ;
#3115 = LINE ( 'NONE', #3144, #1763 ) ;
#3116 = CARTESIAN_POINT ( 'NONE',  ( -30.00000000000000000, -12.00000000000000000, 6.000000000000000000 ) ) ;
#3117 = AXIS2_PLACEMENT_3D ( 'NONE', #4211, #2061, #5084 ) ;
#3118 = CIRCLE ( 'NONE', #520, 1.000000000000000888 ) ;
#3119 = CARTESIAN_POINT ( 'NONE',  ( -28.69999999999999574, 12.00000000000000000, 0.5000000000000125455 ) ) ;
#3120 = EDGE_CURVE ( 'NONE', #355, #1801, #5475, .T. ) ;
#3121 = ADVANCED_FACE ( 'NONE', ( #2077 ), #2499, .F. ) ;
#3122 = ADVANCED_FACE ( 'NONE', ( #2921 ), #2736, .F. ) ;
#3123 = CARTESIAN_POINT ( 'NONE',  ( -49.55495899895102951, 25.23205080756887497, 123.0000000000000000 ) ) ;
#3124 = VECTOR ( 'NONE', #827, 1000.000000000000114 ) ;
#3125 = CARTESIAN_POINT ( 'NONE',  ( -15.60000000000000142, 23.80550504633035658, 124.6708497377870373 ) ) ;
#3126 = ORIENTED_EDGE ( 'NONE', *, *, #1067, .T. ) ;
#3127 = CARTESIAN_POINT ( 'NONE',  ( 30.00000000000000000, 12.00000000000000000, 6.000000000000000000 ) ) ;
#3128 = DIRECTION ( 'NONE',  ( 0.000000000000000000, 0.000000000000000000, 1.000000000000000000 ) ) ;
#3129 = ADVANCED_FACE ( 'NONE', ( #2469 ), #1754, .F. ) ;
#3130 = DIRECTION ( 'NONE',  ( 0.000000000000000000, 0.000000000000000000, 1.000000000000000000 ) ) ;
#3131 = ORIENTED_EDGE ( 'NONE', *, *, #4601, .T. ) ;
#3132 = ORIENTED_EDGE ( 'NONE', *, *, #5547, .F. ) ;
#3133 = VERTEX_POINT ( 'NONE', #3711 ) ;
#3134 = FACE_OUTER_BOUND ( 'NONE', #4739, .T. ) ;
#3135 = CARTESIAN_POINT ( 'NONE',  ( 31.50000000000000711, -15.99999999999999289, 129.0000000000000000 ) ) ;
#3136 = CARTESIAN_POINT ( 'NONE',  ( -3.999999999999994671, -15.99999999999999289, 127.9999999999999432 ) ) ;
#3137 = ORIENTED_EDGE ( 'NONE', *, *, #5300, .T. ) ;
#3138 = ORIENTED_EDGE ( 'NONE', *, *, #2695, .T. ) ;
#3139 = DIRECTION ( 'NONE',  ( -0.000000000000000000, -1.000000000000000000, -0.000000000000000000 ) ) ;
#3140 = ORIENTED_EDGE ( 'NONE', *, *, #1118, .T. ) ;
#3141 = VERTEX_POINT ( 'NONE', #5439 ) ;
#3142 = FACE_OUTER_BOUND ( 'NONE', #3495, .T. ) ;
#3143 = VERTEX_POINT ( 'NONE', #2052 ) ;
#3144 = CARTESIAN_POINT ( 'NONE',  ( -33.33431457505076878, -18.59999999999999787, 0.4000000000000000222 ) ) ;
#3145 = CARTESIAN_POINT ( 'NONE',  ( 5.000000000000000000, 34.92074013265579424, 99.43613044182933436 ) ) ;
#3146 = DIRECTION ( 'NONE',  ( 0.000000000000000000, 0.000000000000000000, 1.000000000000000000 ) ) ;
#3147 = FACE_OUTER_BOUND ( 'NONE', #1772, .T. ) ;
#3148 = CARTESIAN_POINT ( 'NONE',  ( 31.50000000000000711, -15.99999999999999289, 129.0000000000000000 ) ) ;
#3149 = ORIENTED_EDGE ( 'NONE', *, *, #235, .F. ) ;
#3150 = EDGE_CURVE ( 'NONE', #4836, #992, #1566, .T. ) ;
#3151 = DIRECTION ( 'NONE',  ( -0.000000000000000000, 1.000000000000000000, -0.000000000000000000 ) ) ;
#3152 =( BOUNDED_CURVE ( )  B_SPLINE_CURVE ( 3, ( #2045, #3736, #3704, #4582 ),
 .UNSPECIFIED., .F., .F. ) 
 B_SPLINE_CURVE_WITH_KNOTS ( ( 4, 4 ),
 ( 3.141592653589793116, 6.283185307179586232 ),
 .UNSPECIFIED. ) 
 CURVE ( )  GEOMETRIC_REPRESENTATION_ITEM ( )  RATIONAL_B_SPLINE_CURVE ( ( 1.000000000000000000, 0.3333333333333333703, 0.3333333333333333703, 1.000000000000000000 ) ) 
 REPRESENTATION_ITEM ( '' )  );
#3153 = LINE ( 'NONE', #753, #5154 ) ;
#3154 = CARTESIAN_POINT ( 'NONE',  ( 16.00000000000000000, 19.99999999999999645, 125.0000000000000000 ) ) ;
#3155 = ORIENTED_EDGE ( 'NONE', *, *, #716, .T. ) ;
#3156 = EDGE_CURVE ( 'NONE', #94, #2003, #5109, .T. ) ;
#3157 = VERTEX_POINT ( 'NONE', #5017 ) ;
#3158 = ORIENTED_EDGE ( 'NONE', *, *, #952, .F. ) ;
#3159 = LINE ( 'NONE', #4063, #1555 ) ;
#3160 = CONICAL_SURFACE ( 'NONE', #1535, 3.250000000000002665, 0.7853981633974461696 ) ;
#3161 = DIRECTION ( 'NONE',  ( 0.000000000000000000, 1.000000000000000000, 0.000000000000000000 ) ) ;
#3162 = DIRECTION ( 'NONE',  ( 0.000000000000000000, 1.000000000000000000, 0.000000000000000000 ) ) ;
#3163 = ORIENTED_EDGE ( 'NONE', *, *, #5293, .T. ) ;
#3164 = EDGE_CURVE ( 'NONE', #1323, #5485, #315, .T. ) ;
#3165 = LINE ( 'NONE', #3641, #789 ) ;
#3166 = ORIENTED_EDGE ( 'NONE', *, *, #4639, .F. ) ;
#3167 = CARTESIAN_POINT ( 'NONE',  ( 0.000000000000000000, 33.09855759196103264, 103.5210546823210649 ) ) ;
#3168 = ORIENTED_EDGE ( 'NONE', *, *, #1748, .T. ) ;
#3169 = CARTESIAN_POINT ( 'NONE',  ( 32.50000000000000711, -9.149999999999995026, 117.1700000000000159 ) ) ;
#3170 = DIRECTION ( 'NONE',  ( -1.000000000000000000, 0.000000000000000000, 0.000000000000000000 ) ) ;
#3171 = DIRECTION ( 'NONE',  ( 1.000000000000000000, 0.000000000000000000, 0.000000000000000000 ) ) ;
#3172 = DIRECTION ( 'NONE',  ( 0.7071067811865474617, -0.7071067811865474617, 0.000000000000000000 ) ) ;
#3173 = CONICAL_SURFACE ( 'NONE', #4076, 3.250000000000002665, 0.7853981633974461696 ) ;
#3174 = DIRECTION ( 'NONE',  ( -1.415347769246190621E-16, 0.000000000000000000, 1.000000000000000000 ) ) ;
#3175 = ORIENTED_EDGE ( 'NONE', *, *, #1916, .F. ) ;
#3176 = LINE ( 'NONE', #5348, #3912 ) ;
#3177 = DIRECTION ( 'NONE',  ( 8.659560562354913137E-17, 0.7071067811865489050, -0.7071067811865460184 ) ) ;
#3178 = VECTOR ( 'NONE', #279, 1000.000000000000000 ) ;
#3179 = EDGE_LOOP ( 'NONE', ( #3077, #1513, #1511, #1049 ) ) ;
#3180 = ADVANCED_FACE ( 'NONE', ( #3800 ), #4249, .T. ) ;
#3181 = AXIS2_PLACEMENT_3D ( 'NONE', #2097, #3343, #3824 ) ;
#3182 = LINE ( 'NONE', #598, #2119 ) ;
#3183 = VERTEX_POINT ( 'NONE', #394 ) ;
#3184 = VECTOR ( 'NONE', #3918, 1000.000000000000000 ) ;
#3185 = VERTEX_POINT ( 'NONE', #2523 ) ;
#3186 = ORIENTED_EDGE ( 'NONE', *, *, #1184, .T. ) ;
#3187 = LINE ( 'NONE', #1516, #1822 ) ;
#3188 = EDGE_CURVE ( 'NONE', #3114, #2386, #1655, .T. ) ;
#3189 = ADVANCED_FACE ( 'NONE', ( #3382 ), #4679, .T. ) ;
#3190 = VECTOR ( 'NONE', #1816, 1000.000000000000114 ) ;
#3191 = AXIS2_PLACEMENT_3D ( 'NONE', #3322, #4163, #310 ) ;
#3192 = EDGE_CURVE ( 'NONE', #3133, #4534, #1688, .T. ) ;
#3193 = DIRECTION ( 'NONE',  ( 0.000000000000000000, 0.000000000000000000, -1.000000000000000000 ) ) ;
#3194 = ORIENTED_EDGE ( 'NONE', *, *, #5363, .T. ) ;
#3195 = DIRECTION ( 'NONE',  ( 0.7071067811865524577, 0.000000000000000000, -0.7071067811865426878 ) ) ;
#3196 = VERTEX_POINT ( 'NONE', #5044 ) ;
#3197 = ADVANCED_FACE ( 'NONE', ( #2438 ), #4166, .F. ) ;
#3198 = ORIENTED_EDGE ( 'NONE', *, *, #23, .T. ) ;
#3199 = CARTESIAN_POINT ( 'NONE',  ( 33.99999999999990052, -5.649999999999995026, 117.1700000000000159 ) ) ;
#3200 = AXIS2_PLACEMENT_3D ( 'NONE', #3556, #527, #3505 ) ;
#3201 = ORIENTED_EDGE ( 'NONE', *, *, #677, .F. ) ;
#3202 = DIRECTION ( 'NONE',  ( -0.000000000000000000, -0.000000000000000000, -1.000000000000000000 ) ) ;
#3203 = CARTESIAN_POINT ( 'NONE',  ( 13.00000000000000178, 3.569354036106028083, 111.0289345724851273 ) ) ;
#3204 = AXIS2_PLACEMENT_3D ( 'NONE', #4961, #1995, #3748 ) ;
#3205 = VECTOR ( 'NONE', #698, 1000.000000000000000 ) ;
#3206 = CARTESIAN_POINT ( 'NONE',  ( 34.50000000000000000, -9.149999999999995026, 111.4700000000000131 ) ) ;
#3207 = CARTESIAN_POINT ( 'NONE',  ( -8.499999999999992895, -3.699999999999993072, 123.7999999999999972 ) ) ;
#3208 = CIRCLE ( 'NONE', #781, 1.599999999999990319 ) ;
#3209 = PRODUCT_DEFINITION_CONTEXT ( 'detailed design', #199, 'design' ) ;
#3210 = AXIS2_PLACEMENT_3D ( 'NONE', #1524, #1639, #2451 ) ;
#3211 = FACE_OUTER_BOUND ( 'NONE', #317, .T. ) ;
#3212 = CARTESIAN_POINT ( 'NONE',  ( -25.50000000000000355, 19.00000000000000000, 121.7500000000000000 ) ) ;
#3213 = VECTOR ( 'NONE', #2335, 1000.000000000000000 ) ;
#3214 = VECTOR ( 'NONE', #1354, 1000.000000000000000 ) ;
#3215 = ORIENTED_EDGE ( 'NONE', *, *, #3467, .T. ) ;
#3216 = DIRECTION ( 'NONE',  ( -0.000000000000000000, -1.000000000000000000, -0.000000000000000000 ) ) ;
#3217 = VERTEX_POINT ( 'NONE', #537 ) ;
#3218 = ORIENTED_EDGE ( 'NONE', *, *, #4424, .F. ) ;
#3219 = PLANE ( 'NONE',  #5346 ) ;
#3220 = CARTESIAN_POINT ( 'NONE',  ( -12.99999999999999822, -3.699999999999993072, 100.7999999999999972 ) ) ;
#3221 = EDGE_CURVE ( 'NONE', #4343, #4390, #511, .T. ) ;
#3222 = CARTESIAN_POINT ( 'NONE',  ( 30.00000000000000000, -12.00000000000000000, 6.000000000000000000 ) ) ;
#3223 = ORIENTED_EDGE ( 'NONE', *, *, #1272, .T. ) ;
#3224 = CARTESIAN_POINT ( 'NONE',  ( 5.000000000000000000, 31.68434402958784091, 107.0565885882538169 ) ) ;
#3225 = ORIENTED_EDGE ( 'NONE', *, *, #28, .F. ) ;
#3226 = EDGE_CURVE ( 'NONE', #2177, #4329, #1736, .T. ) ;
#3227 = ORIENTED_EDGE ( 'NONE', *, *, #3857, .F. ) ;
#3228 = CARTESIAN_POINT ( 'NONE',  ( 9.000000000000001776, 28.64378487048572097, 104.0160294291517005 ) ) ;
#3229 = EDGE_LOOP ( 'NONE', ( #1634, #1025, #2698, #3201 ) ) ;
#3230 = DIRECTION ( 'NONE',  ( -0.000000000000000000, -1.000000000000000000, -0.000000000000000000 ) ) ;
#3231 = CARTESIAN_POINT ( 'NONE',  ( 28.69999999999999929, -12.00000000000000000, 0.4999999999999744094 ) ) ;
#3232 = ADVANCED_FACE ( 'NONE', ( #31 ), #2291, .F. ) ;
#3233 = CARTESIAN_POINT ( 'NONE',  ( 5.000000000000000000, 33.23997894819829924, 102.9553692573718564 ) ) ;
#3234 = DIRECTION ( 'NONE',  ( 0.000000000000000000, 0.2588190451025325634, 0.9659258262890652036 ) ) ;
#3235 = ADVANCED_FACE ( 'NONE', ( #3466 ), #2189, .F. ) ;
#3236 = CARTESIAN_POINT ( 'NONE',  ( -25.50000000000000355, 19.00000000000000000, 125.0000000000000000 ) ) ;
#3237 = CARTESIAN_POINT ( 'NONE',  ( -13.00000000000000178, 24.10000000000006892, 124.9607695154585372 ) ) ;
#3238 = PRODUCT ( 'housing', 'housing', '', ( #1607 ) ) ;
#3239 = ORIENTED_EDGE ( 'NONE', *, *, #3959, .F. ) ;
#3240 = ORIENTED_EDGE ( 'NONE', *, *, #2869, .F. ) ;
#3241 = DIRECTION ( 'NONE',  ( 0.000000000000000000, 0.000000000000000000, -1.000000000000000000 ) ) ;
#3242 = VERTEX_POINT ( 'NONE', #4359 ) ;
#3243 = ORIENTED_EDGE ( 'NONE', *, *, #5473, .T. ) ;
#3244 = FACE_OUTER_BOUND ( 'NONE', #3075, .T. ) ;
#3245 = DIRECTION ( 'NONE',  ( -0.7071067811865474617, 0.000000000000000000, 0.7071067811865474617 ) ) ;
#3246 = DIRECTION ( 'NONE',  ( -0.000000000000000000, -1.000000000000000000, -0.000000000000000000 ) ) ;
#3247 = ORIENTED_EDGE ( 'NONE', *, *, #4303, .F. ) ;
#3248 =( NAMED_UNIT ( * ) SI_UNIT ( $, .STERADIAN. ) SOLID_ANGLE_UNIT ( ) );
#3249 = ORIENTED_EDGE ( 'NONE', *, *, #3702, .F. ) ;
#3250 = CARTESIAN_POINT ( 'NONE',  ( 13.00000000000000178, 24.10000000000003340, 124.9607695154585940 ) ) ;
#3251 = ORIENTED_EDGE ( 'NONE', *, *, #4403, .F. ) ;
#3252 = AXIS2_PLACEMENT_3D ( 'NONE', #1719, #1297, #1347 ) ;
#3253 = CARTESIAN_POINT ( 'NONE',  ( 26.50000000000000355, -15.99999999999999289, 6.000000000000000000 ) ) ;
#3254 = CARTESIAN_POINT ( 'NONE',  ( -11.99999999999997868, -15.99999999999999289, 129.0000000000000000 ) ) ;
#3255 = DIRECTION ( 'NONE',  ( -1.945377231826550998E-16, -1.000000000000000000, 0.000000000000000000 ) ) ;
#3256 = DIRECTION ( 'NONE',  ( 1.000000000000000000, 0.000000000000000000, 0.000000000000000000 ) ) ;
#3257 = ADVANCED_FACE ( 'NONE', ( #2221 ), #56, .F. ) ;
#3258 = FACE_BOUND ( 'NONE', #4118, .T. ) ;
#3259 = EDGE_CURVE ( 'NONE', #4390, #1747, #1310, .T. ) ;
#3260 = DIRECTION ( 'NONE',  ( 0.000000000000000000, 1.521687259628782945E-16, 1.000000000000000000 ) ) ;
#3261 = LINE ( 'NONE', #4979, #3178 ) ;
#3262 = CARTESIAN_POINT ( 'NONE',  ( -25.50000000000000355, -19.00000000000000711, 125.0000000000000000 ) ) ;
#3263 = ADVANCED_FACE ( 'NONE', ( #1793 ), #5190, .F. ) ;
#3264 = EDGE_LOOP ( 'NONE', ( #5085, #5366, #1518, #779 ) ) ;
#3265 = CARTESIAN_POINT ( 'NONE',  ( -25.50000000000000355, -19.00000000000000711, 121.7500000000000000 ) ) ;
#3266 = FACE_OUTER_BOUND ( 'NONE', #472, .T. ) ;
#3267 = ORIENTED_EDGE ( 'NONE', *, *, #1951, .F. ) ;
#3268 = LINE ( 'NONE', #4992, #3548 ) ;
#3269 = CIRCLE ( 'NONE', #1547, 3.250000000000002665 ) ;
#3270 = CARTESIAN_POINT ( 'NONE',  ( -2.500000000000000000, 28.64378487048572097, 104.0160294291517005 ) ) ;
#3271 = AXIS2_PLACEMENT_3D ( 'NONE', #1643, #4640, #2946 ) ;
#3272 = DIRECTION ( 'NONE',  ( 0.000000000000000000, 0.000000000000000000, -1.000000000000000000 ) ) ;
#3273 = ORIENTED_EDGE ( 'NONE', *, *, #3306, .T. ) ;
#3274 = ORIENTED_EDGE ( 'NONE', *, *, #920, .T. ) ;
#3275 = CONICAL_SURFACE ( 'NONE', #4815, 0.9999999999999988898, 0.7853981633974322918 ) ;
#3276 = ORIENTED_EDGE ( 'NONE', *, *, #1427, .F. ) ;
#3277 = CARTESIAN_POINT ( 'NONE',  ( -10.40000000000000568, 15.99999999999999822, 119.7068820658331703 ) ) ;
#3278 = LINE ( 'NONE', #4239, #5197 ) ;
#3279 = CARTESIAN_POINT ( 'NONE',  ( 15.60000000000000142, 34.55513223592376448, 106.0519492829871524 ) ) ;
#3280 = AXIS2_PLACEMENT_3D ( 'NONE', #1731, #5576, #1362 ) ;
#3281 = AXIS2_PLACEMENT_3D ( 'NONE', #541, #4480, #3997 ) ;
#3282 = DIRECTION ( 'NONE',  ( -0.000000000000000000, 0.000000000000000000, 1.000000000000000000 ) ) ;
#3283 = ORIENTED_EDGE ( 'NONE', *, *, #1645, .T. ) ;
#3284 = FILL_AREA_STYLE ('',( #1556 ) ) ;
#3285 = PRODUCT_DEFINITION_SHAPE ( 'NONE', 'NONE',  #3403 ) ;
#3286 = EDGE_CURVE ( 'NONE', #5206, #3686, #5241, .T. ) ;
#3287 = VECTOR ( 'NONE', #4704, 1000.000000000000114 ) ;
#3288 = LINE ( 'NONE', #4221, #1658 ) ;
#3289 = CARTESIAN_POINT ( 'NONE',  ( -15.00000000000000000, 18.99999999999999645, 126.0000000000000000 ) ) ;
#3290 = CONICAL_SURFACE ( 'NONE', #1572, 1.299999999999998046, 0.7853981633974479459 ) ;
#3291 = VECTOR ( 'NONE', #3408, 1000.000000000000000 ) ;
#3292 = DIRECTION ( 'NONE',  ( -0.000000000000000000, -1.000000000000000000, -0.000000000000000000 ) ) ;
#3293 = ADVANCED_FACE ( 'NONE', ( #3010 ), #4105, .F. ) ;
#3294 = EDGE_CURVE ( 'NONE', #3421, #2177, #3090, .T. ) ;
#3295 = CARTESIAN_POINT ( 'NONE',  ( -17.00000000000000000, 18.99999999999999645, 91.12960387154670627 ) ) ;
#3296 = ADVANCED_FACE ( 'NONE', ( #3044 ), #3865, .F. ) ;
#3297 = EDGE_LOOP ( 'NONE', ( #71, #2765, #3855, #2356 ) ) ;
#3298 = AXIS2_PLACEMENT_3D ( 'NONE', #948, #3415, #4654 ) ;
#3299 = AXIS2_PLACEMENT_3D ( 'NONE', #3084, #2624, #2159 ) ;
#3300 = ORIENTED_EDGE ( 'NONE', *, *, #5192, .T. ) ;
#3301 = DIRECTION ( 'NONE',  ( 0.000000000000000000, 0.000000000000000000, -1.000000000000000000 ) ) ;
#3302 = CARTESIAN_POINT ( 'NONE',  ( 29.20000000000000639, 91.11955937175993370, 98.79999999999998295 ) ) ;
#3303 = ORIENTED_EDGE ( 'NONE', *, *, #299, .F. ) ;
#3304 = ORIENTED_EDGE ( 'NONE', *, *, #1957, .F. ) ;
#3305 = DIRECTION ( 'NONE',  ( 0.000000000000000000, -0.7071067811865476838, 0.7071067811865474617 ) ) ;
#3306 = EDGE_CURVE ( 'NONE', #3871, #1309, #3440, .T. ) ;
#3307 = CARTESIAN_POINT ( 'NONE',  ( -12.99999999999999822, -3.699999999999993072, 108.8000000000000114 ) ) ;
#3308 = AXIS2_PLACEMENT_3D ( 'NONE', #1336, #1308, #3876 ) ;
#3309 = DIRECTION ( 'NONE',  ( -1.000000000000000000, -0.000000000000000000, -0.000000000000000000 ) ) ;
#3310 = ORIENTED_EDGE ( 'NONE', *, *, #2226, .T. ) ;
#3311 = CARTESIAN_POINT ( 'NONE',  ( -25.50000000000000355, 17.34999999999998366, 126.5999999999999943 ) ) ;
#3312 = EDGE_LOOP ( 'NONE', ( #2670, #2449, #2420, #1256 ) ) ;
#3313 = ORIENTED_EDGE ( 'NONE', *, *, #2164, .F. ) ;
#3314 = CARTESIAN_POINT ( 'NONE',  ( -25.50000000000000355, 19.00000000000000000, 128.2500000000000000 ) ) ;
#3315 = LINE ( 'NONE', #357, #5372 ) ;
#3316 = DIRECTION ( 'NONE',  ( 1.000000000000000000, 0.000000000000000000, 0.000000000000000000 ) ) ;
#3317 = FACE_BOUND ( 'NONE', #1001, .T. ) ;
#3318 = ORIENTED_EDGE ( 'NONE', *, *, #3526, .T. ) ;
#3319 = CARTESIAN_POINT ( 'NONE',  ( 25.50000000000000355, 15.99999999999999645, 125.0000000000000000 ) ) ;
#3320 = DIRECTION ( 'NONE',  ( 0.000000000000000000, 0.000000000000000000, -1.000000000000000000 ) ) ;
#3321 = CARTESIAN_POINT ( 'NONE',  ( 5.000000000000000000, 30.41155182345208274, 105.7837963821180551 ) ) ;
#3322 = CARTESIAN_POINT ( 'NONE',  ( 25.50000000000000355, 35.49999999999985789, 125.0000000000000000 ) ) ;
#3323 = LINE ( 'NONE', #2858, #2882 ) ;
#3324 = EDGE_LOOP ( 'NONE', ( #5453, #4746 ) ) ;
#3325 = DIRECTION ( 'NONE',  ( 0.000000000000000000, 0.000000000000000000, -1.000000000000000000 ) ) ;
#3326 = CARTESIAN_POINT ( 'NONE',  ( 0.000000000000000000, 33.80566437314752193, 103.5210546823210649 ) ) ;
#3327 = ORIENTED_EDGE ( 'NONE', *, *, #4677, .T. ) ;
#3328 = ORIENTED_EDGE ( 'NONE', *, *, #4709, .T. ) ;
#3329 = DIRECTION ( 'NONE',  ( 0.000000000000000000, 0.000000000000000000, 1.000000000000000000 ) ) ;
#3330 = CARTESIAN_POINT ( 'NONE',  ( 34.50000000000000000, -17.99999999999998934, 129.0000000000000000 ) ) ;
#3331 = EDGE_CURVE ( 'NONE', #3904, #1906, #1672, .T. ) ;
#3332 = CYLINDRICAL_SURFACE ( 'NONE', #5564, 3.500000000000003109 ) ;
#3333 = ORIENTED_EDGE ( 'NONE', *, *, #1748, .F. ) ;
#3334 = FACE_OUTER_BOUND ( 'NONE', #4752, .T. ) ;
#3335 = VERTEX_POINT ( 'NONE', #1289 ) ;
#3336 = EDGE_LOOP ( 'NONE', ( #5249, #2106, #20, #839 ) ) ;
#3337 = EDGE_CURVE ( 'NONE', #1350, #1625, #2244, .T. ) ;
#3338 = ORIENTED_EDGE ( 'NONE', *, *, #4772, .F. ) ;
#3339 = LINE ( 'NONE', #1551, #2841 ) ;
#3340 = DIRECTION ( 'NONE',  ( -1.000000000000000000, 0.000000000000000000, 0.000000000000000000 ) ) ;
#3341 = CARTESIAN_POINT ( 'NONE',  ( 30.00000000000000000, -12.00000000000000000, 0.000000000000000000 ) ) ;
#3342 = ORIENTED_EDGE ( 'NONE', *, *, #3985, .T. ) ;
#3343 = DIRECTION ( 'NONE',  ( 0.000000000000000000, 1.000000000000000000, 0.000000000000000000 ) ) ;
#3344 = ORIENTED_EDGE ( 'NONE', *, *, #365, .F. ) ;
#3345 = AXIS2_PLACEMENT_3D ( 'NONE', #3262, #1120, #817 ) ;
#3346 = FACE_OUTER_BOUND ( 'NONE', #2586, .T. ) ;
#3347 = DIRECTION ( 'NONE',  ( 0.000000000000000000, 0.7071067811865475727, -0.7071067811865475727 ) ) ;
#3348 = CARTESIAN_POINT ( 'NONE',  ( -16.00000000000000355, 23.03811978464823440, 126.0000000000000000 ) ) ;
#3349 = DIRECTION ( 'NONE',  ( 0.000000000000000000, -0.4999999999999999445, 0.8660254037844387076 ) ) ;
#3350 = ORIENTED_EDGE ( 'NONE', *, *, #5537, .T. ) ;
#3351 = DIRECTION ( 'NONE',  ( 1.000000000000000000, 0.000000000000000000, 0.000000000000000000 ) ) ;
#3352 = DIRECTION ( 'NONE',  ( -7.243104283828005836E-17, -0.000000000000000000, 1.000000000000000000 ) ) ;
#3353 = ORIENTED_EDGE ( 'NONE', *, *, #3331, .T. ) ;
#3354 = VERTEX_POINT ( 'NONE', #3970 ) ;
#3355 = LINE ( 'NONE', #1945, #2105 ) ;
#3356 = DIRECTION ( 'NONE',  ( 0.000000000000000000, 0.000000000000000000, -1.000000000000000000 ) ) ;
#3357 = VECTOR ( 'NONE', #4154, 1000.000000000000114 ) ;
#3358 = EDGE_CURVE ( 'NONE', #3715, #94, #984, .T. ) ;
#3359 = CARTESIAN_POINT ( 'NONE',  ( 9.000000000000001776, 25.23205080756887497, 123.0000000000000000 ) ) ;
#3360 = EDGE_LOOP ( 'NONE', ( #4442, #4718, #932, #3660 ) ) ;
#3361 =( LENGTH_UNIT ( ) NAMED_UNIT ( * ) SI_UNIT ( .MILLI., .METRE. ) );
#3362 = ORIENTED_EDGE ( 'NONE', *, *, #1123, .F. ) ;
#3363 = EDGE_CURVE ( 'NONE', #266, #2362, #110, .T. ) ;
#3364 = EDGE_CURVE ( 'NONE', #737, #5510, #1396, .T. ) ;
#3365 = EDGE_CURVE ( 'NONE', #2607, #3050, #2383, .T. ) ;
#3366 = VERTEX_POINT ( 'NONE', #1900 ) ;
#3367 = DIRECTION ( 'NONE',  ( 0.000000000000000000, 0.000000000000000000, 1.000000000000000000 ) ) ;
#3368 = ORIENTED_EDGE ( 'NONE', *, *, #5328, .F. ) ;
#3369 = CARTESIAN_POINT ( 'NONE',  ( -12.99999999999999822, -3.699999999999993072, 107.8000000000000114 ) ) ;
#3370 = CARTESIAN_POINT ( 'NONE',  ( 34.50000000000000000, -17.99999999999998934, 129.0000000000000000 ) ) ;
#3371 = DIRECTION ( 'NONE',  ( -0.000000000000000000, 0.000000000000000000, 1.000000000000000000 ) ) ;
#3372 = ORIENTED_EDGE ( 'NONE', *, *, #1227, .F. ) ;
#3373 = CIRCLE ( 'NONE', #4809, 0.7000000000000061728 ) ;
#3374 = DIRECTION ( 'NONE',  ( 0.000000000000000000, 1.000000000000000000, -0.000000000000000000 ) ) ;
#3375 = EDGE_CURVE ( 'NONE', #1292, #3522, #4028, .T. ) ;
#3376 = CARTESIAN_POINT ( 'NONE',  ( -2.500000000000001332, 33.23997894819829213, 108.6122235068642539 ) ) ;
#3377 = VECTOR ( 'NONE', #5495, 1000.000000000000000 ) ;
#3378 = FACE_BOUND ( 'NONE', #5370, .T. ) ;
#3379 = CYLINDRICAL_SURFACE ( 'NONE', #4257, 1.649999999999998579 ) ;
#3380 = CARTESIAN_POINT ( 'NONE',  ( 26.25000000000024158, 26.24999999999988276, 129.0000000000000000 ) ) ;
#3381 = VECTOR ( 'NONE', #105, 1000.000000000000000 ) ;
#3382 = FACE_OUTER_BOUND ( 'NONE', #5416, .T. ) ;
#3383 = AXIS2_PLACEMENT_3D ( 'NONE', #4428, #4457, #4401 ) ;
#3384 = VECTOR ( 'NONE', #938, 1000.000000000000000 ) ;
#3385 = DIRECTION ( 'NONE',  ( -0.7071067811865475727, 0.000000000000000000, -0.7071067811865475727 ) ) ;
#3386 = EDGE_LOOP ( 'NONE', ( #4754, #1181, #2931, #783 ) ) ;
#3387 = CARTESIAN_POINT ( 'NONE',  ( -5.000000000000000000, 36.75921776374081418, 101.2746080729143614 ) ) ;
#3388 = CARTESIAN_POINT ( 'NONE',  ( 31.29999999999999361, -12.00000000000000000, 6.000000000000000000 ) ) ;
#3389 = VECTOR ( 'NONE', #1431, 1000.000000000000000 ) ;
#3390 = VECTOR ( 'NONE', #4524, 1000.000000000000000 ) ;
#3391 = LINE ( 'NONE', #3474, #1484 ) ;
#3392 = ORIENTED_EDGE ( 'NONE', *, *, #1950, .F. ) ;
#3393 = AXIS2_PLACEMENT_3D ( 'NONE', #3700, #1553, #2154 ) ;
#3394 = VECTOR ( 'NONE', #4577, 1000.000000000000000 ) ;
#3395 = VERTEX_POINT ( 'NONE', #1423 ) ;
#3396 = EDGE_CURVE ( 'NONE', #3575, #5352, #5347, .T. ) ;
#3397 = CIRCLE ( 'NONE', #1236, 3.500000000000003109 ) ;
#3398 = CIRCLE ( 'NONE', #969, 1.599999999999990319 ) ;
#3399 = ORIENTED_EDGE ( 'NONE', *, *, #2695, .F. ) ;
#3400 = CARTESIAN_POINT ( 'NONE',  ( 15.00000000000000000, 23.49999999999999645, 126.0000000000000000 ) ) ;
#3401 = DIRECTION ( 'NONE',  ( 0.000000000000000000, 0.000000000000000000, 1.000000000000000000 ) ) ;
#3402 = EDGE_LOOP ( 'NONE', ( #4749, #4689, #4310, #4180 ) ) ;
#3403 = PRODUCT_DEFINITION ( 'UNKNOWN', '', #1581, #3209 ) ;
#3404 = DIRECTION ( 'NONE',  ( 0.000000000000000000, -0.4999999999999830691, 0.8660254037844483666 ) ) ;
#3405 = ORIENTED_EDGE ( 'NONE', *, *, #5294, .F. ) ;
#3406 = LINE ( 'NONE', #867, #3002 ) ;
#3407 = LINE ( 'NONE', #5155, #4907 ) ;
#3408 = DIRECTION ( 'NONE',  ( -0.000000000000000000, 1.000000000000000000, -0.000000000000000000 ) ) ;
#3409 = EDGE_CURVE ( 'NONE', #96, #2925, #3564, .T. ) ;
#3410 = CARTESIAN_POINT ( 'NONE',  ( 5.000000000000000000, 29.84586639850282452, 104.5110041759823076 ) ) ;
#3411 = DIRECTION ( 'NONE',  ( 0.000000000000000000, 0.000000000000000000, 1.000000000000000000 ) ) ;
#3412 = DIRECTION ( 'NONE',  ( -1.000000000000000000, 0.000000000000000000, -0.000000000000000000 ) ) ;
#3413 = CARTESIAN_POINT ( 'NONE',  ( -12.99999999999999467, -3.699999999999993072, 120.0000000000000000 ) ) ;
#3414 = EDGE_CURVE ( 'NONE', #2510, #2725, #144, .T. ) ;
#3415 = DIRECTION ( 'NONE',  ( -0.000000000000000000, 0.000000000000000000, 1.000000000000000000 ) ) ;
#3416 = ORIENTED_EDGE ( 'NONE', *, *, #844, .T. ) ;
#3417 = ORIENTED_EDGE ( 'NONE', *, *, #1988, .F. ) ;
#3418 = CARTESIAN_POINT ( 'NONE',  ( 34.50000000000000000, 18.00000000000001066, 129.0000000000000000 ) ) ;
#3419 = LINE ( 'NONE', #66, #3520 ) ;
#3420 = CARTESIAN_POINT ( 'NONE',  ( 16.99862075525229699, -9.149999999999995026, 107.9700000000000131 ) ) ;
#3421 = VERTEX_POINT ( 'NONE', #4441 ) ;
#3422 = ORIENTED_EDGE ( 'NONE', *, *, #2114, .T. ) ;
#3423 = ORIENTED_EDGE ( 'NONE', *, *, #2044, .F. ) ;
#3424 = CARTESIAN_POINT ( 'NONE',  ( 13.00000000000000178, 24.56698729810783988, 123.1519237886467266 ) ) ;
#3425 = FACE_OUTER_BOUND ( 'NONE', #5286, .T. ) ;
#3426 = VERTEX_POINT ( 'NONE', #191 ) ;
#3427 = FACE_BOUND ( 'NONE', #4143, .T. ) ;
#3428 = ORIENTED_EDGE ( 'NONE', *, *, #1459, .T. ) ;
#3429 = FACE_BOUND ( 'NONE', #2640, .T. ) ;
#3430 = VERTEX_POINT ( 'NONE', #4500 ) ;
#3431 = DIRECTION ( 'NONE',  ( 0.000000000000000000, -0.7071067811865475727, 0.7071067811865475727 ) ) ;
#3432 = LINE ( 'NONE', #2181, #1855 ) ;
#3433 = DIRECTION ( 'NONE',  ( -0.7071067811865475727, -0.000000000000000000, -0.7071067811865475727 ) ) ;
#3434 = AXIS2_PLACEMENT_3D ( 'NONE', #3681, #1206, #4197 ) ;
#3435 = EDGE_CURVE ( 'NONE', #2925, #5205, #1478, .T. ) ;
#3436 = ADVANCED_FACE ( 'NONE', ( #2796 ), #5404, .F. ) ;
#3437 = EDGE_CURVE ( 'NONE', #5243, #4773, #5553, .T. ) ;
#3438 = CYLINDRICAL_SURFACE ( 'NONE', #4269, 1.299999999999992717 ) ;
#3439 = ORIENTED_EDGE ( 'NONE', *, *, #3805, .T. ) ;
#3440 = LINE ( 'NONE', #2140, #3843 ) ;
#3441 = DIRECTION ( 'NONE',  ( 0.000000000000000000, -0.4999999999999957256, 0.8660254037844411501 ) ) ;
#3442 = ORIENTED_EDGE ( 'NONE', *, *, #3396, .F. ) ;
#3443 = DIRECTION ( 'NONE',  ( 0.000000000000000000, 0.4999999999999954481, -0.8660254037844413721 ) ) ;
#3444 = FACE_OUTER_BOUND ( 'NONE', #5302, .T. ) ;
#3445 = EDGE_CURVE ( 'NONE', #2843, #1242, #670, .T. ) ;
#3446 = LINE ( 'NONE', #2116, #3124 ) ;
#3447 = EDGE_LOOP ( 'NONE', ( #4604, #5234, #5223, #4777 ) ) ;
#3448 = ORIENTED_EDGE ( 'NONE', *, *, #373, .T. ) ;
#3449 = ORIENTED_EDGE ( 'NONE', *, *, #826, .F. ) ;
#3450 = ORIENTED_EDGE ( 'NONE', *, *, #2799, .T. ) ;
#3451 = DIRECTION ( 'NONE',  ( 0.000000000000000000, 0.8660254037844409281, 0.4999999999999961697 ) ) ;
#3452 = CYLINDRICAL_SURFACE ( 'NONE', #2752, 1.299999999999999156 ) ;
#3453 = EDGE_LOOP ( 'NONE', ( #4469, #4058, #1432, #2597 ) ) ;
#3454 = DIRECTION ( 'NONE',  ( 0.000000000000000000, 0.000000000000000000, 1.000000000000000000 ) ) ;
#3455 = EDGE_LOOP ( 'NONE', ( #4853, #4260, #2939, #2507 ) ) ;
#3456 = ORIENTED_EDGE ( 'NONE', *, *, #4045, .T. ) ;
#3457 = AXIS2_PLACEMENT_3D ( 'NONE', #791, #4223, #3041 ) ;
#3458 = DIRECTION ( 'NONE',  ( -0.000000000000000000, 0.8660254037844419273, 0.4999999999999942268 ) ) ;
#3459 =( GEOMETRIC_REPRESENTATION_CONTEXT ( 3 ) GLOBAL_UNCERTAINTY_ASSIGNED_CONTEXT ( ( #2407 ) ) GLOBAL_UNIT_ASSIGNED_CONTEXT ( ( #1897, #3650, #1963 ) ) REPRESENTATION_CONTEXT ( 'NONE', 'WORKASPACE' ) );
#3460 = DIRECTION ( 'NONE',  ( 1.000000000000000000, 0.000000000000000000, -0.000000000000000000 ) ) ;
#3461 = VECTOR ( 'NONE', #2893, 1000.000000000000000 ) ;
#3462 = LINE ( 'NONE', #2, #35 ) ;
#3463 = EDGE_CURVE ( 'NONE', #4092, #2801, #2745, .T. ) ;
#3464 = AXIS2_PLACEMENT_3D ( 'NONE', #3489, #2577, #1260 ) ;
#3465 = CARTESIAN_POINT ( 'NONE',  ( 15.60000000000000142, 23.80550504633035658, 124.6708497377870373 ) ) ;
#3466 = FACE_OUTER_BOUND ( 'NONE', #1017, .T. ) ;
#3467 = EDGE_CURVE ( 'NONE', #531, #822, #620, .T. ) ;
#3468 = ORIENTED_EDGE ( 'NONE', *, *, #2742, .F. ) ;
#3469 = ADVANCED_FACE ( 'NONE', ( #2267 ), #1071, .T. ) ;
#3470 = CARTESIAN_POINT ( 'NONE',  ( -34.50000000000000000, 18.99999999999999645, 88.30117674680055018 ) ) ;
#3471 = EDGE_CURVE ( 'NONE', #2224, #2581, #1398, .T. ) ;
#3472 = CARTESIAN_POINT ( 'NONE',  ( -31.80000000000002203, -12.00000000000000000, 0.000000000000000000 ) ) ;
#3473 = CIRCLE ( 'NONE', #4366, 1.200000000000034373 ) ;
#3474 = CARTESIAN_POINT ( 'NONE',  ( -31.49999999999999289, 15.99999999999999645, 129.0000000000000000 ) ) ;
#3475 = ORIENTED_EDGE ( 'NONE', *, *, #610, .F. ) ;
#3476 = EDGE_CURVE ( 'NONE', #4513, #4450, #687, .T. ) ;
#3477 = VERTEX_POINT ( 'NONE', #5382 ) ;
#3478 = ORIENTED_EDGE ( 'NONE', *, *, #4849, .F. ) ;
#3479 = VECTOR ( 'NONE', #5296, 1000.000000000000000 ) ;
#3480 = VERTEX_POINT ( 'NONE', #1507 ) ;
#3482 = LINE ( 'NONE', #2539, #5361 ) ;
#3481 = AXIS2_PLACEMENT_3D ( 'NONE', #743, #3282, #696 ) ;
#3483 = CARTESIAN_POINT ( 'NONE',  ( -13.00000000000000178, 15.99999999999999645, 116.7046606660471184 ) ) ;
#3484 = ORIENTED_EDGE ( 'NONE', *, *, #309, .T. ) ;
#3485 = CARTESIAN_POINT ( 'NONE',  ( 31.50000000000000711, -10.79999999999999538, 117.1700000000000017 ) ) ;
#3486 = EDGE_LOOP ( 'NONE', ( #4101, #758, #1794, #2572 ) ) ;
#3487 = VECTOR ( 'NONE', #2996, 1000.000000000000000 ) ;
#3488 = VECTOR ( 'NONE', #4833, 1000.000000000000114 ) ;
#3489 = CARTESIAN_POINT ( 'NONE',  ( -34.50000000000000000, 18.99999999999999645, 129.0000000000000000 ) ) ;
#3490 = LINE ( 'NONE', #3942, #2301 ) ;
#3491 = LINE ( 'NONE', #587, #1199 ) ;
#3492 = DIRECTION ( 'NONE',  ( 0.7071067811865539010, 0.7071067811865411334, 0.000000000000000000 ) ) ;
#3493 = ORIENTED_EDGE ( 'NONE', *, *, #5158, .T. ) ;
#3494 = DIRECTION ( 'NONE',  ( 0.000000000000000000, 0.4999999999999830691, -0.8660254037844483666 ) ) ;
#3495 = EDGE_LOOP ( 'NONE', ( #5141, #5356, #3468, #354 ) ) ;
#3496 = CARTESIAN_POINT ( 'NONE',  ( -12.99999999999999467, -3.699999999999993072, 128.0000000000000000 ) ) ;
#3497 = EDGE_CURVE ( 'NONE', #198, #4266, #138, .T. ) ;
#3498 = DIRECTION ( 'NONE',  ( -1.000000000000000000, 0.000000000000000000, 0.000000000000000000 ) ) ;
#3499 = DIRECTION ( 'NONE',  ( 0.7071067811865574537, -0.000000000000000000, 0.7071067811865376918 ) ) ;
#3500 = ORIENTED_EDGE ( 'NONE', *, *, #675, .T. ) ;
#3501 = ORIENTED_EDGE ( 'NONE', *, *, #2767, .F. ) ;
#3502 = ORIENTED_EDGE ( 'NONE', *, *, #4354, .T. ) ;
#3503 = ADVANCED_FACE ( 'NONE', ( #254 ), #1965, .F. ) ;
#3504 = ORIENTED_EDGE ( 'NONE', *, *, #3294, .T. ) ;
#3505 = DIRECTION ( 'NONE',  ( 0.000000000000000000, -0.7071067811865474617, -0.7071067811865474617 ) ) ;
#3506 = LINE ( 'NONE', #2127, #3214 ) ;
#3507 = ORIENTED_EDGE ( 'NONE', *, *, #3856, .F. ) ;
#3508 = CARTESIAN_POINT ( 'NONE',  ( -9.000000000000001776, 25.23205080756884655, 123.0000000000000000 ) ) ;
#3509 = ORIENTED_EDGE ( 'NONE', *, *, #2498, .F. ) ;
#3510 = ADVANCED_FACE ( 'NONE', ( #3574 ), #1009, .F. ) ;
#3511 = CARTESIAN_POINT ( 'NONE',  ( -25.50000000000000355, 19.00000000000000000, 121.7500000000000000 ) ) ;
#3512 = DIRECTION ( 'NONE',  ( -0.000000000000000000, -1.000000000000000000, 0.000000000000000000 ) ) ;
#3513 = CARTESIAN_POINT ( 'NONE',  ( 13.00000000000000178, 15.99999999999999645, 98.92227237500669901 ) ) ;
#3514 = DIRECTION ( 'NONE',  ( -0.7071067811865475727, 0.000000000000000000, 0.7071067811865475727 ) ) ;
#3515 = DIRECTION ( 'NONE',  ( -0.000000000000000000, -1.000000000000000000, -0.000000000000000000 ) ) ;
#3516 = EDGE_LOOP ( 'NONE', ( #4129, #1780 ) ) ;
#3517 = ORIENTED_EDGE ( 'NONE', *, *, #2688, .F. ) ;
#3518 = CARTESIAN_POINT ( 'NONE',  ( -14.83023902200767807, 34.95358983848606726, 105.3618004706871289 ) ) ;
#3519 = CARTESIAN_POINT ( 'NONE',  ( 16.00000000000000000, 18.99999999999999645, 88.30117674680055018 ) ) ;
#3520 = VECTOR ( 'NONE', #3869, 1000.000000000000000 ) ;
#3521 = DIRECTION ( 'NONE',  ( 0.000000000000000000, -1.000000000000000000, 0.000000000000000000 ) ) ;
#3522 = VERTEX_POINT ( 'NONE', #2916 ) ;
#3523 = ORIENTED_EDGE ( 'NONE', *, *, #1916, .T. ) ;
#3524 = ORIENTED_EDGE ( 'NONE', *, *, #3599, .F. ) ;
#3525 = DIRECTION ( 'NONE',  ( -0.000000000000000000, -1.000000000000000000, -0.000000000000000000 ) ) ;
#3526 = EDGE_CURVE ( 'NONE', #4156, #3596, #787, .T. ) ;
#3527 = DIRECTION ( 'NONE',  ( 0.000000000000000000, 0.000000000000000000, -1.000000000000000000 ) ) ;
#3528 = CARTESIAN_POINT ( 'NONE',  ( 13.00000000000000178, 15.99999999999999645, 98.92227237500669901 ) ) ;
#3529 = ORIENTED_EDGE ( 'NONE', *, *, #2576, .F. ) ;
#3530 = DIRECTION ( 'NONE',  ( 0.000000000000000000, 0.000000000000000000, -1.000000000000000000 ) ) ;
#3531 = EDGE_LOOP ( 'NONE', ( #2447, #1745, #2887, #2880, #3761, #3529, #2023, #1984 ) ) ;
#3532 = EDGE_CURVE ( 'NONE', #4863, #3632, #4192, .T. ) ;
#3533 = EDGE_CURVE ( 'NONE', #5283, #4968, #2518, .T. ) ;
#3534 = ADVANCED_FACE ( 'NONE', ( #3737 ), #2567, .F. ) ;
#3535 = DIRECTION ( 'NONE',  ( -0.7071067811865474617, 0.7071067811865474617, 0.000000000000000000 ) ) ;
#3536 = DIRECTION ( 'NONE',  ( 0.000000000000000000, 0.000000000000000000, 1.000000000000000000 ) ) ;
#3537 = CYLINDRICAL_SURFACE ( 'NONE', #3028, 1.300000000000002487 ) ;
#3538 = AXIS2_PLACEMENT_3D ( 'NONE', #2952, #2519, #3004 ) ;
#3539 = EDGE_CURVE ( 'NONE', #5224, #5111, #1851, .T. ) ;
#3540 = CARTESIAN_POINT ( 'NONE',  ( -15.00000000000000000, 18.99999999999999645, 127.0000000000000000 ) ) ;
#3541 = CIRCLE ( 'NONE', #1465, 1.499999999999960476 ) ;
#3542 = DIRECTION ( 'NONE',  ( 0.000000000000000000, 0.000000000000000000, 1.000000000000000000 ) ) ;
#3543 = DIRECTION ( 'NONE',  ( 0.000000000000000000, 0.000000000000000000, 1.000000000000000000 ) ) ;
#3544 = ORIENTED_EDGE ( 'NONE', *, *, #5208, .F. ) ;
#3545 = DIRECTION ( 'NONE',  ( -0.000000000000000000, -0.8660254037844420383, -0.4999999999999941713 ) ) ;
#3546 = DIRECTION ( 'NONE',  ( -0.7192545966764057885, 0.3473732953034279758, -0.6016681966581733931 ) ) ;
#3547 = AXIS2_PLACEMENT_3D ( 'NONE', #3206, #4898, #4930 ) ;
#3548 = VECTOR ( 'NONE', #231, 1000.000000000000000 ) ;
#3549 = CIRCLE ( 'NONE', #136, 1.799999999999912337 ) ;
#3550 = FACE_OUTER_BOUND ( 'NONE', #4726, .T. ) ;
#3551 = EDGE_LOOP ( 'NONE', ( #2316, #301, #2062, #5202 ) ) ;
#3552 = EDGE_LOOP ( 'NONE', ( #4719, #2302, #3333, #2697 ) ) ;
#3553 = ORIENTED_EDGE ( 'NONE', *, *, #4051, .F. ) ;
#3554 = PLANE ( 'NONE',  #1207 ) ;
#3555 = AXIS2_PLACEMENT_3D ( 'NONE', #3932, #1254, #1726 ) ;
#3556 = CARTESIAN_POINT ( 'NONE',  ( -5.000000000000000000, 35.83997894819830776, 100.3553692573718479 ) ) ;
#3557 = DIRECTION ( 'NONE',  ( 0.000000000000000000, -1.000000000000000000, 0.000000000000000000 ) ) ;
#3558 = ORIENTED_EDGE ( 'NONE', *, *, #2091, .T. ) ;
#3559 = CIRCLE ( 'NONE', #4194, 1.200000000000034373 ) ;
#3560 = VECTOR ( 'NONE', #4831, 1000.000000000000000 ) ;
#3561 = FACE_OUTER_BOUND ( 'NONE', #1303, .T. ) ;
#3562 = ORIENTED_EDGE ( 'NONE', *, *, #614, .T. ) ;
#3563 = CIRCLE ( 'NONE', #4555, 0.7000000000000061728 ) ;
#3564 = CIRCLE ( 'NONE', #1846, 0.7000000000000061728 ) ;
#3565 = DIRECTION ( 'NONE',  ( 0.000000000000000000, 0.000000000000000000, 1.000000000000000000 ) ) ;
#3566 = EDGE_CURVE ( 'NONE', #5485, #2501, #2495, .T. ) ;
#3567 = LINE ( 'NONE', #4019, #1053 ) ;
#3568 = DIRECTION ( 'NONE',  ( 0.000000000000000000, -0.4999999999999957256, 0.8660254037844411501 ) ) ;
#3569 = VECTOR ( 'NONE', #4148, 1000.000000000000000 ) ;
#3570 = CIRCLE ( 'NONE', #4558, 1.300000000000002487 ) ;
#3571 = LINE ( 'NONE', #5291, #210 ) ;
#3572 = CARTESIAN_POINT ( 'NONE',  ( 33.99999999999990052, -9.149999999999995026, 107.9700000000000131 ) ) ;
#3573 = EDGE_CURVE ( 'NONE', #3668, #4724, #2434, .T. ) ;
#3574 = FACE_OUTER_BOUND ( 'NONE', #1970, .T. ) ;
#3575 = VERTEX_POINT ( 'NONE', #5132 ) ;
#3576 = CARTESIAN_POINT ( 'NONE',  ( 25.50000000000000355, -15.99999999999999289, 123.4000000000000057 ) ) ;
#3577 = DIRECTION ( 'NONE',  ( -0.000000000000000000, -0.000000000000000000, -1.000000000000000000 ) ) ;
#3578 = EDGE_CURVE ( 'NONE', #2936, #809, #5466, .T. ) ;
#3579 = LINE ( 'NONE', #4001, #143 ) ;
#3580 = ORIENTED_EDGE ( 'NONE', *, *, #2452, .F. ) ;
#3581 = LINE ( 'NONE', #570, #1913 ) ;
#3582 = CARTESIAN_POINT ( 'NONE',  ( -34.10000000000000853, -17.83431457505076168, 0.4000000000000000222 ) ) ;
#3583 = FACE_OUTER_BOUND ( 'NONE', #2956, .T. ) ;
#3584 = DIRECTION ( 'NONE',  ( -0.000000000000000000, -1.000000000000000000, 0.000000000000000000 ) ) ;
#3585 = ORIENTED_EDGE ( 'NONE', *, *, #1091, .F. ) ;
#3586 = CARTESIAN_POINT ( 'NONE',  ( -31.49999999999999289, 15.99999999999999645, 129.0000000000000000 ) ) ;
#3587 = ORIENTED_EDGE ( 'NONE', *, *, #2985, .F. ) ;
#3588 = VERTEX_POINT ( 'NONE', #814 ) ;
#3589 = DIRECTION ( 'NONE',  ( 0.7071067811865543451, 8.659560562355015442E-17, -0.7071067811865408004 ) ) ;
#3590 = CARTESIAN_POINT ( 'NONE',  ( -17.00000000000000000, 18.99999999999999645, 91.12960387154670627 ) ) ;
#3591 = CYLINDRICAL_SURFACE ( 'NONE', #2300, 1.300000000000002487 ) ;
#3592 = DIRECTION ( 'NONE',  ( 0.000000000000000000, 1.000000000000000000, 0.000000000000000000 ) ) ;
#3593 = EDGE_CURVE ( 'NONE', #4803, #2362, #363, .T. ) ;
#3594 = CARTESIAN_POINT ( 'NONE',  ( 30.00000000000000000, -12.00000000000000000, 6.000000000000000000 ) ) ;
#3595 = CARTESIAN_POINT ( 'NONE',  ( -2.500000000000000000, 28.64378487048572097, 104.0160294291517005 ) ) ;
#3596 = VERTEX_POINT ( 'NONE', #1617 ) ;
#3597 = DIRECTION ( 'NONE',  ( 0.000000000000000000, 0.000000000000000000, 1.000000000000000000 ) ) ;
#3598 = EDGE_CURVE ( 'NONE', #4408, #744, #1203, .T. ) ;
#3599 = EDGE_CURVE ( 'NONE', #1906, #5152, #389, .T. ) ;
#3600 = DIRECTION ( 'NONE',  ( 0.000000000000000000, -0.7071067811865499042, -0.7071067811865451302 ) ) ;
#3601 = EDGE_CURVE ( 'NONE', #4534, #3926, #1147, .T. ) ;
#3602 = ORIENTED_EDGE ( 'NONE', *, *, #3259, .F. ) ;
#3603 = CARTESIAN_POINT ( 'NONE',  ( -8.499999999999992895, -3.699999999999993072, 124.5000000000000000 ) ) ;
#3604 = ORIENTED_EDGE ( 'NONE', *, *, #517, .F. ) ;
#3605 = VERTEX_POINT ( 'NONE', #308 ) ;
#3606 = ORIENTED_EDGE ( 'NONE', *, *, #1351, .F. ) ;
#3607 = EDGE_CURVE ( 'NONE', #2969, #3714, #1486, .T. ) ;
#3608 = FACE_OUTER_BOUND ( 'NONE', #722, .T. ) ;
#3609 = VECTOR ( 'NONE', #843, 1000.000000000000000 ) ;
#3610 = CARTESIAN_POINT ( 'NONE',  ( -29.19999999999998863, -15.99999999999999289, 9.000000000000007105 ) ) ;
#3611 = CARTESIAN_POINT ( 'NONE',  ( -8.499999999999992895, -15.99999999999999289, 124.5000000000000000 ) ) ;
#3612 = ORIENTED_EDGE ( 'NONE', *, *, #5287, .T. ) ;
#3613 = CARTESIAN_POINT ( 'NONE',  ( -13.00000000000000178, 24.99999999999998224, 123.4019237886466698 ) ) ;
#3614 = ORIENTED_EDGE ( 'NONE', *, *, #3697, .T. ) ;
#3615 = EDGE_LOOP ( 'NONE', ( #4880, #2756, #1217, #2522 ) ) ;
#3616 = CARTESIAN_POINT ( 'NONE',  ( -8.499999999999992895, -3.699999999999993072, 123.2999999999999687 ) ) ;
#3617 = CARTESIAN_POINT ( 'NONE',  ( 31.79999999999997939, -12.00000000000000000, 0.000000000000000000 ) ) ;
#3618 = CARTESIAN_POINT ( 'NONE',  ( -15.00000000000000355, 35.49999999999985789, 105.2153903091733866 ) ) ;
#3619 = DIRECTION ( 'NONE',  ( -0.000000000000000000, -1.000000000000000000, -0.000000000000000000 ) ) ;
#3620 = PLANE ( 'NONE',  #2813 ) ;
#3621 = VECTOR ( 'NONE', #87, 1000.000000000000227 ) ;
#3622 = DIRECTION ( 'NONE',  ( 0.000000000000000000, 1.000000000000000000, 0.000000000000000000 ) ) ;
#3623 = ADVANCED_FACE ( 'NONE', ( #5520, #1648, #3378, #5039, #2824, #2101, #1590, #1235 ), #4246, .T. ) ;
#3624 = CARTESIAN_POINT ( 'NONE',  ( -13.00000000000000178, 25.21698729810782780, 122.0260907637269412 ) ) ;
#3625 = DIRECTION ( 'NONE',  ( 0.000000000000000000, 0.000000000000000000, -1.000000000000000000 ) ) ;
#3626 = VECTOR ( 'NONE', #4089, 1000.000000000000000 ) ;
#3627 = CIRCLE ( 'NONE', #1204, 1.299999999999998046 ) ;
#3628 = ORIENTED_EDGE ( 'NONE', *, *, #1395, .F. ) ;
#3629 = VECTOR ( 'NONE', #3356, 1000.000000000000000 ) ;
#3630 = CARTESIAN_POINT ( 'NONE',  ( 32.50000000000000711, -9.149999999999995026, 117.1700000000000017 ) ) ;
#3631 = EDGE_CURVE ( 'NONE', #325, #22, #725, .T. ) ;
#3632 = VERTEX_POINT ( 'NONE', #1173 ) ;
#3633 = VECTOR ( 'NONE', #798, 1000.000000000000000 ) ;
#3634 = ORIENTED_EDGE ( 'NONE', *, *, #5371, .T. ) ;
#3635 = FACE_OUTER_BOUND ( 'NONE', #4616, .T. ) ;
#3636 = DIRECTION ( 'NONE',  ( 0.000000000000000000, 0.000000000000000000, 1.000000000000000000 ) ) ;
#3637 = ORIENTED_EDGE ( 'NONE', *, *, #4454, .F. ) ;
#3638 = AXIS2_PLACEMENT_3D ( 'NONE', #5403, #2460, #2015 ) ;
#3639 = EDGE_CURVE ( 'NONE', #5373, #4036, #5368, .T. ) ;
#3640 = VERTEX_POINT ( 'NONE', #4759 ) ;
#3641 = CARTESIAN_POINT ( 'NONE',  ( 34.50000000000000000, -13.15000000000009273, 111.4700000000000131 ) ) ;
#3642 = ORIENTED_EDGE ( 'NONE', *, *, #1219, .T. ) ;
#3643 = VECTOR ( 'NONE', #3826, 1000.000000000000000 ) ;
#3645 = LINE ( 'NONE', #2681, #764 ) ;
#3644 = AXIS2_PLACEMENT_3D ( 'NONE', #1727, #2594, #4691 ) ;
#3646 = EDGE_CURVE ( 'NONE', #3668, #1377, #3651, .T. ) ;
#3647 = VERTEX_POINT ( 'NONE', #1761 ) ;
#3648 = CYLINDRICAL_SURFACE ( 'NONE', #2134, 1.599999999999990319 ) ;
#3649 = DIRECTION ( 'NONE',  ( 8.659560562354913137E-17, -0.7071067811865489050, 0.7071067811865460184 ) ) ;
#3650 =( NAMED_UNIT ( * ) PLANE_ANGLE_UNIT ( ) SI_UNIT ( $, .RADIAN. ) );
#3651 = CIRCLE ( 'NONE', #4372, 1.000000000000000888 ) ;
#3652 = DIRECTION ( 'NONE',  ( 0.000000000000000000, 0.000000000000000000, -1.000000000000000000 ) ) ;
#3653 = DIRECTION ( 'NONE',  ( -0.000000000000000000, 0.000000000000000000, 1.000000000000000000 ) ) ;
#3654 = VECTOR ( 'NONE', #2554, 1000.000000000000000 ) ;
#3655 = FACE_OUTER_BOUND ( 'NONE', #2309, .T. ) ;
#3656 = CARTESIAN_POINT ( 'NONE',  ( 33.99999999999990052, -9.149999999999995026, 117.1700000000000017 ) ) ;
#3657 = AXIS2_PLACEMENT_3D ( 'NONE', #3586, #4889, #1059 ) ;
#3658 = CIRCLE ( 'NONE', #3754, 1.300000000000004263 ) ;
#3659 = VERTEX_POINT ( 'NONE', #457 ) ;
#3660 = ORIENTED_EDGE ( 'NONE', *, *, #3364, .T. ) ;
#3661 = CARTESIAN_POINT ( 'NONE',  ( 23.80000000000000071, -15.99999999999999289, 111.2000000000000028 ) ) ;
#3662 = EDGE_CURVE ( 'NONE', #4373, #82, #1342, .T. ) ;
#3663 = ORIENTED_EDGE ( 'NONE', *, *, #4331, .F. ) ;
#3664 = ORIENTED_EDGE ( 'NONE', *, *, #4294, .T. ) ;
#3665 = LINE ( 'NONE', #5390, #5263 ) ;
#3666 = CARTESIAN_POINT ( 'NONE',  ( -30.00000000000000000, 12.00000000000000000, 6.000000000000000000 ) ) ;
#3667 = LINE ( 'NONE', #683, #4838 ) ;
#3668 = VERTEX_POINT ( 'NONE', #2214 ) ;
#3669 = CARTESIAN_POINT ( 'NONE',  ( 33.99999999999990052, -9.149999999999995026, 107.9700000000000131 ) ) ;
#3670 = ORIENTED_EDGE ( 'NONE', *, *, #3164, .T. ) ;
#3671 = EDGE_CURVE ( 'NONE', #1703, #2386, #5463, .T. ) ;
#3672 = EDGE_CURVE ( 'NONE', #3114, #4069, #337, .T. ) ;
#3673 = CARTESIAN_POINT ( 'NONE',  ( 17.00000000000000000, 18.99999999999999645, 129.0000000000000000 ) ) ;
#3674 = EDGE_LOOP ( 'NONE', ( #1876, #863, #2543, #5145 ) ) ;
#3675 = DIRECTION ( 'NONE',  ( -0.000000000000000000, -1.000000000000000000, -0.000000000000000000 ) ) ;
#3676 = CARTESIAN_POINT ( 'NONE',  ( -15.60000000000000142, 23.80550504633035658, 124.6708497377870373 ) ) ;
#3677 = ADVANCED_FACE ( 'NONE', ( #3966 ), #2578, .F. ) ;
#3678 = CARTESIAN_POINT ( 'NONE',  ( 5.000000000000000000, 35.83997894819830776, 100.3553692573718479 ) ) ;
#3679 = CARTESIAN_POINT ( 'NONE',  ( 34.50000000000000000, -7.499999999999994671, 111.4700000000000131 ) ) ;
#3680 = DIRECTION ( 'NONE',  ( 0.000000000000000000, 0.000000000000000000, 1.000000000000000000 ) ) ;
#3681 = CARTESIAN_POINT ( 'NONE',  ( 31.50000000000000711, 15.99999999999999645, 129.0000000000000000 ) ) ;
#3682 = VERTEX_POINT ( 'NONE', #1790 ) ;
#3683 = ORIENTED_EDGE ( 'NONE', *, *, #5335, .F. ) ;
#3684 = CARTESIAN_POINT ( 'NONE',  ( 32.50000000000000711, 15.99999999999999645, 129.0000000000000000 ) ) ;
#3685 = VERTEX_POINT ( 'NONE', #5577 ) ;
#3686 = VERTEX_POINT ( 'NONE', #3003 ) ;
#3687 = CARTESIAN_POINT ( 'NONE',  ( 23.80000000000000071, -19.00000000000000711, 110.2000000000000028 ) ) ;
#3688 = DIRECTION ( 'NONE',  ( 0.000000000000000000, 0.000000000000000000, -1.000000000000000000 ) ) ;
#3689 = CARTESIAN_POINT ( 'NONE',  ( -8.499999999999992895, -3.699999999999993072, 104.2999999999999972 ) ) ;
#3690 = ORIENTED_EDGE ( 'NONE', *, *, #4929, .F. ) ;
#3691 = ORIENTED_EDGE ( 'NONE', *, *, #4182, .F. ) ;
#3692 = EDGE_CURVE ( 'NONE', #1625, #3141, #3490, .T. ) ;
#3693 = VERTEX_POINT ( 'NONE', #423 ) ;
#3694 = CARTESIAN_POINT ( 'NONE',  ( 13.00000000000000178, 24.99999999999998224, 123.4019237886466698 ) ) ;
#3695 = AXIS2_PLACEMENT_3D ( 'NONE', #113, #3546, #5273 ) ;
#3696 = DIRECTION ( 'NONE',  ( -0.000000000000000000, 0.000000000000000000, 1.000000000000000000 ) ) ;
#3697 = EDGE_CURVE ( 'NONE', #1137, #3813, #604, .T. ) ;
#3698 = LINE ( 'NONE', #3279, #427 ) ;
#3699 = EDGE_CURVE ( 'NONE', #386, #2614, #965, .T. ) ;
#3700 = CARTESIAN_POINT ( 'NONE',  ( -13.00000000000000178, 24.56698729810784343, 123.1519237886467266 ) ) ;
#3701 = ORIENTED_EDGE ( 'NONE', *, *, #3598, .F. ) ;
#3702 = EDGE_CURVE ( 'NONE', #4545, #5205, #4651, .T. ) ;
#3703 = CARTESIAN_POINT ( 'NONE',  ( 17.00000000000000000, 18.99999999999999645, 91.12960387154673469 ) ) ;
#3704 = CARTESIAN_POINT ( 'NONE',  ( 10.40000000000000568, 15.99999999999999822, 119.7068820658331703 ) ) ;
#3705 = DIRECTION ( 'NONE',  ( -0.000000000000000000, -0.7071067811865476838, 0.7071067811865474617 ) ) ;
#3706 = EDGE_CURVE ( 'NONE', #5424, #1554, #871, .T. ) ;
#3707 = LINE ( 'NONE', #3348, #223 ) ;
#3708 = PLANE ( 'NONE',  #3434 ) ;
#3709 = CONICAL_SURFACE ( 'NONE', #1999, 0.7000000000000061728, 0.7853981633974460586 ) ;
#3710 = EDGE_LOOP ( 'NONE', ( #1187, #1883, #381, #515 ) ) ;
#3711 = CARTESIAN_POINT ( 'NONE',  ( -12.99999999999999467, -3.699999999999993072, 121.0000000000000000 ) ) ;
#3712 = CIRCLE ( 'NONE', #1287, 1.799999999999960520 ) ;
#3713 = DIRECTION ( 'NONE',  ( 0.7071067811865545671, 8.659560562355017907E-17, -0.7071067811865404673 ) ) ;
#3714 = VERTEX_POINT ( 'NONE', #1363 ) ;
#3715 = VERTEX_POINT ( 'NONE', #4306 ) ;
#3716 = CARTESIAN_POINT ( 'NONE',  ( 15.60000000000000142, 34.55513223592376448, 106.0519492829871524 ) ) ;
#3717 = DIRECTION ( 'NONE',  ( 0.000000000000000000, 1.000000000000000000, 0.000000000000000000 ) ) ;
#3718 = CIRCLE ( 'NONE', #749, 1.800000000000023803 ) ;
#3719 = LINE ( 'NONE', #1185, #5116 ) ;
#3720 = EDGE_LOOP ( 'NONE', ( #3509, #3218, #910, #3803 ) ) ;
#3721 = LINE ( 'NONE', #4663, #5378 ) ;
#3722 = VERTEX_POINT ( 'NONE', #1709 ) ;
#3723 = CIRCLE ( 'NONE', #1829, 0.7000000000000061728 ) ;
#3724 = AXIS2_PLACEMENT_3D ( 'NONE', #5502, #5479, #3329 ) ;
#3725 = VERTEX_POINT ( 'NONE', #2602 ) ;
#3726 = CARTESIAN_POINT ( 'NONE',  ( 13.00000000000000178, 24.56698729810783988, 123.1519237886467266 ) ) ;
#3727 = CARTESIAN_POINT ( 'NONE',  ( -15.00000000000000178, 18.99999999999999645, 127.0000000000000000 ) ) ;
#3728 = FACE_OUTER_BOUND ( 'NONE', #1460, .T. ) ;
#3729 = AXIS2_PLACEMENT_3D ( 'NONE', #3199, #4923, #2764 ) ;
#3730 = VECTOR ( 'NONE', #1426, 1000.000000000000000 ) ;
#3731 = FACE_BOUND ( 'NONE', #1915, .T. ) ;
#3732 = ORIENTED_EDGE ( 'NONE', *, *, #986, .F. ) ;
#3733 = LINE ( 'NONE', #1089, #2271 ) ;
#3734 = EDGE_CURVE ( 'NONE', #4744, #1625, #3432, .T. ) ;
#3735 = VECTOR ( 'NONE', #995, 1000.000000000000000 ) ;
#3736 = CARTESIAN_POINT ( 'NONE',  ( 10.40000000000000568, 15.99999999999999822, 116.7046606660471326 ) ) ;
#3737 = FACE_OUTER_BOUND ( 'NONE', #1247, .T. ) ;
#3738 = VECTOR ( 'NONE', #1694, 1000.000000000000000 ) ;
#3739 = AXIS2_PLACEMENT_3D ( 'NONE', #167, #4955, #3174 ) ;
#3740 = DIRECTION ( 'NONE',  ( 1.000000000000000000, 0.000000000000000000, 0.000000000000000000 ) ) ;
#3741 = LINE ( 'NONE', #5435, #4065 ) ;
#3742 = EDGE_CURVE ( 'NONE', #2631, #4266, #4810, .T. ) ;
#3743 = AXIS2_PLACEMENT_3D ( 'NONE', #5110, #1245, #2958 ) ;
#3744 = AXIS2_PLACEMENT_3D ( 'NONE', #2653, #3512, #479 ) ;
#3745 = VECTOR ( 'NONE', #1195, 1000.000000000000114 ) ;
#3746 = EDGE_LOOP ( 'NONE', ( #638, #599, #1979, #692 ) ) ;
#3747 = DIRECTION ( 'NONE',  ( 0.000000000000000000, 1.000000000000000000, 0.000000000000000000 ) ) ;
#3748 = DIRECTION ( 'NONE',  ( 0.000000000000000000, -0.7071067811865489050, -0.7071067811865462405 ) ) ;
#3749 = ORIENTED_EDGE ( 'NONE', *, *, #3364, .F. ) ;
#3750 = ORIENTED_EDGE ( 'NONE', *, *, #4387, .T. ) ;
#3751 = CARTESIAN_POINT ( 'NONE',  ( -13.00000000000000178, 34.89999999999986358, 106.2546207937147216 ) ) ;
#3752 = AXIS2_PLACEMENT_3D ( 'NONE', #2363, #3139, #4012 ) ;
#3753 = LINE ( 'NONE', #4539, #5344 ) ;
#3754 = AXIS2_PLACEMENT_3D ( 'NONE', #1024, #1382, #5253 ) ;
#3755 = ADVANCED_FACE ( 'NONE', ( #3884 ), #919, .F. ) ;
#3756 = CARTESIAN_POINT ( 'NONE',  ( -4.999999999999980460, -15.99999999999999289, 120.0000000000000000 ) ) ;
#3757 = EDGE_LOOP ( 'NONE', ( #503, #4165 ) ) ;
#3758 = CARTESIAN_POINT ( 'NONE',  ( -8.499999999999992895, -19.00000000000000711, 115.4000000000000057 ) ) ;
#3759 = EDGE_LOOP ( 'NONE', ( #4573, #2055, #4037, #3553 ) ) ;
#3760 = LINE ( 'NONE', #2876, #5446 ) ;
#3761 = ORIENTED_EDGE ( 'NONE', *, *, #2951, .F. ) ;
#3762 = LINE ( 'NONE', #4971, #873 ) ;
#3763 = LINE ( 'NONE', #2513, #5167 ) ;
#3764 = FACE_OUTER_BOUND ( 'NONE', #435, .T. ) ;
#3765 = ORIENTED_EDGE ( 'NONE', *, *, #1430, .F. ) ;
#3766 = FACE_OUTER_BOUND ( 'NONE', #2613, .T. ) ;
#3767 = LINE ( 'NONE', #5429, #3006 ) ;
#3768 = CARTESIAN_POINT ( 'NONE',  ( 5.000000000000000000, 36.75921776374081418, 101.2746080729143614 ) ) ;
#3769 = LINE ( 'NONE', #1093, #2806 ) ;
#3770 = ADVANCED_FACE ( 'NONE', ( #4351, #533 ), #947, .F. ) ;
#3771 = DIRECTION ( 'NONE',  ( 0.000000000000000000, 0.000000000000000000, -1.000000000000000000 ) ) ;
#3772 = ORIENTED_EDGE ( 'NONE', *, *, #65, .F. ) ;
#3773 = CARTESIAN_POINT ( 'NONE',  ( -10.15668657459023017, 20.24183147471817179, 130.8433134254097752 ) ) ;
#3774 = PLANE ( 'NONE',  #3743 ) ;
#3775 = ADVANCED_FACE ( 'NONE', ( #5186 ), #1446, .F. ) ;
#3776 = ORIENTED_EDGE ( 'NONE', *, *, #259, .T. ) ;
#3777 = ADVANCED_FACE ( 'NONE', ( #1924 ), #2738, .F. ) ;
#3778 = EDGE_LOOP ( 'NONE', ( #4586, #3338, #1993, #2557 ) ) ;
#3779 = DIRECTION ( 'NONE',  ( 0.000000000000000000, -0.7071067811865499042, -0.7071067811865451302 ) ) ;
#3780 = EDGE_CURVE ( 'NONE', #4936, #5352, #2481, .T. ) ;
#3781 = CARTESIAN_POINT ( 'NONE',  ( 3.228504784867494533E-13, 71.83819027690555004, 41.47579849446653100 ) ) ;
#3782 = CYLINDRICAL_SURFACE ( 'NONE', #2392, 1.000000000000001332 ) ;
#3783 = ORIENTED_EDGE ( 'NONE', *, *, #3067, .T. ) ;
#3784 = EDGE_CURVE ( 'NONE', #4291, #209, #3567, .T. ) ;
#3785 = CARTESIAN_POINT ( 'NONE',  ( -5.000000000000000000, 30.76510521404533804, 105.4302429915248069 ) ) ;
#3786 = EDGE_LOOP ( 'NONE', ( #2730, #4807, #4492, #1832 ) ) ;
#3787 = ORIENTED_EDGE ( 'NONE', *, *, #1564, .F. ) ;
#3788 = DIRECTION ( 'NONE',  ( 0.000000000000000000, 0.000000000000000000, 1.000000000000000000 ) ) ;
#3789 = DIRECTION ( 'NONE',  ( 0.000000000000000000, 0.000000000000000000, -1.000000000000000000 ) ) ;
#3790 = CARTESIAN_POINT ( 'NONE',  ( 9.000000000000001776, -19.02170614946827598, 92.95803099629280553 ) ) ;
#3791 = FACE_OUTER_BOUND ( 'NONE', #812, .T. ) ;
#3792 = ORIENTED_EDGE ( 'NONE', *, *, #365, .T. ) ;
#3793 = FACE_BOUND ( 'NONE', #1468, .T. ) ;
#3794 = AXIS2_PLACEMENT_3D ( 'NONE', #3656, #5407, #3771 ) ;
#3795 = CARTESIAN_POINT ( 'NONE',  ( -16.00000000000000000, 19.99999999999999645, 91.12960387154670627 ) ) ;
#3796 = DIRECTION ( 'NONE',  ( 0.000000000000000000, 0.000000000000000000, 1.000000000000000000 ) ) ;
#3797 = CARTESIAN_POINT ( 'NONE',  ( -12.99999999999999822, -3.699999999999993072, 108.8000000000000114 ) ) ;
#3798 = CARTESIAN_POINT ( 'NONE',  ( -16.00000000000000000, 19.99999999999999645, 0.000000000000000000 ) ) ;
#3799 = EDGE_CURVE ( 'NONE', #3061, #3588, #3115, .T. ) ;
#3800 = FACE_OUTER_BOUND ( 'NONE', #1075, .T. ) ;
#3801 = CYLINDRICAL_SURFACE ( 'NONE', #1392, 1.299999999999992717 ) ;
#3802 = ORIENTED_EDGE ( 'NONE', *, *, #4465, .T. ) ;
#3803 = ORIENTED_EDGE ( 'NONE', *, *, #2160, .F. ) ;
#3804 = DIRECTION ( 'NONE',  ( 0.000000000000000000, 1.000000000000000000, 0.000000000000000000 ) ) ;
#3805 = EDGE_CURVE ( 'NONE', #3395, #3430, #4200, .T. ) ;
#3806 = DIRECTION ( 'NONE',  ( 0.000000000000000000, 0.000000000000000000, -1.000000000000000000 ) ) ;
#3807 = VECTOR ( 'NONE', #2878, 1000.000000000000114 ) ;
#3808 = EDGE_CURVE ( 'NONE', #2581, #796, #5289, .T. ) ;
#3809 = VECTOR ( 'NONE', #4674, 1000.000000000000000 ) ;
#3810 = PLANE ( 'NONE',  #868 ) ;
#3811 = ORIENTED_EDGE ( 'NONE', *, *, #1850, .F. ) ;
#3812 = DIRECTION ( 'NONE',  ( 1.000000000000000000, 0.000000000000000000, 0.000000000000000000 ) ) ;
#3813 = VERTEX_POINT ( 'NONE', #3617 ) ;
#3814 = VECTOR ( 'NONE', #1080, 1000.000000000000000 ) ;
#3815 = EDGE_CURVE ( 'NONE', #3480, #4779, #2178, .T. ) ;
#3816 = ORIENTED_EDGE ( 'NONE', *, *, #4983, .F. ) ;
#3817 = CARTESIAN_POINT ( 'NONE',  ( -4.999999999999980460, -3.699999999999993072, 120.0000000000000000 ) ) ;
#3818 = CARTESIAN_POINT ( 'NONE',  ( 31.29999999999999361, 12.00000000000000000, 6.000000000000000000 ) ) ;
#3819 = LINE ( 'NONE', #3254, #2266 ) ;
#3820 = DIRECTION ( 'NONE',  ( 0.000000000000000000, 0.000000000000000000, 1.000000000000000000 ) ) ;
#3821 = ORIENTED_EDGE ( 'NONE', *, *, #3578, .T. ) ;
#3822 = AXIS2_PLACEMENT_3D ( 'NONE', #2866, #3949, #3841 ) ;
#3823 = AXIS2_PLACEMENT_3D ( 'NONE', #1270, #2191, #3443 ) ;
#3824 = DIRECTION ( 'NONE',  ( 0.000000000000000000, -0.000000000000000000, 1.000000000000000000 ) ) ;
#3825 = EDGE_CURVE ( 'NONE', #5352, #4936, #3570, .T. ) ;
#3826 = DIRECTION ( 'NONE',  ( 8.659560562354922997E-17, 1.276756478318930021E-15, -1.000000000000000000 ) ) ;
#3827 = VECTOR ( 'NONE', #2552, 1000.000000000000000 ) ;
#3828 = VECTOR ( 'NONE', #699, 1000.000000000000114 ) ;
#3829 = DIRECTION ( 'NONE',  ( 0.000000000000000000, -1.000000000000000000, 0.000000000000000000 ) ) ;
#3830 = LINE ( 'NONE', #5554, #4895 ) ;
#3831 = LINE ( 'NONE', #3380, #3609 ) ;
#3832 = VECTOR ( 'NONE', #3589, 1000.000000000000114 ) ;
#3833 = ORIENTED_EDGE ( 'NONE', *, *, #2951, .T. ) ;
#3834 = DIRECTION ( 'NONE',  ( 0.000000000000000000, -0.8660254037844418162, -0.4999999999999945044 ) ) ;
#3835 = AXIS2_PLACEMENT_3D ( 'NONE', #5499, #2655, #3086 ) ;
#3836 = AXIS2_PLACEMENT_3D ( 'NONE', #819, #5072, #3834 ) ;
#3837 = LINE ( 'NONE', #1209, #3654 ) ;
#3838 = ORIENTED_EDGE ( 'NONE', *, *, #3919, .F. ) ;
#3839 = VERTEX_POINT ( 'NONE', #4925 ) ;
#3840 = CARTESIAN_POINT ( 'NONE',  ( -5.000000000000000000, 30.41155182345208630, 105.7837963821180551 ) ) ;
#3841 = DIRECTION ( 'NONE',  ( 0.000000000000000000, 0.4999999999999830691, -0.8660254037844483666 ) ) ;
#3842 = VECTOR ( 'NONE', #836, 1000.000000000000000 ) ;
#3843 = VECTOR ( 'NONE', #3069, 1000.000000000000000 ) ;
#3844 = CARTESIAN_POINT ( 'NONE',  ( 0.000000000000000000, 31.68434402958793328, 102.1068411199479726 ) ) ;
#3845 = ORIENTED_EDGE ( 'NONE', *, *, #2185, .F. ) ;
#3846 = AXIS2_PLACEMENT_3D ( 'NONE', #1083, #2787, #4917 ) ;
#3847 = AXIS2_PLACEMENT_3D ( 'NONE', #4786, #4324, #3908 ) ;
#3848 = ORIENTED_EDGE ( 'NONE', *, *, #194, .T. ) ;
#3849 = ORIENTED_EDGE ( 'NONE', *, *, #2702, .T. ) ;
#3850 = FACE_OUTER_BOUND ( 'NONE', #2118, .T. ) ;
#3851 = ORIENTED_EDGE ( 'NONE', *, *, #1700, .T. ) ;
#3852 = CARTESIAN_POINT ( 'NONE',  ( -32.20000000000001705, -17.20000000000000284, 6.000000000000000000 ) ) ;
#3853 = EDGE_LOOP ( 'NONE', ( #1100, #3132, #3878, #985 ) ) ;
#3854 = CARTESIAN_POINT ( 'NONE',  ( -31.30000000000000071, -12.00000000000000000, 0.5000000000000125455 ) ) ;
#3855 = ORIENTED_EDGE ( 'NONE', *, *, #3697, .F. ) ;
#3856 = EDGE_CURVE ( 'NONE', #4756, #4451, #2710, .T. ) ;
#3857 = EDGE_CURVE ( 'NONE', #3685, #2086, #4706, .T. ) ;
#3858 = CARTESIAN_POINT ( 'NONE',  ( 15.00000000000000000, 35.49999999999985789, 105.2153903091733866 ) ) ;
#3859 = ORIENTED_EDGE ( 'NONE', *, *, #776, .T. ) ;
#3860 = CARTESIAN_POINT ( 'NONE',  ( -49.55495899895102951, 18.99999999999999645, 123.0000000000000000 ) ) ;
#3861 = DIRECTION ( 'NONE',  ( -0.000000000000000000, 0.7071067811865464625, -0.7071067811865485719 ) ) ;
#3862 = EDGE_CURVE ( 'NONE', #3430, #4773, #1065, .T. ) ;
#3863 = DIRECTION ( 'NONE',  ( 0.000000000000000000, 1.000000000000000000, 0.000000000000000000 ) ) ;
#3864 = CARTESIAN_POINT ( 'NONE',  ( -13.00000000000000178, 3.569354036106028083, 111.0289345724851273 ) ) ;
#3865 = CYLINDRICAL_SURFACE ( 'NONE', #1314, 0.7000000000000061728 ) ;
#3866 = CARTESIAN_POINT ( 'NONE',  ( 32.20000000000000284, -19.00000000000000355, 101.7999999999999829 ) ) ;
#3867 = ORIENTED_EDGE ( 'NONE', *, *, #1456, .T. ) ;
#3868 = DIRECTION ( 'NONE',  ( -1.000000000000000000, -0.000000000000000000, 0.000000000000000000 ) ) ;
#3869 = DIRECTION ( 'NONE',  ( 0.000000000000000000, 0.000000000000000000, 1.000000000000000000 ) ) ;
#3870 = LINE ( 'NONE', #4661, #508 ) ;
#3871 = VERTEX_POINT ( 'NONE', #613 ) ;
#3872 = VERTEX_POINT ( 'NONE', #5340 ) ;
#3873 = VERTEX_POINT ( 'NONE', #186 ) ;
#3874 = ORIENTED_EDGE ( 'NONE', *, *, #2050, .T. ) ;
#3875 = FACE_OUTER_BOUND ( 'NONE', #2966, .T. ) ;
#3876 = DIRECTION ( 'NONE',  ( -1.415347769246190621E-16, 0.000000000000000000, -1.000000000000000000 ) ) ;
#3877 = EDGE_CURVE ( 'NONE', #32, #828, #131, .T. ) ;
#3878 = ORIENTED_EDGE ( 'NONE', *, *, #3396, .T. ) ;
#3879 = DIRECTION ( 'NONE',  ( 0.7071067811865474617, -0.7071067811865474617, 0.000000000000000000 ) ) ;
#3880 = ORIENTED_EDGE ( 'NONE', *, *, #2673, .F. ) ;
#3881 = ADVANCED_FACE ( 'NONE', ( #1473 ), #3648, .F. ) ;
#3882 = FACE_OUTER_BOUND ( 'NONE', #1638, .T. ) ;
#3883 = EDGE_CURVE ( 'NONE', #1418, #4590, #782, .T. ) ;
#3884 = FACE_OUTER_BOUND ( 'NONE', #2875, .T. ) ;
#3885 = EDGE_CURVE ( 'NONE', #1501, #2403, #3118, .T. ) ;
#3886 = FACE_OUTER_BOUND ( 'NONE', #4125, .T. ) ;
#3887 = CIRCLE ( 'NONE', #3252, 3.250000000000002665 ) ;
#3888 = DIRECTION ( 'NONE',  ( 0.000000000000000000, 0.000000000000000000, -1.000000000000000000 ) ) ;
#3889 = EDGE_CURVE ( 'NONE', #198, #5074, #4517, .T. ) ;
#3890 = CARTESIAN_POINT ( 'NONE',  ( 5.000000000000000000, 33.23997894819829924, 102.9553692573718564 ) ) ;
#3891 = VERTEX_POINT ( 'NONE', #5259 ) ;
#3892 = LINE ( 'NONE', #3387, #1920 ) ;
#3893 = DIRECTION ( 'NONE',  ( 1.000000000000000000, 0.000000000000000000, 0.000000000000000000 ) ) ;
#3894 = CARTESIAN_POINT ( 'NONE',  ( 31.50000000000000711, 15.99999999999999645, 129.0000000000000000 ) ) ;
#3895 = ORIENTED_EDGE ( 'NONE', *, *, #4014, .T. ) ;
#3896 = ORIENTED_EDGE ( 'NONE', *, *, #2349, .T. ) ;
#3897 = ORIENTED_EDGE ( 'NONE', *, *, #4856, .F. ) ;
#3898 = VECTOR ( 'NONE', #5522, 1000.000000000000000 ) ;
#3899 = VERTEX_POINT ( 'NONE', #2682 ) ;
#3900 = DIRECTION ( 'NONE',  ( 0.000000000000000000, -0.7071067811865474617, -0.7071067811865474617 ) ) ;
#3901 = DIRECTION ( 'NONE',  ( -0.000000000000000000, -0.000000000000000000, 1.000000000000000000 ) ) ;
#3902 = ORIENTED_EDGE ( 'NONE', *, *, #3671, .F. ) ;
#3903 = DIRECTION ( 'NONE',  ( 1.000000000000000000, 0.000000000000000000, 0.000000000000000000 ) ) ;
#3904 = VERTEX_POINT ( 'NONE', #1585 ) ;
#3905 = VECTOR ( 'NONE', #1018, 1000.000000000000000 ) ;
#3906 = FACE_OUTER_BOUND ( 'NONE', #907, .T. ) ;
#3907 = AXIS2_PLACEMENT_3D ( 'NONE', #5331, #4912, #4965 ) ;
#3908 = DIRECTION ( 'NONE',  ( 1.000000000000000000, 0.000000000000000000, 0.000000000000000000 ) ) ;
#3909 = VECTOR ( 'NONE', #5444, 1000.000000000000114 ) ;
#3910 = DIRECTION ( 'NONE',  ( 0.000000000000000000, 0.000000000000000000, 1.000000000000000000 ) ) ;
#3911 = CONICAL_SURFACE ( 'NONE', #1115, 1.299999999999994493, 0.7853981633974407295 ) ;
#3912 = VECTOR ( 'NONE', #516, 1000.000000000000114 ) ;
#3913 = FACE_OUTER_BOUND ( 'NONE', #3229, .T. ) ;
#3914 = EDGE_LOOP ( 'NONE', ( #2897, #3023, #3166, #821 ) ) ;
#3915 = CARTESIAN_POINT ( 'NONE',  ( -25.50000000000000355, 35.49999999999985789, 125.0000000000000000 ) ) ;
#3916 = ORIENTED_EDGE ( 'NONE', *, *, #2457, .T. ) ;
#3917 = AXIS2_PLACEMENT_3D ( 'NONE', #3965, #3987, #637 ) ;
#3918 = DIRECTION ( 'NONE',  ( -1.000000000000000000, 0.000000000000000000, 0.000000000000000000 ) ) ;
#3919 = EDGE_CURVE ( 'NONE', #4018, #3366, #1981, .T. ) ;
#3920 = DIRECTION ( 'NONE',  ( 0.000000000000000000, -0.7071067811865474617, -0.7071067811865474617 ) ) ;
#3921 = VECTOR ( 'NONE', #3557, 1000.000000000000000 ) ;
#3922 = CIRCLE ( 'NONE', #4100, 1.299999999999998046 ) ;
#3923 = CARTESIAN_POINT ( 'NONE',  ( 33.33431457505074746, -18.60000000000000142, 0.4000000000000000222 ) ) ;
#3924 = ORIENTED_EDGE ( 'NONE', *, *, #4878, .F. ) ;
#3925 = ORIENTED_EDGE ( 'NONE', *, *, #369, .T. ) ;
#3926 = VERTEX_POINT ( 'NONE', #5457 ) ;
#3927 = CIRCLE ( 'NONE', #4459, 1.299999999999999378 ) ;
#3928 = EDGE_CURVE ( 'NONE', #3725, #451, #4290, .T. ) ;
#3929 = VECTOR ( 'NONE', #3234, 999.9999999999998863 ) ;
#3930 = ORIENTED_EDGE ( 'NONE', *, *, #4526, .T. ) ;
#3932 = CARTESIAN_POINT ( 'NONE',  ( -30.00000000000000000, -12.00000000000000000, 0.5000000000000125455 ) ) ;
#3931 = VECTOR ( 'NONE', #4241, 1000.000000000000000 ) ;
#3933 = AXIS2_PLACEMENT_3D ( 'NONE', #5315, #2766, #4048 ) ;
#3934 = CARTESIAN_POINT ( 'NONE',  ( -34.10000000000000853, 17.83431457505076523, 0.4000000000000000222 ) ) ;
#3935 = EDGE_LOOP ( 'NONE', ( #290, #2281, #2492, #3158, #396, #1000, #4721, #1921 ) ) ;
#3936 = FACE_BOUND ( 'NONE', #1904, .T. ) ;
#3937 = ORIENTED_EDGE ( 'NONE', *, *, #5221, .F. ) ;
#3938 = AXIS2_PLACEMENT_3D ( 'NONE', #3785, #5507, #1976 ) ;
#3939 = AXIS2_PLACEMENT_3D ( 'NONE', #5308, #1438, #3162 ) ;
#3940 = EDGE_LOOP ( 'NONE', ( #8, #156, #4716, #2737 ) ) ;
#3941 = DIRECTION ( 'NONE',  ( -1.000000000000000000, -0.000000000000000000, 0.000000000000000000 ) ) ;
#3942 = CARTESIAN_POINT ( 'NONE',  ( 14.81725989930085419, 23.69999999999997087, 125.6535898384861838 ) ) ;
#3943 = CARTESIAN_POINT ( 'NONE',  ( -25.50000000000000355, 19.00000000000000000, 125.0000000000000000 ) ) ;
#3944 = LINE ( 'NONE', #3042, #763 ) ;
#3945 = DIRECTION ( 'NONE',  ( 0.000000000000000000, 0.8660254037844409281, 0.4999999999999961697 ) ) ;
#3946 = EDGE_CURVE ( 'NONE', #96, #4545, #2400, .T. ) ;
#3947 = ORIENTED_EDGE ( 'NONE', *, *, #297, .F. ) ;
#3948 = CARTESIAN_POINT ( 'NONE',  ( 1.224646799147357151E-16, 33.09855759196102554, 103.5210546823210649 ) ) ;
#3949 = DIRECTION ( 'NONE',  ( 0.000000000000000000, 0.8660254037844498098, 0.4999999999999810152 ) ) ;
#3950 = EDGE_CURVE ( 'NONE', #2672, #1824, #4634, .T. ) ;
#3951 = EDGE_CURVE ( 'NONE', #2529, #1779, #3315, .T. ) ;
#3952 = CARTESIAN_POINT ( 'NONE',  ( -12.99999999999999467, -3.699999999999993072, 120.0000000000000000 ) ) ;
#3953 = ADVANCED_FACE ( 'NONE', ( #4215 ), #383, .T. ) ;
#3954 = ORIENTED_EDGE ( 'NONE', *, *, #2327, .T. ) ;
#3955 = ORIENTED_EDGE ( 'NONE', *, *, #1740, .F. ) ;
#3956 = ORIENTED_EDGE ( 'NONE', *, *, #4029, .F. ) ;
#3957 = LINE ( 'NONE', #2998, #1111 ) ;
#3958 = DIRECTION ( 'NONE',  ( 0.000000000000000000, -1.000000000000000000, 0.000000000000000000 ) ) ;
#3959 = EDGE_CURVE ( 'NONE', #3605, #3196, #2850, .T. ) ;
#3960 = DIRECTION ( 'NONE',  ( 8.659560562354913137E-17, 0.7071067811865489050, -0.7071067811865460184 ) ) ;
#3961 = ORIENTED_EDGE ( 'NONE', *, *, #4601, .F. ) ;
#3962 = CARTESIAN_POINT ( 'NONE',  ( 16.00000000000000000, 19.99999999999999645, 91.12960387154673469 ) ) ;
#3963 = EDGE_LOOP ( 'NONE', ( #4565, #887, #2671, #3587 ) ) ;
#3964 = ORIENTED_EDGE ( 'NONE', *, *, #171, .F. ) ;
#3965 = CARTESIAN_POINT ( 'NONE',  ( 5.000000000000000000, 35.83997894819830776, 100.3553692573718479 ) ) ;
#3966 = FACE_OUTER_BOUND ( 'NONE', #3486, .T. ) ;
#3967 = CARTESIAN_POINT ( 'NONE',  ( 13.00000000000000178, 12.56935403610591884, 95.44047730436517440 ) ) ;
#3968 = CARTESIAN_POINT ( 'NONE',  ( 34.10000000000000142, -17.83431457505074746, 0.4000000000000000222 ) ) ;
#3969 = CARTESIAN_POINT ( 'NONE',  ( 0.000000000000000000, 0.000000000000000000, 0.4000000000000000222 ) ) ;
#3970 = CARTESIAN_POINT ( 'NONE',  ( 31.50000000000000711, -10.79999999999999183, 111.4700000000000131 ) ) ;
#3971 = ORIENTED_EDGE ( 'NONE', *, *, #2616, .F. ) ;
#3972 = LINE ( 'NONE', #3624, #5351 ) ;
#3973 = CARTESIAN_POINT ( 'NONE',  ( -16.00000000000000000, 18.29289321881344677, 89.42249709036018146 ) ) ;
#3974 = CIRCLE ( 'NONE', #4417, 1.299999999999999378 ) ;
#3975 = DIRECTION ( 'NONE',  ( 0.000000000000000000, 1.000000000000000000, -0.000000000000000000 ) ) ;
#3976 = VERTEX_POINT ( 'NONE', #741 ) ;
#3977 = ORIENTED_EDGE ( 'NONE', *, *, #1771, .F. ) ;
#3978 = DIRECTION ( 'NONE',  ( -0.000000000000000000, 1.000000000000000000, -0.000000000000000000 ) ) ;
#3979 = CARTESIAN_POINT ( 'NONE',  ( 31.50000000000000711, 15.99999999999999645, 129.0000000000000000 ) ) ;
#3980 = CARTESIAN_POINT ( 'NONE',  ( 1.224646799147357398E-16, 31.68434402958784091, 104.9352682446942424 ) ) ;
#3981 = DIRECTION ( 'NONE',  ( 0.000000000000000000, -1.000000000000000000, -0.000000000000000000 ) ) ;
#3982 = ORIENTED_EDGE ( 'NONE', *, *, #2623, .F. ) ;
#3983 = CARTESIAN_POINT ( 'NONE',  ( 13.00000000000000178, 25.89999999999992042, 121.8430780618347740 ) ) ;
#3984 = ORIENTED_EDGE ( 'NONE', *, *, #1713, .F. ) ;
#3985 = EDGE_CURVE ( 'NONE', #257, #1548, #5513, .T. ) ;
#3986 = ORIENTED_EDGE ( 'NONE', *, *, #4929, .T. ) ;
#3987 = DIRECTION ( 'NONE',  ( -0.000000000000000000, -0.7071067811865476838, 0.7071067811865474617 ) ) ;
#3988 = ORIENTED_EDGE ( 'NONE', *, *, #4396, .T. ) ;
#3989 = CARTESIAN_POINT ( 'NONE',  ( -5.000000000000000000, 29.84586639850282097, 104.5110041759823076 ) ) ;
#3990 = DIRECTION ( 'NONE',  ( 0.6000000000000015321, 0.000000000000000000, 0.7999999999999989342 ) ) ;
#3991 = DIRECTION ( 'NONE',  ( 0.000000000000000000, 0.4999999999999947264, -0.8660254037844417052 ) ) ;
#3992 = ADVANCED_FACE ( 'NONE', ( #4132 ), #4605, .F. ) ;
#3993 = AXIS2_PLACEMENT_3D ( 'NONE', #1198, #780, #2493 ) ;
#3994 = DIRECTION ( 'NONE',  ( 1.000000000000000000, -0.000000000000000000, -0.000000000000000000 ) ) ;
#3995 = CARTESIAN_POINT ( 'NONE',  ( -30.00000000000000000, 12.00000000000000000, 0.000000000000000000 ) ) ;
#3996 = ORIENTED_EDGE ( 'NONE', *, *, #1828, .T. ) ;
#3997 = DIRECTION ( 'NONE',  ( 1.000000000000000000, 0.000000000000000000, -0.000000000000000000 ) ) ;
#3998 = PLANE ( 'NONE',  #4966 ) ;
#3999 = AXIS2_PLACEMENT_3D ( 'NONE', #4027, #2376, #1422 ) ;
#4000 = AXIS2_PLACEMENT_3D ( 'NONE', #3673, #2848, #5487 ) ;
#4001 = CARTESIAN_POINT ( 'NONE',  ( 9.000000000000001776, 15.99999999999999289, 123.0000000000000000 ) ) ;
#4002 = EDGE_LOOP ( 'NONE', ( #4338, #2959, #203, #5032, #4909, #1058, #3811 ) ) ;
#4003 = ORIENTED_EDGE ( 'NONE', *, *, #267, .F. ) ;
#4004 = CARTESIAN_POINT ( 'NONE',  ( 32.20000000000000284, -17.20000000000000284, 101.7999999999999829 ) ) ;
#4005 = CARTESIAN_POINT ( 'NONE',  ( 0.000000000000000000, 32.74500420136772050, 102.4603945105412777 ) ) ;
#4006 = VECTOR ( 'NONE', #4039, 1000.000000000000114 ) ;
#4007 = EDGE_CURVE ( 'NONE', #441, #4836, #2007, .T. ) ;
#4008 = LINE ( 'NONE', #2279, #3735 ) ;
#4009 = CARTESIAN_POINT ( 'NONE',  ( -34.50000000000000000, 18.99999999999999645, 129.0000000000000000 ) ) ;
#4010 = VERTEX_POINT ( 'NONE', #3369 ) ;
#4011 = AXIS2_PLACEMENT_3D ( 'NONE', #2248, #3975, #4483 ) ;
#4012 = DIRECTION ( 'NONE',  ( 0.000000000000000000, 0.000000000000000000, -1.000000000000000000 ) ) ;
#4013 = ORIENTED_EDGE ( 'NONE', *, *, #4707, .T. ) ;
#4014 = EDGE_CURVE ( 'NONE', #2619, #2274, #3762, .T. ) ;
#4015 = CONICAL_SURFACE ( 'NONE', #1051, 1.300000000000002487, 0.7853981633974579379 ) ;
#4016 = VECTOR ( 'NONE', #1284, 1000.000000000000000 ) ;
#4017 = CARTESIAN_POINT ( 'NONE',  ( -15.60000000000000142, 34.90154239743754516, 106.2519492829871410 ) ) ;
#4018 = VERTEX_POINT ( 'NONE', #3253 ) ;
#4019 = CARTESIAN_POINT ( 'NONE',  ( -3.999999999999994227, -15.99999999999999289, 120.0000000000000000 ) ) ;
#4020 = EDGE_CURVE ( 'NONE', #2639, #3157, #2216, .T. ) ;
#4021 = EDGE_CURVE ( 'NONE', #4140, #1608, #271, .T. ) ;
#4022 = DIRECTION ( 'NONE',  ( -0.7559289460184543952, -0.3273268353539850462, 0.5669467095138429613 ) ) ;
#4023 = ADVANCED_FACE ( 'NONE', ( #2426 ), #1318, .F. ) ;
#4024 = AXIS2_PLACEMENT_3D ( 'NONE', #5310, #4835, #4430 ) ;
#4025 = AXIS2_PLACEMENT_3D ( 'NONE', #3611, #3584, #2280 ) ;
#4026 = CARTESIAN_POINT ( 'NONE',  ( -13.00000000000000178, 33.09999999999992326, 109.3723122473386695 ) ) ;
#4027 = CARTESIAN_POINT ( 'NONE',  ( 34.10000000000000853, 17.83431457505075457, 0.4000000000000000222 ) ) ;
#4028 = LINE ( 'NONE', #3595, #4738 ) ;
#4029 = EDGE_CURVE ( 'NONE', #797, #539, #3339, .T. ) ;
#4030 = VERTEX_POINT ( 'NONE', #1194 ) ;
#4031 = LINE ( 'NONE', #4392, #319 ) ;
#4032 = CARTESIAN_POINT ( 'NONE',  ( 17.00000000000000000, 18.99999999999999645, 125.0000000000000000 ) ) ;
#4033 = ORIENTED_EDGE ( 'NONE', *, *, #964, .T. ) ;
#4034 = CARTESIAN_POINT ( 'NONE',  ( 34.50000000000000000, -5.149999999999897327, 111.4700000000000131 ) ) ;
#4035 = ORIENTED_EDGE ( 'NONE', *, *, #3862, .T. ) ;
#4036 = VERTEX_POINT ( 'NONE', #1141 ) ;
#4037 = ORIENTED_EDGE ( 'NONE', *, *, #1978, .F. ) ;
#4038 = DIRECTION ( 'NONE',  ( 0.000000000000000000, 0.000000000000000000, -1.000000000000000000 ) ) ;
#4039 = DIRECTION ( 'NONE',  ( -0.000000000000000000, 0.8660254037844419273, 0.4999999999999942268 ) ) ;
#4040 = CARTESIAN_POINT ( 'NONE',  ( -12.99999999999999467, -3.699999999999993072, 121.0000000000000000 ) ) ;
#4041 = EDGE_LOOP ( 'NONE', ( #1104, #432 ) ) ;
#4042 = CARTESIAN_POINT ( 'NONE',  ( 25.50000000000000355, -19.00000000000000711, 128.2500000000000000 ) ) ;
#4043 = EDGE_LOOP ( 'NONE', ( #3059, #5150, #4960, #4619 ) ) ;
#4044 = ORIENTED_EDGE ( 'NONE', *, *, #4191, .F. ) ;
#4045 = EDGE_CURVE ( 'NONE', #4798, #1605, #2905, .T. ) ;
#4046 = DIRECTION ( 'NONE',  ( 1.000000000000000000, 0.000000000000000000, 4.040504990629207337E-17 ) ) ;
#4047 = ORIENTED_EDGE ( 'NONE', *, *, #3331, .F. ) ;
#4048 = DIRECTION ( 'NONE',  ( 0.000000000000000000, -0.4999999999999957256, 0.8660254037844411501 ) ) ;
#4049 = DIRECTION ( 'NONE',  ( -0.000000000000000000, 0.8660254037844420383, 0.4999999999999942824 ) ) ;
#4050 = DIRECTION ( 'NONE',  ( 0.000000000000000000, 0.000000000000000000, 1.000000000000000000 ) ) ;
#4051 = EDGE_CURVE ( 'NONE', #1155, #2904, #3278, .T. ) ;
#4052 = ADVANCED_FACE ( 'NONE', ( #2816 ), #5541, .T. ) ;
#4053 = LINE ( 'NONE', #190, #1034 ) ;
#4054 = DIRECTION ( 'NONE',  ( 0.000000000000000000, 0.000000000000000000, 1.000000000000000000 ) ) ;
#4055 = PLANE ( 'NONE',  #3281 ) ;
#4056 = FACE_OUTER_BOUND ( 'NONE', #997, .T. ) ;
#4057 = EDGE_CURVE ( 'NONE', #2904, #1332, #2968, .T. ) ;
#4058 = ORIENTED_EDGE ( 'NONE', *, *, #883, .T. ) ;
#4059 = PLANE ( 'NONE',  #595 ) ;
#4060 = VERTEX_POINT ( 'NONE', #2644 ) ;
#4061 = ORIENTED_EDGE ( 'NONE', *, *, #2591, .F. ) ;
#4062 = VERTEX_POINT ( 'NONE', #5570 ) ;
#4063 = CARTESIAN_POINT ( 'NONE',  ( 29.20000000000000639, -17.20000000000000284, 98.79999999999998295 ) ) ;
#4064 = EDGE_CURVE ( 'NONE', #5486, #1779, #5229, .T. ) ;
#4065 = VECTOR ( 'NONE', #1509, 1000.000000000000000 ) ;
#4066 = PLANE ( 'NONE',  #3939 ) ;
#4067 = ORIENTED_EDGE ( 'NONE', *, *, #793, .T. ) ;
#4068 = CARTESIAN_POINT ( 'NONE',  ( 14.81725989930085419, 23.35358983848619374, 125.4535898384861667 ) ) ;
#4069 = VERTEX_POINT ( 'NONE', #3818 ) ;
#4070 = CARTESIAN_POINT ( 'NONE',  ( -15.00000000000000355, 19.29289321881345032, 89.00828352798708920 ) ) ;
#4071 = VERTEX_POINT ( 'NONE', #2994 ) ;
#4072 = CARTESIAN_POINT ( 'NONE',  ( -15.59999999999999609, 15.99999999999999822, 98.92227237500671322 ) ) ;
#4073 = DIRECTION ( 'NONE',  ( 0.000000000000000000, 0.000000000000000000, -1.000000000000000000 ) ) ;
#4074 = LINE ( 'NONE', #5402, #4720 ) ;
#4075 = PLANE ( 'NONE',  #3999 ) ;
#4076 = AXIS2_PLACEMENT_3D ( 'NONE', #3943, #1421, #4843 ) ;
#4077 = DIRECTION ( 'NONE',  ( -0.000000000000000000, 0.000000000000000000, -1.000000000000000000 ) ) ;
#4078 = CARTESIAN_POINT ( 'NONE',  ( -3.999999999999996447, -3.699999999999993072, 107.7999999999999972 ) ) ;
#4079 = CARTESIAN_POINT ( 'NONE',  ( -25.50000000000000355, -17.34999999999999076, 126.5999999999999943 ) ) ;
#4080 = ORIENTED_EDGE ( 'NONE', *, *, #1401, .T. ) ;
#4081 = EDGE_LOOP ( 'NONE', ( #3524, #5026, #2537, #3428 ) ) ;
#4082 = AXIS2_PLACEMENT_3D ( 'NONE', #3307, #5024, #1157 ) ;
#4083 = FACE_OUTER_BOUND ( 'NONE', #1003, .T. ) ;
#4084 = ORIENTED_EDGE ( 'NONE', *, *, #538, .F. ) ;
#4085 = EDGE_CURVE ( 'NONE', #5303, #5485, #78, .T. ) ;
#4086 = AXIS2_PLACEMENT_3D ( 'NONE', #928, #3868, #1327 ) ;
#4087 = ORIENTED_EDGE ( 'NONE', *, *, #4521, .T. ) ;
#4088 = VERTEX_POINT ( 'NONE', #1278 ) ;
#4089 = DIRECTION ( 'NONE',  ( 0.000000000000000000, 0.000000000000000000, -1.000000000000000000 ) ) ;
#4090 = VECTOR ( 'NONE', #1201, 999.9999999999998863 ) ;
#4091 = CARTESIAN_POINT ( 'NONE',  ( -31.80000000000002203, 12.00000000000000000, 0.000000000000000000 ) ) ;
#4092 = VERTEX_POINT ( 'NONE', #5122 ) ;
#4093 = ADVANCED_FACE ( 'NONE', ( #3425 ), #1768, .F. ) ;
#4094 = DIRECTION ( 'NONE',  ( 1.000000000000000000, 0.000000000000000000, 0.000000000000000000 ) ) ;
#4095 = EDGE_LOOP ( 'NONE', ( #1852, #4860, #4959, #2704 ) ) ;
#4096 = CIRCLE ( 'NONE', #3102, 1.599999999999990319 ) ;
#4097 = ORIENTED_EDGE ( 'NONE', *, *, #458, .T. ) ;
#4099 = LINE ( 'NONE', #4633, #1215 ) ;
#4098 = CONICAL_SURFACE ( 'NONE', #1222, 1.299999999999999378, 0.7853981633974382870 ) ;
#4100 = AXIS2_PLACEMENT_3D ( 'NONE', #4652, #4617, #1177 ) ;
#4101 = ORIENTED_EDGE ( 'NONE', *, *, #1505, .F. ) ;
#4102 = CARTESIAN_POINT ( 'NONE',  ( -13.00000000000000178, 15.99999999999999645, 95.92005097522067558 ) ) ;
#4103 = FACE_OUTER_BOUND ( 'NONE', #4395, .T. ) ;
#4104 = DIRECTION ( 'NONE',  ( 1.000000000000000000, 0.000000000000000000, 0.000000000000000000 ) ) ;
#4105 = CONICAL_SURFACE ( 'NONE', #5102, 1.000000000000001332, 0.7853981633974471688 ) ;
#4106 = DIRECTION ( 'NONE',  ( 0.000000000000000000, -0.7071067811865451302, 0.7071067811865499042 ) ) ;
#4107 = DIRECTION ( 'NONE',  ( -0.000000000000000000, -1.000000000000000000, -0.000000000000000000 ) ) ;
#4108 = VECTOR ( 'NONE', #1729, 1000.000000000000000 ) ;
#4109 = AXIS2_PLACEMENT_3D ( 'NONE', #2975, #841, #3065 ) ;
#4110 = PLANE ( 'NONE',  #2098 ) ;
#4111 = CARTESIAN_POINT ( 'NONE',  ( 0.000000000000000000, -3.699999999999993072, 0.000000000000000000 ) ) ;
#4112 = AXIS2_PLACEMENT_3D ( 'NONE', #4861, #157, #4094 ) ;
#4113 = VECTOR ( 'NONE', #3309, 1000.000000000000000 ) ;
#4114 = VERTEX_POINT ( 'NONE', #834 ) ;
#4115 = ADVANCED_FACE ( 'NONE', ( #4377 ), #1255, .F. ) ;
#4116 = LINE ( 'NONE', #1487, #2211 ) ;
#4117 = EDGE_LOOP ( 'NONE', ( #2849, #3249 ) ) ;
#4118 = EDGE_LOOP ( 'NONE', ( #3517, #1251 ) ) ;
#4119 = LINE ( 'NONE', #2865, #2458 ) ;
#4120 = DIRECTION ( 'NONE',  ( 0.000000000000000000, 0.000000000000000000, -1.000000000000000000 ) ) ;
#4121 = EDGE_CURVE ( 'NONE', #4724, #4088, #3037, .T. ) ;
#4122 = EDGE_CURVE ( 'NONE', #4543, #4938, #4265, .T. ) ;
#4123 = ADVANCED_FACE ( 'NONE', ( #862 ), #3452, .F. ) ;
#4124 = CARTESIAN_POINT ( 'NONE',  ( 15.11428571428576006, 23.10410267255551275, 125.8857142857142435 ) ) ;
#4125 = EDGE_LOOP ( 'NONE', ( #2863, #4901, #3416, #1180 ) ) ;
#4126 = CARTESIAN_POINT ( 'NONE',  ( 32.20000000000000284, -17.20000000000000284, 101.7999999999999829 ) ) ;
#4127 = ORIENTED_EDGE ( 'NONE', *, *, #2194, .F. ) ;
#4128 = EDGE_CURVE ( 'NONE', #576, #2983, #69, .T. ) ;
#4129 = ORIENTED_EDGE ( 'NONE', *, *, #2327, .F. ) ;
#4130 = DIRECTION ( 'NONE',  ( 0.000000000000000000, -0.7071067811865475727, 0.7071067811865475727 ) ) ;
#4131 = VERTEX_POINT ( 'NONE', #893 ) ;
#4132 = FACE_OUTER_BOUND ( 'NONE', #2396, .T. ) ;
#4133 = CARTESIAN_POINT ( 'NONE',  ( -26.50000000000000355, -15.99999999999999289, 129.0000000000000000 ) ) ;
#4134 = LINE ( 'NONE', #2907, #3931 ) ;
#4135 = VERTEX_POINT ( 'NONE', #5149 ) ;
#4136 = LINE ( 'NONE', #2883, #943 ) ;
#4137 = CARTESIAN_POINT ( 'NONE',  ( 25.50000000000000355, 19.00000000000000000, 125.0000000000000000 ) ) ;
#4138 = CARTESIAN_POINT ( 'NONE',  ( 13.00000000000000178, 15.99999999999999645, 119.7068820658331418 ) ) ;
#4139 = DIRECTION ( 'NONE',  ( -0.7071067811865459074, -0.7071067811865491270, 0.000000000000000000 ) ) ;
#4140 = VERTEX_POINT ( 'NONE', #2151 ) ;
#4141 = CARTESIAN_POINT ( 'NONE',  ( 13.00000000000000178, 2.919354036106037498, 112.1547675974048985 ) ) ;
#4142 = CARTESIAN_POINT ( 'NONE',  ( 0.000000000000000000, 32.39145081077447941, 102.8139479011345117 ) ) ;
#4143 = EDGE_LOOP ( 'NONE', ( #3772, #4834 ) ) ;
#4144 = CARTESIAN_POINT ( 'NONE',  ( -3.999999999999996447, -3.699999999999993072, 107.7999999999999972 ) ) ;
#4145 = CARTESIAN_POINT ( 'NONE',  ( -33.50000000000000000, 18.99999999999999645, 0.4000000000000000222 ) ) ;
#4146 = LINE ( 'NONE', #2393, #74 ) ;
#4147 = ORIENTED_EDGE ( 'NONE', *, *, #134, .F. ) ;
#4148 = DIRECTION ( 'NONE',  ( 0.000000000000000000, 1.521687259628782945E-16, 1.000000000000000000 ) ) ;
#4149 = ORIENTED_EDGE ( 'NONE', *, *, #1843, .F. ) ;
#4150 = ADVANCED_FACE ( 'NONE', ( #2540 ), #3032, .T. ) ;
#4151 = ORIENTED_EDGE ( 'NONE', *, *, #5165, .T. ) ;
#4152 = DIRECTION ( 'NONE',  ( 0.000000000000000000, -0.7071067811865475727, 0.7071067811865475727 ) ) ;
#4153 = DIRECTION ( 'NONE',  ( -0.000000000000000000, -0.000000000000000000, -1.000000000000000000 ) ) ;
#4154 = DIRECTION ( 'NONE',  ( 0.000000000000000000, 0.7071067811865474617, 0.7071067811865474617 ) ) ;
#4155 = FACE_BOUND ( 'NONE', #960, .T. ) ;
#4156 = VERTEX_POINT ( 'NONE', #3934 ) ;
#4157 = EDGE_CURVE ( 'NONE', #2891, #5557, #3506, .T. ) ;
#4158 = CARTESIAN_POINT ( 'NONE',  ( -28.69999999999999574, -12.00000000000000000, 6.000000000000000000 ) ) ;
#4159 = CARTESIAN_POINT ( 'NONE',  ( -31.30000000000000071, 12.00000000000000000, 6.000000000000000000 ) ) ;
#4160 = CARTESIAN_POINT ( 'NONE',  ( 25.50000000000000355, 19.00000000000000000, 125.0000000000000000 ) ) ;
#4161 = UNCERTAINTY_MEASURE_WITH_UNIT (LENGTH_MEASURE( 1.000000000000000082E-05 ), #3361, 'distance_accuracy_value', 'NONE');
#4162 = EDGE_CURVE ( 'NONE', #2005, #5248, #5306, .T. ) ;
#4163 = DIRECTION ( 'NONE',  ( -0.000000000000000000, -1.000000000000000000, -0.000000000000000000 ) ) ;
#4164 = FACE_BOUND ( 'NONE', #2037, .T. ) ;
#4165 = ORIENTED_EDGE ( 'NONE', *, *, #3607, .F. ) ;
#4166 = PLANE ( 'NONE',  #5452 ) ;
#4167 = DIRECTION ( 'NONE',  ( 0.000000000000000000, 0.000000000000000000, 1.000000000000000000 ) ) ;
#4168 = ORIENTED_EDGE ( 'NONE', *, *, #5260, .T. ) ;
#4169 = VERTEX_POINT ( 'NONE', #3852 ) ;
#4170 = PLANE ( 'NONE',  #4352 ) ;
#4171 = CARTESIAN_POINT ( 'NONE',  ( 9.000000000000001776, 33.23997894819829213, 108.6122235068642539 ) ) ;
#4172 = VECTOR ( 'NONE', #177, 1000.000000000000114 ) ;
#4173 = DIRECTION ( 'NONE',  ( -2.001604010742468037E-16, 0.7071067811865486830, 0.7071067811865464625 ) ) ;
#4174 = EDGE_LOOP ( 'NONE', ( #1325, #449, #3606, #1016 ) ) ;
#4175 = DIRECTION ( 'NONE',  ( 0.000000000000000000, 0.8660254037844418162, 0.4999999999999945044 ) ) ;
#4176 = ORIENTED_EDGE ( 'NONE', *, *, #1740, .T. ) ;
#4177 = CIRCLE ( 'NONE', #132, 1.649999999999998579 ) ;
#4178 = VERTEX_POINT ( 'NONE', #3483 ) ;
#4179 = PLANE ( 'NONE',  #4000 ) ;
#4180 = ORIENTED_EDGE ( 'NONE', *, *, #1020, .F. ) ;
#4181 = CARTESIAN_POINT ( 'NONE',  ( 25.50000000000000355, 35.49999999999985789, 123.4000000000000057 ) ) ;
#4182 = EDGE_CURVE ( 'NONE', #653, #3715, #912, .T. ) ;
#4183 = CARTESIAN_POINT ( 'NONE',  ( -26.50000000000000355, 16.00000000000000000, 6.000000000000000000 ) ) ;
#4184 = AXIS2_PLACEMENT_3D ( 'NONE', #3726, #245, #773 ) ;
#4185 = FACE_BOUND ( 'NONE', #1958, .T. ) ;
#4186 = EDGE_LOOP ( 'NONE', ( #90, #3924, #3405, #5329 ) ) ;
#4187 = CARTESIAN_POINT ( 'NONE',  ( -33.33431457505076878, -18.59999999999999787, 0.4000000000000000222 ) ) ;
#4188 = AXIS2_PLACEMENT_3D ( 'NONE', #1994, #3351, #2957 ) ;
#4189 = ADVANCED_FACE ( 'NONE', ( #1914 ), #528, .T. ) ;
#4190 = FACE_OUTER_BOUND ( 'NONE', #3746, .T. ) ;
#4191 = EDGE_CURVE ( 'NONE', #4343, #4304, #2348, .T. ) ;
#4192 = LINE ( 'NONE', #3289, #958 ) ;
#4193 = EDGE_CURVE ( 'NONE', #32, #2969, #2234, .T. ) ;
#4194 = AXIS2_PLACEMENT_3D ( 'NONE', #3603, #5326, #1799 ) ;
#4195 = AXIS2_PLACEMENT_3D ( 'NONE', #3679, #1532, #3260 ) ;
#4196 = DIRECTION ( 'NONE',  ( 0.000000000000000000, 0.000000000000000000, -1.000000000000000000 ) ) ;
#4197 = DIRECTION ( 'NONE',  ( 0.000000000000000000, 0.000000000000000000, 1.000000000000000000 ) ) ;
#4198 = VECTOR ( 'NONE', #808, 1000.000000000000000 ) ;
#4199 = EDGE_CURVE ( 'NONE', #5205, #4545, #2305, .T. ) ;
#4200 = CIRCLE ( 'NONE', #5107, 1.649999999999998579 ) ;
#4201 = DIRECTION ( 'NONE',  ( 0.000000000000000000, 0.000000000000000000, 1.000000000000000000 ) ) ;
#4202 = DIRECTION ( 'NONE',  ( 0.000000000000000000, -0.7071067811865474617, -0.7071067811865474617 ) ) ;
#4203 = ORIENTED_EDGE ( 'NONE', *, *, #2194, .T. ) ;
#4204 = EDGE_LOOP ( 'NONE', ( #466, #3223, #5063, #3954 ) ) ;
#4205 = CARTESIAN_POINT ( 'NONE',  ( -9.000000000000001776, 28.64378487048572097, 104.0160294291517005 ) ) ;
#4206 = CIRCLE ( 'NONE', #4024, 1.800000000000023803 ) ;
#4207 = PLANE ( 'NONE',  #935 ) ;
#4208 = AXIS2_PLACEMENT_3D ( 'NONE', #939, #4751, #3401 ) ;
#4209 = DIRECTION ( 'NONE',  ( 0.000000000000000000, -0.7071067811865510144, -0.7071067811865441310 ) ) ;
#4210 = EDGE_LOOP ( 'NONE', ( #5212, #281, #5483, #2250 ) ) ;
#4211 = CARTESIAN_POINT ( 'NONE',  ( 0.000000000000000000, 0.000000000000000000, 0.000000000000000000 ) ) ;
#4212 = EDGE_LOOP ( 'NONE', ( #5056, #1352, #529, #2555 ) ) ;
#4213 = ORIENTED_EDGE ( 'NONE', *, *, #3005, .T. ) ;
#4214 = LINE ( 'NONE', #3314, #4636 ) ;
#4215 = FACE_OUTER_BOUND ( 'NONE', #3447, .T. ) ;
#4216 = LINE ( 'NONE', #4552, #1817 ) ;
#4217 = CARTESIAN_POINT ( 'NONE',  ( 26.50000000000000355, -15.99999999999999289, 129.0000000000000000 ) ) ;
#4218 = ORIENTED_EDGE ( 'NONE', *, *, #1499, .T. ) ;
#4219 = CARTESIAN_POINT ( 'NONE',  ( 1.836970198720982109E-16, 31.68434402958792617, 101.3997343387614762 ) ) ;
#4220 = EDGE_CURVE ( 'NONE', #4131, #2032, #3658, .T. ) ;
#4221 = CARTESIAN_POINT ( 'NONE',  ( 16.99862075525229699, -12.64999999999999503, 117.1700000000000159 ) ) ;
#4222 = CARTESIAN_POINT ( 'NONE',  ( 23.80000000000000071, -19.00000000000000711, 111.2000000000000028 ) ) ;
#4223 = DIRECTION ( 'NONE',  ( -0.000000000000000000, -0.8660254037844420383, -0.4999999999999941713 ) ) ;
#4224 = CARTESIAN_POINT ( 'NONE',  ( 23.80000000000000071, -19.00000000000000711, 109.2000000000000028 ) ) ;
#4225 = EDGE_CURVE ( 'NONE', #1863, #3872, #1081, .T. ) ;
#4226 = CARTESIAN_POINT ( 'NONE',  ( -33.33431457505076878, -18.59999999999999787, 0.4000000000000000222 ) ) ;
#4227 = DIRECTION ( 'NONE',  ( -0.000000000000000000, 0.8660254037844420383, 0.4999999999999942824 ) ) ;
#4228 = ORIENTED_EDGE ( 'NONE', *, *, #2223, .F. ) ;
#4229 = FACE_OUTER_BOUND ( 'NONE', #3551, .T. ) ;
#4230 = EDGE_CURVE ( 'NONE', #3426, #4329, #2703, .T. ) ;
#4231 = CARTESIAN_POINT ( 'NONE',  ( -25.50000000000000355, -17.34999999999999076, 125.0000000000000000 ) ) ;
#4232 = DIRECTION ( 'NONE',  ( 0.000000000000000000, -1.000000000000000000, 1.598721155460225418E-14 ) ) ;
#4233 = ORIENTED_EDGE ( 'NONE', *, *, #4677, .F. ) ;
#4234 = CARTESIAN_POINT ( 'NONE',  ( -9.000000000000001776, 33.42944763917979145, 108.8016921978457674 ) ) ;
#4235 = ORIENTED_EDGE ( 'NONE', *, *, #4653, .T. ) ;
#4236 = EDGE_CURVE ( 'NONE', #3133, #325, #122, .T. ) ;
#4237 = ORIENTED_EDGE ( 'NONE', *, *, #953, .T. ) ;
#4238 = DIRECTION ( 'NONE',  ( 0.7071067811865474617, -0.7071067811865474617, 0.000000000000000000 ) ) ;
#4239 = CARTESIAN_POINT ( 'NONE',  ( -12.99999999999999822, -3.699999999999993072, 100.7999999999999972 ) ) ;
#4240 = CARTESIAN_POINT ( 'NONE',  ( 34.10000000000000142, -17.83431457505074746, 0.000000000000000000 ) ) ;
#4241 = DIRECTION ( 'NONE',  ( -0.000000000000000000, -1.000000000000000000, -0.000000000000000000 ) ) ;
#4242 = EDGE_LOOP ( 'NONE', ( #2747, #4688, #3851, #1193, #1125, #4507, #3558, #2812 ) ) ;
#4243 = CARTESIAN_POINT ( 'NONE',  ( 32.50000000000000711, -9.149999999999995026, 107.9700000000000131 ) ) ;
#4244 = CONICAL_SURFACE ( 'NONE', #2791, 1.299999999999999156, 0.7853981633974582710 ) ;
#4245 = CARTESIAN_POINT ( 'NONE',  ( -33.33431457505076168, 18.59999999999999432, 0.000000000000000000 ) ) ;
#4246 = PLANE ( 'NONE',  #2212 ) ;
#4247 = CARTESIAN_POINT ( 'NONE',  ( 34.10000000000000142, -17.83431457505074746, 0.4000000000000000222 ) ) ;
#4248 = CARTESIAN_POINT ( 'NONE',  ( -2.499999999999993783, 33.42944763917979145, 108.8016921978457674 ) ) ;
#4249 = PLANE ( 'NONE',  #3107 ) ;
#4250 = CARTESIAN_POINT ( 'NONE',  ( -15.00000000000000000, 19.99999999999999645, 126.0000000000000000 ) ) ;
#4251 = ORIENTED_EDGE ( 'NONE', *, *, #4294, .F. ) ;
#4252 = ORIENTED_EDGE ( 'NONE', *, *, #2018, .T. ) ;
#4253 = DIRECTION ( 'NONE',  ( -0.000000000000000000, -0.7071067811865476838, 0.7071067811865474617 ) ) ;
#4254 = CARTESIAN_POINT ( 'NONE',  ( -12.99999999999999467, -3.699999999999993072, 120.0000000000000000 ) ) ;
#4255 = EDGE_CURVE ( 'NONE', #3477, #3693, #973, .T. ) ;
#4256 = ADVANCED_FACE ( 'NONE', ( #2676 ), #1479, .F. ) ;
#4257 = AXIS2_PLACEMENT_3D ( 'NONE', #4307, #459, #1649 ) ;
#4258 = CARTESIAN_POINT ( 'NONE',  ( 33.50000000000002842, 18.99999999999999645, 129.0000000000000000 ) ) ;
#4259 = EDGE_LOOP ( 'NONE', ( #3701, #1139, #886, #713, #4213, #3988, #2367, #1041, #4370, #3267, #2908, #4233, #4282, #1252, #1424, #4479 ) ) ;
#4260 = ORIENTED_EDGE ( 'NONE', *, *, #80, .F. ) ;
#4261 = MECHANICAL_DESIGN_GEOMETRIC_PRESENTATION_REPRESENTATION (  '', ( #2809 ), #3459 ) ;
#4262 = ORIENTED_EDGE ( 'NONE', *, *, #2763, .T. ) ;
#4263 = DIRECTION ( 'NONE',  ( 4.040504990629207337E-17, 0.000000000000000000, -1.000000000000000000 ) ) ;
#4264 = EDGE_CURVE ( 'NONE', #4062, #5016, #2256, .T. ) ;
#4265 = LINE ( 'NONE', #4723, #4745 ) ;
#4266 = VERTEX_POINT ( 'NONE', #1804 ) ;
#4267 = CARTESIAN_POINT ( 'NONE',  ( -16.00000000000000000, 23.49999999999999645, 125.0000000000000000 ) ) ;
#4268 = ORIENTED_EDGE ( 'NONE', *, *, #5137, .T. ) ;
#4269 = AXIS2_PLACEMENT_3D ( 'NONE', #3008, #4735, #5319 ) ;
#4270 = DIRECTION ( 'NONE',  ( -0.7071067811865525687, 0.000000000000000000, -0.7071067811865425767 ) ) ;
#4271 = DIRECTION ( 'NONE',  ( -0.000000000000000000, 1.000000000000000000, -0.000000000000000000 ) ) ;
#4272 = VECTOR ( 'NONE', #2735, 1000.000000000000000 ) ;
#4273 = DIRECTION ( 'NONE',  ( 0.7071067811865474617, 0.000000000000000000, -0.7071067811865474617 ) ) ;
#4274 = DIRECTION ( 'NONE',  ( -0.000000000000000000, -0.000000000000000000, -1.000000000000000000 ) ) ;
#4275 = LINE ( 'NONE', #2138, #2621 ) ;
#4276 = LINE ( 'NONE', #536, #1386 ) ;
#4277 = CARTESIAN_POINT ( 'NONE',  ( -12.99999999999999822, -3.699999999999993072, 99.79999999999999716 ) ) ;
#4278 = VECTOR ( 'NONE', #12, 1000.000000000000000 ) ;
#4279 = VECTOR ( 'NONE', #4699, 1000.000000000000000 ) ;
#4280 = FACE_OUTER_BOUND ( 'NONE', #4846, .T. ) ;
#4281 = ORIENTED_EDGE ( 'NONE', *, *, #1359, .T. ) ;
#4282 = ORIENTED_EDGE ( 'NONE', *, *, #4029, .T. ) ;
#4283 = FACE_OUTER_BOUND ( 'NONE', #4043, .T. ) ;
#4284 = CARTESIAN_POINT ( 'NONE',  ( -34.10000000000000853, 17.83431457505076523, 0.4000000000000000222 ) ) ;
#4285 = AXIS2_PLACEMENT_3D ( 'NONE', #4553, #665, #2373 ) ;
#4286 = VECTOR ( 'NONE', #1683, 1000.000000000000000 ) ;
#4287 = ADVANCED_FACE ( 'NONE', ( #1887 ), #4913, .F. ) ;
#4288 = CARTESIAN_POINT ( 'NONE',  ( -25.50000000000000355, 15.99999999999999645, 126.5999999999999943 ) ) ;
#4289 = ORIENTED_EDGE ( 'NONE', *, *, #4057, .F. ) ;
#4290 = CIRCLE ( 'NONE', #151, 1.799999999999982059 ) ;
#4291 = VERTEX_POINT ( 'NONE', #3136 ) ;
#4292 = EDGE_LOOP ( 'NONE', ( #3422, #2479, #5225, #5071 ) ) ;
#4293 = ADVANCED_FACE ( 'NONE', ( #1412 ), #1057, .F. ) ;
#4294 = EDGE_CURVE ( 'NONE', #1548, #4398, #2485, .T. ) ;
#4295 = ADVANCED_FACE ( 'NONE', ( #1862 ), #4066, .F. ) ;
#4296 = EDGE_LOOP ( 'NONE', ( #1654, #3344, #4655, #3175 ) ) ;
#4297 = DIRECTION ( 'NONE',  ( 0.000000000000000000, 0.2588190451025422778, 0.9659258262890624280 ) ) ;
#4298 = CARTESIAN_POINT ( 'NONE',  ( -9.000000000000001776, 18.99999999999999645, 123.0000000000000000 ) ) ;
#4299 = EDGE_LOOP ( 'NONE', ( #2011, #4944, #1496, #3318 ) ) ;
#4300 = CARTESIAN_POINT ( 'NONE',  ( -9.000000000000001776, 33.23997894819829213, 108.6122235068642539 ) ) ;
#4301 = ORIENTED_EDGE ( 'NONE', *, *, #2734, .F. ) ;
#4302 = CARTESIAN_POINT ( 'NONE',  ( 25.50000000000000355, -19.00000000000000711, 121.7500000000000000 ) ) ;
#4303 = EDGE_CURVE ( 'NONE', #4060, #3682, #154, .T. ) ;
#4304 = VERTEX_POINT ( 'NONE', #206 ) ;
#4305 = CARTESIAN_POINT ( 'NONE',  ( -4.999999999999980460, -3.699999999999993072, 120.0000000000000000 ) ) ;
#4306 = CARTESIAN_POINT ( 'NONE',  ( -5.000000000000011546, -3.699999999999993072, 108.8000000000000114 ) ) ;
#4307 = CARTESIAN_POINT ( 'NONE',  ( 34.50000000000000000, -9.149999999999995026, 117.1700000000000159 ) ) ;
#4308 = FACE_OUTER_BOUND ( 'NONE', #1385, .T. ) ;
#4309 = CARTESIAN_POINT ( 'NONE',  ( 13.00000000000000178, 11.91935403610592736, 96.56631032928493141 ) ) ;
#4310 = ORIENTED_EDGE ( 'NONE', *, *, #4162, .F. ) ;
#4311 = LINE ( 'NONE', #372, #1380 ) ;
#4312 = DIRECTION ( 'NONE',  ( 0.000000000000000000, 0.000000000000000000, -1.000000000000000000 ) ) ;
#4313 = FACE_OUTER_BOUND ( 'NONE', #2814, .T. ) ;
#4314 = EDGE_LOOP ( 'NONE', ( #3683, #2902 ) ) ;
#4315 = ORIENTED_EDGE ( 'NONE', *, *, #127, .F. ) ;
#4316 = ADVANCED_FACE ( 'NONE', ( #1495 ), #4941, .F. ) ;
#4317 = VERTEX_POINT ( 'NONE', #3359 ) ;
#4318 = PLANE ( 'NONE',  #140 ) ;
#4319 = CARTESIAN_POINT ( 'NONE',  ( 15.59999999999999609, 15.99999999999999822, 119.7068820658331703 ) ) ;
#4320 = VERTEX_POINT ( 'NONE', #736 ) ;
#4321 = FACE_OUTER_BOUND ( 'NONE', #5441, .T. ) ;
#4322 = ORIENTED_EDGE ( 'NONE', *, *, #1286, .F. ) ;
#4323 = DIRECTION ( 'NONE',  ( 0.000000000000000000, 0.000000000000000000, 1.000000000000000000 ) ) ;
#4324 = DIRECTION ( 'NONE',  ( 0.000000000000000000, 0.000000000000000000, -1.000000000000000000 ) ) ;
#4325 = EDGE_CURVE ( 'NONE', #2811, #1725, #4967, .T. ) ;
#4326 = PLANE ( 'NONE',  #661 ) ;
#4327 = VECTOR ( 'NONE', #1935, 1000.000000000000000 ) ;
#4328 = LINE ( 'NONE', #5216, #759 ) ;
#4329 = VERTEX_POINT ( 'NONE', #2031 ) ;
#4330 = DIRECTION ( 'NONE',  ( 0.7071067811865474617, -0.000000000000000000, -0.7071067811865474617 ) ) ;
#4331 = EDGE_CURVE ( 'NONE', #5566, #2709, #4146, .T. ) ;
#4332 = ORIENTED_EDGE ( 'NONE', *, *, #538, .T. ) ;
#4333 = CARTESIAN_POINT ( 'NONE',  ( 16.00000000000000000, 34.68954158676717014, 105.8191454583138125 ) ) ;
#4334 = CARTESIAN_POINT ( 'NONE',  ( 31.50000000000000711, -15.99999999999999289, 129.0000000000000000 ) ) ;
#4335 = FACE_OUTER_BOUND ( 'NONE', #2292, .T. ) ;
#4336 = ORIENTED_EDGE ( 'NONE', *, *, #2187, .T. ) ;
#4337 = ORIENTED_EDGE ( 'NONE', *, *, #964, .F. ) ;
#4338 = ORIENTED_EDGE ( 'NONE', *, *, #5293, .F. ) ;
#4339 = ORIENTED_EDGE ( 'NONE', *, *, #246, .T. ) ;
#4340 = CONICAL_SURFACE ( 'NONE', #2626, 1.299999999999999156, 0.7853981633974582710 ) ;
#4341 = CARTESIAN_POINT ( 'NONE',  ( -5.000000000000023093, -3.699999999999993072, 129.0000000000000000 ) ) ;
#4342 = CARTESIAN_POINT ( 'NONE',  ( -5.000000000000011546, -3.699999999999993072, 108.8000000000000114 ) ) ;
#4343 = VERTEX_POINT ( 'NONE', #5393 ) ;
#4344 = CARTESIAN_POINT ( 'NONE',  ( 30.00000000000000000, -12.00000000000000000, 0.4999999999999744094 ) ) ;
#4345 = ORIENTED_EDGE ( 'NONE', *, *, #2600, .F. ) ;
#4346 = PRESENTATION_LAYER_ASSIGNMENT (  '', '', ( #2809 ) ) ;
#4347 = EDGE_LOOP ( 'NONE', ( #4934, #3783, #1064, #2051 ) ) ;
#4348 = EDGE_CURVE ( 'NONE', #266, #3082, #1631, .T. ) ;
#4349 = DIRECTION ( 'NONE',  ( 0.000000000000000000, 0.2588190451025422778, 0.9659258262890624280 ) ) ;
#4350 = VECTOR ( 'NONE', #762, 1000.000000000000114 ) ;
#4351 = FACE_BOUND ( 'NONE', #2892, .T. ) ;
#4352 = AXIS2_PLACEMENT_3D ( 'NONE', #4621, #761, #5194 ) ;
#4353 = CARTESIAN_POINT ( 'NONE',  ( 30.00000000000000000, -12.00000000000000000, 0.4999999999999744094 ) ) ;
#4354 = EDGE_CURVE ( 'NONE', #4890, #3082, #351, .T. ) ;
#4355 = ADVANCED_FACE ( 'NONE', ( #5415 ), #3332, .F. ) ;
#4356 = VECTOR ( 'NONE', #2974, 1000.000000000000000 ) ;
#4357 = EDGE_CURVE ( 'NONE', #3522, #2529, #2361, .T. ) ;
#4358 = CARTESIAN_POINT ( 'NONE',  ( 33.49999999999998579, -19.00000000000000355, 0.4000000000000000222 ) ) ;
#4359 = CARTESIAN_POINT ( 'NONE',  ( -9.000000000000001776, 29.35089165167226710, 103.3089226479651472 ) ) ;
#4360 = ORIENTED_EDGE ( 'NONE', *, *, #2616, .T. ) ;
#4361 = CIRCLE ( 'NONE', #4184, 1.299999999999994493 ) ;
#4362 = CARTESIAN_POINT ( 'NONE',  ( 33.50000000000002842, 18.99999999999999645, 0.4000000000000000222 ) ) ;
#4363 = CARTESIAN_POINT ( 'NONE',  ( -8.499999999999992895, -19.00000000000000711, 113.4000000000000057 ) ) ;
#4364 = ADVANCED_FACE ( 'NONE', ( #1974 ), #2000, .F. ) ;
#4365 = VECTOR ( 'NONE', #179, 1000.000000000000000 ) ;
#4366 = AXIS2_PLACEMENT_3D ( 'NONE', #1023, #4456, #3527 ) ;
#4367 = FACE_OUTER_BOUND ( 'NONE', #1642, .T. ) ;
#4368 = ORIENTED_EDGE ( 'NONE', *, *, #3671, .T. ) ;
#4369 = ORIENTED_EDGE ( 'NONE', *, *, #4020, .T. ) ;
#4370 = ORIENTED_EDGE ( 'NONE', *, *, #3533, .F. ) ;
#4371 = CIRCLE ( 'NONE', #329, 3.500000000000003109 ) ;
#4372 = AXIS2_PLACEMENT_3D ( 'NONE', #1812, #1732, #3536 ) ;
#4373 = VERTEX_POINT ( 'NONE', #324 ) ;
#4375 = CARTESIAN_POINT ( 'NONE',  ( -15.00000000000000355, 19.29289321881345032, 89.00828352798708920 ) ) ;
#4374 = CIRCLE ( 'NONE', #425, 1.299999999999999156 ) ;
#4376 = AXIS2_PLACEMENT_3D ( 'NONE', #2240, #25, #106 ) ;
#4377 = FACE_OUTER_BOUND ( 'NONE', #2054, .T. ) ;
#4378 = ORIENTED_EDGE ( 'NONE', *, *, #5504, .T. ) ;
#4379 = CARTESIAN_POINT ( 'NONE',  ( -12.99999999999999467, -3.699999999999993072, 129.0000000000000000 ) ) ;
#4380 = ORIENTED_EDGE ( 'NONE', *, *, #897, .F. ) ;
#4381 = VECTOR ( 'NONE', #2573, 1000.000000000000000 ) ;
#4382 = VECTOR ( 'NONE', #1604, 1000.000000000000000 ) ;
#4383 = CARTESIAN_POINT ( 'NONE',  ( -3.999999999999996447, -15.99999999999999289, 107.7999999999999972 ) ) ;
#4384 = DIRECTION ( 'NONE',  ( -1.000000000000000000, -0.000000000000000000, -0.000000000000000000 ) ) ;
#4385 = CARTESIAN_POINT ( 'NONE',  ( -16.00000000000000000, 19.29289321881345032, 89.00828352798708920 ) ) ;
#4386 = FACE_OUTER_BOUND ( 'NONE', #3914, .T. ) ;
#4387 = EDGE_CURVE ( 'NONE', #4373, #1212, #1133, .T. ) ;
#4388 = LINE ( 'NONE', #4358, #5182 ) ;
#4389 = DIRECTION ( 'NONE',  ( -0.000000000000000000, 0.7071067811865451302, -0.7071067811865499042 ) ) ;
#4390 = VERTEX_POINT ( 'NONE', #4626 ) ;
#4391 = EDGE_LOOP ( 'NONE', ( #103, #5075, #455, #3442 ) ) ;
#4392 = CARTESIAN_POINT ( 'NONE',  ( -4.999999999999980460, -15.99999999999999289, 120.0000000000000000 ) ) ;
#4393 = PLANE ( 'NONE',  #1894 ) ;
#4394 = LINE ( 'NONE', #114, #3389 ) ;
#4395 = EDGE_LOOP ( 'NONE', ( #5147, #1759, #3099, #2592 ) ) ;
#4396 = EDGE_CURVE ( 'NONE', #1441, #1769, #4542, .T. ) ;
#4397 = EDGE_LOOP ( 'NONE', ( #123, #2231, #917, #1652 ) ) ;
#4398 = VERTEX_POINT ( 'NONE', #765 ) ;
#4399 = FACE_OUTER_BOUND ( 'NONE', #4299, .T. ) ;
#4400 = CYLINDRICAL_SURFACE ( 'NONE', #3200, 1.299999999999999378 ) ;
#4401 = DIRECTION ( 'NONE',  ( 0.000000000000000000, 0.000000000000000000, 1.000000000000000000 ) ) ;
#4402 = ORIENTED_EDGE ( 'NONE', *, *, #3573, .T. ) ;
#4403 = EDGE_CURVE ( 'NONE', #3366, #3640, #3719, .T. ) ;
#4404 = CARTESIAN_POINT ( 'NONE',  ( -32.20000000000001705, -19.00000000000000355, 6.000000000000000000 ) ) ;
#4405 = ORIENTED_EDGE ( 'NONE', *, *, #350, .F. ) ;
#4406 = ORIENTED_EDGE ( 'NONE', *, *, #104, .T. ) ;
#4407 = CYLINDRICAL_SURFACE ( 'NONE', #3917, 1.299999999999999378 ) ;
#4408 = VERTEX_POINT ( 'NONE', #3756 ) ;
#4409 = CARTESIAN_POINT ( 'NONE',  ( -15.59999999999999609, 15.99999999999999822, 95.92005097522067558 ) ) ;
#4410 = PLANE ( 'NONE',  #149 ) ;
#4411 = CARTESIAN_POINT ( 'NONE',  ( -8.499999999999992895, -4.200000000000028599, 124.5000000000000000 ) ) ;
#4412 = LINE ( 'NONE', #589, #4540 ) ;
#4413 = CARTESIAN_POINT ( 'NONE',  ( 13.00000000000000178, 23.91698729810783774, 124.2777568135664836 ) ) ;
#4414 = ORIENTED_EDGE ( 'NONE', *, *, #276, .T. ) ;
#4415 = CARTESIAN_POINT ( 'NONE',  ( 13.00000000000000178, 33.56698729810768356, 107.5634665205267453 ) ) ;
#4416 = DIRECTION ( 'NONE',  ( 0.000000000000000000, 0.000000000000000000, -1.000000000000000000 ) ) ;
#4417 = AXIS2_PLACEMENT_3D ( 'NONE', #1693, #4794, #3920 ) ;
#4418 = DIRECTION ( 'NONE',  ( -0.7071067811865524577, 0.000000000000000000, 0.7071067811865426878 ) ) ;
#4419 = VERTEX_POINT ( 'NONE', #5482 ) ;
#4420 = ORIENTED_EDGE ( 'NONE', *, *, #2284, .T. ) ;
#4421 = ORIENTED_EDGE ( 'NONE', *, *, #2693, .T. ) ;
#4422 = CARTESIAN_POINT ( 'NONE',  ( -12.99999999999999467, -15.99999999999999289, 128.0000000000000000 ) ) ;
#4423 = CARTESIAN_POINT ( 'NONE',  ( 17.00000000000000000, 18.99999999999999645, 125.0000000000000000 ) ) ;
#4424 = EDGE_CURVE ( 'NONE', #440, #4543, #2661, .T. ) ;
#4425 = EDGE_CURVE ( 'NONE', #3063, #4836, #3398, .T. ) ;
#4426 = EDGE_CURVE ( 'NONE', #5206, #5243, #4512, .T. ) ;
#4427 = DIRECTION ( 'NONE',  ( 0.000000000000000000, 3.043374519257565397E-16, 1.000000000000000000 ) ) ;
#4428 = CARTESIAN_POINT ( 'NONE',  ( -8.499999999999992895, -4.200000000000028599, 124.5000000000000000 ) ) ;
#4429 = ORIENTED_EDGE ( 'NONE', *, *, #5353, .T. ) ;
#4430 = DIRECTION ( 'NONE',  ( 1.000000000000000000, 0.000000000000000000, 0.000000000000000000 ) ) ;
#4431 = ORIENTED_EDGE ( 'NONE', *, *, #1708, .T. ) ;
#4432 = ADVANCED_FACE ( 'NONE', ( #1575 ), #3782, .F. ) ;
#4433 = ORIENTED_EDGE ( 'NONE', *, *, #3156, .T. ) ;
#4434 = FACE_OUTER_BOUND ( 'NONE', #3336, .T. ) ;
#4435 = DIRECTION ( 'NONE',  ( 0.000000000000000000, -0.7071067811865474617, -0.7071067811865474617 ) ) ;
#4436 = FACE_OUTER_BOUND ( 'NONE', #4391, .T. ) ;
#4437 = VECTOR ( 'NONE', #900, 1000.000000000000000 ) ;
#4438 = CARTESIAN_POINT ( 'NONE',  ( -15.60000000000000142, 23.80550504633035658, 124.6708497377870373 ) ) ;
#4439 = AXIS2_PLACEMENT_3D ( 'NONE', #2131, #838, #2544 ) ;
#4440 = FACE_OUTER_BOUND ( 'NONE', #2483, .T. ) ;
#4441 = CARTESIAN_POINT ( 'NONE',  ( -33.50000000000000000, -19.00000000000000355, 0.4000000000000114575 ) ) ;
#4442 = ORIENTED_EDGE ( 'NONE', *, *, #2629, .F. ) ;
#4443 = DIRECTION ( 'NONE',  ( -0.6947465906068628350, 0.3596272983381939015, -0.6228927525105039109 ) ) ;
#4444 = FACE_OUTER_BOUND ( 'NONE', #201, .T. ) ;
#4445 = AXIS2_PLACEMENT_3D ( 'NONE', #3969, #3888, #3412 ) ;
#4446 = VECTOR ( 'NONE', #1148, 1000.000000000000000 ) ;
#4447 = AXIS2_PLACEMENT_3D ( 'NONE', #3228, #2337, #978 ) ;
#4448 = CIRCLE ( 'NONE', #1659, 1.499999999999879430 ) ;
#4449 = DIRECTION ( 'NONE',  ( 0.000000000000000000, -0.4999999999999830691, 0.8660254037844483666 ) ) ;
#4450 = VERTEX_POINT ( 'NONE', #4091 ) ;
#4451 = VERTEX_POINT ( 'NONE', #236 ) ;
#4452 = CARTESIAN_POINT ( 'NONE',  ( -25.50000000000000355, 17.34999999999998366, 125.0000000000000000 ) ) ;
#4453 = FACE_OUTER_BOUND ( 'NONE', #4002, .T. ) ;
#4454 = EDGE_CURVE ( 'NONE', #5497, #5396, #3667, .T. ) ;
#4455 = CIRCLE ( 'NONE', #2379, 1.300000000000002487 ) ;
#4456 = DIRECTION ( 'NONE',  ( 0.000000000000000000, -1.000000000000000000, 0.000000000000000000 ) ) ;
#4457 = DIRECTION ( 'NONE',  ( 0.000000000000000000, 1.000000000000000000, 0.000000000000000000 ) ) ;
#4458 = ORIENTED_EDGE ( 'NONE', *, *, #4521, .F. ) ;
#4459 = AXIS2_PLACEMENT_3D ( 'NONE', #651, #729, #2053 ) ;
#4460 = VECTOR ( 'NONE', #563, 1000.000000000000000 ) ;
#4461 = DIRECTION ( 'NONE',  ( 0.000000000000000000, 1.000000000000000000, 0.000000000000000000 ) ) ;
#4462 = VERTEX_POINT ( 'NONE', #2197 ) ;
#4463 = EDGE_CURVE ( 'NONE', #325, #744, #3446, .T. ) ;
#4464 = ADVANCED_FACE ( 'NONE', ( #4335 ), #490, .T. ) ;
#4465 = EDGE_CURVE ( 'NONE', #5000, #4462, #5170, .T. ) ;
#4466 = AXIS2_PLACEMENT_3D ( 'NONE', #2793, #4022, #3990 ) ;
#4467 = AXIS2_PLACEMENT_3D ( 'NONE', #296, #5488, #1611 ) ;
#4468 = DIRECTION ( 'NONE',  ( -1.000000000000000000, 8.761676666762143215E-17, 8.761676666762145680E-17 ) ) ;
#4469 = ORIENTED_EDGE ( 'NONE', *, *, #2179, .T. ) ;
#4470 = DIRECTION ( 'NONE',  ( 1.000000000000000000, 0.000000000000000000, 0.000000000000000000 ) ) ;
#4471 = CARTESIAN_POINT ( 'NONE',  ( 34.50000000000000000, -5.149999999999897327, 129.0000000000000000 ) ) ;
#4472 = AXIS2_PLACEMENT_3D ( 'NONE', #1497, #1833, #4943 ) ;
#4473 = ADVANCED_FACE ( 'NONE', ( #404 ), #5144, .F. ) ;
#4474 = VECTOR ( 'NONE', #1159, 1000.000000000000000 ) ;
#4475 = VECTOR ( 'NONE', #2427, 1000.000000000000000 ) ;
#4476 = CARTESIAN_POINT ( 'NONE',  ( -31.49999999999999289, -15.99999999999999289, 129.0000000000000000 ) ) ;
#4477 = CARTESIAN_POINT ( 'NONE',  ( 32.50000000000000711, -9.149999999999995026, 111.4700000000000131 ) ) ;
#4478 = DIRECTION ( 'NONE',  ( 0.000000000000000000, 0.000000000000000000, 1.000000000000000000 ) ) ;
#4479 = ORIENTED_EDGE ( 'NONE', *, *, #4463, .T. ) ;
#4480 = DIRECTION ( 'NONE',  ( 0.000000000000000000, -0.000000000000000000, 1.000000000000000000 ) ) ;
#4481 = CARTESIAN_POINT ( 'NONE',  ( 16.00000000000000000, 19.99999999999999645, 126.0000000000000000 ) ) ;
#4482 = ORIENTED_EDGE ( 'NONE', *, *, #1843, .T. ) ;
#4483 = DIRECTION ( 'NONE',  ( 0.000000000000000000, 0.000000000000000000, 1.000000000000000000 ) ) ;
#4484 = VERTEX_POINT ( 'NONE', #4288 ) ;
#4485 = ORIENTED_EDGE ( 'NONE', *, *, #3375, .F. ) ;
#4486 = ORIENTED_EDGE ( 'NONE', *, *, #4645, .F. ) ;
#4487 = DIRECTION ( 'NONE',  ( -1.000000000000000000, 0.000000000000000000, 0.000000000000000000 ) ) ;
#4488 = CARTESIAN_POINT ( 'NONE',  ( 15.59999999999999609, 15.99999999999999822, 95.92005097522067558 ) ) ;
#4489 = VERTEX_POINT ( 'NONE', #3923 ) ;
#4490 = PLANE ( 'NONE',  #4927 ) ;
#4491 = ORIENTED_EDGE ( 'NONE', *, *, #1022, .T. ) ;
#4492 = ORIENTED_EDGE ( 'NONE', *, *, #3414, .T. ) ;
#4493 = CARTESIAN_POINT ( 'NONE',  ( -28.69999999999999574, 12.00000000000000000, 6.000000000000000000 ) ) ;
#4494 = ORIENTED_EDGE ( 'NONE', *, *, #4876, .T. ) ;
#4495 = DIRECTION ( 'NONE',  ( 0.000000000000000000, -2.102695122396131592E-15, 1.000000000000000000 ) ) ;
#4496 = DIRECTION ( 'NONE',  ( 0.000000000000000000, 0.7071067811865499042, 0.7071067811865451302 ) ) ;
#4497 = CARTESIAN_POINT ( 'NONE',  ( 34.50000000000000000, -9.149999999999995026, 107.4699999999999136 ) ) ;
#4498 = LINE ( 'NONE', #983, #3190 ) ;
#4499 = EDGE_CURVE ( 'NONE', #4178, #1078, #2972, .T. ) ;
#4500 = CARTESIAN_POINT ( 'NONE',  ( 32.50000000000000711, -9.149999999999995026, 118.8200000000000074 ) ) ;
#4501 = FACE_BOUND ( 'NONE', #1082, .T. ) ;
#4502 = CARTESIAN_POINT ( 'NONE',  ( -12.99999999999999822, -3.699999999999993072, 108.8000000000000114 ) ) ;
#4503 = EDGE_CURVE ( 'NONE', #5160, #2997, #855, .T. ) ;
#4504 = VERTEX_POINT ( 'NONE', #5565 ) ;
#4505 = ORIENTED_EDGE ( 'NONE', *, *, #1842, .T. ) ;
#4506 = CARTESIAN_POINT ( 'NONE',  ( 30.00000000000000000, 12.00000000000000000, 0.000000000000000000 ) ) ;
#4507 = ORIENTED_EDGE ( 'NONE', *, *, #4610, .T. ) ;
#4508 = VERTEX_POINT ( 'NONE', #800 ) ;
#4509 = DIRECTION ( 'NONE',  ( 0.000000000000000000, 1.000000000000000000, -0.000000000000000000 ) ) ;
#4510 = LINE ( 'NONE', #2784, #4897 ) ;
#4511 = AXIS2_PLACEMENT_3D ( 'NONE', #4254, #3893, #4312 ) ;
#4512 = LINE ( 'NONE', #2059, #4113 ) ;
#4513 = VERTEX_POINT ( 'NONE', #439 ) ;
#4514 = PLANE ( 'NONE',  #5203 ) ;
#4515 = ORIENTED_EDGE ( 'NONE', *, *, #3471, .T. ) ;
#4516 = DIRECTION ( 'NONE',  ( 0.000000000000000000, 0.000000000000000000, 1.000000000000000000 ) ) ;
#4517 = LINE ( 'NONE', #664, #243 ) ;
#4518 = DIRECTION ( 'NONE',  ( 0.000000000000000000, -0.7071067811865464625, 0.7071067811865486830 ) ) ;
#4519 = CARTESIAN_POINT ( 'NONE',  ( -25.50000000000000355, 15.99999999999999645, 125.0000000000000000 ) ) ;
#4520 = VECTOR ( 'NONE', #5034, 1000.000000000000000 ) ;
#4521 = EDGE_CURVE ( 'NONE', #4938, #5224, #3870, .T. ) ;
#4522 = CARTESIAN_POINT ( 'NONE',  ( -13.00000000000000178, 25.21698729810782424, 122.0260907637269412 ) ) ;
#4523 = AXIS2_PLACEMENT_3D ( 'NONE', #3236, #1966, #3680 ) ;
#4524 = DIRECTION ( 'NONE',  ( 0.7071067811865426878, -0.000000000000000000, 0.7071067811865524577 ) ) ;
#4525 = CARTESIAN_POINT ( 'NONE',  ( -33.33431457505076168, 18.59999999999999432, 0.4000000000000000222 ) ) ;
#4526 = EDGE_CURVE ( 'NONE', #2912, #2835, #70, .T. ) ;
#4527 = ADVANCED_FACE ( 'NONE', ( #2930 ), #3810, .F. ) ;
#4528 = PLANE ( 'NONE',  #475 ) ;
#4529 = VECTOR ( 'NONE', #5518, 1000.000000000000000 ) ;
#4530 = EDGE_CURVE ( 'NONE', #3873, #5357, #5533, .T. ) ;
#4531 = EDGE_LOOP ( 'NONE', ( #3964, #1210, #4694, #2249 ) ) ;
#4532 = ORIENTED_EDGE ( 'NONE', *, *, #5328, .T. ) ;
#4533 = LINE ( 'NONE', #316, #3025 ) ;
#4534 = VERTEX_POINT ( 'NONE', #1664 ) ;
#4535 = VECTOR ( 'NONE', #10, 1000.000000000000000 ) ;
#4536 = ORIENTED_EDGE ( 'NONE', *, *, #1810, .T. ) ;
#4537 = CARTESIAN_POINT ( 'NONE',  ( -8.499999999999992895, -19.00000000000000711, 113.4000000000000057 ) ) ;
#4538 = EDGE_CURVE ( 'NONE', #2306, #797, #3391, .T. ) ;
#4539 = CARTESIAN_POINT ( 'NONE',  ( 28.69999999999999929, -12.00000000000000000, 6.000000000000000000 ) ) ;
#4540 = VECTOR ( 'NONE', #3172, 1000.000000000000114 ) ;
#4541 = AXIS2_PLACEMENT_3D ( 'NONE', #4415, #4822, #2665 ) ;
#4542 = LINE ( 'NONE', #2842, #4382 ) ;
#4543 = VERTEX_POINT ( 'NONE', #3844 ) ;
#4544 = DIRECTION ( 'NONE',  ( -9.637352644315585382E-17, 0.000000000000000000, 1.000000000000000000 ) ) ;
#4545 = VERTEX_POINT ( 'NONE', #2963 ) ;
#4546 = CONICAL_SURFACE ( 'NONE', #5271, 1.000000000000001332, 0.7853981633974471688 ) ;
#4547 = ORIENTED_EDGE ( 'NONE', *, *, #889, .F. ) ;
#4549 = CARTESIAN_POINT ( 'NONE',  ( 5.000000000000000000, 30.76510521404533804, 105.4302429915248069 ) ) ;
#4548 = CIRCLE ( 'NONE', #4011, 1.599999999999990319 ) ;
#4550 = VECTOR ( 'NONE', #3543, 1000.000000000000000 ) ;
#4551 = DIRECTION ( 'NONE',  ( 0.000000000000000000, -0.4999999999999980571, 0.8660254037844397068 ) ) ;
#4552 = CARTESIAN_POINT ( 'NONE',  ( -9.000000000000001776, 28.64378487048572097, 104.0160294291517005 ) ) ;
#4553 = CARTESIAN_POINT ( 'NONE',  ( -12.99999999999999822, -3.699999999999993072, 100.7999999999999972 ) ) ;
#4554 = LINE ( 'NONE', #971, #5257 ) ;
#4555 = AXIS2_PLACEMENT_3D ( 'NONE', #2010, #2455, #3820 ) ;
#4556 = CARTESIAN_POINT ( 'NONE',  ( 34.50000000000000000, -7.499999999999994671, 111.4700000000000131 ) ) ;
#4557 = CARTESIAN_POINT ( 'NONE',  ( -9.000000000000001776, 15.99999999999999289, 123.0000000000000000 ) ) ;
#4558 = AXIS2_PLACEMENT_3D ( 'NONE', #1868, #1033, #4470 ) ;
#4559 = DIRECTION ( 'NONE',  ( -1.000000000000000000, -0.000000000000000000, 0.000000000000000000 ) ) ;
#4560 = FACE_OUTER_BOUND ( 'NONE', #4095, .T. ) ;
#4561 = VERTEX_POINT ( 'NONE', #3894 ) ;
#4562 = LINE ( 'NONE', #4141, #4006 ) ;
#4563 = EDGE_CURVE ( 'NONE', #1027, #2235, #3020, .T. ) ;
#4564 = CARTESIAN_POINT ( 'NONE',  ( -3.999999999999994227, -3.699999999999993072, 121.0000000000000000 ) ) ;
#4565 = ORIENTED_EDGE ( 'NONE', *, *, #1685, .F. ) ;
#4566 = ORIENTED_EDGE ( 'NONE', *, *, #4064, .F. ) ;
#4567 = DIRECTION ( 'NONE',  ( 1.000000000000000000, -0.000000000000000000, -0.000000000000000000 ) ) ;
#4568 = LINE ( 'NONE', #1628, #495 ) ;
#4569 = ADVANCED_FACE ( 'NONE', ( #1721 ), #5100, .F. ) ;
#4570 = DIRECTION ( 'NONE',  ( 0.000000000000000000, 0.000000000000000000, -1.000000000000000000 ) ) ;
#4571 = ORIENTED_EDGE ( 'NONE', *, *, #171, .T. ) ;
#4572 = DIRECTION ( 'NONE',  ( -0.000000000000000000, 1.000000000000000000, -0.000000000000000000 ) ) ;
#4573 = ORIENTED_EDGE ( 'NONE', *, *, #675, .F. ) ;
#4574 = VERTEX_POINT ( 'NONE', #2587 ) ;
#4575 = DIRECTION ( 'NONE',  ( -0.000000000000000000, 1.000000000000000000, -0.000000000000000000 ) ) ;
#4576 = ADVANCED_FACE ( 'NONE', ( #4313 ), #1744, .F. ) ;
#4577 = DIRECTION ( 'NONE',  ( -0.000000000000000000, -1.000000000000000000, -0.000000000000000000 ) ) ;
#4578 = DIRECTION ( 'NONE',  ( 0.000000000000000000, 0.000000000000000000, -1.000000000000000000 ) ) ;
#4579 = LINE ( 'NONE', #1587, #4920 ) ;
#4580 = ORIENTED_EDGE ( 'NONE', *, *, #350, .T. ) ;
#4581 = DIRECTION ( 'NONE',  ( 0.000000000000000000, 0.000000000000000000, -1.000000000000000000 ) ) ;
#4582 = CARTESIAN_POINT ( 'NONE',  ( 13.00000000000000178, 15.99999999999999645, 119.7068820658331418 ) ) ;
#4583 = CARTESIAN_POINT ( 'NONE',  ( -12.99999999999999467, -15.99999999999999289, 120.0000000000000000 ) ) ;
#4584 = FACE_OUTER_BOUND ( 'NONE', #2109, .T. ) ;
#4585 = DIRECTION ( 'NONE',  ( 1.000000000000000000, -0.000000000000000000, -0.000000000000000000 ) ) ;
#4586 = ORIENTED_EDGE ( 'NONE', *, *, #2048, .F. ) ;
#4587 = DIRECTION ( 'NONE',  ( -0.000000000000000000, -1.000000000000000000, -0.000000000000000000 ) ) ;
#4588 = DIRECTION ( 'NONE',  ( 0.000000000000000000, -1.000000000000000000, 0.000000000000000000 ) ) ;
#4589 = ORIENTED_EDGE ( 'NONE', *, *, #2598, .T. ) ;
#4590 = VERTEX_POINT ( 'NONE', #2669 ) ;
#4591 = CARTESIAN_POINT ( 'NONE',  ( 32.50000000000000711, -7.499999999999994671, 111.4700000000000131 ) ) ;
#4592 = CARTESIAN_POINT ( 'NONE',  ( 29.20000000000002416, -17.20000000000000284, 9.000000000000001776 ) ) ;
#4593 = EDGE_CURVE ( 'NONE', #2386, #451, #5301, .T. ) ;
#4594 = DIRECTION ( 'NONE',  ( 1.000000000000000000, -0.000000000000000000, -0.000000000000000000 ) ) ;
#4595 = EDGE_LOOP ( 'NONE', ( #3690, #5411, #1728, #4147 ) ) ;
#4596 = PLANE ( 'NONE',  #2839 ) ;
#4597 = ORIENTED_EDGE ( 'NONE', *, *, #5269, .T. ) ;
#4598 = AXIS2_PLACEMENT_3D ( 'NONE', #1854, #221, #4851 ) ;
#4599 = EDGE_CURVE ( 'NONE', #4088, #4724, #1044, .T. ) ;
#4600 = ADVANCED_FACE ( 'NONE', ( #1905 ), #4059, .F. ) ;
#4601 = EDGE_CURVE ( 'NONE', #4320, #441, #4548, .T. ) ;
#4602 = ORIENTED_EDGE ( 'NONE', *, *, #3533, .T. ) ;
#4603 = CARTESIAN_POINT ( 'NONE',  ( 0.000000000000000000, 30.97723724840128767, 104.2281614635077034 ) ) ;
#4604 = ORIENTED_EDGE ( 'NONE', *, *, #297, .T. ) ;
#4605 = CYLINDRICAL_SURFACE ( 'NONE', #3210, 1.599999999999990319 ) ;
#4606 = LINE ( 'NONE', #358, #3357 ) ;
#4607 = FACE_BOUND ( 'NONE', #3531, .T. ) ;
#4608 = ORIENTED_EDGE ( 'NONE', *, *, #3409, .T. ) ;
#4609 = DIRECTION ( 'NONE',  ( 0.000000000000000000, 0.000000000000000000, 1.000000000000000000 ) ) ;
#4610 = EDGE_CURVE ( 'NONE', #2274, #3596, #4394, .T. ) ;
#4611 = DIRECTION ( 'NONE',  ( 0.000000000000000000, 1.000000000000000000, 0.000000000000000000 ) ) ;
#4612 = CARTESIAN_POINT ( 'NONE',  ( -16.00000000000000000, 35.20717967697230222, 104.9225699861458452 ) ) ;
#4613 = PLANE ( 'NONE',  #5183 ) ;
#4614 = CARTESIAN_POINT ( 'NONE',  ( 31.50000000000000711, -15.99999999999998934, 6.000000000000005329 ) ) ;
#4615 = VECTOR ( 'NONE', #3171, 1000.000000000000000 ) ;
#4616 = EDGE_LOOP ( 'NONE', ( #4696, #212, #627, #58 ) ) ;
#4617 = DIRECTION ( 'NONE',  ( 0.000000000000000000, 0.8660254037844498098, 0.4999999999999810152 ) ) ;
#4618 = CARTESIAN_POINT ( 'NONE',  ( 5.000000000000000000, 30.76510521404533449, 105.4302429915248069 ) ) ;
#4619 = ORIENTED_EDGE ( 'NONE', *, *, #1296, .T. ) ;
#4620 = ORIENTED_EDGE ( 'NONE', *, *, #5021, .T. ) ;
#4621 = CARTESIAN_POINT ( 'NONE',  ( 33.99999999999990052, -12.64999999999999503, 117.1700000000000159 ) ) ;
#4622 = AXIS2_PLACEMENT_3D ( 'NONE', #1112, #723, #2854 ) ;
#4623 = LINE ( 'NONE', #2475, #3094 ) ;
#4624 = VECTOR ( 'NONE', #4741, 1000.000000000000000 ) ;
#4625 = AXIS2_PLACEMENT_3D ( 'NONE', #4205, #2056, #3305 ) ;
#4626 = CARTESIAN_POINT ( 'NONE',  ( 13.00000000000000178, 32.91698729810771340, 108.6892995454465307 ) ) ;
#4627 = ORIENTED_EDGE ( 'NONE', *, *, #4348, .F. ) ;
#4628 = CARTESIAN_POINT ( 'NONE',  ( -9.000000000000001776, 15.99999999999999289, 123.0000000000000000 ) ) ;
#4629 = ORIENTED_EDGE ( 'NONE', *, *, #5437, .T. ) ;
#4630 = ADVANCED_FACE ( 'NONE', ( #1823, #3550 ), #5246, .F. ) ;
#4631 = VECTOR ( 'NONE', #1146, 1000.000000000000000 ) ;
#4632 = EDGE_LOOP ( 'NONE', ( #3163, #2473, #4420, #4566 ) ) ;
#4633 = CARTESIAN_POINT ( 'NONE',  ( 33.99999999999990052, -5.649999999999995026, 117.1700000000000159 ) ) ;
#4634 = LINE ( 'NONE', #3727, #1578 ) ;
#4635 = CARTESIAN_POINT ( 'NONE',  ( 34.50000000000000000, 18.00000000000001066, 129.0000000000000000 ) ) ;
#4636 = VECTOR ( 'NONE', #5031, 1000.000000000000114 ) ;
#4637 = LINE ( 'NONE', #359, #2215 ) ;
#4638 = EDGE_LOOP ( 'NONE', ( #2590, #3247, #5526, #3137 ) ) ;
#4639 = EDGE_CURVE ( 'NONE', #3157, #2639, #3559, .T. ) ;
#4640 = DIRECTION ( 'NONE',  ( 0.7071067811865475727, -0.7071067811865475727, 0.000000000000000000 ) ) ;
#4641 = VECTOR ( 'NONE', #2533, 1000.000000000000000 ) ;
#4642 = AXIS2_PLACEMENT_3D ( 'NONE', #345, #4587, #1622 ) ;
#4643 = FACE_BOUND ( 'NONE', #3757, .T. ) ;
#4644 = DIRECTION ( 'NONE',  ( 0.000000000000000000, 0.000000000000000000, 1.000000000000000000 ) ) ;
#4645 = EDGE_CURVE ( 'NONE', #809, #4291, #93, .T. ) ;
#4646 = VECTOR ( 'NONE', #3521, 1000.000000000000000 ) ;
#4647 = AXIS2_PLACEMENT_3D ( 'NONE', #4137, #2950, #3796 ) ;
#4648 = DIRECTION ( 'NONE',  ( -1.000000000000000000, 0.000000000000000000, 0.000000000000000000 ) ) ;
#4649 = FACE_BOUND ( 'NONE', #5118, .T. ) ;
#4650 = CIRCLE ( 'NONE', #1849, 1.599999999999990319 ) ;
#4651 = CIRCLE ( 'NONE', #3744, 0.7000000000000061728 ) ;
#4652 = CARTESIAN_POINT ( 'NONE',  ( -13.00000000000000178, 33.56698729810768356, 107.5634665205267453 ) ) ;
#4653 = EDGE_CURVE ( 'NONE', #2076, #531, #4371, .T. ) ;
#4654 = DIRECTION ( 'NONE',  ( 1.000000000000000000, 0.000000000000000000, 0.000000000000000000 ) ) ;
#4655 = ORIENTED_EDGE ( 'NONE', *, *, #686, .T. ) ;
#4656 = ORIENTED_EDGE ( 'NONE', *, *, #4645, .T. ) ;
#4657 = FACE_OUTER_BOUND ( 'NONE', #5542, .T. ) ;
#4658 = CONICAL_SURFACE ( 'NONE', #3752, 3.250000000000002665, 0.7853981633974461696 ) ;
#4659 = DIRECTION ( 'NONE',  ( 0.000000000000000000, -1.000000000000000000, 0.000000000000000000 ) ) ;
#4660 = VECTOR ( 'NONE', #3960, 1000.000000000000114 ) ;
#4661 = CARTESIAN_POINT ( 'NONE',  ( 0.000000000000000000, 30.27013046721474510, 103.5210546823211644 ) ) ;
#4662 = EDGE_LOOP ( 'NONE', ( #915, #2541, #2888, #5438, #3313 ) ) ;
#4663 = CARTESIAN_POINT ( 'NONE',  ( 34.50000000000000000, -7.499999999999993783, 117.1700000000000017 ) ) ;
#4664 = ORIENTED_EDGE ( 'NONE', *, *, #3959, .T. ) ;
#4665 = EDGE_LOOP ( 'NONE', ( #424, #202, #320, #3227 ) ) ;
#4666 = LINE ( 'NONE', #805, #1127 ) ;
#4667 = DIRECTION ( 'NONE',  ( 0.7071067811865474617, 0.7071067811865474617, 0.000000000000000000 ) ) ;
#4668 = CARTESIAN_POINT ( 'NONE',  ( 5.000000000000000000, 34.15921776374081276, 103.8746080729143557 ) ) ;
#4669 = DIRECTION ( 'NONE',  ( 0.000000000000000000, 0.000000000000000000, -1.000000000000000000 ) ) ;
#4670 = VERTEX_POINT ( 'NONE', #1881 ) ;
#4671 = LINE ( 'NONE', #3858, #850 ) ;
#4672 = CARTESIAN_POINT ( 'NONE',  ( 14.99999499999999841, 35.20718226516266469, 104.9225655032683875 ) ) ;
#4673 = DIRECTION ( 'NONE',  ( 0.000000000000000000, 0.7071067811865486830, 0.7071067811865464625 ) ) ;
#4674 = DIRECTION ( 'NONE',  ( 1.000000000000000000, 0.000000000000000000, 0.000000000000000000 ) ) ;
#4675 = DIRECTION ( 'NONE',  ( 0.000000000000000000, 0.000000000000000000, -1.000000000000000000 ) ) ;
#4676 = ADVANCED_FACE ( 'NONE', ( #173 ), #989, .F. ) ;
#4677 = EDGE_CURVE ( 'NONE', #797, #1124, #567, .T. ) ;
#4678 = ORIENTED_EDGE ( 'NONE', *, *, #2349, .F. ) ;
#4679 = PLANE ( 'NONE',  #3836 ) ;
#4680 = CARTESIAN_POINT ( 'NONE',  ( 26.50000000000000355, -15.99999999999999289, 0.000000000000000000 ) ) ;
#4681 = VERTEX_POINT ( 'NONE', #3154 ) ;
#4682 = ORIENTED_EDGE ( 'NONE', *, *, #5050, .T. ) ;
#4683 = DIRECTION ( 'NONE',  ( 0.7071067811865539010, 0.7071067811865411334, 0.000000000000000000 ) ) ;
#4684 = DIRECTION ( 'NONE',  ( -0.000000000000000000, -0.8660254037844420383, -0.4999999999999941713 ) ) ;
#4685 = EDGE_CURVE ( 'NONE', #2501, #3839, #3579, .T. ) ;
#4686 = DIRECTION ( 'NONE',  ( 0.000000000000000000, -1.000000000000000000, 0.000000000000000000 ) ) ;
#4687 = ORIENTED_EDGE ( 'NONE', *, *, #3883, .T. ) ;
#4688 = ORIENTED_EDGE ( 'NONE', *, *, #5023, .T. ) ;
#4689 = ORIENTED_EDGE ( 'NONE', *, *, #811, .F. ) ;
#4690 = DIRECTION ( 'NONE',  ( 0.000000000000000000, 0.7071067811865475727, -0.7071067811865475727 ) ) ;
#4691 = DIRECTION ( 'NONE',  ( 0.000000000000000000, 0.000000000000000000, 1.000000000000000000 ) ) ;
#4692 = ORIENTED_EDGE ( 'NONE', *, *, #1020, .T. ) ;
#4693 = DIRECTION ( 'NONE',  ( 0.000000000000000000, -1.000000000000000000, 0.000000000000000000 ) ) ;
#4694 = ORIENTED_EDGE ( 'NONE', *, *, #1957, .T. ) ;
#4695 = PLANE ( 'NONE',  #4439 ) ;
#4696 = ORIENTED_EDGE ( 'NONE', *, *, #3601, .F. ) ;
#4697 = VECTOR ( 'NONE', #92, 1000.000000000000000 ) ;
#4698 = DIRECTION ( 'NONE',  ( -0.7071067811865526798, 0.000000000000000000, 0.7071067811865423547 ) ) ;
#4699 = DIRECTION ( 'NONE',  ( -0.000000000000000000, -1.000000000000000000, -0.000000000000000000 ) ) ;
#4700 = CARTESIAN_POINT ( 'NONE',  ( 34.50000000000000000, -13.15000000000009273, 129.0000000000000000 ) ) ;
#4701 = ADVANCED_FACE ( 'NONE', ( #145 ), #3290, .F. ) ;
#4702 = DIRECTION ( 'NONE',  ( -0.000000000000000000, 0.8660254037844418162, 0.4999999999999945044 ) ) ;
#4703 = FACE_OUTER_BOUND ( 'NONE', #5256, .T. ) ;
#4704 = DIRECTION ( 'NONE',  ( 0.000000000000000000, -0.7071067811865489050, -0.7071067811865460184 ) ) ;
#4705 = CARTESIAN_POINT ( 'NONE',  ( -13.00000000000000178, 11.91935403610592736, 96.56631032928493141 ) ) ;
#4706 = B_SPLINE_CURVE_WITH_KNOTS ( 'NONE', 1,
 ( #3590, #980 ),
 .UNSPECIFIED., .F., .F.,
 ( 2, 2 ),
 ( 0.000000000000000000, 0.003464101615137733965 ),
 .UNSPECIFIED. ) ;
#4707 = EDGE_CURVE ( 'NONE', #1608, #3976, #3182, .T. ) ;
#4708 = VERTEX_POINT ( 'NONE', #4034 ) ;
#4709 = EDGE_CURVE ( 'NONE', #1722, #1541, #931, .T. ) ;
#4710 = DIRECTION ( 'NONE',  ( 0.000000000000000000, 0.7071067811865486830, 0.7071067811865464625 ) ) ;
#4711 = ADVANCED_FACE ( 'NONE', ( #626 ), #2378, .F. ) ;
#4712 = CARTESIAN_POINT ( 'NONE',  ( 34.50000000000000000, -10.79999999999999538, 111.4700000000000131 ) ) ;
#4713 = AXIS2_PLACEMENT_3D ( 'NONE', #5422, #3316, #384 ) ;
#4714 = AXIS2_PLACEMENT_3D ( 'NONE', #2712, #1037, #4050 ) ;
#4715 = CARTESIAN_POINT ( 'NONE',  ( -8.499999999999992895, -4.200000000000028599, 105.0000000000000142 ) ) ;
#4716 = ORIENTED_EDGE ( 'NONE', *, *, #194, .F. ) ;
#4717 = ADVANCED_FACE ( 'NONE', ( #4367 ), #2228, .F. ) ;
#4718 = ORIENTED_EDGE ( 'NONE', *, *, #4709, .F. ) ;
#4719 = ORIENTED_EDGE ( 'NONE', *, *, #2295, .T. ) ;
#4720 = VECTOR ( 'NONE', #1068, 1000.000000000000114 ) ;
#4721 = ORIENTED_EDGE ( 'NONE', *, *, #1184, .F. ) ;
#4722 = CARTESIAN_POINT ( 'NONE',  ( 29.20000000000002416, -16.00000000000000000, 9.000000000000001776 ) ) ;
#4723 = CARTESIAN_POINT ( 'NONE',  ( 0.000000000000000000, 34.63789742018117579, 99.15328772935471591 ) ) ;
#4724 = VERTEX_POINT ( 'NONE', #3661 ) ;
#4725 = LINE ( 'NONE', #4300, #523 ) ;
#4726 = EDGE_LOOP ( 'NONE', ( #4433, #1691, #1944, #3500, #4491, #1805, #4987, #5030 ) ) ;
#4727 = VECTOR ( 'NONE', #3458, 1000.000000000000114 ) ;
#4728 = DIRECTION ( 'NONE',  ( -0.000000000000000000, -1.000000000000000000, -0.000000000000000000 ) ) ;
#4729 = CARTESIAN_POINT ( 'NONE',  ( 9.000000000000001776, 15.99999999999999645, 123.0000000000000000 ) ) ;
#4730 = VECTOR ( 'NONE', #5258, 1000.000000000000000 ) ;
#4731 = VECTOR ( 'NONE', #2166, 1000.000000000000000 ) ;
#4732 = CARTESIAN_POINT ( 'NONE',  ( -29.19999999999999929, 91.11955937175993370, 98.79999999999998295 ) ) ;
#4733 = FACE_OUTER_BOUND ( 'NONE', #1882, .T. ) ;
#4734 = AXIS2_PLACEMENT_3D ( 'NONE', #2967, #1307, #4750 ) ;
#4735 = DIRECTION ( 'NONE',  ( -0.000000000000000000, 0.8660254037844420383, 0.4999999999999942824 ) ) ;
#4736 = CARTESIAN_POINT ( 'NONE',  ( -34.50000000000000000, -18.00000000000000355, 129.0000000000000000 ) ) ;
#4737 = AXIS2_PLACEMENT_3D ( 'NONE', #2329, #3073, #2638 ) ;
#4738 = VECTOR ( 'NONE', #1875, 1000.000000000000000 ) ;
#4739 = EDGE_LOOP ( 'NONE', ( #2001, #1785, #3502, #4627, #2468, #260, #4536, #771 ) ) ;
#4740 = LINE ( 'NONE', #1346, #3184 ) ;
#4741 = DIRECTION ( 'NONE',  ( -1.000000000000000000, 0.000000000000000000, 0.000000000000000000 ) ) ;
#4742 = VECTOR ( 'NONE', #2683, 1000.000000000000114 ) ;
#4743 = DIRECTION ( 'NONE',  ( 0.000000000000000000, -0.7071067811865475727, 0.7071067811865475727 ) ) ;
#4744 = VERTEX_POINT ( 'NONE', #1178 ) ;
#4745 = VECTOR ( 'NONE', #1784, 1000.000000000000000 ) ;
#4746 = ORIENTED_EDGE ( 'NONE', *, *, #4220, .F. ) ;
#4747 = ORIENTED_EDGE ( 'NONE', *, *, #526, .T. ) ;
#4748 = EDGE_CURVE ( 'NONE', #3183, #4398, #4116, .T. ) ;
#4749 = ORIENTED_EDGE ( 'NONE', *, *, #3363, .F. ) ;
#4750 = DIRECTION ( 'NONE',  ( 0.000000000000000000, 0.000000000000000000, 1.000000000000000000 ) ) ;
#4751 = DIRECTION ( 'NONE',  ( -1.000000000000000000, 0.000000000000000000, 0.000000000000000000 ) ) ;
#4752 = EDGE_LOOP ( 'NONE', ( #524, #5046, #1186, #2080 ) ) ;
#4753 = DIRECTION ( 'NONE',  ( -1.000000000000000000, -0.000000000000000000, -0.000000000000000000 ) ) ;
#4754 = ORIENTED_EDGE ( 'NONE', *, *, #830, .F. ) ;
#4755 = EDGE_CURVE ( 'NONE', #3647, #3813, #4533, .T. ) ;
#4756 = VERTEX_POINT ( 'NONE', #5440 ) ;
#4757 = EDGE_CURVE ( 'NONE', #451, #3725, #1313, .T. ) ;
#4758 = FACE_OUTER_BOUND ( 'NONE', #3360, .T. ) ;
#4759 = CARTESIAN_POINT ( 'NONE',  ( 26.50000000000000355, 15.99999999999999645, 0.000000000000000000 ) ) ;
#4760 = FACE_OUTER_BOUND ( 'NONE', #801, .T. ) ;
#4761 = DIRECTION ( 'NONE',  ( -0.000000000000000000, 0.7071067811865464625, -0.7071067811865485719 ) ) ;
#4762 = ORIENTED_EDGE ( 'NONE', *, *, #2693, .F. ) ;
#4763 = CARTESIAN_POINT ( 'NONE',  ( -14.81725989930085596, 23.69999999999997087, 125.6535898384861838 ) ) ;
#4764 = EDGE_LOOP ( 'NONE', ( #5517, #628, #2142, #3802 ) ) ;
#4765 = ORIENTED_EDGE ( 'NONE', *, *, #702, .T. ) ;
#4766 = DIRECTION ( 'NONE',  ( -0.000000000000000000, 0.7071067811865464625, -0.7071067811865485719 ) ) ;
#4767 = DIRECTION ( 'NONE',  ( -0.7071067811865539010, -0.7071067811865411334, 0.000000000000000000 ) ) ;
#4768 = CARTESIAN_POINT ( 'NONE',  ( -13.00000000000000178, 15.99999999999999645, 119.7068820658331418 ) ) ;
#4769 = ORIENTED_EDGE ( 'NONE', *, *, #526, .F. ) ;
#4770 = EDGE_LOOP ( 'NONE', ( #3916, #601, #818, #2873 ) ) ;
#4771 = ORIENTED_EDGE ( 'NONE', *, *, #2014, .F. ) ;
#4772 = EDGE_CURVE ( 'NONE', #4756, #5561, #3927, .T. ) ;
#4773 = VERTEX_POINT ( 'NONE', #5387 ) ;
#4774 = FACE_OUTER_BOUND ( 'NONE', #2565, .T. ) ;
#4775 = ORIENTED_EDGE ( 'NONE', *, *, #830, .T. ) ;
#4776 = CARTESIAN_POINT ( 'NONE',  ( 15.59999999999999609, 15.99999999999999822, 116.7046606660471326 ) ) ;
#4777 = ORIENTED_EDGE ( 'NONE', *, *, #1427, .T. ) ;
#4778 = DIRECTION ( 'NONE',  ( 0.000000000000000000, 0.000000000000000000, -1.000000000000000000 ) ) ;
#4779 = VERTEX_POINT ( 'NONE', #1596 ) ;
#4780 = EDGE_CURVE ( 'NONE', #2128, #5424, #258, .T. ) ;
#4781 = ADVANCED_FACE ( 'NONE', ( #4935 ), #704, .F. ) ;
#4782 = EDGE_CURVE ( 'NONE', #5352, #1418, #1567, .T. ) ;
#4783 = VERTEX_POINT ( 'NONE', #2471 ) ;
#4784 = ORIENTED_EDGE ( 'NONE', *, *, #4007, .F. ) ;
#4785 = CARTESIAN_POINT ( 'NONE',  ( -5.000000000000000000, 30.76510521404533449, 105.4302429915248069 ) ) ;
#4786 = CARTESIAN_POINT ( 'NONE',  ( 30.00000000000000000, 12.00000000000000000, 0.4999999999999744094 ) ) ;
#4787 = EDGE_CURVE ( 'NONE', #4543, #440, #4915, .T. ) ;
#4788 = CARTESIAN_POINT ( 'NONE',  ( 10.40000000000000568, 15.99999999999999822, 98.92227237500671322 ) ) ;
#4789 = VECTOR ( 'NONE', #2436, 1000.000000000000000 ) ;
#4790 = CYLINDRICAL_SURFACE ( 'NONE', #5442, 1.299999999999992717 ) ;
#4791 = DIRECTION ( 'NONE',  ( 0.000000000000000000, 0.8660254037844460351, 0.4999999999999873990 ) ) ;
#4792 = VERTEX_POINT ( 'NONE', #4564 ) ;
#4793 = CARTESIAN_POINT ( 'NONE',  ( -3.999999999999994227, -15.99999999999999289, 121.0000000000000000 ) ) ;
#4794 = DIRECTION ( 'NONE',  ( 0.000000000000000000, -0.7071067811865475727, 0.7071067811865475727 ) ) ;
#4795 = DIRECTION ( 'NONE',  ( 0.000000000000000000, 1.000000000000000000, 0.000000000000000000 ) ) ;
#4796 = VERTEX_POINT ( 'NONE', #3326 ) ;
#4797 = ORIENTED_EDGE ( 'NONE', *, *, #1949, .T. ) ;
#4798 = VERTEX_POINT ( 'NONE', #2439 ) ;
#4799 = VECTOR ( 'NONE', #535, 1000.000000000000114 ) ;
#4800 = CARTESIAN_POINT ( 'NONE',  ( 25.50000000000000355, 19.00000000000000000, 121.7500000000000000 ) ) ;
#4801 = CARTESIAN_POINT ( 'NONE',  ( -12.99999999999999822, -15.99999999999999289, 108.8000000000000114 ) ) ;
#4802 = ADVANCED_FACE ( 'NONE', ( #4083, #1154 ), #2025, .F. ) ;
#4803 = VERTEX_POINT ( 'NONE', #5409 ) ;
#4804 = CARTESIAN_POINT ( 'NONE',  ( 0.000000000000000000, -17.20000000000000284, 0.000000000000000000 ) ) ;
#4805 = ORIENTED_EDGE ( 'NONE', *, *, #986, .T. ) ;
#4806 = AXIS2_PLACEMENT_3D ( 'NONE', #4830, #3374, #2674 ) ;
#4807 = ORIENTED_EDGE ( 'NONE', *, *, #1521, .T. ) ;
#4808 = CARTESIAN_POINT ( 'NONE',  ( -2.499999999999993783, 33.94708572938483826, 107.9051167256777148 ) ) ;
#4809 = AXIS2_PLACEMENT_3D ( 'NONE', #263, #3717, #3688 ) ;
#4810 = LINE ( 'NONE', #53, #4016 ) ;
#4811 = EDGE_CURVE ( 'NONE', #1010, #2076, #227, .T. ) ;
#4812 = VECTOR ( 'NONE', #3015, 1000.000000000000000 ) ;
#4813 = CYLINDRICAL_SURFACE ( 'NONE', #242, 3.500000000000003109 ) ;
#4814 = CARTESIAN_POINT ( 'NONE',  ( 32.50000000000000000, -12.64999999999999503, 111.4700000000000131 ) ) ;
#4815 = AXIS2_PLACEMENT_3D ( 'NONE', #2433, #2072, #748 ) ;
#4816 = VECTOR ( 'NONE', #671, 1000.000000000000000 ) ;
#4817 = PLANE ( 'NONE',  #5427 ) ;
#4818 = ADVANCED_FACE ( 'NONE', ( #3266 ), #1757, .F. ) ;
#4819 = DIRECTION ( 'NONE',  ( -0.000000000000000000, -1.000000000000000000, -0.000000000000000000 ) ) ;
#4820 = EDGE_LOOP ( 'NONE', ( #5128, #2123, #1334, #1954 ) ) ;
#4821 = AXIS2_PLACEMENT_3D ( 'NONE', #1671, #2570, #5540 ) ;
#4822 = DIRECTION ( 'NONE',  ( 0.000000000000000000, 0.8660254037844495878, 0.4999999999999809042 ) ) ;
#4823 = FACE_OUTER_BOUND ( 'NONE', #5506, .T. ) ;
#4824 = ADVANCED_FACE ( 'NONE', ( #283 ), #60, .F. ) ;
#4825 = VECTOR ( 'NONE', #846, 1000.000000000000000 ) ;
#4826 = CARTESIAN_POINT ( 'NONE',  ( -4.999999999999969802, -3.699999999999993072, 99.79999999999999716 ) ) ;
#4827 = ORIENTED_EDGE ( 'NONE', *, *, #119, .F. ) ;
#4828 = ORIENTED_EDGE ( 'NONE', *, *, #1771, .T. ) ;
#4829 = AXIS2_PLACEMENT_3D ( 'NONE', #4926, #4518, #1066 ) ;
#4830 = CARTESIAN_POINT ( 'NONE',  ( 31.50000000000000711, -15.99999999999999289, 129.0000000000000000 ) ) ;
#4831 = DIRECTION ( 'NONE',  ( 8.659560562354794808E-17, -1.598721155460225418E-14, 1.000000000000000000 ) ) ;
#4832 = VECTOR ( 'NONE', #5003, 1000.000000000000000 ) ;
#4833 = DIRECTION ( 'NONE',  ( -0.000000000000000000, 0.8660254037844418162, 0.4999999999999945044 ) ) ;
#4834 = ORIENTED_EDGE ( 'NONE', *, *, #751, .F. ) ;
#4835 = DIRECTION ( 'NONE',  ( -0.000000000000000000, 0.000000000000000000, 1.000000000000000000 ) ) ;
#4836 = VERTEX_POINT ( 'NONE', #1098 ) ;
#4837 = AXIS2_PLACEMENT_3D ( 'NONE', #5028, #2446, #4175 ) ;
#4838 = VECTOR ( 'NONE', #3049, 999.9999999999998863 ) ;
#4839 = CARTESIAN_POINT ( 'NONE',  ( -34.10000000000000853, -17.83431457505076168, 0.4000000000000000222 ) ) ;
#4840 = ORIENTED_EDGE ( 'NONE', *, *, #1118, .F. ) ;
#4841 = CARTESIAN_POINT ( 'NONE',  ( 34.50000000000000000, -9.149999999999995026, 118.8200000000000074 ) ) ;
#4842 = FACE_OUTER_BOUND ( 'NONE', #4212, .T. ) ;
#4843 = DIRECTION ( 'NONE',  ( 0.000000000000000000, 0.000000000000000000, 1.000000000000000000 ) ) ;
#4844 = DIRECTION ( 'NONE',  ( 0.000000000000000000, -1.000000000000000000, 0.000000000000000000 ) ) ;
#4845 = DIRECTION ( 'NONE',  ( -0.000000000000000000, 0.8660254037844418162, 0.4999999999999945044 ) ) ;
#4846 = EDGE_LOOP ( 'NONE', ( #3544, #3925, #4, #1545 ) ) ;
#4847 = ORIENTED_EDGE ( 'NONE', *, *, #5065, .F. ) ;
#4848 = CARTESIAN_POINT ( 'NONE',  ( -5.000000000000000000, 33.23997894819829924, 102.9553692573718564 ) ) ;
#4849 = EDGE_CURVE ( 'NONE', #2997, #1212, #772, .T. ) ;
#4850 = ADVANCED_FACE ( 'NONE', ( #5045 ), #4098, .F. ) ;
#4851 = DIRECTION ( 'NONE',  ( 0.000000000000000000, 0.000000000000000000, -1.000000000000000000 ) ) ;
#4852 = CARTESIAN_POINT ( 'NONE',  ( 23.80000000000000071, -15.99999999999999289, 110.2000000000000028 ) ) ;
#4853 = ORIENTED_EDGE ( 'NONE', *, *, #458, .F. ) ;
#4854 = ORIENTED_EDGE ( 'NONE', *, *, #5129, .F. ) ;
#4855 = VERTEX_POINT ( 'NONE', #3866 ) ;
#4856 = EDGE_CURVE ( 'NONE', #3045, #2912, #981, .T. ) ;
#4857 = FACE_BOUND ( 'NONE', #15, .T. ) ;
#4858 = CARTESIAN_POINT ( 'NONE',  ( -10.40000000000000568, 15.99999999999999822, 95.92005097522067558 ) ) ;
#4859 = CARTESIAN_POINT ( 'NONE',  ( -25.50000000000000355, -17.34999999999999076, 125.0000000000000000 ) ) ;
#4860 = ORIENTED_EDGE ( 'NONE', *, *, #4396, .F. ) ;
#4861 = CARTESIAN_POINT ( 'NONE',  ( 30.00000000000000000, -12.00000000000000000, 0.4999999999999744094 ) ) ;
#4862 = ORIENTED_EDGE ( 'NONE', *, *, #3365, .T. ) ;
#4863 = VERTEX_POINT ( 'NONE', #2241 ) ;
#4864 = CARTESIAN_POINT ( 'NONE',  ( -17.00000000000000000, 18.99999999999999645, 125.0000000000000000 ) ) ;
#4865 = CARTESIAN_POINT ( 'NONE',  ( -13.00000000000000178, 15.99999999999999645, 98.92227237500669901 ) ) ;
#4866 = LINE ( 'NONE', #3676, #2932 ) ;
#4867 = CARTESIAN_POINT ( 'NONE',  ( 25.50000000000000355, 17.34999999999998366, 125.0000000000000000 ) ) ;
#4868 = CYLINDRICAL_SURFACE ( 'NONE', #222, 1.299999999999999156 ) ;
#4869 = CARTESIAN_POINT ( 'NONE',  ( -30.00000000000000000, 12.00000000000000000, 6.000000000000000000 ) ) ;
#4870 = ADVANCED_FACE ( 'NONE', ( #395 ), #3801, .F. ) ;
#4871 = EDGE_LOOP ( 'NONE', ( #5094, #4485, #1781, #2330 ) ) ;
#4872 = DIRECTION ( 'NONE',  ( 0.000000000000000000, 0.000000000000000000, 1.000000000000000000 ) ) ;
#4873 = CIRCLE ( 'NONE', #5323, 1.599999999999990319 ) ;
#4874 = CARTESIAN_POINT ( 'NONE',  ( 25.50000000000000355, -19.00000000000000711, 125.0000000000000000 ) ) ;
#4875 = ADVANCED_FACE ( 'NONE', ( #1290 ), #2500, .F. ) ;
#4876 = EDGE_CURVE ( 'NONE', #2005, #3035, #368, .T. ) ;
#4877 = CARTESIAN_POINT ( 'NONE',  ( 13.00000000000000178, 33.56698729810768356, 107.5634665205267453 ) ) ;
#4878 = EDGE_CURVE ( 'NONE', #5357, #4855, #1623, .T. ) ;
#4879 = ORIENTED_EDGE ( 'NONE', *, *, #3825, .F. ) ;
#4880 = ORIENTED_EDGE ( 'NONE', *, *, #4787, .T. ) ;
#4881 = ORIENTED_EDGE ( 'NONE', *, *, #1361, .F. ) ;
#4882 = DIRECTION ( 'NONE',  ( 0.000000000000000000, -0.7071067811865451302, 0.7071067811865499042 ) ) ;
#4883 =( BOUNDED_CURVE ( )  B_SPLINE_CURVE ( 3, ( #99, #2643, #4858, #4985 ),
 .UNSPECIFIED., .F., .F. ) 
 B_SPLINE_CURVE_WITH_KNOTS ( ( 4, 4 ),
 ( 0.000000000000000000, 3.141592653589793116 ),
 .UNSPECIFIED. ) 
 CURVE ( )  GEOMETRIC_REPRESENTATION_ITEM ( )  RATIONAL_B_SPLINE_CURVE ( ( 1.000000000000000000, 0.3333333333333333703, 0.3333333333333333703, 1.000000000000000000 ) ) 
 REPRESENTATION_ITEM ( '' )  );
#4884 = CARTESIAN_POINT ( 'NONE',  ( 2.499999999999993783, 33.42944763917979145, 108.8016921978457674 ) ) ;
#4885 = ADVANCED_FACE ( 'NONE', ( #1390 ), #4813, .F. ) ;
#4886 = DIRECTION ( 'NONE',  ( 0.000000000000000000, 0.000000000000000000, -1.000000000000000000 ) ) ;
#4887 = ORIENTED_EDGE ( 'NONE', *, *, #3120, .F. ) ;
#4888 = EDGE_LOOP ( 'NONE', ( #4969, #4252 ) ) ;
#4889 = DIRECTION ( 'NONE',  ( 1.000000000000000000, 0.000000000000000000, -0.000000000000000000 ) ) ;
#4890 = VERTEX_POINT ( 'NONE', #534 ) ;
#4891 = DIRECTION ( 'NONE',  ( -0.000000000000000000, 1.000000000000000000, -0.000000000000000000 ) ) ;
#4892 = ORIENTED_EDGE ( 'NONE', *, *, #5371, .F. ) ;
#4893 = DIRECTION ( 'NONE',  ( 1.000000000000000000, -0.000000000000000000, -0.000000000000000000 ) ) ;
#4894 = DIRECTION ( 'NONE',  ( 0.6546536707079781969, 0.3779644730092237004, -0.6546536707079781969 ) ) ;
#4895 = VECTOR ( 'NONE', #4274, 1000.000000000000000 ) ;
#4896 = CARTESIAN_POINT ( 'NONE',  ( -31.30000000000000071, 12.00000000000000000, 0.5000000000000125455 ) ) ;
#4897 = VECTOR ( 'NONE', #571, 1000.000000000000000 ) ;
#4898 = DIRECTION ( 'NONE',  ( -1.000000000000000000, 0.000000000000000000, 0.000000000000000000 ) ) ;
#4899 = DIRECTION ( 'NONE',  ( -1.000000000000000000, 0.000000000000000000, 0.000000000000000000 ) ) ;
#4900 = ORIENTED_EDGE ( 'NONE', *, *, #3799, .F. ) ;
#4901 = ORIENTED_EDGE ( 'NONE', *, *, #2187, .F. ) ;
#4902 = CARTESIAN_POINT ( 'NONE',  ( 34.50000000000000000, -9.149999999999995026, 117.1700000000000017 ) ) ;
#4903 = CARTESIAN_POINT ( 'NONE',  ( 25.50000000000000355, -19.00000000000000711, 125.0000000000000000 ) ) ;
#4904 = CIRCLE ( 'NONE', #4989, 1.300000000000004263 ) ;
#4905 = CONICAL_SURFACE ( 'NONE', #50, 1.300000000000002487, 0.7853981633974579379 ) ;
#4906 = ORIENTED_EDGE ( 'NONE', *, *, #1505, .T. ) ;
#4907 = VECTOR ( 'NONE', #2135, 1000.000000000000000 ) ;
#4908 = CARTESIAN_POINT ( 'NONE',  ( -15.60000000000000142, 34.55513223592376448, 106.0519492829871524 ) ) ;
#4909 = ORIENTED_EDGE ( 'NONE', *, *, #5512, .T. ) ;
#4910 = ORIENTED_EDGE ( 'NONE', *, *, #1573, .T. ) ;
#4911 = CARTESIAN_POINT ( 'NONE',  ( 13.00000000000000178, 33.56698729810768356, 107.5634665205267453 ) ) ;
#4912 = DIRECTION ( 'NONE',  ( -1.000000000000000000, 0.000000000000000000, 0.000000000000000000 ) ) ;
#4913 = PLANE ( 'NONE',  #5468 ) ;
#4914 = VERTEX_POINT ( 'NONE', #5162 ) ;
#4915 = CIRCLE ( 'NONE', #5274, 1.000000000000001332 ) ;
#4916 = AXIS2_PLACEMENT_3D ( 'NONE', #2714, #2463, #5494 ) ;
#4917 = DIRECTION ( 'NONE',  ( -1.000000000000000000, 0.000000000000000000, 0.000000000000000000 ) ) ;
#4918 = ORIENTED_EDGE ( 'NONE', *, *, #2955, .F. ) ;
#4919 = ADVANCED_FACE ( 'NONE', ( #4280 ), #3110, .F. ) ;
#4920 = VECTOR ( 'NONE', #721, 1000.000000000000000 ) ;
#4921 = AXIS2_PLACEMENT_3D ( 'NONE', #2571, #3058, #2174 ) ;
#4922 = ORIENTED_EDGE ( 'NONE', *, *, #5226, .T. ) ;
#4923 = DIRECTION ( 'NONE',  ( -0.7071067811865426878, 0.7071067811865524577, 0.000000000000000000 ) ) ;
#4924 = EDGE_LOOP ( 'NONE', ( #4380, #3604, #4762, #706 ) ) ;
#4925 = CARTESIAN_POINT ( 'NONE',  ( 9.000000000000001776, 15.99999999999999289, 92.95803099629280553 ) ) ;
#4926 = CARTESIAN_POINT ( 'NONE',  ( 0.000000000000000000, -37.68612227933303416, 37.68612227933314074 ) ) ;
#4927 = AXIS2_PLACEMENT_3D ( 'NONE', #4068, #124, #1469 ) ;
#4928 = LINE ( 'NONE', #2771, #489 ) ;
#4929 = EDGE_CURVE ( 'NONE', #4792, #2843, #3837, .T. ) ;
#4930 = DIRECTION ( 'NONE',  ( 0.000000000000000000, 0.000000000000000000, 1.000000000000000000 ) ) ;
#4931 = CARTESIAN_POINT ( 'NONE',  ( -12.99999999999999467, -3.699999999999993072, 120.0000000000000000 ) ) ;
#4932 = DIRECTION ( 'NONE',  ( 0.000000000000000000, 0.4999999999999947820, -0.8660254037844417052 ) ) ;
#4933 = CYLINDRICAL_SURFACE ( 'NONE', #561, 1.599999999999990319 ) ;
#4934 = ORIENTED_EDGE ( 'NONE', *, *, #2822, .F. ) ;
#4935 = FACE_OUTER_BOUND ( 'NONE', #4770, .T. ) ;
#4936 = VERTEX_POINT ( 'NONE', #2924 ) ;
#4937 = ORIENTED_EDGE ( 'NONE', *, *, #3091, .T. ) ;
#4938 = VERTEX_POINT ( 'NONE', #2078 ) ;
#4939 = ADVANCED_BREP_SHAPE_REPRESENTATION ( 'housing', ( #955, #3117 ), #152 ) ;
#4940 = DIRECTION ( 'NONE',  ( 0.000000000000000000, -0.4999999999999957256, 0.8660254037844411501 ) ) ;
#4941 = CYLINDRICAL_SURFACE ( 'NONE', #340, 0.7000000000000061728 ) ;
#4942 = ORIENTED_EDGE ( 'NONE', *, *, #4994, .T. ) ;
#4943 = DIRECTION ( 'NONE',  ( 0.000000000000000000, 0.4999999999999870104, -0.8660254037844460351 ) ) ;
#4944 = ORIENTED_EDGE ( 'NONE', *, *, #4014, .F. ) ;
#4945 = ADVANCED_FACE ( 'NONE', ( #1813, #5264 ), #2141, .T. ) ;
#4946 = ORIENTED_EDGE ( 'NONE', *, *, #4230, .T. ) ;
#4947 = CARTESIAN_POINT ( 'NONE',  ( 23.80000000000000071, -19.00000000000000711, 110.2000000000000028 ) ) ;
#4948 = DIRECTION ( 'NONE',  ( 0.000000000000000000, 0.000000000000000000, -1.000000000000000000 ) ) ;
#4949 = ADVANCED_FACE ( 'NONE', ( #1656 ), #3537, .F. ) ;
#4950 = ADVANCED_FACE ( 'NONE', ( #4842 ), #4410, .F. ) ;
#4951 = PLANE ( 'NONE',  #5196 ) ;
#4952 = EDGE_CURVE ( 'NONE', #4779, #5020, #2981, .T. ) ;
#4953 = CARTESIAN_POINT ( 'NONE',  ( 16.00000000000000000, 19.99999999999999645, 91.12960387154673469 ) ) ;
#4954 = CARTESIAN_POINT ( 'NONE',  ( -25.50000000000000355, 35.49999999999985789, 126.5999999999999943 ) ) ;
#4955 = DIRECTION ( 'NONE',  ( -1.000000000000000000, -1.415347769246190128E-16, -1.415347769246190621E-16 ) ) ;
#4956 = ADVANCED_FACE ( 'NONE', ( #847 ), #3774, .F. ) ;
#4957 = DIRECTION ( 'NONE',  ( 0.000000000000000000, 1.000000000000000000, 0.000000000000000000 ) ) ;
#4958 = CARTESIAN_POINT ( 'NONE',  ( -29.19999999999999929, -17.20000000000000284, 98.79999999999998295 ) ) ;
#4959 = ORIENTED_EDGE ( 'NONE', *, *, #1188, .T. ) ;
#4960 = ORIENTED_EDGE ( 'NONE', *, *, #3018, .T. ) ;
#4961 = CARTESIAN_POINT ( 'NONE',  ( -5.000000000000000000, 30.76510521404533449, 105.4302429915248069 ) ) ;
#4962 = ORIENTED_EDGE ( 'NONE', *, *, #3019, .F. ) ;
#4963 = ORIENTED_EDGE ( 'NONE', *, *, #1592, .T. ) ;
#4964 = FACE_BOUND ( 'NONE', #2066, .T. ) ;
#4965 = DIRECTION ( 'NONE',  ( 0.000000000000000000, 0.000000000000000000, 1.000000000000000000 ) ) ;
#4966 = AXIS2_PLACEMENT_3D ( 'NONE', #1043, #624, #2247 ) ;
#4967 = LINE ( 'NONE', #2444, #4474 ) ;
#4968 = VERTEX_POINT ( 'NONE', #4680 ) ;
#4969 = ORIENTED_EDGE ( 'NONE', *, *, #219, .T. ) ;
#4970 = LINE ( 'NONE', #5511, #1749 ) ;
#4971 = CARTESIAN_POINT ( 'NONE',  ( -34.10000000000000853, -17.83431457505076168, 0.4000000000000000222 ) ) ;
#4972 = CARTESIAN_POINT ( 'NONE',  ( 33.99999999999990052, -9.149999999999995026, 117.1700000000000017 ) ) ;
#4973 = CARTESIAN_POINT ( 'NONE',  ( 25.50000000000000355, -17.34999999999999076, 125.0000000000000000 ) ) ;
#4974 = DIRECTION ( 'NONE',  ( 0.000000000000000000, 0.000000000000000000, 1.000000000000000000 ) ) ;
#4975 = VECTOR ( 'NONE', #720, 1000.000000000000000 ) ;
#4976 = CARTESIAN_POINT ( 'NONE',  ( -16.00000500000000159, 34.68953899857680767, 105.8191499411912702 ) ) ;
#4977 = VECTOR ( 'NONE', #481, 1000.000000000000000 ) ;
#4978 = DIRECTION ( 'NONE',  ( -0.000000000000000000, -1.000000000000000000, -0.000000000000000000 ) ) ;
#4979 = CARTESIAN_POINT ( 'NONE',  ( 31.29999999999999361, 12.00000000000000000, 6.000000000000000000 ) ) ;
#4980 = CARTESIAN_POINT ( 'NONE',  ( -15.60000000000000142, 34.55513223592376448, 106.0519492829871524 ) ) ;
#4981 = AXIS2_PLACEMENT_3D ( 'NONE', #3582, #4487, #3636 ) ;
#4982 = ORIENTED_EDGE ( 'NONE', *, *, #3601, .T. ) ;
#4983 = EDGE_CURVE ( 'NONE', #4744, #2081, #820, .T. ) ;
#4984 = VERTEX_POINT ( 'NONE', #2711 ) ;
#4985 = CARTESIAN_POINT ( 'NONE',  ( -13.00000000000000178, 15.99999999999999645, 95.92005097522067558 ) ) ;
#4986 = DIRECTION ( 'NONE',  ( 0.000000000000000000, -0.000000000000000000, 1.000000000000000000 ) ) ;
#4988 = ADVANCED_FACE ( 'NONE', ( #4436 ), #3591, .F. ) ;
#4987 = ORIENTED_EDGE ( 'NONE', *, *, #710, .T. ) ;
#4989 = AXIS2_PLACEMENT_3D ( 'NONE', #3233, #1930, #2344 ) ;
#4990 = VECTOR ( 'NONE', #3804, 1000.000000000000000 ) ;
#4991 = ORIENTED_EDGE ( 'NONE', *, *, #4325, .F. ) ;
#4992 = CARTESIAN_POINT ( 'NONE',  ( 14.83023902200767807, 35.29999999999984794, 105.5618004706871318 ) ) ;
#4993 = LINE ( 'NONE', #2416, #2365 ) ;
#4994 = EDGE_CURVE ( 'NONE', #4836, #3063, #5007, .T. ) ;
#4995 = AXIS2_PLACEMENT_3D ( 'NONE', #1140, #295, #5059 ) ;
#4996 = DIRECTION ( 'NONE',  ( -0.000000000000000000, -1.000000000000000000, -0.000000000000000000 ) ) ;
#4997 = ORIENTED_EDGE ( 'NONE', *, *, #5397, .F. ) ;
#4998 = ORIENTED_EDGE ( 'NONE', *, *, #1941, .T. ) ;
#4999 = AXIS2_PLACEMENT_3D ( 'NONE', #2889, #2980, #3325 ) ;
#5000 = VERTEX_POINT ( 'NONE', #2341 ) ;
#5001 = DIRECTION ( 'NONE',  ( 1.000000000000000000, 0.000000000000000000, -0.000000000000000000 ) ) ;
#5002 = AXIS2_PLACEMENT_3D ( 'NONE', #1116, #1040, #4478 ) ;
#5003 = DIRECTION ( 'NONE',  ( -0.000000000000000000, -1.000000000000000000, -0.000000000000000000 ) ) ;
#5004 = LINE ( 'NONE', #1142, #4475 ) ;
#5005 = FACE_BOUND ( 'NONE', #1084, .T. ) ;
#5006 = ORIENTED_EDGE ( 'NONE', *, *, #1264, .T. ) ;
#5007 = CIRCLE ( 'NONE', #1670, 1.599999999999990319 ) ;
#5008 = VECTOR ( 'NONE', #2370, 1000.000000000000000 ) ;
#5009 = CARTESIAN_POINT ( 'NONE',  ( 28.69999999999999929, 12.00000000000000000, 0.4999999999999744094 ) ) ;
#5010 = DIRECTION ( 'NONE',  ( 0.000000000000000000, -1.000000000000000000, 0.000000000000000000 ) ) ;
#5011 = CIRCLE ( 'NONE', #3938, 1.299999999999999378 ) ;
#5012 = VECTOR ( 'NONE', #4273, 1000.000000000000114 ) ;
#5013 = LINE ( 'NONE', #1174, #2111 ) ;
#5014 = EDGE_CURVE ( 'NONE', #737, #1594, #4866, .T. ) ;
#5015 = FACE_OUTER_BOUND ( 'NONE', #4296, .T. ) ;
#5016 = VERTEX_POINT ( 'NONE', #1088 ) ;
#5017 = CARTESIAN_POINT ( 'NONE',  ( -8.499999999999992895, -3.699999999999993072, 125.7000000000000313 ) ) ;
#5018 = DIRECTION ( 'NONE',  ( -0.7071067811865543451, 0.000000000000000000, -0.7071067811865408004 ) ) ;
#5019 = EDGE_CURVE ( 'NONE', #4561, #2306, #1447, .T. ) ;
#5020 = VERTEX_POINT ( 'NONE', #586 ) ;
#5021 = EDGE_CURVE ( 'NONE', #175, #4708, #1036, .T. ) ;
#5022 = LINE ( 'NONE', #1997, #3461 ) ;
#5023 = EDGE_CURVE ( 'NONE', #1258, #1884, #1528, .T. ) ;
#5024 = DIRECTION ( 'NONE',  ( 0.000000000000000000, 0.000000000000000000, -1.000000000000000000 ) ) ;
#5025 = DIRECTION ( 'NONE',  ( 8.659560562354913137E-17, 0.7071067811865490160, -0.7071067811865460184 ) ) ;
#5026 = ORIENTED_EDGE ( 'NONE', *, *, #2236, .T. ) ;
#5027 = ADVANCED_FACE ( 'NONE', ( #1110 ), #1896, .F. ) ;
#5028 = CARTESIAN_POINT ( 'NONE',  ( 14.83023902200767807, 34.95358983848606726, 105.3618004706871289 ) ) ;
#5029 = ORIENTED_EDGE ( 'NONE', *, *, #2985, .T. ) ;
#5030 = ORIENTED_EDGE ( 'NONE', *, *, #3358, .T. ) ;
#5031 = DIRECTION ( 'NONE',  ( 0.000000000000000000, 0.7071067811865489050, 0.7071067811865460184 ) ) ;
#5032 = ORIENTED_EDGE ( 'NONE', *, *, #3164, .F. ) ;
#5033 = DIRECTION ( 'NONE',  ( 1.000000000000000000, 0.000000000000000000, 0.000000000000000000 ) ) ;
#5034 = DIRECTION ( 'NONE',  ( -0.000000000000000000, 1.000000000000000000, -0.000000000000000000 ) ) ;
#5035 = DIRECTION ( 'NONE',  ( 0.000000000000000000, 0.000000000000000000, -1.000000000000000000 ) ) ;
#5036 = EDGE_LOOP ( 'NONE', ( #829, #344, #4805, #3239 ) ) ;
#5037 = DIRECTION ( 'NONE',  ( 0.000000000000000000, 0.000000000000000000, -1.000000000000000000 ) ) ;
#5038 = DIRECTION ( 'NONE',  ( -1.000000000000000000, 0.000000000000000000, 0.000000000000000000 ) ) ;
#5039 = FACE_BOUND ( 'NONE', #2268, .T. ) ;
#5040 = LINE ( 'NONE', #4525, #4446 ) ;
#5041 = LINE ( 'NONE', #5496, #1358 ) ;
#5042 = ORIENTED_EDGE ( 'NONE', *, *, #5537, .F. ) ;
#5043 = EDGE_CURVE ( 'NONE', #2672, #3685, #1503, .T. ) ;
#5044 = CARTESIAN_POINT ( 'NONE',  ( -25.50000000000000355, 15.99999999999999645, 123.4000000000000057 ) ) ;
#5045 = FACE_OUTER_BOUND ( 'NONE', #1269, .T. ) ;
#5046 = ORIENTED_EDGE ( 'NONE', *, *, #4225, .F. ) ;
#5047 = LINE ( 'NONE', #4537, #3633 ) ;
#5048 = ADVANCED_FACE ( 'NONE', ( #2294 ), #2263, .T. ) ;
#5049 = CARTESIAN_POINT ( 'NONE',  ( -9.000000000000001776, 15.99999999999999289, 92.95803099629280553 ) ) ;
#5050 = EDGE_CURVE ( 'NONE', #3035, #4803, #2320, .T. ) ;
#5051 = ADVANCED_FACE ( 'NONE', ( #133 ), #1927, .F. ) ;
#5052 = EDGE_CURVE ( 'NONE', #3904, #4914, #5341, .T. ) ;
#5053 = CARTESIAN_POINT ( 'NONE',  ( 25.50000000000000355, -17.34999999999999076, 125.0000000000000000 ) ) ;
#5054 = ORIENTED_EDGE ( 'NONE', *, *, #2834, .F. ) ;
#5055 = APPLICATION_PROTOCOL_DEFINITION ( 'draft international standard', 'automotive_design', 1998, #199 ) ;
#5056 = ORIENTED_EDGE ( 'NONE', *, *, #745, .T. ) ;
#5057 = VECTOR ( 'NONE', #311, 1000.000000000000000 ) ;
#5058 = ADVANCED_FACE ( 'NONE', ( #1475, #1869 ), #5290, .T. ) ;
#5059 = DIRECTION ( 'NONE',  ( 0.000000000000000000, -0.7071067811865486830, -0.7071067811865464625 ) ) ;
#5060 = DIRECTION ( 'NONE',  ( 1.000000000000000000, -0.000000000000000000, -0.000000000000000000 ) ) ;
#5061 = CARTESIAN_POINT ( 'NONE',  ( -5.000000000000000000, 34.92074013265579424, 99.43613044182933436 ) ) ;
#5062 = DIRECTION ( 'NONE',  ( 0.000000000000000000, -0.8660254037844420383, -0.4999999999999941713 ) ) ;
#5063 = ORIENTED_EDGE ( 'NONE', *, *, #3662, .T. ) ;
#5064 = FACE_OUTER_BOUND ( 'NONE', #1218, .T. ) ;
#5065 = EDGE_CURVE ( 'NONE', #3063, #5478, #640, .T. ) ;
#5066 = DIRECTION ( 'NONE',  ( 0.000000000000000000, -0.7071067811865474617, -0.7071067811865474617 ) ) ;
#5067 = CARTESIAN_POINT ( 'NONE',  ( -70.49999999999991473, -3.699999999999993072, 70.50000000000089528 ) ) ;
#5068 = DIRECTION ( 'NONE',  ( -0.7071067811865474617, -0.000000000000000000, 0.7071067811865474617 ) ) ;
#5069 = CARTESIAN_POINT ( 'NONE',  ( -31.49999999999999289, 15.99999999999999645, 6.000000000000005329 ) ) ;
#5070 = VECTOR ( 'NONE', #2217, 1000.000000000000114 ) ;
#5071 = ORIENTED_EDGE ( 'NONE', *, *, #4811, .F. ) ;
#5072 = DIRECTION ( 'NONE',  ( 0.000000000000000000, -0.4999999999999945044, 0.8660254037844418162 ) ) ;
#5073 = DIRECTION ( 'NONE',  ( 0.000000000000000000, -0.4999999999999850675, 0.8660254037844472563 ) ) ;
#5074 = VERTEX_POINT ( 'NONE', #5377 ) ;
#5075 = ORIENTED_EDGE ( 'NONE', *, *, #890, .T. ) ;
#5076 = CARTESIAN_POINT ( 'NONE',  ( 25.50000000000000355, 17.34999999999998366, 123.4000000000000057 ) ) ;
#5077 = CIRCLE ( 'NONE', #754, 1.599999999999990319 ) ;
#5078 = CARTESIAN_POINT ( 'NONE',  ( -12.99999999999999467, -3.699999999999993072, 121.0000000000000000 ) ) ;
#5079 = CIRCLE ( 'NONE', #492, 1.599999999999990319 ) ;
#5080 = AXIS2_PLACEMENT_3D ( 'NONE', #5078, #1973, #4659 ) ;
#5081 = AXIS2_PLACEMENT_3D ( 'NONE', #3687, #321, #5412 ) ;
#5082 = DIRECTION ( 'NONE',  ( 0.6546536707079788631, 0.3779644730092212024, -0.6546536707079788631 ) ) ;
#5083 = VERTEX_POINT ( 'NONE', #3231 ) ;
#5084 = DIRECTION ( 'NONE',  ( 1.000000000000000000, 0.000000000000000000, 0.000000000000000000 ) ) ;
#5085 = ORIENTED_EDGE ( 'NONE', *, *, #1244, .T. ) ;
#5086 = VECTOR ( 'NONE', #4349, 1000.000000000000114 ) ;
#5087 = AXIS2_PLACEMENT_3D ( 'NONE', #1453, #2269, #1011 ) ;
#5088 = EDGE_LOOP ( 'NONE', ( #4887, #3109, #1523, #1717 ) ) ;
#5089 = DIRECTION ( 'NONE',  ( 0.000000000000000000, 0.4999999999999980571, -0.8660254037844397068 ) ) ;
#5090 = DIRECTION ( 'NONE',  ( -0.000000000000000000, -1.000000000000000000, 0.000000000000000000 ) ) ;
#5091 = DIRECTION ( 'NONE',  ( 0.000000000000000000, 0.000000000000000000, 1.000000000000000000 ) ) ;
#5092 = VECTOR ( 'NONE', #1522, 1000.000000000000000 ) ;
#5093 = FACE_BOUND ( 'NONE', #1300, .T. ) ;
#5094 = ORIENTED_EDGE ( 'NONE', *, *, #2343, .T. ) ;
#5095 = ADVANCED_FACE ( 'NONE', ( #4103 ), #4951, .F. ) ;
#5096 = PLANE ( 'NONE',  #4806 ) ;
#5097 = VECTOR ( 'NONE', #3901, 1000.000000000000000 ) ;
#5098 = DIRECTION ( 'NONE',  ( -1.000000000000000000, -0.000000000000000000, -0.000000000000000000 ) ) ;
#5099 = CARTESIAN_POINT ( 'NONE',  ( 31.50000000000000711, -15.99999999999999289, 0.000000000000000000 ) ) ;
#5100 = CONICAL_SURFACE ( 'NONE', #5548, 1.299999999999999378, 0.7853981633974382870 ) ;
#5101 = ADVANCED_FACE ( 'NONE', ( #5093, #5005, #2428, #2879, #4185, #778 ), #5459, .F. ) ;
#5102 = AXIS2_PLACEMENT_3D ( 'NONE', #5217, #461, #59 ) ;
#5103 = VECTOR ( 'NONE', #1982, 1000.000000000000114 ) ;
#5104 = FACE_OUTER_BOUND ( 'NONE', #1636, .T. ) ;
#5105 = CARTESIAN_POINT ( 'NONE',  ( -14.81725989930085596, 23.35358983848619374, 125.4535898384861667 ) ) ;
#5106 = AXIS2_PLACEMENT_3D ( 'NONE', #385, #5544, #3404 ) ;
#5107 = AXIS2_PLACEMENT_3D ( 'NONE', #3169, #4893, #4495 ) ;
#5108 = EDGE_LOOP ( 'NONE', ( #607, #3131, #2251, #4942 ) ) ;
#5109 = LINE ( 'NONE', #2107, #1668 ) ;
#5110 = CARTESIAN_POINT ( 'NONE',  ( -11.99999999999999645, -3.699999999999993072, 108.8000000000000114 ) ) ;
#5111 = VERTEX_POINT ( 'NONE', #2944 ) ;
#5112 = EDGE_LOOP ( 'NONE', ( #4061, #3372, #370, #5571 ) ) ;
#5113 = DIRECTION ( 'NONE',  ( 0.7071067811865474617, 0.7071067811865474617, -0.000000000000000000 ) ) ;
#5114 = AXIS2_PLACEMENT_3D ( 'NONE', #4804, #4693, #473 ) ;
#5115 = CARTESIAN_POINT ( 'NONE',  ( -25.50000000000000355, -19.00000000000000711, 121.7500000000000000 ) ) ;
#5116 = VECTOR ( 'NONE', #1517, 1000.000000000000000 ) ;
#5117 = CARTESIAN_POINT ( 'NONE',  ( -3.999999999999994671, -3.699999999999993072, 127.9999999999999432 ) ) ;
#5118 = EDGE_LOOP ( 'NONE', ( #1510, #4369 ) ) ;
#5119 = ORIENTED_EDGE ( 'NONE', *, *, #4425, .T. ) ;
#5120 = EDGE_LOOP ( 'NONE', ( #832, #1891, #3493, #326 ) ) ;
#5121 = DIRECTION ( 'NONE',  ( 0.000000000000000000, 1.000000000000000000, -0.000000000000000000 ) ) ;
#5122 = CARTESIAN_POINT ( 'NONE',  ( 13.00000000000000178, 23.91698729810785196, 124.2777568135664978 ) ) ;
#5123 = ADVANCED_FACE ( 'NONE', ( #1613 ), #4015, .F. ) ;
#5124 = VERTEX_POINT ( 'NONE', #2041 ) ;
#5125 = CARTESIAN_POINT ( 'NONE',  ( -16.00000000000000000, 35.49999999999985789, 105.2153903091733866 ) ) ;
#5126 = ORIENTED_EDGE ( 'NONE', *, *, #2323, .T. ) ;
#5127 = DIRECTION ( 'NONE',  ( -1.000000000000000000, 0.000000000000000000, 0.000000000000000000 ) ) ;
#5128 = ORIENTED_EDGE ( 'NONE', *, *, #4357, .T. ) ;
#5129 = EDGE_CURVE ( 'NONE', #4069, #3114, #4374, .T. ) ;
#5130 = CYLINDRICAL_SURFACE ( 'NONE', #2821, 1.000000000000000888 ) ;
#5131 = EDGE_CURVE ( 'NONE', #3813, #1137, #1946, .T. ) ;
#5132 = CARTESIAN_POINT ( 'NONE',  ( -31.30000000000000071, -12.00000000000000000, 6.000000000000000000 ) ) ;
#5133 = EDGE_CURVE ( 'NONE', #3196, #4484, #4650, .T. ) ;
#5134 = CARTESIAN_POINT ( 'NONE',  ( -3.999999999999996447, -3.699999999999993072, 107.7999999999999972 ) ) ;
#5135 = CARTESIAN_POINT ( 'NONE',  ( -15.00000000000000000, 18.99999999999999645, 127.0000000000000000 ) ) ;
#5136 = DIRECTION ( 'NONE',  ( 0.000000000000000000, 0.000000000000000000, 1.000000000000000000 ) ) ;
#5137 = EDGE_CURVE ( 'NONE', #4968, #4018, #1168, .T. ) ;
#5138 = EDGE_LOOP ( 'NONE', ( #967, #5417, #360, #1859 ) ) ;
#5139 = CARTESIAN_POINT ( 'NONE',  ( 28.69999999999999929, 12.00000000000000000, 6.000000000000000000 ) ) ;
#5140 = CARTESIAN_POINT ( 'NONE',  ( -29.19999999999998863, -16.00000000000000000, 9.000000000000001776 ) ) ;
#5141 = ORIENTED_EDGE ( 'NONE', *, *, #2635, .T. ) ;
#5142 = PLANE ( 'NONE',  #4086 ) ;
#5143 = CARTESIAN_POINT ( 'NONE',  ( -13.00000000000000178, 34.21698729810766082, 106.4376334956069599 ) ) ;
#5144 = PLANE ( 'NONE',  #2206 ) ;
#5145 = ORIENTED_EDGE ( 'NONE', *, *, #1525, .T. ) ;
#5146 = ORIENTED_EDGE ( 'NONE', *, *, #3815, .T. ) ;
#5147 = ORIENTED_EDGE ( 'NONE', *, *, #259, .F. ) ;
#5148 = CARTESIAN_POINT ( 'NONE',  ( 33.99999999999989342, -5.649999999999995026, 111.4700000000000131 ) ) ;
#5149 = CARTESIAN_POINT ( 'NONE',  ( 2.500000000000000000, 29.35089165167226710, 103.3089226479651472 ) ) ;
#5150 = ORIENTED_EDGE ( 'NONE', *, *, #4348, .T. ) ;
#5151 = FACE_BOUND ( 'NONE', #554, .T. ) ;
#5152 = VERTEX_POINT ( 'NONE', #2852 ) ;
#5153 = CARTESIAN_POINT ( 'NONE',  ( -26.50000000000000355, 16.00000000000000000, 0.000000000000000000 ) ) ;
#5154 = VECTOR ( 'NONE', #2497, 1000.000000000000114 ) ;
#5155 = CARTESIAN_POINT ( 'NONE',  ( 29.20000000000002416, 91.11955937175993370, 9.000000000000001776 ) ) ;
#5156 = DIRECTION ( 'NONE',  ( -0.000000000000000000, 0.8660254037844418162, 0.4999999999999945044 ) ) ;
#5157 = LINE ( 'NONE', #815, #1910 ) ;
#5158 = EDGE_CURVE ( 'NONE', #2155, #82, #3563, .T. ) ;
#5159 = DIRECTION ( 'NONE',  ( 1.000000000000000000, 0.000000000000000000, 0.000000000000000000 ) ) ;
#5160 = VERTEX_POINT ( 'NONE', #2402 ) ;
#5161 = CARTESIAN_POINT ( 'NONE',  ( -33.50000000000000000, -19.00000000000000355, 0.4000000000000000222 ) ) ;
#5162 = CARTESIAN_POINT ( 'NONE',  ( 5.000000000000000000, 29.84586639850282808, 104.5110041759823076 ) ) ;
#5163 = EDGE_LOOP ( 'NONE', ( #3070, #3750, #3478, #1800 ) ) ;
#5164 = DIRECTION ( 'NONE',  ( 0.000000000000000000, 0.9238795325112847401, -0.3826834323650947778 ) ) ;
#5165 = EDGE_CURVE ( 'NONE', #2835, #2811, #4579, .T. ) ;
#5166 = CARTESIAN_POINT ( 'NONE',  ( -8.499999999999992895, -3.699999999999993072, 124.5000000000000000 ) ) ;
#5167 = VECTOR ( 'NONE', #5489, 1000.000000000000114 ) ;
#5168 = VECTOR ( 'NONE', #2243, 1000.000000000000114 ) ;
#5169 = AXIS2_PLACEMENT_3D ( 'NONE', #4411, #3592, #3146 ) ;
#5170 = LINE ( 'NONE', #4258, #4641 ) ;
#5171 = ORIENTED_EDGE ( 'NONE', *, *, #5131, .T. ) ;
#5172 = EDGE_LOOP ( 'NONE', ( #286, #468, #2706, #3198 ) ) ;
#5173 = ORIENTED_EDGE ( 'NONE', *, *, #1873, .T. ) ;
#5174 = ADVANCED_FACE ( 'NONE', ( #4607, #4155, #300, #3731, #3317, #3764 ), #5490, .F. ) ;
#5175 = AXIS2_PLACEMENT_3D ( 'NONE', #5380, #4581, #3256 ) ;
#5176 = ORIENTED_EDGE ( 'NONE', *, *, #267, .T. ) ;
#5177 = CARTESIAN_POINT ( 'NONE',  ( 33.33431457505077589, 18.59999999999998366, 0.4000000000000000222 ) ) ;
#5178 = CARTESIAN_POINT ( 'NONE',  ( -10.14186145275746576, 33.42944763917979145, 108.8016921978457674 ) ) ;
#5179 = ORIENTED_EDGE ( 'NONE', *, *, #1978, .T. ) ;
#5180 = LINE ( 'NONE', #1311, #963 ) ;
#5181 = ORIENTED_EDGE ( 'NONE', *, *, #293, .F. ) ;
#5182 = VECTOR ( 'NONE', #2139, 1000.000000000000000 ) ;
#5183 = AXIS2_PLACEMENT_3D ( 'NONE', #1508, #4559, #726 ) ;
#5184 = DIRECTION ( 'NONE',  ( -0.000000000000000000, -0.3826834323650947223, -0.9238795325112846291 ) ) ;
#5185 = AXIS2_PLACEMENT_3D ( 'NONE', #4603, #4152, #2368 ) ;
#5186 = FACE_OUTER_BOUND ( 'NONE', #2353, .T. ) ;
#5187 = DIRECTION ( 'NONE',  ( -0.000000000000000000, 1.000000000000000000, -0.000000000000000000 ) ) ;
#5188 = VECTOR ( 'NONE', #121, 1000.000000000000000 ) ;
#5189 = DIRECTION ( 'NONE',  ( 0.000000000000000000, -1.000000000000000000, 0.000000000000000000 ) ) ;
#5190 = CYLINDRICAL_SURFACE ( 'NONE', #2743, 1.299999999999992717 ) ;
#5191 = VECTOR ( 'NONE', #1047, 1000.000000000000114 ) ;
#5192 = EDGE_CURVE ( 'NONE', #3183, #257, #3208, .T. ) ;
#5193 = EDGE_LOOP ( 'NONE', ( #5270, #3602, #1865, #1778 ) ) ;
#5194 = DIRECTION ( 'NONE',  ( 0.000000000000000000, 0.000000000000000000, -1.000000000000000000 ) ) ;
#5195 = FACE_OUTER_BOUND ( 'NONE', #2715, .T. ) ;
#5196 = AXIS2_PLACEMENT_3D ( 'NONE', #249, #1962, #1228 ) ;
#5197 = VECTOR ( 'NONE', #1108, 1000.000000000000000 ) ;
#5198 = EDGE_CURVE ( 'NONE', #1079, #5283, #4134, .T. ) ;
#5199 = EDGE_CURVE ( 'NONE', #4489, #3061, #4637, .T. ) ;
#5200 = CARTESIAN_POINT ( 'NONE',  ( 5.000000000000000000, 30.76510521404533449, 105.4302429915248069 ) ) ;
#5201 = ADVANCED_FACE ( 'NONE', ( #3791 ), #685, .F. ) ;
#5202 = ORIENTED_EDGE ( 'NONE', *, *, #1364, .F. ) ;
#5203 = AXIS2_PLACEMENT_3D ( 'NONE', #1955, #2282, #1864 ) ;
#5204 = ORIENTED_EDGE ( 'NONE', *, *, #2347, .F. ) ;
#5205 = VERTEX_POINT ( 'NONE', #273 ) ;
#5206 = VERTEX_POINT ( 'NONE', #1983 ) ;
#5207 = CYLINDRICAL_SURFACE ( 'NONE', #4734, 1.649999999999998579 ) ;
#5208 = EDGE_CURVE ( 'NONE', #2199, #3899, #2656, .T. ) ;
#5209 = DIRECTION ( 'NONE',  ( 0.000000000000000000, -0.7071067811865475727, 0.7071067811865475727 ) ) ;
#5210 = EDGE_LOOP ( 'NONE', ( #1086, #1488, #5242, #1060 ) ) ;
#5211 = FACE_OUTER_BOUND ( 'NONE', #4259, .T. ) ;
#5212 = ORIENTED_EDGE ( 'NONE', *, *, #716, .F. ) ;
#5213 = DIRECTION ( 'NONE',  ( 0.000000000000000000, -0.7071067811865475727, 0.7071067811865475727 ) ) ;
#5214 = DIRECTION ( 'NONE',  ( 0.000000000000000000, 0.000000000000000000, 1.000000000000000000 ) ) ;
#5215 = LINE ( 'NONE', #5317, #4799 ) ;
#5216 = CARTESIAN_POINT ( 'NONE',  ( 16.99862075525229699, -5.649999999999995026, 111.4700000000000131 ) ) ;
#5217 = CARTESIAN_POINT ( 'NONE',  ( 0.000000000000000000, 32.39145081077447941, 102.8139479011345117 ) ) ;
#5218 = ORIENTED_EDGE ( 'NONE', *, *, #4952, .T. ) ;
#5219 = LINE ( 'NONE', #3071, #2012 ) ;
#5220 = DIRECTION ( 'NONE',  ( 8.659560562354927928E-17, 0.9659258262890625391, -0.2588190451025417227 ) ) ;
#5221 = EDGE_CURVE ( 'NONE', #940, #62, #5180, .T. ) ;
#5222 = CARTESIAN_POINT ( 'NONE',  ( -15.59999999999999609, 15.99999999999999822, 116.7046606660471326 ) ) ;
#5223 = ORIENTED_EDGE ( 'NONE', *, *, #5198, .F. ) ;
#5224 = VERTEX_POINT ( 'NONE', #1806 ) ;
#5225 = ORIENTED_EDGE ( 'NONE', *, *, #1678, .F. ) ;
#5226 = EDGE_CURVE ( 'NONE', #5510, #1350, #1356, .T. ) ;
#5227 = ORIENTED_EDGE ( 'NONE', *, *, #3156, .F. ) ;
#5228 = CARTESIAN_POINT ( 'NONE',  ( -25.50000000000000355, 35.49999999999985789, 125.0000000000000000 ) ) ;
#5229 = LINE ( 'NONE', #5178, #1238 ) ;
#5230 = ORIENTED_EDGE ( 'NONE', *, *, #951, .F. ) ;
#5231 = PLANE ( 'NONE',  #5114 ) ;
#5232 = EDGE_LOOP ( 'NONE', ( #3637, #3501, #2273, #5285 ) ) ;
#5233 = ADVANCED_FACE ( 'NONE', ( #3427, #3936, #1384, #1338, #5151, #19, #5211 ), #500, .T. ) ;
#5234 = ORIENTED_EDGE ( 'NONE', *, *, #1951, .T. ) ;
#5235 = DIRECTION ( 'NONE',  ( 0.7071067811865474617, 0.7071067811865474617, 0.000000000000000000 ) ) ;
#5236 = CARTESIAN_POINT ( 'NONE',  ( 34.50000000000000000, -9.149999999999995026, 111.4700000000000131 ) ) ;
#5237 = DIRECTION ( 'NONE',  ( -1.000000000000000000, 0.000000000000000000, 0.000000000000000000 ) ) ;
#5238 = EDGE_CURVE ( 'NONE', #5000, #2418, #3034, .T. ) ;
#5239 = VECTOR ( 'NONE', #3600, 1000.000000000000114 ) ;
#5240 = DIRECTION ( 'NONE',  ( -0.000000000000000000, 0.8660254037844420383, 0.4999999999999942824 ) ) ;
#5241 = LINE ( 'NONE', #5, #2030 ) ;
#5242 = ORIENTED_EDGE ( 'NONE', *, *, #4426, .T. ) ;
#5243 = VERTEX_POINT ( 'NONE', #3485 ) ;
#5244 = FACE_BOUND ( 'NONE', #501, .T. ) ;
#5245 = DIRECTION ( 'NONE',  ( -0.000000000000000000, -1.000000000000000000, -0.000000000000000000 ) ) ;
#5246 = PLANE ( 'NONE',  #2566 ) ;
#5247 = ORIENTED_EDGE ( 'NONE', *, *, #4499, .F. ) ;
#5248 = VERTEX_POINT ( 'NONE', #3962 ) ;
#5249 = ORIENTED_EDGE ( 'NONE', *, *, #127, .T. ) ;
#5250 = FACE_OUTER_BOUND ( 'NONE', #4397, .T. ) ;
#5251 = AXIS2_PLACEMENT_3D ( 'NONE', #2797, #4957, #4196 ) ;
#5252 = DIRECTION ( 'NONE',  ( -0.7071067811865474617, 0.000000000000000000, -0.7071067811865474617 ) ) ;
#5253 = DIRECTION ( 'NONE',  ( 0.000000000000000000, -0.7071067811865501263, -0.7071067811865447972 ) ) ;
#5254 = ORIENTED_EDGE ( 'NONE', *, *, #3699, .T. ) ;
#5255 = DIRECTION ( 'NONE',  ( 0.000000000000000000, 0.000000000000000000, -1.000000000000000000 ) ) ;
#5256 = EDGE_LOOP ( 'NONE', ( #2157, #2663, #1807, #1971 ) ) ;
#5257 = VECTOR ( 'NONE', #4270, 999.9999999999998863 ) ;
#5258 = DIRECTION ( 'NONE',  ( 0.000000000000000000, 1.000000000000000000, 0.000000000000000000 ) ) ;
#5259 = CARTESIAN_POINT ( 'NONE',  ( -33.33431457505076168, 18.59999999999999432, 0.000000000000000000 ) ) ;
#5260 = EDGE_CURVE ( 'NONE', #4320, #3063, #448, .T. ) ;
#5261 = EDGE_CURVE ( 'NONE', #4968, #3640, #3060, .T. ) ;
#5262 = CONICAL_SURFACE ( 'NONE', #1298, 3.250000000000002665, 0.7853981633974461696 ) ;
#5263 = VECTOR ( 'NONE', #4567, 1000.000000000000000 ) ;
#5264 = FACE_BOUND ( 'NONE', #2847, .T. ) ;
#5265 = CARTESIAN_POINT ( 'NONE',  ( -3.999999999999994671, -3.699999999999993072, 127.9999999999999432 ) ) ;
#5266 = VECTOR ( 'NONE', #1853, 1000.000000000000114 ) ;
#5267 = DIRECTION ( 'NONE',  ( -0.000000000000000000, -0.000000000000000000, -1.000000000000000000 ) ) ;
#5268 = DIRECTION ( 'NONE',  ( -0.6947465906068635011, 0.3596272983382023947, -0.6228927525104982488 ) ) ;
#5269 = EDGE_CURVE ( 'NONE', #4670, #1407, #81, .T. ) ;
#5270 = ORIENTED_EDGE ( 'NONE', *, *, #1949, .F. ) ;
#5271 = AXIS2_PLACEMENT_3D ( 'NONE', #2203, #4690, #44 ) ;
#5272 = DIRECTION ( 'NONE',  ( -0.000000000000000000, 1.000000000000000000, -0.000000000000000000 ) ) ;
#5273 = DIRECTION ( 'NONE',  ( -0.6416240996556117349, 0.000000000000000000, 0.7670192401375115487 ) ) ;
#5274 = AXIS2_PLACEMENT_3D ( 'NONE', #4142, #2385, #2780 ) ;
#5275 = DIRECTION ( 'NONE',  ( 0.000000000000000000, -0.000000000000000000, -1.000000000000000000 ) ) ;
#5276 = ORIENTED_EDGE ( 'NONE', *, *, #3435, .T. ) ;
#5277 = ORIENTED_EDGE ( 'NONE', *, *, #5065, .T. ) ;
#5278 = VECTOR ( 'NONE', #3879, 1000.000000000000114 ) ;
#5279 = CARTESIAN_POINT ( 'NONE',  ( -9.000000000000001776, 0.000000000000000000, 0.000000000000000000 ) ) ;
#5280 = VECTOR ( 'NONE', #3705, 1000.000000000000000 ) ;
#5281 = LINE ( 'NONE', #1411, #1933 ) ;
#5282 = DIRECTION ( 'NONE',  ( 0.7192545966764064547, 0.3473732953034276427, -0.6016681966581727270 ) ) ;
#5283 = VERTEX_POINT ( 'NONE', #2618 ) ;
#5284 = DIRECTION ( 'NONE',  ( 1.000000000000000000, -0.000000000000000000, -0.000000000000000000 ) ) ;
#5285 = ORIENTED_EDGE ( 'NONE', *, *, #1499, .F. ) ;
#5286 = EDGE_LOOP ( 'NONE', ( #3580, #568, #959, #4458 ) ) ;
#5287 = EDGE_CURVE ( 'NONE', #5248, #564, #1702, .T. ) ;
#5288 = CARTESIAN_POINT ( 'NONE',  ( -28.69999999999999574, 12.00000000000000000, 0.5000000000000125455 ) ) ;
#5289 = LINE ( 'NONE', #2262, #5008 ) ;
#5290 = PLANE ( 'NONE',  #4829 ) ;
#5291 = CARTESIAN_POINT ( 'NONE',  ( -3.999999999999994227, -3.699999999999993072, 120.0000000000000000 ) ) ;
#5292 = EDGE_CURVE ( 'NONE', #2529, #4508, #102, .T. ) ;
#5293 = EDGE_CURVE ( 'NONE', #5486, #3051, #4725, .T. ) ;
#5294 = EDGE_CURVE ( 'NONE', #5474, #5357, #2596, .T. ) ;
#5295 = DIRECTION ( 'NONE',  ( -0.7071067811865475727, 0.000000000000000000, 0.7071067811865475727 ) ) ;
#5296 = DIRECTION ( 'NONE',  ( -1.000000000000000000, -0.000000000000000000, -0.000000000000000000 ) ) ;
#5297 = ORIENTED_EDGE ( 'NONE', *, *, #4121, .T. ) ;
#5298 = CARTESIAN_POINT ( 'NONE',  ( -4.999999999999969802, -3.699999999999993072, 99.79999999999999716 ) ) ;
#5299 = LINE ( 'NONE', #3095, #1990 ) ;
#5300 = EDGE_CURVE ( 'NONE', #5083, #3647, #1493, .T. ) ;
#5301 = LINE ( 'NONE', #200, #3106 ) ;
#5302 = EDGE_LOOP ( 'NONE', ( #2515, #4608, #5276, #314 ) ) ;
#5303 = VERTEX_POINT ( 'NONE', #3508 ) ;
#5304 = ORIENTED_EDGE ( 'NONE', *, *, #4325, .T. ) ;
#5305 = CYLINDRICAL_SURFACE ( 'NONE', #666, 1.299999999999992717 ) ;
#5306 = B_SPLINE_CURVE_WITH_KNOTS ( 'NONE', 1,
 ( #470, #3079 ),
 .UNSPECIFIED., .F., .F.,
 ( 2, 2 ),
 ( 0.000000000000000000, 0.002449489742783186527 ),
 .UNSPECIFIED. ) ;
#5307 = CYLINDRICAL_SURFACE ( 'NONE', #2561, 1.599999999999990319 ) ;
#5308 = CARTESIAN_POINT ( 'NONE',  ( 15.00000000000000000, 23.49999999999999645, 126.0000000000000000 ) ) ;
#5309 = ORIENTED_EDGE ( 'NONE', *, *, #478, .T. ) ;
#5310 = CARTESIAN_POINT ( 'NONE',  ( -30.00000000000000000, 12.00000000000000000, 0.000000000000000000 ) ) ;
#5311 = EDGE_LOOP ( 'NONE', ( #3612, #1660, #2534, #5394 ) ) ;
#5312 = ORIENTED_EDGE ( 'NONE', *, *, #2808, .T. ) ;
#5313 = CARTESIAN_POINT ( 'NONE',  ( -25.50000000000000355, -19.00000000000000711, 128.2500000000000000 ) ) ;
#5314 = EDGE_LOOP ( 'NONE', ( #1626, #4879, #1632, #4840 ) ) ;
#5315 = CARTESIAN_POINT ( 'NONE',  ( -13.00000000000000178, 12.56935403610591884, 95.44047730436517440 ) ) ;
#5316 = DIRECTION ( 'NONE',  ( 0.000000000000000000, 0.000000000000000000, -1.000000000000000000 ) ) ;
#5317 = CARTESIAN_POINT ( 'NONE',  ( -13.00000000000000178, 4.219354036106018668, 109.9031015475653561 ) ) ;
#5318 = ADVANCED_FACE ( 'NONE', ( #2542, #4321 ), #5231, .T. ) ;
#5319 = DIRECTION ( 'NONE',  ( 0.000000000000000000, -0.4999999999999957256, 0.8660254037844411501 ) ) ;
#5320 = CARTESIAN_POINT ( 'NONE',  ( -31.30000000000000071, -12.00000000000000000, 6.000000000000000000 ) ) ;
#5321 = EDGE_LOOP ( 'NONE', ( #4682, #2089, #4692, #4494 ) ) ;
#5322 = CARTESIAN_POINT ( 'NONE',  ( 34.50000000000000000, 18.99999999999999645, 129.0000000000000000 ) ) ;
#5323 = AXIS2_PLACEMENT_3D ( 'NONE', #1619, #5472, #1175 ) ;
#5324 = CARTESIAN_POINT ( 'NONE',  ( -29.19999999999998863, 91.11955937175993370, 9.000000000000001776 ) ) ;
#5325 = EDGE_LOOP ( 'NONE', ( #2611, #3961 ) ) ;
#5326 = DIRECTION ( 'NONE',  ( -0.000000000000000000, -1.000000000000000000, 0.000000000000000000 ) ) ;
#5327 = ORIENTED_EDGE ( 'NONE', *, *, #552, .F. ) ;
#5328 = EDGE_CURVE ( 'NONE', #3926, #2936, #2129, .T. ) ;
#5329 = ORIENTED_EDGE ( 'NONE', *, *, #1645, .F. ) ;
#5330 = ORIENTED_EDGE ( 'NONE', *, *, #2531, .F. ) ;
#5331 = CARTESIAN_POINT ( 'NONE',  ( 26.50000000000000355, -19.00000000000000355, 6.000000000000000000 ) ) ;
#5332 = FACE_OUTER_BOUND ( 'NONE', #2804, .T. ) ;
#5333 = CARTESIAN_POINT ( 'NONE',  ( -11.99999999999999645, -3.699999999999993072, 108.8000000000000114 ) ) ;
#5334 = ORIENTED_EDGE ( 'NONE', *, *, #1244, .F. ) ;
#5335 = EDGE_CURVE ( 'NONE', #828, #3693, #2937, .T. ) ;
#5336 = CARTESIAN_POINT ( 'NONE',  ( 15.00000000000000000, 18.99999999999999645, 127.0000000000000000 ) ) ;
#5337 = EDGE_LOOP ( 'NONE', ( #548, #1498, #2170, #4149 ) ) ;
#5338 = VECTOR ( 'NONE', #2658, 1000.000000000000114 ) ;
#5339 = LINE ( 'NONE', #2261, #4272 ) ;
#5340 = CARTESIAN_POINT ( 'NONE',  ( 14.83023902200767807, 35.29999999999984794, 105.5618004706871318 ) ) ;
#5341 = LINE ( 'NONE', #3145, #2033 ) ;
#5342 = VECTOR ( 'NONE', #1171, 1000.000000000000000 ) ;
#5343 = CARTESIAN_POINT ( 'NONE',  ( 15.00000000000000000, 18.99999999999999645, 88.30117674680055018 ) ) ;
#5344 = VECTOR ( 'NONE', #4120, 1000.000000000000000 ) ;
#5345 = CARTESIAN_POINT ( 'NONE',  ( 16.00000000000000000, 19.99999999999999645, 125.0000000000000000 ) ) ;
#5346 = AXIS2_PLACEMENT_3D ( 'NONE', #2275, #2783, #4509 ) ;
#5347 = LINE ( 'NONE', #5320, #1224 ) ;
#5348 = CARTESIAN_POINT ( 'NONE',  ( -13.00000000000000178, 23.91698729810786617, 124.2777568135665121 ) ) ;
#5349 = DIRECTION ( 'NONE',  ( 0.000000000000000000, 0.000000000000000000, -1.000000000000000000 ) ) ;
#5350 = AXIS2_PLACEMENT_3D ( 'NONE', #2265, #643, #1847 ) ;
#5351 = VECTOR ( 'NONE', #1820, 1000.000000000000000 ) ;
#5352 = VERTEX_POINT ( 'NONE', #3854 ) ;
#5353 = EDGE_CURVE ( 'NONE', #822, #1027, #3397, .T. ) ;
#5354 = AXIS2_PLACEMENT_3D ( 'NONE', #4549, #4130, #3900 ) ;
#5355 = CARTESIAN_POINT ( 'NONE',  ( 15.00000000000000000, 19.99999999999999645, 126.0000000000000000 ) ) ;
#5356 = ORIENTED_EDGE ( 'NONE', *, *, #5021, .F. ) ;
#5357 = VERTEX_POINT ( 'NONE', #1889 ) ;
#5358 = ORIENTED_EDGE ( 'NONE', *, *, #4463, .F. ) ;
#5359 = CARTESIAN_POINT ( 'NONE',  ( -30.00000000000000000, -12.00000000000000000, 0.000000000000000000 ) ) ;
#5360 = VECTOR ( 'NONE', #17, 1000.000000000000000 ) ;
#5361 = VECTOR ( 'NONE', #5089, 1000.000000000000114 ) ;
#5362 = EDGE_CURVE ( 'NONE', #3640, #1079, #240, .T. ) ;
#5363 = EDGE_CURVE ( 'NONE', #1705, #1840, #5467, .T. ) ;
#5364 = ADVANCED_FACE ( 'NONE', ( #659 ), #4490, .T. ) ;
#5365 = CARTESIAN_POINT ( 'NONE',  ( 13.00000000000000178, 15.99999999999999645, 95.92005097522067558 ) ) ;
#5366 = ORIENTED_EDGE ( 'NONE', *, *, #2576, .T. ) ;
#5367 = VECTOR ( 'NONE', #4986, 1000.000000000000000 ) ;
#5368 = CIRCLE ( 'NONE', #513, 1.799999999999960520 ) ;
#5369 = LINE ( 'NONE', #3669, #1320 ) ;
#5370 = EDGE_LOOP ( 'NONE', ( #3080, #4775 ) ) ;
#5371 = EDGE_CURVE ( 'NONE', #4450, #4513, #4206, .T. ) ;
#5372 = VECTOR ( 'NONE', #4551, 1000.000000000000114 ) ;
#5373 = VERTEX_POINT ( 'NONE', #3224 ) ;
#5374 = LINE ( 'NONE', #2652, #2818 ) ;
#5375 = ORIENTED_EDGE ( 'NONE', *, *, #450, .T. ) ;
#5376 = CARTESIAN_POINT ( 'NONE',  ( -25.50000000000000355, 35.49999999999985789, 125.0000000000000000 ) ) ;
#5377 = CARTESIAN_POINT ( 'NONE',  ( -11.99999999999999645, -15.99999999999999289, 99.79999999999999716 ) ) ;
#5378 = VECTOR ( 'NONE', #1136, 1000.000000000000000 ) ;
#5379 = VECTOR ( 'NONE', #5025, 1000.000000000000114 ) ;
#5380 = CARTESIAN_POINT ( 'NONE',  ( -30.00000000000000000, 12.00000000000000000, 0.5000000000000125455 ) ) ;
#5381 = DIRECTION ( 'NONE',  ( -1.000000000000000000, 0.000000000000000000, 0.000000000000000000 ) ) ;
#5382 = CARTESIAN_POINT ( 'NONE',  ( 25.50000000000000355, 17.34999999999998366, 126.5999999999999943 ) ) ;
#5383 = DIRECTION ( 'NONE',  ( 0.000000000000000000, -1.000000000000000000, 0.000000000000000000 ) ) ;
#5384 = CARTESIAN_POINT ( 'NONE',  ( -15.00000000000000355, 19.29289321881345032, 89.00828352798708920 ) ) ;
#5385 = ORIENTED_EDGE ( 'NONE', *, *, #1340, .F. ) ;
#5386 = ORIENTED_EDGE ( 'NONE', *, *, #5023, .F. ) ;
#5387 = CARTESIAN_POINT ( 'NONE',  ( 31.50000000000000711, -9.149999999999995026, 118.8200000000000074 ) ) ;
#5388 = ORIENTED_EDGE ( 'NONE', *, *, #1340, .T. ) ;
#5389 = ORIENTED_EDGE ( 'NONE', *, *, #5433, .F. ) ;
#5390 = CARTESIAN_POINT ( 'NONE',  ( 9.000000000000001776, 29.35089165167226710, 103.3089226479651472 ) ) ;
#5391 = CARTESIAN_POINT ( 'NONE',  ( -31.49999999999999289, -15.99999999999998934, 6.000000000000005329 ) ) ;
#5392 = EDGE_CURVE ( 'NONE', #3480, #689, #181, .T. ) ;
#5393 = CARTESIAN_POINT ( 'NONE',  ( 13.00000000000000178, 15.99999999999999645, 98.92227237500669901 ) ) ;
#5394 = ORIENTED_EDGE ( 'NONE', *, *, #4162, .T. ) ;
#5395 = DIRECTION ( 'NONE',  ( 0.000000000000000000, 0.000000000000000000, 1.000000000000000000 ) ) ;
#5396 = VERTEX_POINT ( 'NONE', #3983 ) ;
#5397 = EDGE_CURVE ( 'NONE', #2235, #885, #5369, .T. ) ;
#5398 = LINE ( 'NONE', #1610, #5092 ) ;
#5399 = DIRECTION ( 'NONE',  ( 0.7071067811865474617, 0.000000000000000000, 0.7071067811865474617 ) ) ;
#5400 = DIRECTION ( 'NONE',  ( -1.000000000000000000, 0.000000000000000000, 0.000000000000000000 ) ) ;
#5401 = EDGE_CURVE ( 'NONE', #2709, #4169, #2705, .T. ) ;
#5402 = CARTESIAN_POINT ( 'NONE',  ( -11.99999999999999645, -3.699999999999993072, 108.8000000000000114 ) ) ;
#5403 = CARTESIAN_POINT ( 'NONE',  ( 32.50000000000000711, -9.149999999999995026, 117.1700000000000159 ) ) ;
#5404 = PLANE ( 'NONE',  #3739 ) ;
#5405 = EDGE_CURVE ( 'NONE', #4030, #3588, #1440, .T. ) ;
#5406 = CARTESIAN_POINT ( 'NONE',  ( -49.55495899895102951, 18.99999999999999645, 92.95803099629280553 ) ) ;
#5407 = DIRECTION ( 'NONE',  ( 1.000000000000000000, 0.000000000000000000, 0.000000000000000000 ) ) ;
#5408 = ORIENTED_EDGE ( 'NONE', *, *, #4157, .F. ) ;
#5409 = CARTESIAN_POINT ( 'NONE',  ( -15.00000000000000355, 35.20717967697230222, 104.9225699861458452 ) ) ;
#5410 = ORIENTED_EDGE ( 'NONE', *, *, #129, .T. ) ;
#5411 = ORIENTED_EDGE ( 'NONE', *, *, #1873, .F. ) ;
#5412 = DIRECTION ( 'NONE',  ( 0.000000000000000000, 0.000000000000000000, 1.000000000000000000 ) ) ;
#5413 = DIRECTION ( 'NONE',  ( -3.873356841976442946E-15, -0.8660254037844410391, -0.4999999999999959477 ) ) ;
#5414 = VECTOR ( 'NONE', #1454, 1000.000000000000000 ) ;
#5415 = FACE_OUTER_BOUND ( 'NONE', #5443, .T. ) ;
#5416 = EDGE_LOOP ( 'NONE', ( #2778, #866, #859, #5516 ) ) ;
#5417 = ORIENTED_EDGE ( 'NONE', *, *, #5050, .F. ) ;
#5418 = ORIENTED_EDGE ( 'NONE', *, *, #2431, .T. ) ;
#5419 = CARTESIAN_POINT ( 'NONE',  ( -32.20000000000000284, -17.20000000000000284, 101.7999999999999829 ) ) ;
#5420 = ORIENTED_EDGE ( 'NONE', *, *, #4503, .T. ) ;
#5421 = DIRECTION ( 'NONE',  ( 1.000000000000000000, -0.000000000000000000, -0.000000000000000000 ) ) ;
#5422 = CARTESIAN_POINT ( 'NONE',  ( 33.99999999999990052, -9.149999999999995026, 111.4700000000000131 ) ) ;
#5423 = DIRECTION ( 'NONE',  ( 1.000000000000000000, 0.000000000000000000, 0.000000000000000000 ) ) ;
#5424 = VERTEX_POINT ( 'NONE', #5336 ) ;
#5425 = LINE ( 'NONE', #2881, #312 ) ;
#5426 = B_SPLINE_CURVE_WITH_KNOTS ( 'NONE', 1,
 ( #2450, #2038 ),
 .UNSPECIFIED., .F., .F.,
 ( 2, 2 ),
 ( 0.000000000000000000, 0.003464101615137758685 ),
 .UNSPECIFIED. ) ;
#5427 = AXIS2_PLACEMENT_3D ( 'NONE', #88, #954, #2628 ) ;
#5428 = ADVANCED_FACE ( 'NONE', ( #1917 ), #4658, .F. ) ;
#5429 = CARTESIAN_POINT ( 'NONE',  ( 2.500000000000001332, 33.23997894819829213, 108.6122235068642539 ) ) ;
#5430 = EDGE_CURVE ( 'NONE', #2229, #62, #3165, .T. ) ;
#5431 = CIRCLE ( 'NONE', #2719, 1.599999999999990319 ) ;
#5432 = CARTESIAN_POINT ( 'NONE',  ( 0.000000000000000000, 30.62368385780808211, 104.5817148541008947 ) ) ;
#5433 = EDGE_CURVE ( 'NONE', #3899, #2199, #1055, .T. ) ;
#5434 = CARTESIAN_POINT ( 'NONE',  ( 25.50000000000000355, 35.49999999999985789, 125.0000000000000000 ) ) ;
#5435 = CARTESIAN_POINT ( 'NONE',  ( 16.99862075525229699, -5.649999999999995026, 117.1700000000000159 ) ) ;
#5436 = AXIS2_PLACEMENT_3D ( 'NONE', #1679, #1704, #5127 ) ;
#5437 = EDGE_CURVE ( 'NONE', #3647, #5083, #968, .T. ) ;
#5438 = ORIENTED_EDGE ( 'NONE', *, *, #5536, .F. ) ;
#5439 = CARTESIAN_POINT ( 'NONE',  ( 15.60000000000000142, 24.15191520784413370, 124.8708497377870259 ) ) ;
#5440 = CARTESIAN_POINT ( 'NONE',  ( -5.000000000000000000, 29.84586639850282808, 104.5110041759823076 ) ) ;
#5441 = EDGE_LOOP ( 'NONE', ( #990, #1355, #739, #1425 ) ) ;
#5442 = AXIS2_PLACEMENT_3D ( 'NONE', #3864, #5240, #3089 ) ;
#5443 = EDGE_LOOP ( 'NONE', ( #413, #701, #3168, #1996 ) ) ;
#5444 = DIRECTION ( 'NONE',  ( -0.000000000000000000, 0.8660254037844418162, 0.4999999999999945044 ) ) ;
#5445 = LINE ( 'NONE', #3388, #3629 ) ;
#5446 = VECTOR ( 'NONE', #356, 1000.000000000000114 ) ;
#5447 = AXIS2_PLACEMENT_3D ( 'NONE', #4848, #2748, #1482 ) ;
#5448 = DIRECTION ( 'NONE',  ( 0.000000000000000000, -0.7071067811865510144, -0.7071067811865441310 ) ) ;
#5449 = ORIENTED_EDGE ( 'NONE', *, *, #5430, .T. ) ;
#5450 = CARTESIAN_POINT ( 'NONE',  ( -9.000000000000001776, -19.02170614946827598, 92.95803099629280553 ) ) ;
#5451 = ORIENTED_EDGE ( 'NONE', *, *, #861, .F. ) ;
#5452 = AXIS2_PLACEMENT_3D ( 'NONE', #2024, #3747, #1595 ) ;
#5453 = ORIENTED_EDGE ( 'NONE', *, *, #409, .F. ) ;
#5455 = PLANE ( 'NONE',  #4995 ) ;
#5454 = AXIS2_PLACEMENT_3D ( 'NONE', #4852, #4795, #1458 ) ;
#5456 = VECTOR ( 'NONE', #4845, 1000.000000000000114 ) ;
#5457 = CARTESIAN_POINT ( 'NONE',  ( -11.99999999999997868, -3.699999999999993072, 129.0000000000000000 ) ) ;
#5458 = PLANE ( 'NONE',  #1481 ) ;
#5459 = PLANE ( 'NONE',  #3481 ) ;
#5460 = EDGE_LOOP ( 'NONE', ( #4228, #4910, #3996, #4597 ) ) ;
#5461 = PRESENTATION_STYLE_ASSIGNMENT (( #641 ) ) ;
#5462 = VECTOR ( 'NONE', #3255, 1000.000000000000000 ) ;
#5463 = CIRCLE ( 'NONE', #3847, 1.299999999999995604 ) ;
#5464 = ADVANCED_FACE ( 'NONE', ( #3561 ), #2132, .F. ) ;
#5465 = FACE_OUTER_BOUND ( 'NONE', #18, .T. ) ;
#5466 = LINE ( 'NONE', #1987, #61 ) ;
#5467 = CIRCLE ( 'NONE', #876, 1.799999999999848388 ) ;
#5468 = AXIS2_PLACEMENT_3D ( 'NONE', #1467, #3981, #3193 ) ;
#5469 = DIRECTION ( 'NONE',  ( 0.000000000000000000, 0.7071067811865475727, -0.7071067811865475727 ) ) ;
#5470 = ADVANCED_FACE ( 'NONE', ( #577 ), #4514, .F. ) ;
#5471 = ADVANCED_FACE ( 'NONE', ( #2315 ), #2678, .T. ) ;
#5472 = DIRECTION ( 'NONE',  ( -0.000000000000000000, 1.000000000000000000, -0.000000000000000000 ) ) ;
#5473 = EDGE_CURVE ( 'NONE', #1377, #3668, #690, .T. ) ;
#5474 = VERTEX_POINT ( 'NONE', #4404 ) ;
#5475 = LINE ( 'NONE', #4277, #5549 ) ;
#5476 = DIRECTION ( 'NONE',  ( 0.000000000000000000, 0.000000000000000000, -1.000000000000000000 ) ) ;
#5477 = ORIENTED_EDGE ( 'NONE', *, *, #195, .T. ) ;
#5478 = VERTEX_POINT ( 'NONE', #4042 ) ;
#5479 = DIRECTION ( 'NONE',  ( 0.000000000000000000, 1.000000000000000000, 0.000000000000000000 ) ) ;
#5480 = EDGE_CURVE ( 'NONE', #3395, #4984, #3721, .T. ) ;
#5481 = CARTESIAN_POINT ( 'NONE',  ( 34.10000000000000853, 17.83431457505075457, 0.000000000000000000 ) ) ;
#5482 = CARTESIAN_POINT ( 'NONE',  ( 9.000000000000001776, 33.42944763917979145, 108.8016921978457674 ) ) ;
#5483 = ORIENTED_EDGE ( 'NONE', *, *, #3021, .T. ) ;
#5484 = APPLICATION_PROTOCOL_DEFINITION ( 'draft international standard', 'automotive_design', 1998, #1170 ) ;
#5485 = VERTEX_POINT ( 'NONE', #4628 ) ;
#5486 = VERTEX_POINT ( 'NONE', #4234 ) ;
#5487 = DIRECTION ( 'NONE',  ( 0.000000000000000000, 0.000000000000000000, -1.000000000000000000 ) ) ;
#5488 = DIRECTION ( 'NONE',  ( 1.000000000000000000, 0.000000000000000000, 0.000000000000000000 ) ) ;
#5489 = DIRECTION ( 'NONE',  ( 0.000000000000000000, 0.7071067811865474617, 0.7071067811865474617 ) ) ;
#5490 = PLANE ( 'NONE',  #67 ) ;
#5491 = ORIENTED_EDGE ( 'NONE', *, *, #3928, .T. ) ;
#5492 = CARTESIAN_POINT ( 'NONE',  ( -13.00000000000000178, 15.99999999999999645, 119.7068820658331418 ) ) ;
#5493 = CYLINDRICAL_SURFACE ( 'NONE', #1559, 1.299999999999999378 ) ;
#5494 = DIRECTION ( 'NONE',  ( 0.000000000000000000, -3.043374519257565890E-16, -1.000000000000000000 ) ) ;
#5495 = DIRECTION ( 'NONE',  ( 0.000000000000000000, 1.000000000000000000, 0.000000000000000000 ) ) ;
#5496 = CARTESIAN_POINT ( 'NONE',  ( 15.60000000000000142, 23.80550504633035658, 124.6708497377870373 ) ) ;
#5497 = VERTEX_POINT ( 'NONE', #2872 ) ;
#5498 = DIRECTION ( 'NONE',  ( -0.7071067811865475727, -0.7071067811865475727, 0.000000000000000000 ) ) ;
#5499 = CARTESIAN_POINT ( 'NONE',  ( 9.000000000000001776, -19.02170614946827598, 92.95803099629280553 ) ) ;
#5500 = VERTEX_POINT ( 'NONE', #2395 ) ;
#5501 = ORIENTED_EDGE ( 'NONE', *, *, #3221, .T. ) ;
#5502 = CARTESIAN_POINT ( 'NONE',  ( -8.499999999999992895, -15.99999999999999289, 114.4000000000000057 ) ) ;
#5503 = FACE_OUTER_BOUND ( 'NONE', #1908, .T. ) ;
#5504 = EDGE_CURVE ( 'NONE', #5561, #4756, #5011, .T. ) ;
#5505 = DIRECTION ( 'NONE',  ( 0.000000000000000000, 0.000000000000000000, -1.000000000000000000 ) ) ;
#5506 = EDGE_LOOP ( 'NONE', ( #406, #2564, #1695, #2788 ) ) ;
#5507 = DIRECTION ( 'NONE',  ( 0.000000000000000000, -0.7071067811865475727, 0.7071067811865475727 ) ) ;
#5508 = ORIENTED_EDGE ( 'NONE', *, *, #3780, .F. ) ;
#5509 = VECTOR ( 'NONE', #4702, 1000.000000000000114 ) ;
#5510 = VERTEX_POINT ( 'NONE', #2419 ) ;
#5511 = CARTESIAN_POINT ( 'NONE',  ( 31.50000000000000711, -15.99999999999999289, 6.000000000000005329 ) ) ;
#5512 = EDGE_CURVE ( 'NONE', #1323, #732, #2845, .T. ) ;
#5513 = LINE ( 'NONE', #332, #4832 ) ;
#5514 = CARTESIAN_POINT ( 'NONE',  ( -3.999999999999994227, -3.699999999999993072, 121.0000000000000000 ) ) ;
#5515 = CARTESIAN_POINT ( 'NONE',  ( -25.50000000000000355, 15.99999999999999645, 125.0000000000000000 ) ) ;
#5516 = ORIENTED_EDGE ( 'NONE', *, *, #3734, .T. ) ;
#5517 = ORIENTED_EDGE ( 'NONE', *, *, #1359, .F. ) ;
#5518 = DIRECTION ( 'NONE',  ( 0.000000000000000000, 1.000000000000000000, 0.000000000000000000 ) ) ;
#5519 = CARTESIAN_POINT ( 'NONE',  ( -8.499999999999992895, -4.200000000000028599, 124.5000000000000000 ) ) ;
#5520 = FACE_BOUND ( 'NONE', #1819, .T. ) ;
#5521 = CARTESIAN_POINT ( 'NONE',  ( -26.50000000000000355, -15.99999999999999289, 6.000000000000000000 ) ) ;
#5522 = DIRECTION ( 'NONE',  ( 0.000000000000000000, 0.000000000000000000, 1.000000000000000000 ) ) ;
#5523 = EDGE_LOOP ( 'NONE', ( #3984, #937, #4402, #5297 ) ) ;
#5524 = DIRECTION ( 'NONE',  ( -1.000000000000000000, -0.000000000000000000, -0.000000000000000000 ) ) ;
#5525 = DIRECTION ( 'NONE',  ( -1.000000000000000000, 0.000000000000000000, 0.000000000000000000 ) ) ;
#5526 = ORIENTED_EDGE ( 'NONE', *, *, #1291, .T. ) ;
#5527 = EDGE_LOOP ( 'NONE', ( #352, #2064 ) ) ;
#5528 = DIRECTION ( 'NONE',  ( -1.000000000000000000, 0.000000000000000000, 0.000000000000000000 ) ) ;
#5529 = DIRECTION ( 'NONE',  ( -0.000000000000000000, 0.7071067811865486830, 0.7071067811865464625 ) ) ;
#5530 = ADVANCED_FACE ( 'NONE', ( #1579 ), #4596, .T. ) ;
#5531 = AXIS2_PLACEMENT_3D ( 'NONE', #3330, #1662, #1603 ) ;
#5532 = VECTOR ( 'NONE', #2608, 1000.000000000000000 ) ;
#5533 = LINE ( 'NONE', #1250, #3738 ) ;
#5534 = ORIENTED_EDGE ( 'NONE', *, *, #2022, .T. ) ;
#5535 = VERTEX_POINT ( 'NONE', #3311 ) ;
#5536 = EDGE_CURVE ( 'NONE', #147, #3395, #767, .T. ) ;
#5537 = EDGE_CURVE ( 'NONE', #2403, #3143, #353, .T. ) ;
#5538 = ADVANCED_FACE ( 'NONE', ( #2898 ), #688, .F. ) ;
#5539 = ORIENTED_EDGE ( 'NONE', *, *, #1131, .F. ) ;
#5540 = DIRECTION ( 'NONE',  ( 1.000000000000000000, -5.204017235966116751E-17, 0.000000000000000000 ) ) ;
#5541 = PLANE ( 'NONE',  #4921 ) ;
#5542 = EDGE_LOOP ( 'NONE', ( #2202, #1276, #2965, #335 ) ) ;
#5543 = CIRCLE ( 'NONE', #5185, 0.9999999999999988898 ) ;
#5544 = DIRECTION ( 'NONE',  ( 0.000000000000000000, 0.8660254037844495878, 0.4999999999999809042 ) ) ;
#5545 = ORIENTED_EDGE ( 'NONE', *, *, #3539, .T. ) ;
#5546 = FACE_BOUND ( 'NONE', #5527, .T. ) ;
#5547 = EDGE_CURVE ( 'NONE', #3575, #4114, #250, .T. ) ;
#5548 = AXIS2_PLACEMENT_3D ( 'NONE', #5200, #4743, #884 ) ;
#5549 = VECTOR ( 'NONE', #5524, 1000.000000000000000 ) ;
#5550 = CARTESIAN_POINT ( 'NONE',  ( -15.60000000000000142, 34.55513223592376448, 106.0519492829871524 ) ) ;
#5551 = DIRECTION ( 'NONE',  ( 0.000000000000000000, -0.000000000000000000, -1.000000000000000000 ) ) ;
#5552 = AXIS2_PLACEMENT_3D ( 'NONE', #941, #2208, #3454 ) ;
#5553 = CIRCLE ( 'NONE', #774, 1.649999999999998579 ) ;
#5554 = CARTESIAN_POINT ( 'NONE',  ( 34.10000000000000853, 17.83431457505075457, 0.4000000000000000222 ) ) ;
#5555 = FACE_OUTER_BOUND ( 'NONE', #5163, .T. ) ;
#5556 = AXIS2_PLACEMENT_3D ( 'NONE', #2319, #2293, #4435 ) ;
#5557 = VERTEX_POINT ( 'NONE', #714 ) ;
#5558 = DIRECTION ( 'NONE',  ( 0.7071067811865474617, -0.7071067811865474617, 0.000000000000000000 ) ) ;
#5559 = DIRECTION ( 'NONE',  ( 1.000000000000000000, 0.000000000000000000, 0.000000000000000000 ) ) ;
#5560 = ORIENTED_EDGE ( 'NONE', *, *, #369, .F. ) ;
#5561 = VERTEX_POINT ( 'NONE', #1161 ) ;
#5562 = LINE ( 'NONE', #3418, #5532 ) ;
#5563 = DIRECTION ( 'NONE',  ( -1.000000000000000000, 0.000000000000000000, 0.000000000000000000 ) ) ;
#5564 = AXIS2_PLACEMENT_3D ( 'NONE', #1953, #4594, #5505 ) ;
#5565 = CARTESIAN_POINT ( 'NONE',  ( 1.224646799147357151E-16, 31.68434402958783380, 104.9352682446942424 ) ) ;
#5566 = VERTEX_POINT ( 'NONE', #4126 ) ;
#5567 = ORIENTED_EDGE ( 'NONE', *, *, #4748, .T. ) ;
#5568 = ORIENTED_EDGE ( 'NONE', *, *, #1898, .F. ) ;
#5569 = LINE ( 'NONE', #3400, #1121 ) ;
#5570 = CARTESIAN_POINT ( 'NONE',  ( -11.99999999999999645, -3.699999999999993072, 108.8000000000000114 ) ) ;
#5571 = ORIENTED_EDGE ( 'NONE', *, *, #3928, .F. ) ;
#5572 = ADVANCED_FACE ( 'NONE', ( #3334 ), #378, .T. ) ;
#5573 = DIRECTION ( 'NONE',  ( 1.000000000000000000, 0.000000000000000000, 0.000000000000000000 ) ) ;
#5574 = EDGE_LOOP ( 'NONE', ( #168, #5173, #5451, #4656 ) ) ;
#5575 = CARTESIAN_POINT ( 'NONE',  ( -12.99999999999999822, -3.699999999999993072, 108.8000000000000114 ) ) ;
#5576 = DIRECTION ( 'NONE',  ( 0.000000000000000000, 0.000000000000000000, -1.000000000000000000 ) ) ;
#5577 = CARTESIAN_POINT ( 'NONE',  ( -17.00000000000000000, 18.99999999999999645, 91.12960387154670627 ) ) ;
ENDSEC;
END-ISO-10303-21;
