ISO-10303-21;
HEADER;
FILE_DESCRIPTION (( 'STEP AP214' ),
    '1' );
FILE_NAME ('housing_cover.STEP',
    '2026-01-06T14:37:52',
    ( '' ),
    ( '' ),
    'SwSTEP 2.0',
    'SolidWorks 2024',
    '' );
FILE_SCHEMA (( 'AUTOMOTIVE_DESIGN' ));
ENDSEC;

DATA;
#1 = VERTEX_POINT ( 'NONE', #735 ) ;
#2 = EDGE_CURVE ( 'NONE', #985, #1756, #1319, .T. ) ;
#3 = ORIENTED_EDGE ( 'NONE', *, *, #1409, .F. ) ;
#4 = DIRECTION ( 'NONE',  ( 0.000000000000000000, -1.000000000000000000, 0.000000000000000000 ) ) ;
#5 = CARTESIAN_POINT ( 'NONE',  ( 28.40000000000000213, -11.90000000000000746, 10.00000000000000000 ) ) ;
#6 = ORIENTED_EDGE ( 'NONE', *, *, #746, .F. ) ;
#7 = PLANE ( 'NONE',  #915 ) ;
#8 = CARTESIAN_POINT ( 'NONE',  ( -22.39999999999999503, 11.90000000000000746, 10.00000000000000000 ) ) ;
#9 = PRESENTATION_STYLE_ASSIGNMENT (( #1030 ) ) ;
#10 = ADVANCED_FACE ( 'NONE', ( #1925 ), #133, .T. ) ;
#11 = ORIENTED_EDGE ( 'NONE', *, *, #2557, .T. ) ;
#12 = FACE_OUTER_BOUND ( 'NONE', #943, .T. ) ;
#13 = APPLICATION_PROTOCOL_DEFINITION ( 'draft international standard', 'automotive_design', 1998, #1869 ) ;
#14 = EDGE_LOOP ( 'NONE', ( #989, #1256, #1474, #1355 ) ) ;
#15 = EDGE_CURVE ( 'NONE', #1750, #353, #1914, .T. ) ;
#16 = DIRECTION ( 'NONE',  ( -0.000000000000000000, -0.000000000000000000, -1.000000000000000000 ) ) ;
#17 = CARTESIAN_POINT ( 'NONE',  ( 33.49999999999998579, 18.00000000000000000, 0.000000000000000000 ) ) ;
#18 = ORIENTED_EDGE ( 'NONE', *, *, #1970, .T. ) ;
#19 = DIRECTION ( 'NONE',  ( -0.000000000000000000, -1.000000000000000000, -0.000000000000000000 ) ) ;
#20 = CYLINDRICAL_SURFACE ( 'NONE', #2123, 1.250000000000001110 ) ;
#21 = DIRECTION ( 'NONE',  ( 0.000000000000000000, -1.000000000000000000, 0.000000000000000000 ) ) ;
#22 = EDGE_CURVE ( 'NONE', #1314, #2351, #2009, .T. ) ;
#23 = ORIENTED_EDGE ( 'NONE', *, *, #606, .F. ) ;
#24 = PLANE ( 'NONE',  #497 ) ;
#25 = ADVANCED_FACE ( 'NONE', ( #833 ), #2194, .T. ) ;
#26 = VECTOR ( 'NONE', #2400, 1000.000000000000000 ) ;
#27 = EDGE_CURVE ( 'NONE', #1924, #2567, #799, .T. ) ;
#28 = ORIENTED_EDGE ( 'NONE', *, *, #1661, .F. ) ;
#29 = AXIS2_PLACEMENT_3D ( 'NONE', #2417, #1614, #782 ) ;
#30 = DIRECTION ( 'NONE',  ( -0.000000000000000000, -1.000000000000000000, -0.000000000000000000 ) ) ;
#31 = VECTOR ( 'NONE', #1351, 1000.000000000000000 ) ;
#32 = ADVANCED_FACE ( 'NONE', ( #1776 ), #180, .F. ) ;
#33 = VECTOR ( 'NONE', #941, 1000.000000000000000 ) ;
#34 = FACE_BOUND ( 'NONE', #1965, .T. ) ;
#35 = CONICAL_SURFACE ( 'NONE', #373, 1.250000000000001110, 0.7853981633974621568 ) ;
#36 = ORIENTED_EDGE ( 'NONE', *, *, #1152, .T. ) ;
#37 = DIRECTION ( 'NONE',  ( 1.000000000000000000, 0.000000000000000000, -0.000000000000000000 ) ) ;
#38 = VECTOR ( 'NONE', #774, 1000.000000000000000 ) ;
#39 = VECTOR ( 'NONE', #2042, 1000.000000000000000 ) ;
#40 = DIRECTION ( 'NONE',  ( 1.000000000000000000, 0.000000000000000000, 0.000000000000000000 ) ) ;
#41 =( GEOMETRIC_REPRESENTATION_CONTEXT ( 3 ) GLOBAL_UNCERTAINTY_ASSIGNED_CONTEXT ( ( #999 ) ) GLOBAL_UNIT_ASSIGNED_CONTEXT ( ( #1608, #42, #422 ) ) REPRESENTATION_CONTEXT ( 'NONE', 'WORKASPACE' ) );
#42 =( NAMED_UNIT ( * ) PLANE_ANGLE_UNIT ( ) SI_UNIT ( $, .RADIAN. ) );
#43 = ORIENTED_EDGE ( 'NONE', *, *, #2276, .F. ) ;
#44 = CARTESIAN_POINT ( 'NONE',  ( -25.49999999999999645, -15.39999999999999325, 5.749999999999999112 ) ) ;
#45 = EDGE_LOOP ( 'NONE', ( #1564, #2021, #671, #2536, #1252, #2254, #2547, #2187 ) ) ;
#46 = CARTESIAN_POINT ( 'NONE',  ( -25.49999999999999645, 11.90000000000000746, 5.749999999999999112 ) ) ;
#47 = LINE ( 'NONE', #2020, #412 ) ;
#48 = EDGE_LOOP ( 'NONE', ( #1798, #1981, #1934, #1058, #822, #284, #616, #1213, #2160, #856, #229 ) ) ;
#49 = ORIENTED_EDGE ( 'NONE', *, *, #596, .T. ) ;
#50 = CARTESIAN_POINT ( 'NONE',  ( 0.000000000000000000, 13.90000000000000746, 3.000000000000000000 ) ) ;
#51 = DIRECTION ( 'NONE',  ( 0.000000000000000000, 0.000000000000000000, 1.000000000000000000 ) ) ;
#52 = EDGE_CURVE ( 'NONE', #2592, #611, #2220, .T. ) ;
#53 = DIRECTION ( 'NONE',  ( -0.7071067811865500152, -0.000000000000000000, 0.7071067811865451302 ) ) ;
#54 = ORIENTED_EDGE ( 'NONE', *, *, #2494, .T. ) ;
#55 = FACE_OUTER_BOUND ( 'NONE', #1657, .T. ) ;
#56 = ORIENTED_EDGE ( 'NONE', *, *, #929, .F. ) ;
#57 = CARTESIAN_POINT ( 'NONE',  ( 22.39999999999999503, -15.90000000000000746, 10.00000000000000000 ) ) ;
#58 = LINE ( 'NONE', #2230, #1625 ) ;
#59 = VERTEX_POINT ( 'NONE', #1014 ) ;
#60 = EDGE_LOOP ( 'NONE', ( #1766, #213, #1974, #1775, #2323 ) ) ;
#61 = DIRECTION ( 'NONE',  ( -0.000000000000000000, 0.000000000000000000, 1.000000000000000000 ) ) ;
#62 = DIRECTION ( 'NONE',  ( 0.000000000000000000, -0.000000000000000000, -1.000000000000000000 ) ) ;
#63 = EDGE_CURVE ( 'NONE', #270, #1688, #536, .T. ) ;
#64 = DIRECTION ( 'NONE',  ( 0.000000000000000000, -1.000000000000000000, 0.000000000000000000 ) ) ;
#65 = ADVANCED_FACE ( 'NONE', ( #399 ), #1630, .T. ) ;
#66 = LINE ( 'NONE', #1104, #918 ) ;
#67 = ORIENTED_EDGE ( 'NONE', *, *, #2438, .F. ) ;
#68 = DIRECTION ( 'NONE',  ( 0.000000000000000000, 0.000000000000000000, 1.000000000000000000 ) ) ;
#69 = ORIENTED_EDGE ( 'NONE', *, *, #1929, .T. ) ;
#70 = PLANE ( 'NONE',  #577 ) ;
#71 = AXIS2_PLACEMENT_3D ( 'NONE', #455, #2467, #679 ) ;
#72 = PLANE ( 'NONE',  #794 ) ;
#73 = ORIENTED_EDGE ( 'NONE', *, *, #2166, .F. ) ;
#74 = VERTEX_POINT ( 'NONE', #1575 ) ;
#75 = FACE_OUTER_BOUND ( 'NONE', #869, .T. ) ;
#76 = AXIS2_PLACEMENT_3D ( 'NONE', #189, #413, #1593 ) ;
#77 = VECTOR ( 'NONE', #2576, 1000.000000000000000 ) ;
#78 = CARTESIAN_POINT ( 'NONE',  ( 25.49999999999999645, 15.90000000000000746, 7.000000000000000000 ) ) ;
#79 = VECTOR ( 'NONE', #1822, 1000.000000000000000 ) ;
#80 = LINE ( 'NONE', #1692, #293 ) ;
#81 = DIRECTION ( 'NONE',  ( 0.000000000000000000, -0.000000000000000000, -1.000000000000000000 ) ) ;
#82 = VECTOR ( 'NONE', #164, 1000.000000000000000 ) ;
#83 = EDGE_LOOP ( 'NONE', ( #246, #1977, #1363, #2050 ) ) ;
#84 = LINE ( 'NONE', #295, #2599 ) ;
#85 = ADVANCED_FACE ( 'NONE', ( #2381, #632 ), #621, .F. ) ;
#86 = ORIENTED_EDGE ( 'NONE', *, *, #966, .T. ) ;
#87 = CARTESIAN_POINT ( 'NONE',  ( 0.000000000000000000, 0.000000000000000000, 5.000000000000000000 ) ) ;
#88 = EDGE_CURVE ( 'NONE', #1671, #2134, #586, .T. ) ;
#89 = CARTESIAN_POINT ( 'NONE',  ( -3.899999999999993694, 13.90000000000000746, 4.000000000000000888 ) ) ;
#90 = ORIENTED_EDGE ( 'NONE', *, *, #1160, .F. ) ;
#91 = CARTESIAN_POINT ( 'NONE',  ( -34.49999999999998579, -17.99999999999998579, 3.000000000000000000 ) ) ;
#92 = DIRECTION ( 'NONE',  ( -0.000000000000000000, -1.000000000000000000, -0.000000000000000000 ) ) ;
#93 = CARTESIAN_POINT ( 'NONE',  ( 25.49999999999999645, -11.90000000000000746, 7.000000000000000000 ) ) ;
#94 = CARTESIAN_POINT ( 'NONE',  ( -29.39999999999999503, -15.90000000000000746, 10.00000000000000000 ) ) ;
#95 = EDGE_CURVE ( 'NONE', #1750, #2343, #1199, .T. ) ;
#96 = EDGE_LOOP ( 'NONE', ( #695, #2398, #818, #1345 ) ) ;
#97 = PLANE ( 'NONE',  #2427 ) ;
#98 = ORIENTED_EDGE ( 'NONE', *, *, #2239, .T. ) ;
#99 = CARTESIAN_POINT ( 'NONE',  ( 33.50000000000000000, 19.00000000000000711, 3.000000000000000000 ) ) ;
#100 = ADVANCED_FACE ( 'NONE', ( #1799, #1994 ), #1025, .F. ) ;
#101 = LINE ( 'NONE', #1700, #581 ) ;
#102 = VERTEX_POINT ( 'NONE', #1603 ) ;
#103 = ORIENTED_EDGE ( 'NONE', *, *, #387, .F. ) ;
#104 = DIRECTION ( 'NONE',  ( 0.000000000000000000, 0.000000000000000000, 1.000000000000000000 ) ) ;
#105 = DIRECTION ( 'NONE',  ( 0.000000000000000000, 0.000000000000000000, 1.000000000000000000 ) ) ;
#106 = DIRECTION ( 'NONE',  ( 0.000000000000000000, 0.000000000000000000, -1.000000000000000000 ) ) ;
#107 = CARTESIAN_POINT ( 'NONE',  ( -21.39999999999999503, -13.90000000000000746, 5.000000000000000000 ) ) ;
#108 = VERTEX_POINT ( 'NONE', #1983 ) ;
#109 = DIRECTION ( 'NONE',  ( -0.7071067811865451302, 0.7071067811865500152, 0.000000000000000000 ) ) ;
#110 = ORIENTED_EDGE ( 'NONE', *, *, #565, .T. ) ;
#111 = EDGE_CURVE ( 'NONE', #1865, #2392, #1002, .T. ) ;
#112 = CARTESIAN_POINT ( 'NONE',  ( -29.39999999999999503, 11.90000000000000746, 10.00000000000000000 ) ) ;
#113 = EDGE_CURVE ( 'NONE', #267, #1574, #379, .T. ) ;
#114 = DIRECTION ( 'NONE',  ( 0.000000000000000000, -1.000000000000000000, 0.000000000000000000 ) ) ;
#115 = ORIENTED_EDGE ( 'NONE', *, *, #111, .T. ) ;
#116 = VERTEX_POINT ( 'NONE', #2433 ) ;
#117 = CIRCLE ( 'NONE', #1573, 1.750000000000009326 ) ;
#118 = DIRECTION ( 'NONE',  ( 1.000000000000000000, 0.000000000000000000, -0.000000000000000000 ) ) ;
#119 = EDGE_CURVE ( 'NONE', #1998, #2491, #1432, .T. ) ;
#120 = CARTESIAN_POINT ( 'NONE',  ( 34.10000000000000142, -17.83431457505074391, 2.600000000000000089 ) ) ;
#121 = AXIS2_PLACEMENT_3D ( 'NONE', #2597, #659, #2257 ) ;
#122 = CARTESIAN_POINT ( 'NONE',  ( -25.49999999999999645, -15.39999999999999325, 8.250000000000000000 ) ) ;
#123 = VECTOR ( 'NONE', #1606, 1000.000000000000000 ) ;
#124 = CARTESIAN_POINT ( 'NONE',  ( 0.000000000000000000, 13.90000000000000746, 5.000000000000000000 ) ) ;
#125 = AXIS2_PLACEMENT_3D ( 'NONE', #864, #1269, #292 ) ;
#126 = VECTOR ( 'NONE', #299, 1000.000000000000000 ) ;
#127 = DIRECTION ( 'NONE',  ( 0.000000000000000000, -0.7071067811865376918, -0.7071067811865574537 ) ) ;
#128 = STYLED_ITEM ( 'NONE', ( #9 ), #1931 ) ;
#129 = ORIENTED_EDGE ( 'NONE', *, *, #1387, .F. ) ;
#130 = LINE ( 'NONE', #2559, #371 ) ;
#131 = FACE_OUTER_BOUND ( 'NONE', #83, .T. ) ;
#132 = ORIENTED_EDGE ( 'NONE', *, *, #193, .T. ) ;
#133 = PLANE ( 'NONE',  #2466 ) ;
#134 = SHAPE_DEFINITION_REPRESENTATION ( #2418, #1624 ) ;
#135 = DIRECTION ( 'NONE',  ( 0.000000000000000000, 1.000000000000000000, 0.000000000000000000 ) ) ;
#136 = PLANE ( 'NONE',  #2520 ) ;
#137 = DIRECTION ( 'NONE',  ( 0.000000000000000000, 0.000000000000000000, 1.000000000000000000 ) ) ;
#138 = ADVANCED_FACE ( 'NONE', ( #1404 ), #986, .T. ) ;
#139 = DIRECTION ( 'NONE',  ( 1.000000000000000000, -0.000000000000000000, -0.000000000000000000 ) ) ;
#140 = ORIENTED_EDGE ( 'NONE', *, *, #1777, .T. ) ;
#141 = CARTESIAN_POINT ( 'NONE',  ( 34.50000000000000000, 19.00000000000000711, 1.000000000000007772 ) ) ;
#142 = CARTESIAN_POINT ( 'NONE',  ( -33.33431457505075457, 18.60000000000000497, 2.600000000000000089 ) ) ;
#143 = ORIENTED_EDGE ( 'NONE', *, *, #660, .T. ) ;
#144 = EDGE_LOOP ( 'NONE', ( #1463, #801, #2219, #1862 ) ) ;
#145 = DIRECTION ( 'NONE',  ( -0.7071067811865500152, -0.7071067811865451302, -0.000000000000000000 ) ) ;
#146 = DIRECTION ( 'NONE',  ( -0.7071067811865451302, 0.000000000000000000, -0.7071067811865500152 ) ) ;
#147 = EDGE_CURVE ( 'NONE', #875, #253, #298, .T. ) ;
#148 = CARTESIAN_POINT ( 'NONE',  ( -34.10000000000000853, -17.83431457505072970, 2.600000000000000089 ) ) ;
#149 = ADVANCED_FACE ( 'NONE', ( #1850 ), #2478, .F. ) ;
#150 = DIRECTION ( 'NONE',  ( -1.000000000000000000, -0.000000000000000000, -0.000000000000000000 ) ) ;
#151 = LINE ( 'NONE', #1378, #2518 ) ;
#152 = EDGE_CURVE ( 'NONE', #1027, #277, #698, .T. ) ;
#153 = ORIENTED_EDGE ( 'NONE', *, *, #2154, .F. ) ;
#154 = CARTESIAN_POINT ( 'NONE',  ( -21.39999999999999503, 11.90000000000000746, 10.00000000000000000 ) ) ;
#155 = DIRECTION ( 'NONE',  ( -0.7071067811865459074, 0.7071067811865491270, 0.000000000000000000 ) ) ;
#156 = ORIENTED_EDGE ( 'NONE', *, *, #444, .T. ) ;
#157 = VERTEX_POINT ( 'NONE', #1460 ) ;
#158 = LINE ( 'NONE', #1809, #2435 ) ;
#159 = CARTESIAN_POINT ( 'NONE',  ( 28.40000000000000213, 15.90000000000000746, 10.00000000000000000 ) ) ;
#160 = ORIENTED_EDGE ( 'NONE', *, *, #549, .F. ) ;
#161 = CYLINDRICAL_SURFACE ( 'NONE', #1789, 1.250000000000001110 ) ;
#162 = CIRCLE ( 'NONE', #700, 1.750000000000028422 ) ;
#163 = LINE ( 'NONE', #1324, #1617 ) ;
#164 = DIRECTION ( 'NONE',  ( -0.000000000000000000, -0.000000000000000000, -1.000000000000000000 ) ) ;
#165 = AXIS2_PLACEMENT_3D ( 'NONE', #1183, #979, #1781 ) ;
#166 = ORIENTED_EDGE ( 'NONE', *, *, #1062, .T. ) ;
#167 = AXIS2_PLACEMENT_3D ( 'NONE', #2227, #1627, #2474 ) ;
#168 = VECTOR ( 'NONE', #1524, 1000.000000000000000 ) ;
#169 = ORIENTED_EDGE ( 'NONE', *, *, #2195, .F. ) ;
#170 = ADVANCED_FACE ( 'NONE', ( #1640 ), #2270, .F. ) ;
#171 = ORIENTED_EDGE ( 'NONE', *, *, #1602, .F. ) ;
#172 = CARTESIAN_POINT ( 'NONE',  ( 25.49999999999999645, -15.90000000000000746, 7.000000000000000000 ) ) ;
#173 = ORIENTED_EDGE ( 'NONE', *, *, #1767, .T. ) ;
#174 = CARTESIAN_POINT ( 'NONE',  ( -21.39999999999999503, 11.90000000000000746, 10.00000000000000000 ) ) ;
#175 = FACE_OUTER_BOUND ( 'NONE', #1380, .T. ) ;
#176 = DIRECTION ( 'NONE',  ( 0.000000000000000000, -0.000000000000000000, 1.000000000000000000 ) ) ;
#177 = AXIS2_PLACEMENT_3D ( 'NONE', #1391, #796, #214 ) ;
#178 = EDGE_LOOP ( 'NONE', ( #1727, #684, #762, #2303 ) ) ;
#179 = ORIENTED_EDGE ( 'NONE', *, *, #1725, .F. ) ;
#180 = CYLINDRICAL_SURFACE ( 'NONE', #329, 1.250000000000001110 ) ;
#181 = EDGE_CURVE ( 'NONE', #543, #434, #1685, .T. ) ;
#182 = CARTESIAN_POINT ( 'NONE',  ( -28.40000000000000213, 0.000000000000000000, 10.00000000000000000 ) ) ;
#183 = ORIENTED_EDGE ( 'NONE', *, *, #1266, .T. ) ;
#184 = CARTESIAN_POINT ( 'NONE',  ( -29.39999999999999503, 11.90000000000000746, 10.00000000000000000 ) ) ;
#185 = DIRECTION ( 'NONE',  ( 0.000000000000000000, 1.000000000000000000, 0.000000000000000000 ) ) ;
#186 = FACE_OUTER_BOUND ( 'NONE', #2156, .T. ) ;
#187 = ORIENTED_EDGE ( 'NONE', *, *, #1427, .F. ) ;
#188 = ORIENTED_EDGE ( 'NONE', *, *, #2258, .T. ) ;
#189 = CARTESIAN_POINT ( 'NONE',  ( -33.49999999999999289, 19.00000000000000711, 1.000000000000007772 ) ) ;
#190 = EDGE_CURVE ( 'NONE', #2491, #507, #685, .T. ) ;
#191 = CARTESIAN_POINT ( 'NONE',  ( 25.49999999999999645, -11.90000000000000746, 8.250000000000000000 ) ) ;
#192 = VERTEX_POINT ( 'NONE', #475 ) ;
#193 = EDGE_CURVE ( 'NONE', #875, #1865, #643, .T. ) ;
#194 = DIRECTION ( 'NONE',  ( 0.000000000000000000, 0.000000000000000000, -1.000000000000000000 ) ) ;
#195 = CARTESIAN_POINT ( 'NONE',  ( -13.09999999999999432, 13.90000000000000746, 4.000000000000000888 ) ) ;
#196 = EDGE_CURVE ( 'NONE', #1906, #2174, #2489, .T. ) ;
#197 = CARTESIAN_POINT ( 'NONE',  ( -34.49999999999998579, -17.99999999999998579, 1.000000000000007550 ) ) ;
#198 = VECTOR ( 'NONE', #1899, 1000.000000000000114 ) ;
#199 = ORIENTED_EDGE ( 'NONE', *, *, #2137, .F. ) ;
#200 = DIRECTION ( 'NONE',  ( 0.000000000000000000, -0.7071067811865383579, -0.7071067811865567876 ) ) ;
#201 = VECTOR ( 'NONE', #597, 1000.000000000000114 ) ;
#202 = VECTOR ( 'NONE', #1733, 1000.000000000000000 ) ;
#203 = VECTOR ( 'NONE', #2179, 1000.000000000000000 ) ;
#204 = ORIENTED_EDGE ( 'NONE', *, *, #1020, .T. ) ;
#205 = AXIS2_PLACEMENT_3D ( 'NONE', #2503, #114, #2522 ) ;
#206 = DIRECTION ( 'NONE',  ( 0.000000000000000000, -1.000000000000000000, 0.000000000000000000 ) ) ;
#207 = DIRECTION ( 'NONE',  ( 0.000000000000000000, -1.000000000000000000, 0.000000000000000000 ) ) ;
#208 = ORIENTED_EDGE ( 'NONE', *, *, #1581, .T. ) ;
#209 = LINE ( 'NONE', #2212, #2421 ) ;
#210 = CARTESIAN_POINT ( 'NONE',  ( 0.000000000000000000, -13.90000000000000746, 5.000000000000000000 ) ) ;
#211 = DIRECTION ( 'NONE',  ( 0.000000000000000000, 0.000000000000000000, -1.000000000000000000 ) ) ;
#212 = EDGE_CURVE ( 'NONE', #215, #507, #2072, .T. ) ;
#213 = ORIENTED_EDGE ( 'NONE', *, *, #2360, .T. ) ;
#214 = DIRECTION ( 'NONE',  ( -1.000000000000000000, 0.000000000000000000, 0.000000000000000000 ) ) ;
#215 = VERTEX_POINT ( 'NONE', #1248 ) ;
#216 = DIRECTION ( 'NONE',  ( -0.7071067811865451302, 0.000000000000000000, 0.7071067811865500152 ) ) ;
#217 = LINE ( 'NONE', #1015, #2380 ) ;
#218 = EDGE_LOOP ( 'NONE', ( #348, #1270, #1127, #620, #1198, #2571, #2211, #1555, #1192, #731, #1235, #2074, #363, #514, #860, #1877, #306, #1462, #2246, #1840 ) ) ;
#219 = CARTESIAN_POINT ( 'NONE',  ( -29.39999999999999503, 11.90000000000000746, 10.00000000000000000 ) ) ;
#220 = DIRECTION ( 'NONE',  ( -0.000000000000000000, -0.000000000000000000, -1.000000000000000000 ) ) ;
#221 = CARTESIAN_POINT ( 'NONE',  ( -29.39999999999999503, -11.90000000000000746, 9.000000000000000000 ) ) ;
#222 = ADVANCED_FACE ( 'NONE', ( #1287 ), #435, .T. ) ;
#223 = ORIENTED_EDGE ( 'NONE', *, *, #1971, .T. ) ;
#224 = DIRECTION ( 'NONE',  ( 0.000000000000000000, -1.000000000000000000, 0.000000000000000000 ) ) ;
#225 = EDGE_CURVE ( 'NONE', #434, #215, #1082, .T. ) ;
#226 = ORIENTED_EDGE ( 'NONE', *, *, #181, .F. ) ;
#227 = DIRECTION ( 'NONE',  ( 8.659560562354895880E-17, 0.7071067811865506814, -0.7071067811865443531 ) ) ;
#228 = FACE_OUTER_BOUND ( 'NONE', #1046, .T. ) ;
#229 = ORIENTED_EDGE ( 'NONE', *, *, #2161, .T. ) ;
#230 = CARTESIAN_POINT ( 'NONE',  ( -33.49999999999997868, -18.49999999999998934, 0.5000000000000038858 ) ) ;
#231 = CARTESIAN_POINT ( 'NONE',  ( 33.33431457505074746, -18.59999999999999076, 3.000000000000000000 ) ) ;
#232 = SURFACE_STYLE_FILL_AREA ( #406 ) ;
#233 = VECTOR ( 'NONE', #185, 1000.000000000000000 ) ;
#234 = ORIENTED_EDGE ( 'NONE', *, *, #350, .F. ) ;
#235 = DIRECTION ( 'NONE',  ( -0.000000000000000000, 0.000000000000000000, -1.000000000000000000 ) ) ;
#236 = VECTOR ( 'NONE', #1360, 1000.000000000000000 ) ;
#237 = ORIENTED_EDGE ( 'NONE', *, *, #414, .T. ) ;
#238 = VECTOR ( 'NONE', #488, 1000.000000000000000 ) ;
#239 = DIRECTION ( 'NONE',  ( 0.7071067811865500152, 0.000000000000000000, 0.7071067811865451302 ) ) ;
#240 = VECTOR ( 'NONE', #2094, 1000.000000000000114 ) ;
#241 = VECTOR ( 'NONE', #1903, 1000.000000000000000 ) ;
#242 = EDGE_CURVE ( 'NONE', #634, #1209, #2283, .T. ) ;
#243 = CARTESIAN_POINT ( 'NONE',  ( -4.899999999999987921, 15.90000000000000746, 3.000000000000000000 ) ) ;
#244 = AXIS2_PLACEMENT_3D ( 'NONE', #2243, #1443, #2479 ) ;
#245 = VERTEX_POINT ( 'NONE', #2090 ) ;
#246 = ORIENTED_EDGE ( 'NONE', *, *, #2502, .F. ) ;
#247 = CARTESIAN_POINT ( 'NONE',  ( 25.49999999999999645, 15.90000000000000746, 8.749999999999980460 ) ) ;
#248 = VECTOR ( 'NONE', #1312, 1000.000000000000000 ) ;
#249 = DIRECTION ( 'NONE',  ( -1.000000000000000000, 0.000000000000000000, 0.000000000000000000 ) ) ;
#250 = VECTOR ( 'NONE', #2319, 1000.000000000000000 ) ;
#251 = CARTESIAN_POINT ( 'NONE',  ( -25.49999999999999645, -15.39999999999999325, 7.000000000000000000 ) ) ;
#252 = CARTESIAN_POINT ( 'NONE',  ( -34.49999999999998579, -17.99999999999998579, 1.000000000000007772 ) ) ;
#253 = VERTEX_POINT ( 'NONE', #256 ) ;
#254 = CARTESIAN_POINT ( 'NONE',  ( -31.39999999999999858, 15.90000000000000746, 5.000000000000000000 ) ) ;
#255 = VERTEX_POINT ( 'NONE', #1893 ) ;
#256 = CARTESIAN_POINT ( 'NONE',  ( 28.40000000000000213, -15.90000000000000746, 10.00000000000000000 ) ) ;
#257 = ADVANCED_FACE ( 'NONE', ( #1442 ), #70, .T. ) ;
#258 = CARTESIAN_POINT ( 'NONE',  ( 34.50000000000000000, 19.00000000000000711, 1.000000000000007772 ) ) ;
#259 = EDGE_LOOP ( 'NONE', ( #1739, #772, #585, #2564 ) ) ;
#260 = ORIENTED_EDGE ( 'NONE', *, *, #1315, .F. ) ;
#261 = DIRECTION ( 'NONE',  ( -1.000000000000000000, 0.000000000000000000, 0.000000000000000000 ) ) ;
#262 = EDGE_CURVE ( 'NONE', #1140, #543, #897, .T. ) ;
#263 = DIRECTION ( 'NONE',  ( 0.000000000000000000, 0.000000000000000000, -1.000000000000000000 ) ) ;
#264 = LINE ( 'NONE', #500, #1037 ) ;
#265 = EDGE_LOOP ( 'NONE', ( #1895, #2032, #1401, #2416 ) ) ;
#266 = LINE ( 'NONE', #473, #1672 ) ;
#267 = VERTEX_POINT ( 'NONE', #1042 ) ;
#268 = CARTESIAN_POINT ( 'NONE',  ( -28.40000000000000213, -11.90000000000000746, 10.00000000000000000 ) ) ;
#269 = CARTESIAN_POINT ( 'NONE',  ( -34.50000000000000000, 19.00000000000000711, 1.000000000000007772 ) ) ;
#270 = VERTEX_POINT ( 'NONE', #46 ) ;
#271 = DIRECTION ( 'NONE',  ( 0.000000000000000000, 0.000000000000000000, 1.000000000000000000 ) ) ;
#272 = CARTESIAN_POINT ( 'NONE',  ( 22.39999999999999503, -15.90000000000000746, 10.00000000000000000 ) ) ;
#273 = EDGE_CURVE ( 'NONE', #1671, #157, #844, .T. ) ;
#274 = CARTESIAN_POINT ( 'NONE',  ( -33.49999999999999289, 19.00000000000000711, 1.000000000000007772 ) ) ;
#275 = DIRECTION ( 'NONE',  ( 0.000000000000000000, 1.000000000000000000, 0.000000000000000000 ) ) ;
#276 = EDGE_CURVE ( 'NONE', #1457, #1349, #1055, .T. ) ;
#277 = VERTEX_POINT ( 'NONE', #760 ) ;
#278 = LINE ( 'NONE', #2281, #2175 ) ;
#279 = EDGE_LOOP ( 'NONE', ( #2266, #1972, #572, #2193, #1644, #771, #2051 ) ) ;
#280 = DIRECTION ( 'NONE',  ( 0.000000000000000000, 0.000000000000000000, 1.000000000000000000 ) ) ;
#281 = AXIS2_PLACEMENT_3D ( 'NONE', #1569, #1736, #1158 ) ;
#282 = CARTESIAN_POINT ( 'NONE',  ( -13.09999999999999432, 15.90000000000000746, 5.000000000000000000 ) ) ;
#283 = VECTOR ( 'NONE', #135, 1000.000000000000000 ) ;
#284 = ORIENTED_EDGE ( 'NONE', *, *, #2294, .T. ) ;
#285 = ORIENTED_EDGE ( 'NONE', *, *, #1735, .F. ) ;
#286 = FACE_OUTER_BOUND ( 'NONE', #1040, .T. ) ;
#287 = VECTOR ( 'NONE', #1096, 999.9999999999998863 ) ;
#288 = VECTOR ( 'NONE', #2022, 1000.000000000000114 ) ;
#289 = LINE ( 'NONE', #303, #489 ) ;
#290 = AXIS2_PLACEMENT_3D ( 'NONE', #662, #1864, #436 ) ;
#291 = CARTESIAN_POINT ( 'NONE',  ( -13.09999999999999432, 13.90000000000000746, -6.414881836751856525 ) ) ;
#292 = DIRECTION ( 'NONE',  ( 0.000000000000000000, 0.000000000000000000, 1.000000000000000000 ) ) ;
#293 = VECTOR ( 'NONE', #1091, 1000.000000000000000 ) ;
#294 = ORIENTED_EDGE ( 'NONE', *, *, #1350, .T. ) ;
#295 = CARTESIAN_POINT ( 'NONE',  ( -22.39999999999999503, -11.90000000000000746, 10.00000000000000000 ) ) ;
#296 = EDGE_CURVE ( 'NONE', #2027, #1764, #1120, .T. ) ;
#297 = ORIENTED_EDGE ( 'NONE', *, *, #2115, .F. ) ;
#298 = LINE ( 'NONE', #1673, #2083 ) ;
#299 = DIRECTION ( 'NONE',  ( -0.000000000000000000, -1.000000000000000000, -0.000000000000000000 ) ) ;
#300 = ORIENTED_EDGE ( 'NONE', *, *, #1527, .F. ) ;
#301 = ORIENTED_EDGE ( 'NONE', *, *, #2028, .F. ) ;
#302 = DIRECTION ( 'NONE',  ( 0.000000000000000000, 0.000000000000000000, 1.000000000000000000 ) ) ;
#303 = CARTESIAN_POINT ( 'NONE',  ( -34.50000000000000000, 19.00000000000000711, 1.000000000000007772 ) ) ;
#304 = CARTESIAN_POINT ( 'NONE',  ( 25.49999999999999645, -15.40000000000001457, 7.000000000000000000 ) ) ;
#305 = CARTESIAN_POINT ( 'NONE',  ( -34.50000000000000000, 19.00000000000000711, 3.000000000000000000 ) ) ;
#306 = ORIENTED_EDGE ( 'NONE', *, *, #1387, .T. ) ;
#307 = FACE_OUTER_BOUND ( 'NONE', #1385, .T. ) ;
#308 = ADVANCED_FACE ( 'NONE', ( #515 ), #1918, .F. ) ;
#309 = VERTEX_POINT ( 'NONE', #1500 ) ;
#310 = EDGE_CURVE ( 'NONE', #1140, #1580, #1947, .T. ) ;
#311 = PLANE ( 'NONE',  #2293 ) ;
#312 = DIRECTION ( 'NONE',  ( 0.000000000000000000, 0.000000000000000000, -1.000000000000000000 ) ) ;
#313 = ORIENTED_EDGE ( 'NONE', *, *, #1755, .F. ) ;
#314 = VERTEX_POINT ( 'NONE', #2114 ) ;
#315 = CARTESIAN_POINT ( 'NONE',  ( 29.39999999999999503, -15.90000000000000746, 9.000000000000000000 ) ) ;
#316 = CARTESIAN_POINT ( 'NONE',  ( 28.40000000000000213, 15.90000000000000746, 10.00000000000000000 ) ) ;
#317 = DIRECTION ( 'NONE',  ( 0.000000000000000000, -1.000000000000000000, 0.000000000000000000 ) ) ;
#318 = CARTESIAN_POINT ( 'NONE',  ( 0.000000000000000000, 0.000000000000000000, 5.000000000000000000 ) ) ;
#319 = CARTESIAN_POINT ( 'NONE',  ( 25.49999999999999645, -15.40000000000001457, 5.749999999999999112 ) ) ;
#320 = ORIENTED_EDGE ( 'NONE', *, *, #225, .T. ) ;
#321 = PLANE ( 'NONE',  #828 ) ;
#322 = LINE ( 'NONE', #1123, #333 ) ;
#323 = ORIENTED_EDGE ( 'NONE', *, *, #885, .T. ) ;
#324 = DIRECTION ( 'NONE',  ( -0.000000000000000000, -0.000000000000000000, 1.000000000000000000 ) ) ;
#325 = VECTOR ( 'NONE', #150, 1000.000000000000000 ) ;
#326 =( NAMED_UNIT ( * ) PLANE_ANGLE_UNIT ( ) SI_UNIT ( $, .RADIAN. ) );
#327 = ADVANCED_FACE ( 'NONE', ( #1539 ), #321, .F. ) ;
#328 = DIRECTION ( 'NONE',  ( 0.000000000000000000, -1.000000000000000000, 0.000000000000000000 ) ) ;
#329 = AXIS2_PLACEMENT_3D ( 'NONE', #1975, #30, #976 ) ;
#330 = CARTESIAN_POINT ( 'NONE',  ( -29.39999999999999503, 11.90000000000000746, 3.000000000000000000 ) ) ;
#331 = CIRCLE ( 'NONE', #661, 1.749999999999979794 ) ;
#332 = DIRECTION ( 'NONE',  ( -0.000000000000000000, 1.000000000000000000, -0.000000000000000000 ) ) ;
#333 = VECTOR ( 'NONE', #930, 1000.000000000000114 ) ;
#334 = CARTESIAN_POINT ( 'NONE',  ( -21.39999999999999503, -11.90000000000000746, 10.00000000000000000 ) ) ;
#335 = AXIS2_PLACEMENT_3D ( 'NONE', #2190, #556, #2155 ) ;
#336 = EDGE_LOOP ( 'NONE', ( #1824, #156 ) ) ;
#337 = FACE_BOUND ( 'NONE', #1610, .T. ) ;
#338 = CARTESIAN_POINT ( 'NONE',  ( 31.39999999999999147, 15.90000000000000746, 3.000000000000000000 ) ) ;
#339 = ORIENTED_EDGE ( 'NONE', *, *, #651, .T. ) ;
#340 = ORIENTED_EDGE ( 'NONE', *, *, #627, .T. ) ;
#341 = CARTESIAN_POINT ( 'NONE',  ( 33.33431457505076168, 18.60000000000000497, 2.600000000000000089 ) ) ;
#342 = EDGE_CURVE ( 'NONE', #2491, #396, #544, .T. ) ;
#343 = LINE ( 'NONE', #2347, #484 ) ;
#344 = EDGE_CURVE ( 'NONE', #1283, #1, #130, .T. ) ;
#345 = DIRECTION ( 'NONE',  ( -0.7071067811865451302, 0.000000000000000000, -0.7071067811865500152 ) ) ;
#346 = CARTESIAN_POINT ( 'NONE',  ( -33.33431457505074746, -18.59999999999999076, 2.600000000000000089 ) ) ;
#347 = DIRECTION ( 'NONE',  ( -1.000000000000000000, 0.000000000000000000, 0.000000000000000000 ) ) ;
#348 = ORIENTED_EDGE ( 'NONE', *, *, #481, .T. ) ;
#349 = DIRECTION ( 'NONE',  ( -1.000000000000000000, 0.000000000000000000, 0.000000000000000000 ) ) ;
#350 = EDGE_CURVE ( 'NONE', #1916, #875, #1526, .T. ) ;
#351 = PLANE ( 'NONE',  #1715 ) ;
#352 = EDGE_LOOP ( 'NONE', ( #1656, #1016, #2486, #1982 ) ) ;
#353 = VERTEX_POINT ( 'NONE', #2544 ) ;
#354 = DIRECTION ( 'NONE',  ( -0.000000000000000000, -0.000000000000000000, 1.000000000000000000 ) ) ;
#355 = DIRECTION ( 'NONE',  ( 1.000000000000000000, 0.000000000000000000, -0.000000000000000000 ) ) ;
#356 = ORIENTED_EDGE ( 'NONE', *, *, #994, .T. ) ;
#357 = CARTESIAN_POINT ( 'NONE',  ( 25.49999999999999645, 19.00000000000000711, 7.000000000000000000 ) ) ;
#358 = CARTESIAN_POINT ( 'NONE',  ( 28.40000000000000213, -15.90000000000000746, 10.00000000000000000 ) ) ;
#359 = CARTESIAN_POINT ( 'NONE',  ( 25.49999999999999645, 15.40000000000002522, 7.000000000000000000 ) ) ;
#360 = EDGE_CURVE ( 'NONE', #1688, #270, #1170, .T. ) ;
#361 = ORIENTED_EDGE ( 'NONE', *, *, #764, .T. ) ;
#362 = EDGE_LOOP ( 'NONE', ( #1263, #2172, #741, #2025 ) ) ;
#363 = ORIENTED_EDGE ( 'NONE', *, *, #2577, .T. ) ;
#364 = CARTESIAN_POINT ( 'NONE',  ( 29.39999999999999503, -11.90000000000000746, 10.00000000000000000 ) ) ;
#365 = ORIENTED_EDGE ( 'NONE', *, *, #606, .T. ) ;
#366 = LINE ( 'NONE', #959, #1452 ) ;
#367 = AXIS2_PLACEMENT_3D ( 'NONE', #755, #2578, #2320 ) ;
#368 = DIRECTION ( 'NONE',  ( 0.000000000000000000, 1.000000000000000000, -0.000000000000000000 ) ) ;
#369 = AXIS2_PLACEMENT_3D ( 'NONE', #917, #1464, #2317 ) ;
#370 = FACE_OUTER_BOUND ( 'NONE', #2359, .T. ) ;
#371 = VECTOR ( 'NONE', #928, 1000.000000000000000 ) ;
#372 = VECTOR ( 'NONE', #934, 1000.000000000000000 ) ;
#373 = AXIS2_PLACEMENT_3D ( 'NONE', #1454, #2413, #817 ) ;
#374 = VERTEX_POINT ( 'NONE', #2130 ) ;
#375 = ADVANCED_FACE ( 'NONE', ( #337, #743 ), #311, .F. ) ;
#376 = AXIS2_PLACEMENT_3D ( 'NONE', #882, #541, #696 ) ;
#377 = VECTOR ( 'NONE', #1857, 1000.000000000000114 ) ;
#378 = EDGE_LOOP ( 'NONE', ( #899, #1719, #411 ) ) ;
#379 = LINE ( 'NONE', #2185, #2169 ) ;
#380 = CARTESIAN_POINT ( 'NONE',  ( 34.10000000000000142, -17.83431457505074391, 2.600000000000000089 ) ) ;
#381 = VERTEX_POINT ( 'NONE', #1935 ) ;
#382 = DIRECTION ( 'NONE',  ( -3.652049423109067827E-16, 1.000000000000000000, 0.000000000000000000 ) ) ;
#383 = FACE_OUTER_BOUND ( 'NONE', #1806, .T. ) ;
#384 = CARTESIAN_POINT ( 'NONE',  ( -21.39999999999999503, -11.90000000000000746, 10.00000000000000000 ) ) ;
#385 = EDGE_CURVE ( 'NONE', #2491, #434, #1108, .T. ) ;
#386 = VERTEX_POINT ( 'NONE', #910 ) ;
#387 = EDGE_CURVE ( 'NONE', #634, #770, #1714, .T. ) ;
#388 = ORIENTED_EDGE ( 'NONE', *, *, #2081, .T. ) ;
#389 = DIRECTION ( 'NONE',  ( 0.000000000000000000, 0.000000000000000000, -1.000000000000000000 ) ) ;
#390 = CARTESIAN_POINT ( 'NONE',  ( -34.49999999999998579, -17.99999999999998579, 1.000000000000007772 ) ) ;
#391 = VERTEX_POINT ( 'NONE', #1148 ) ;
#392 = LINE ( 'NONE', #537, #995 ) ;
#393 = LINE ( 'NONE', #2189, #2205 ) ;
#394 = CARTESIAN_POINT ( 'NONE',  ( 33.33431457505074746, -18.59999999999999076, 2.600000000000000089 ) ) ;
#395 = PRODUCT_DEFINITION_CONTEXT ( 'detailed design', #2145, 'design' ) ;
#396 = VERTEX_POINT ( 'NONE', #2339 ) ;
#397 = DIRECTION ( 'NONE',  ( 1.000000000000000000, 0.000000000000000000, 0.000000000000000000 ) ) ;
#398 = VERTEX_POINT ( 'NONE', #719 ) ;
#399 = FACE_OUTER_BOUND ( 'NONE', #378, .T. ) ;
#400 = CIRCLE ( 'NONE', #997, 1.750000000000009326 ) ;
#401 = DIRECTION ( 'NONE',  ( 0.000000000000000000, 1.000000000000000000, 0.000000000000000000 ) ) ;
#402 = ORIENTED_EDGE ( 'NONE', *, *, #1808, .T. ) ;
#403 = DIRECTION ( 'NONE',  ( -0.000000000000000000, 0.000000000000000000, -1.000000000000000000 ) ) ;
#404 = ADVANCED_FACE ( 'NONE', ( #1342 ), #2144, .F. ) ;
#405 = CARTESIAN_POINT ( 'NONE',  ( -21.39999999999999503, 15.90000000000000746, 10.00000000000000000 ) ) ;
#406 = FILL_AREA_STYLE ('',( #1400 ) ) ;
#407 = VECTOR ( 'NONE', #1410, 1000.000000000000000 ) ;
#408 = ORIENTED_EDGE ( 'NONE', *, *, #1511, .T. ) ;
#409 = FACE_OUTER_BOUND ( 'NONE', #2069, .T. ) ;
#410 = VECTOR ( 'NONE', #429, 1000.000000000000114 ) ;
#411 = ORIENTED_EDGE ( 'NONE', *, *, #1848, .F. ) ;
#412 = VECTOR ( 'NONE', #633, 1000.000000000000000 ) ;
#413 = DIRECTION ( 'NONE',  ( -0.5773502691896258421, 0.5773502691896258421, -0.5773502691896258421 ) ) ;
#414 = EDGE_CURVE ( 'NONE', #374, #1161, #66, .T. ) ;
#415 = AXIS2_PLACEMENT_3D ( 'NONE', #2469, #21, #2038 ) ;
#416 = CARTESIAN_POINT ( 'NONE',  ( -31.39999999999999858, -15.90000000000000746, 5.000000000000000000 ) ) ;
#417 = ORIENTED_EDGE ( 'NONE', *, *, #418, .F. ) ;
#418 = EDGE_CURVE ( 'NONE', #245, #816, #264, .T. ) ;
#419 = DIRECTION ( 'NONE',  ( 0.7071067811865451302, 0.000000000000000000, 0.7071067811865500152 ) ) ;
#420 = DIRECTION ( 'NONE',  ( 0.000000000000000000, 0.000000000000000000, -1.000000000000000000 ) ) ;
#421 = ADVANCED_FACE ( 'NONE', ( #2082 ), #1845, .T. ) ;
#422 =( NAMED_UNIT ( * ) SI_UNIT ( $, .STERADIAN. ) SOLID_ANGLE_UNIT ( ) );
#423 = ORIENTED_EDGE ( 'NONE', *, *, #2053, .F. ) ;
#424 = CARTESIAN_POINT ( 'NONE',  ( -0.000000000000000000, -17.99999999999998579, 0.000000000000000000 ) ) ;
#425 = EDGE_LOOP ( 'NONE', ( #689, #445, #2412, #103, #2450, #2558 ) ) ;
#426 = DIRECTION ( 'NONE',  ( -0.000000000000000000, 1.000000000000000000, -0.000000000000000000 ) ) ;
#427 = PLANE ( 'NONE',  #1532 ) ;
#428 = VERTEX_POINT ( 'NONE', #471 ) ;
#429 = DIRECTION ( 'NONE',  ( -0.7071067811865474617, -0.7071067811865474617, 0.000000000000000000 ) ) ;
#430 = FACE_OUTER_BOUND ( 'NONE', #1177, .T. ) ;
#431 = ORIENTED_EDGE ( 'NONE', *, *, #1509, .T. ) ;
#432 = DIRECTION ( 'NONE',  ( -0.000000000000000000, -0.000000000000000000, -1.000000000000000000 ) ) ;
#433 = EDGE_CURVE ( 'NONE', #759, #2601, #1492, .T. ) ;
#434 = VERTEX_POINT ( 'NONE', #2471 ) ;
#435 = PLANE ( 'NONE',  #1621 ) ;
#436 = DIRECTION ( 'NONE',  ( -0.7071067811865500152, 0.000000000000000000, -0.7071067811865451302 ) ) ;
#437 = ORIENTED_EDGE ( 'NONE', *, *, #529, .F. ) ;
#438 = ORIENTED_EDGE ( 'NONE', *, *, #111, .F. ) ;
#439 = DIRECTION ( 'NONE',  ( -0.000000000000000000, 1.000000000000000000, 0.000000000000000000 ) ) ;
#440 = PLANE ( 'NONE',  #1121 ) ;
#441 = VECTOR ( 'NONE', #880, 1000.000000000000000 ) ;
#442 = EDGE_LOOP ( 'NONE', ( #199, #1292, #2011, #1677 ) ) ;
#443 = CARTESIAN_POINT ( 'NONE',  ( 0.000000000000000000, 13.90000000000000746, 5.000000000000000000 ) ) ;
#444 = EDGE_CURVE ( 'NONE', #2260, #255, #1373, .T. ) ;
#445 = ORIENTED_EDGE ( 'NONE', *, *, #1999, .T. ) ;
#446 = ADVANCED_FACE ( 'NONE', ( #2308 ), #2036, .F. ) ;
#447 = DIRECTION ( 'NONE',  ( -0.000000000000000000, -0.000000000000000000, -1.000000000000000000 ) ) ;
#448 = VECTOR ( 'NONE', #479, 1000.000000000000000 ) ;
#449 = VECTOR ( 'NONE', #1467, 1000.000000000000000 ) ;
#450 = PLANE ( 'NONE',  #1290 ) ;
#451 = CIRCLE ( 'NONE', #1757, 1.250000000000000222 ) ;
#452 = EDGE_LOOP ( 'NONE', ( #297, #1372, #1000, #474 ) ) ;
#453 = CARTESIAN_POINT ( 'NONE',  ( -29.39999999999999503, -11.90000000000000746, 5.000000000000000000 ) ) ;
#454 = VECTOR ( 'NONE', #1226, 1000.000000000000000 ) ;
#455 = CARTESIAN_POINT ( 'NONE',  ( 25.49999999999999645, -15.40000000000001457, 7.000000000000000000 ) ) ;
#456 = CARTESIAN_POINT ( 'NONE',  ( 14.24999999999987743, 15.90000000000000746, 22.14999999999999503 ) ) ;
#457 = EDGE_CURVE ( 'NONE', #1849, #2134, #1887, .T. ) ;
#458 = LINE ( 'NONE', #1255, #1867 ) ;
#459 = ORIENTED_EDGE ( 'NONE', *, *, #1642, .F. ) ;
#460 = DIRECTION ( 'NONE',  ( 0.7071067811865474617, -0.7071067811865474617, 0.000000000000000000 ) ) ;
#461 = ORIENTED_EDGE ( 'NONE', *, *, #730, .F. ) ;
#462 = CARTESIAN_POINT ( 'NONE',  ( 34.00000000000000000, 18.50000000000000711, 1.000000000000007772 ) ) ;
#463 = ADVANCED_FACE ( 'NONE', ( #1063 ), #2497, .F. ) ;
#464 = FACE_OUTER_BOUND ( 'NONE', #1431, .T. ) ;
#465 = ORIENTED_EDGE ( 'NONE', *, *, #573, .T. ) ;
#466 = EDGE_LOOP ( 'NONE', ( #1949, #1784, #140, #2098 ) ) ;
#467 = CARTESIAN_POINT ( 'NONE',  ( 34.10000000000000142, -17.83431457505074391, 3.000000000000000000 ) ) ;
#468 = EDGE_CURVE ( 'NONE', #1, #1702, #1693, .T. ) ;
#469 = DIRECTION ( 'NONE',  ( 0.000000000000000000, 1.000000000000000000, -0.000000000000000000 ) ) ;
#470 = CARTESIAN_POINT ( 'NONE',  ( -29.39999999999999503, 11.90000000000000746, 10.00000000000000000 ) ) ;
#471 = CARTESIAN_POINT ( 'NONE',  ( 33.33431457505076168, 18.60000000000000497, 3.000000000000000000 ) ) ;
#472 = VERTEX_POINT ( 'NONE', #2056 ) ;
#473 = CARTESIAN_POINT ( 'NONE',  ( 33.49999999999998579, -18.99999999999999289, 3.000000000000000000 ) ) ;
#474 = ORIENTED_EDGE ( 'NONE', *, *, #2195, .T. ) ;
#475 = CARTESIAN_POINT ( 'NONE',  ( -25.49999999999999645, 15.90000000000000746, 8.749999999999980460 ) ) ;
#476 = LINE ( 'NONE', #2436, #1876 ) ;
#477 = EDGE_LOOP ( 'NONE', ( #2128, #1272, #2498, #54 ) ) ;
#478 = EDGE_LOOP ( 'NONE', ( #2455, #485, #1950, #1605, #2365, #688, #2147, #365 ) ) ;
#479 = DIRECTION ( 'NONE',  ( 0.000000000000000000, 1.000000000000000000, 0.000000000000000000 ) ) ;
#480 = DIRECTION ( 'NONE',  ( -0.000000000000000000, -0.000000000000000000, -1.000000000000000000 ) ) ;
#481 = EDGE_CURVE ( 'NONE', #1702, #59, #1663, .T. ) ;
#482 = PLANE ( 'NONE',  #2385 ) ;
#483 = LINE ( 'NONE', #252, #2030 ) ;
#484 = VECTOR ( 'NONE', #1722, 1000.000000000000000 ) ;
#485 = ORIENTED_EDGE ( 'NONE', *, *, #310, .T. ) ;
#486 = DIRECTION ( 'NONE',  ( 0.000000000000000000, -1.000000000000000000, 0.000000000000000000 ) ) ;
#487 = ORIENTED_EDGE ( 'NONE', *, *, #1560, .F. ) ;
#488 = DIRECTION ( 'NONE',  ( -1.000000000000000000, 0.000000000000000000, 0.000000000000000000 ) ) ;
#489 = VECTOR ( 'NONE', #1090, 1000.000000000000000 ) ;
#490 = CARTESIAN_POINT ( 'NONE',  ( 31.39999999999999147, -15.90000000000000746, 5.000000000000000000 ) ) ;
#491 = ORIENTED_EDGE ( 'NONE', *, *, #242, .F. ) ;
#492 = EDGE_LOOP ( 'NONE', ( #36, #1833 ) ) ;
#493 = CYLINDRICAL_SURFACE ( 'NONE', #369, 1.250000000000001110 ) ;
#494 = VECTOR ( 'NONE', #397, 1000.000000000000000 ) ;
#495 = CARTESIAN_POINT ( 'NONE',  ( -29.39999999999999503, -11.90000000000000746, 10.00000000000000000 ) ) ;
#496 = EDGE_CURVE ( 'NONE', #547, #1817, #669, .T. ) ;
#497 = AXIS2_PLACEMENT_3D ( 'NONE', #443, #867, #1416 ) ;
#498 = LINE ( 'NONE', #1478, #1923 ) ;
#499 = EDGE_CURVE ( 'NONE', #2075, #2280, #1298, .T. ) ;
#500 = CARTESIAN_POINT ( 'NONE',  ( 33.33431457505074746, -18.59999999999999076, 2.600000000000000089 ) ) ;
#501 = VECTOR ( 'NONE', #1176, 1000.000000000000114 ) ;
#502 = VERTEX_POINT ( 'NONE', #107 ) ;
#503 = PLANE ( 'NONE',  #2472 ) ;
#504 = ORIENTED_EDGE ( 'NONE', *, *, #526, .T. ) ;
#505 = DIRECTION ( 'NONE',  ( 0.000000000000000000, -1.000000000000000000, 0.000000000000000000 ) ) ;
#506 = CARTESIAN_POINT ( 'NONE',  ( -25.49999999999999645, -11.90000000000000746, 7.000000000000000000 ) ) ;
#507 = VERTEX_POINT ( 'NONE', #2513 ) ;
#508 = ORIENTED_EDGE ( 'NONE', *, *, #212, .T. ) ;
#509 = PLANE ( 'NONE',  #790 ) ;
#510 = DIRECTION ( 'NONE',  ( 0.000000000000000000, 0.000000000000000000, 1.000000000000000000 ) ) ;
#511 = DIRECTION ( 'NONE',  ( -0.000000000000000000, 1.000000000000000000, 0.000000000000000000 ) ) ;
#512 = LINE ( 'NONE', #2141, #1659 ) ;
#513 = CARTESIAN_POINT ( 'NONE',  ( 21.39999999999999503, -11.90000000000000746, 3.000000000000000000 ) ) ;
#514 = ORIENTED_EDGE ( 'NONE', *, *, #1527, .T. ) ;
#515 = FACE_OUTER_BOUND ( 'NONE', #2338, .T. ) ;
#516 = EDGE_CURVE ( 'NONE', #314, #1906, #2039, .T. ) ;
#517 = CARTESIAN_POINT ( 'NONE',  ( 34.50000000000000000, 18.00000000000000000, 2.600000000000000089 ) ) ;
#518 = ORIENTED_EDGE ( 'NONE', *, *, #2, .T. ) ;
#519 = EDGE_LOOP ( 'NONE', ( #2316, #884, #2379, #562 ) ) ;
#520 = AXIS2_PLACEMENT_3D ( 'NONE', #2186, #783, #987 ) ;
#521 = CARTESIAN_POINT ( 'NONE',  ( 31.39999999999999147, 15.90000000000000746, 5.000000000000000000 ) ) ;
#522 = CARTESIAN_POINT ( 'NONE',  ( 31.39999999999999147, -15.90000000000000746, 5.000000000000000000 ) ) ;
#523 = DIRECTION ( 'NONE',  ( -1.000000000000000000, 0.000000000000000000, 0.000000000000000000 ) ) ;
#524 = FACE_BOUND ( 'NONE', #1243, .T. ) ;
#525 = CARTESIAN_POINT ( 'NONE',  ( -13.09999999999999432, 13.90000000000000746, -6.414881836751856525 ) ) ;
#526 = EDGE_CURVE ( 'NONE', #353, #192, #2485, .T. ) ;
#527 = VERTEX_POINT ( 'NONE', #713 ) ;
#528 = DIRECTION ( 'NONE',  ( -1.000000000000000000, 0.000000000000000000, 0.000000000000000000 ) ) ;
#529 = EDGE_CURVE ( 'NONE', #1112, #1119, #483, .T. ) ;
#530 = LINE ( 'NONE', #898, #1670 ) ;
#531 = ORIENTED_EDGE ( 'NONE', *, *, #2163, .T. ) ;
#532 = VERTEX_POINT ( 'NONE', #652 ) ;
#533 = VECTOR ( 'NONE', #1828, 1000.000000000000000 ) ;
#534 = PLANE ( 'NONE',  #829 ) ;
#535 = CARTESIAN_POINT ( 'NONE',  ( 0.000000000000000000, 0.000000000000000000, 5.000000000000000000 ) ) ;
#536 = CIRCLE ( 'NONE', #29, 1.250000000000000222 ) ;
#537 = CARTESIAN_POINT ( 'NONE',  ( -3.899999999999993694, 15.90000000000000746, -6.414881836751856525 ) ) ;
#538 = VECTOR ( 'NONE', #19, 1000.000000000000000 ) ;
#539 = LINE ( 'NONE', #358, #1823 ) ;
#540 = AXIS2_PLACEMENT_3D ( 'NONE', #1502, #1138, #1729 ) ;
#541 = DIRECTION ( 'NONE',  ( 1.000000000000000000, 0.000000000000000000, 0.000000000000000000 ) ) ;
#542 = AXIS2_PLACEMENT_3D ( 'NONE', #1969, #347, #1772 ) ;
#543 = VERTEX_POINT ( 'NONE', #1451 ) ;
#544 = LINE ( 'NONE', #1740, #1499 ) ;
#545 = LINE ( 'NONE', #2146, #873 ) ;
#546 = ORIENTED_EDGE ( 'NONE', *, *, #2475, .F. ) ;
#547 = VERTEX_POINT ( 'NONE', #2252 ) ;
#548 = DIRECTION ( 'NONE',  ( 0.000000000000000000, 0.000000000000000000, -1.000000000000000000 ) ) ;
#549 = EDGE_CURVE ( 'NONE', #1151, #2062, #458, .T. ) ;
#550 = DIRECTION ( 'NONE',  ( 1.000000000000000000, -0.000000000000000000, -0.000000000000000000 ) ) ;
#551 = ORIENTED_EDGE ( 'NONE', *, *, #605, .F. ) ;
#552 = DIRECTION ( 'NONE',  ( 0.000000000000000000, -1.000000000000000000, 0.000000000000000000 ) ) ;
#553 = ADVANCED_FACE ( 'NONE', ( #961 ), #1724, .T. ) ;
#554 = DIRECTION ( 'NONE',  ( -0.000000000000000000, -1.000000000000000000, -0.000000000000000000 ) ) ;
#555 = AXIS2_PLACEMENT_3D ( 'NONE', #1417, #2414, #1333 ) ;
#556 = DIRECTION ( 'NONE',  ( -0.7071067811865500152, 0.000000000000000000, 0.7071067811865451302 ) ) ;
#557 = ORIENTED_EDGE ( 'NONE', *, *, #1024, .F. ) ;
#558 = VERTEX_POINT ( 'NONE', #564 ) ;
#559 = VERTEX_POINT ( 'NONE', #2153 ) ;
#560 = EDGE_CURVE ( 'NONE', #1637, #472, #117, .T. ) ;
#561 = DIRECTION ( 'NONE',  ( -0.7071067811865451302, 0.000000000000000000, -0.7071067811865500152 ) ) ;
#562 = ORIENTED_EDGE ( 'NONE', *, *, #1560, .T. ) ;
#563 = LINE ( 'NONE', #574, #203 ) ;
#564 = CARTESIAN_POINT ( 'NONE',  ( 33.49999999999998579, -18.99999999999999289, 2.600000000000000089 ) ) ;
#565 = EDGE_CURVE ( 'NONE', #1457, #734, #2124, .T. ) ;
#566 = CARTESIAN_POINT ( 'NONE',  ( 0.000000000000000000, -13.90000000000000746, 5.000000000000000000 ) ) ;
#567 = ORIENTED_EDGE ( 'NONE', *, *, #1686, .F. ) ;
#568 = ORIENTED_EDGE ( 'NONE', *, *, #656, .T. ) ;
#569 = ORIENTED_EDGE ( 'NONE', *, *, #2529, .F. ) ;
#570 = LINE ( 'NONE', #2574, #832 ) ;
#571 = VECTOR ( 'NONE', #1681, 1000.000000000000000 ) ;
#572 = ORIENTED_EDGE ( 'NONE', *, *, #344, .T. ) ;
#573 = EDGE_CURVE ( 'NONE', #900, #1155, #1406, .T. ) ;
#574 = CARTESIAN_POINT ( 'NONE',  ( -25.49999999999999645, 19.00000000000000711, 5.749999999999999112 ) ) ;
#575 = EDGE_CURVE ( 'NONE', #2523, #253, #539, .T. ) ;
#576 = LINE ( 'NONE', #195, #233 ) ;
#577 = AXIS2_PLACEMENT_3D ( 'NONE', #870, #239, #1837 ) ;
#578 = VECTOR ( 'NONE', #2549, 1000.000000000000000 ) ;
#579 = DIRECTION ( 'NONE',  ( -0.7071067811865474617, 0.000000000000000000, 0.7071067811865474617 ) ) ;
#580 = EDGE_CURVE ( 'NONE', #916, #1916, #1912, .T. ) ;
#581 = VECTOR ( 'NONE', #2302, 1000.000000000000000 ) ;
#582 = ORIENTED_EDGE ( 'NONE', *, *, #575, .F. ) ;
#583 = VECTOR ( 'NONE', #2590, 1000.000000000000000 ) ;
#584 = AXIS2_PLACEMENT_3D ( 'NONE', #93, #317, #712 ) ;
#585 = ORIENTED_EDGE ( 'NONE', *, *, #1971, .F. ) ;
#586 = LINE ( 'NONE', #1383, #201 ) ;
#587 = CARTESIAN_POINT ( 'NONE',  ( -33.33431457505075457, 18.60000000000000497, 3.000000000000000000 ) ) ;
#588 = EDGE_LOOP ( 'NONE', ( #1111, #983, #1958, #518 ) ) ;
#589 = DIRECTION ( 'NONE',  ( -1.000000000000000000, 0.000000000000000000, 0.000000000000000000 ) ) ;
#590 = DIRECTION ( 'NONE',  ( 1.000000000000000000, -0.000000000000000000, 0.000000000000000000 ) ) ;
#591 = CARTESIAN_POINT ( 'NONE',  ( -13.09999999999999432, 13.90000000000000746, 5.000000000000000000 ) ) ;
#592 = VECTOR ( 'NONE', #808, 1000.000000000000000 ) ;
#593 = ORIENTED_EDGE ( 'NONE', *, *, #1020, .F. ) ;
#594 = CARTESIAN_POINT ( 'NONE',  ( 34.10000000000000142, 17.83431457505076523, 2.600000000000000089 ) ) ;
#595 = ORIENTED_EDGE ( 'NONE', *, *, #1735, .T. ) ;
#596 = EDGE_CURVE ( 'NONE', #1881, #2449, #728, .T. ) ;
#597 = DIRECTION ( 'NONE',  ( -0.7071067811865451302, 0.000000000000000000, 0.7071067811865500152 ) ) ;
#598 = PLANE ( 'NONE',  #2131 ) ;
#599 = ORIENTED_EDGE ( 'NONE', *, *, #212, .F. ) ;
#600 = DIRECTION ( 'NONE',  ( 0.000000000000000000, -1.000000000000000000, 0.000000000000000000 ) ) ;
#601 = CARTESIAN_POINT ( 'NONE',  ( 29.39999999999999503, 15.90000000000000746, 9.000000000000000000 ) ) ;
#602 = DIRECTION ( 'NONE',  ( -0.000000000000000000, 0.000000000000000000, -1.000000000000000000 ) ) ;
#603 = ADVANCED_FACE ( 'NONE', ( #524, #1339, #175 ), #948, .F. ) ;
#604 = ORIENTED_EDGE ( 'NONE', *, *, #1334, .T. ) ;
#605 = EDGE_CURVE ( 'NONE', #1764, #1671, #739, .T. ) ;
#606 = EDGE_CURVE ( 'NONE', #1998, #1397, #2530, .T. ) ;
#607 = ORIENTED_EDGE ( 'NONE', *, *, #990, .T. ) ;
#608 = DIRECTION ( 'NONE',  ( 0.000000000000000000, 0.000000000000000000, -1.000000000000000000 ) ) ;
#609 = EDGE_CURVE ( 'NONE', #759, #1151, #988, .T. ) ;
#610 = FACE_OUTER_BOUND ( 'NONE', #1480, .T. ) ;
#611 = VERTEX_POINT ( 'NONE', #937 ) ;
#612 = LINE ( 'NONE', #1017, #538 ) ;
#613 = CARTESIAN_POINT ( 'NONE',  ( -31.39999999999999858, 15.90000000000000746, 5.000000000000000000 ) ) ;
#614 = VECTOR ( 'NONE', #92, 1000.000000000000000 ) ;
#615 = ADVANCED_FACE ( 'NONE', ( #1311 ), #1134, .F. ) ;
#616 = ORIENTED_EDGE ( 'NONE', *, *, #1973, .T. ) ;
#617 = CARTESIAN_POINT ( 'NONE',  ( -33.33431457505074746, -18.59999999999999076, 3.000000000000000000 ) ) ;
#618 = LINE ( 'NONE', #2345, #1961 ) ;
#619 = CIRCLE ( 'NONE', #1288, 1.250000000000001110 ) ;
#620 = ORIENTED_EDGE ( 'NONE', *, *, #1392, .F. ) ;
#621 = PLANE ( 'NONE',  #1369 ) ;
#622 = VECTOR ( 'NONE', #579, 1000.000000000000114 ) ;
#623 = DIRECTION ( 'NONE',  ( -0.000000000000000000, 1.000000000000000000, -0.000000000000000000 ) ) ;
#624 = ORIENTED_EDGE ( 'NONE', *, *, #1071, .F. ) ;
#625 = DIRECTION ( 'NONE',  ( 0.000000000000000000, -1.000000000000000000, 0.000000000000000000 ) ) ;
#626 = DIRECTION ( 'NONE',  ( -0.000000000000000000, -1.000000000000000000, -0.000000000000000000 ) ) ;
#627 = EDGE_CURVE ( 'NONE', #2174, #1849, #512, .T. ) ;
#628 = CARTESIAN_POINT ( 'NONE',  ( 22.39999999999999503, -11.90000000000000746, 10.00000000000000000 ) ) ;
#629 = ORIENTED_EDGE ( 'NONE', *, *, #848, .F. ) ;
#630 = LINE ( 'NONE', #2267, #2298 ) ;
#631 = ORIENTED_EDGE ( 'NONE', *, *, #793, .T. ) ;
#632 = FACE_OUTER_BOUND ( 'NONE', #2432, .T. ) ;
#633 = DIRECTION ( 'NONE',  ( -0.000000000000000000, -1.000000000000000000, -0.000000000000000000 ) ) ;
#634 = VERTEX_POINT ( 'NONE', #2109 ) ;
#635 = ORIENTED_EDGE ( 'NONE', *, *, #670, .F. ) ;
#636 = PLANE ( 'NONE',  #871 ) ;
#637 = LINE ( 'NONE', #1436, #2244 ) ;
#638 = DIRECTION ( 'NONE',  ( -0.000000000000000000, -0.000000000000000000, -1.000000000000000000 ) ) ;
#639 = EDGE_CURVE ( 'NONE', #1924, #527, #2541, .T. ) ;
#640 = ORIENTED_EDGE ( 'NONE', *, *, #902, .F. ) ;
#641 = DIRECTION ( 'NONE',  ( -1.000000000000000000, 0.000000000000000000, 0.000000000000000000 ) ) ;
#642 = ORIENTED_EDGE ( 'NONE', *, *, #1334, .F. ) ;
#643 = LINE ( 'NONE', #57, #1753 ) ;
#644 = FACE_OUTER_BOUND ( 'NONE', #2364, .T. ) ;
#645 = ORIENTED_EDGE ( 'NONE', *, *, #921, .F. ) ;
#646 = EDGE_CURVE ( 'NONE', #1468, #1595, #2334, .T. ) ;
#647 = ORIENTED_EDGE ( 'NONE', *, *, #119, .T. ) ;
#648 = LINE ( 'NONE', #1425, #1126 ) ;
#649 = DIRECTION ( 'NONE',  ( -0.000000000000000000, -1.000000000000000000, -0.000000000000000000 ) ) ;
#650 = LINE ( 'NONE', #1449, #1835 ) ;
#651 = EDGE_CURVE ( 'NONE', #1087, #267, #1352, .T. ) ;
#652 = CARTESIAN_POINT ( 'NONE',  ( -3.899999999999993694, 13.90000000000000746, 4.000000000000000888 ) ) ;
#653 = VECTOR ( 'NONE', #1018, 1000.000000000000000 ) ;
#654 = ORIENTED_EDGE ( 'NONE', *, *, #1576, .F. ) ;
#655 = DIRECTION ( 'NONE',  ( -0.000000000000000000, -0.000000000000000000, -1.000000000000000000 ) ) ;
#656 = EDGE_CURVE ( 'NONE', #1632, #398, #163, .T. ) ;
#657 = ORIENTED_EDGE ( 'NONE', *, *, #2373, .F. ) ;
#658 = CLOSED_SHELL ( 'NONE', ( #2457, #446, #1591, #1959, #1577, #32, #2431, #1190, #2192, #2470, #553, #1780, #1859, #1856, #939, #980, #1537, #2393, #222, #1927, #1584, #603, #2509, #85, #2110, #170, #2048, #375, #327, #149, #1805, #1649, #851, #138, #1227, #2269, #2045, #1440, #2403, #1738, #100, #1697, #463, #911, #2215, #807, #2356, #1313, #421, #257, #1875, #1884, #1179, #1187, #2477, #1419, #1259, #1987, #1202, #830, #952, #1097, #2125, #1669, #820, #1647, #2112, #1455, #838, #2424, #1230, #2605, #1295, #776, #10, #65, #1281, #25, #742, #615, #1007, #308, #2234, #2561, #404, #1395 ) ) ;
#659 = DIRECTION ( 'NONE',  ( 0.000000000000000000, -0.000000000000000000, 1.000000000000000000 ) ) ;
#660 = EDGE_CURVE ( 'NONE', #1993, #2006, #1194, .T. ) ;
#661 = AXIS2_PLACEMENT_3D ( 'NONE', #1253, #600, #2602 ) ;
#662 = CARTESIAN_POINT ( 'NONE',  ( 33.49999999999998579, 18.00000000000000000, 0.000000000000000000 ) ) ;
#663 = AXIS2_PLACEMENT_3D ( 'NONE', #182, #1778, #207 ) ;
#664 = ORIENTED_EDGE ( 'NONE', *, *, #1699, .F. ) ;
#665 = DIRECTION ( 'NONE',  ( 0.7071067811865474617, 0.7071067811865474617, 0.000000000000000000 ) ) ;
#666 = AXIS2_PLACEMENT_3D ( 'NONE', #1146, #1980, #1551 ) ;
#667 = CARTESIAN_POINT ( 'NONE',  ( -33.49999999999997868, -17.99999999999998579, 0.000000000000000000 ) ) ;
#668 = DIRECTION ( 'NONE',  ( -1.000000000000000000, 0.000000000000000000, -0.000000000000000000 ) ) ;
#669 = LINE ( 'NONE', #1871, #198 ) ;
#670 = EDGE_CURVE ( 'NONE', #502, #1993, #1598, .T. ) ;
#671 = ORIENTED_EDGE ( 'NONE', *, *, #1704, .T. ) ;
#672 = CARTESIAN_POINT ( 'NONE',  ( -13.09999999999999432, 15.90000000000000746, 4.000000000000000888 ) ) ;
#673 = ORIENTED_EDGE ( 'NONE', *, *, #1773, .T. ) ;
#674 = DIRECTION ( 'NONE',  ( 0.000000000000000000, 0.000000000000000000, -1.000000000000000000 ) ) ;
#675 = EDGE_CURVE ( 'NONE', #2567, #2351, #1782, .T. ) ;
#676 = DIRECTION ( 'NONE',  ( -1.000000000000000000, 0.000000000000000000, 0.000000000000000000 ) ) ;
#677 = ORIENTED_EDGE ( 'NONE', *, *, #1476, .T. ) ;
#678 = CARTESIAN_POINT ( 'NONE',  ( 25.49999999999999645, 11.90000000000000746, 7.000000000000000000 ) ) ;
#679 = DIRECTION ( 'NONE',  ( 0.000000000000000000, 0.000000000000000000, 1.000000000000000000 ) ) ;
#680 = LINE ( 'NONE', #2511, #2044 ) ;
#681 = CARTESIAN_POINT ( 'NONE',  ( -25.49999999999999645, 15.90000000000000746, 8.749999999999980460 ) ) ;
#682 = ORIENTED_EDGE ( 'NONE', *, *, #113, .F. ) ;
#683 = CARTESIAN_POINT ( 'NONE',  ( -21.39999999999999503, -15.90000000000000746, 8.999999999999992895 ) ) ;
#684 = ORIENTED_EDGE ( 'NONE', *, *, #805, .F. ) ;
#685 = LINE ( 'NONE', #1471, #287 ) ;
#686 = EDGE_CURVE ( 'NONE', #1415, #1595, #814, .T. ) ;
#687 = PLANE ( 'NONE',  #1830 ) ;
#688 = ORIENTED_EDGE ( 'NONE', *, *, #1674, .T. ) ;
#689 = ORIENTED_EDGE ( 'NONE', *, *, #344, .F. ) ;
#690 = LINE ( 'NONE', #1520, #240 ) ;
#691 = EDGE_CURVE ( 'NONE', #1155, #2260, #1376, .T. ) ;
#692 = FACE_OUTER_BOUND ( 'NONE', #2304, .T. ) ;
#693 = CARTESIAN_POINT ( 'NONE',  ( 34.49999999999999289, -17.99999999999998579, 2.600000000000000089 ) ) ;
#694 = DIRECTION ( 'NONE',  ( 0.000000000000000000, 0.000000000000000000, 1.000000000000000000 ) ) ;
#695 = ORIENTED_EDGE ( 'NONE', *, *, #1409, .T. ) ;
#696 = DIRECTION ( 'NONE',  ( 0.000000000000000000, 0.000000000000000000, -1.000000000000000000 ) ) ;
#697 = ORIENTED_EDGE ( 'NONE', *, *, #1588, .F. ) ;
#698 = LINE ( 'NONE', #857, #1124 ) ;
#699 = AXIS2_PLACEMENT_3D ( 'NONE', #1309, #2138, #1167 ) ;
#700 = AXIS2_PLACEMENT_3D ( 'NONE', #2495, #1072, #1868 ) ;
#701 = CARTESIAN_POINT ( 'NONE',  ( 33.49999999999997868, -17.99999999999998579, 0.000000000000000000 ) ) ;
#702 = ORIENTED_EDGE ( 'NONE', *, *, #225, .F. ) ;
#703 = CONICAL_SURFACE ( 'NONE', #1872, 1.749999999999979794, 0.7853981633974439491 ) ;
#704 = ORIENTED_EDGE ( 'NONE', *, *, #764, .F. ) ;
#705 = CARTESIAN_POINT ( 'NONE',  ( 29.39999999999999503, -11.90000000000000746, 9.000000000000000000 ) ) ;
#706 = VECTOR ( 'NONE', #505, 1000.000000000000000 ) ;
#707 = AXIS2_PLACEMENT_3D ( 'NONE', #535, #2566, #355 ) ;
#708 = VECTOR ( 'NONE', #1880, 1000.000000000000000 ) ;
#709 = DIRECTION ( 'NONE',  ( -1.000000000000000000, -0.000000000000000000, -0.000000000000000000 ) ) ;
#710 = VECTOR ( 'NONE', #2600, 1000.000000000000000 ) ;
#711 = VECTOR ( 'NONE', #224, 1000.000000000000000 ) ;
#712 = DIRECTION ( 'NONE',  ( 0.000000000000000000, 0.000000000000000000, -1.000000000000000000 ) ) ;
#713 = CARTESIAN_POINT ( 'NONE',  ( -28.40000000000000213, 15.90000000000000746, 10.00000000000000000 ) ) ;
#714 = AXIS2_PLACEMENT_3D ( 'NONE', #470, #1870, #2122 ) ;
#715 = EDGE_CURVE ( 'NONE', #1985, #1196, #1204, .T. ) ;
#716 = ORIENTED_EDGE ( 'NONE', *, *, #1071, .T. ) ;
#717 = LINE ( 'NONE', #2542, #168 ) ;
#718 = EDGE_LOOP ( 'NONE', ( #682, #1504, #1470, #944 ) ) ;
#719 = CARTESIAN_POINT ( 'NONE',  ( -29.39999999999999503, 11.90000000000000746, 5.000000000000000000 ) ) ;
#720 = DIRECTION ( 'NONE',  ( -4.903554850278099195E-15, 0.7071067811865474617, -0.7071067811865474617 ) ) ;
#721 = ORIENTED_EDGE ( 'NONE', *, *, #1381, .F. ) ;
#722 = ORIENTED_EDGE ( 'NONE', *, *, #1609, .F. ) ;
#723 = CARTESIAN_POINT ( 'NONE',  ( -21.39999999999999503, 13.90000000000000746, 5.000000000000000000 ) ) ;
#724 = EDGE_CURVE ( 'NONE', #2226, #398, #2410, .T. ) ;
#725 = DIRECTION ( 'NONE',  ( 0.000000000000000000, 1.000000000000000000, 0.000000000000000000 ) ) ;
#726 = FACE_OUTER_BOUND ( 'NONE', #2217, .T. ) ;
#727 = EDGE_CURVE ( 'NONE', #1468, #245, #1006, .T. ) ;
#728 = LINE ( 'NONE', #124, #1164 ) ;
#729 = DIRECTION ( 'NONE',  ( 1.000000000000000000, 0.000000000000000000, 0.000000000000000000 ) ) ;
#730 = EDGE_CURVE ( 'NONE', #1087, #309, #1988, .T. ) ;
#731 = ORIENTED_EDGE ( 'NONE', *, *, #746, .T. ) ;
#732 = DIRECTION ( 'NONE',  ( 0.7071067811865451302, 0.000000000000000000, -0.7071067811865500152 ) ) ;
#733 = CARTESIAN_POINT ( 'NONE',  ( -29.39999999999999503, 0.000000000000000000, 5.000000000000000000 ) ) ;
#734 = VERTEX_POINT ( 'NONE', #1426 ) ;
#735 = CARTESIAN_POINT ( 'NONE',  ( 21.39999999999999503, 11.90000000000000746, 3.000000000000000000 ) ) ;
#736 = CARTESIAN_POINT ( 'NONE',  ( -0.000000000000000000, 18.00000000000000000, 0.000000000000000000 ) ) ;
#737 = LINE ( 'NONE', #159, #283 ) ;
#738 = DIRECTION ( 'NONE',  ( 1.000000000000000000, 0.000000000000000000, 0.000000000000000000 ) ) ;
#739 = LINE ( 'NONE', #924, #236 ) ;
#740 = LINE ( 'NONE', #1325, #1717 ) ;
#741 = ORIENTED_EDGE ( 'NONE', *, *, #2322, .T. ) ;
#742 = ADVANCED_FACE ( 'NONE', ( #383 ), #2214, .F. ) ;
#743 = FACE_OUTER_BOUND ( 'NONE', #1344, .T. ) ;
#744 = DIRECTION ( 'NONE',  ( -0.7071067811865491270, -0.7071067811865459074, 0.000000000000000000 ) ) ;
#745 = VERTEX_POINT ( 'NONE', #601 ) ;
#746 = EDGE_CURVE ( 'NONE', #2015, #1556, #393, .T. ) ;
#747 = ORIENTED_EDGE ( 'NONE', *, *, #516, .T. ) ;
#748 = VECTOR ( 'NONE', #1550, 1000.000000000000000 ) ;
#749 =( LENGTH_UNIT ( ) NAMED_UNIT ( * ) SI_UNIT ( .MILLI., .METRE. ) );
#750 = VECTOR ( 'NONE', #328, 1000.000000000000000 ) ;
#751 = LINE ( 'NONE', #1557, #1322 ) ;
#752 = VECTOR ( 'NONE', #1210, 1000.000000000000114 ) ;
#753 = CARTESIAN_POINT ( 'NONE',  ( -29.39999999999999503, 11.90000000000000746, 9.000000000000000000 ) ) ;
#754 = VECTOR ( 'NONE', #200, 1000.000000000000000 ) ;
#755 = CARTESIAN_POINT ( 'NONE',  ( -33.49999999999997868, -18.99999999999999289, 3.000000000000000000 ) ) ;
#756 = VECTOR ( 'NONE', #1838, 1000.000000000000000 ) ;
#757 = CARTESIAN_POINT ( 'NONE',  ( 21.39999999999999503, -15.90000000000000746, 8.999999999999992895 ) ) ;
#758 = AXIS2_PLACEMENT_3D ( 'NONE', #1695, #1135, #1117 ) ;
#759 = VERTEX_POINT ( 'NONE', #2023 ) ;
#760 = CARTESIAN_POINT ( 'NONE',  ( 22.39999999999999503, 15.90000000000000746, 10.00000000000000000 ) ) ;
#761 = DIRECTION ( 'NONE',  ( -0.7071067811865491270, -0.7071067811865459074, 0.000000000000000000 ) ) ;
#762 = ORIENTED_EDGE ( 'NONE', *, *, #715, .F. ) ;
#763 = ORIENTED_EDGE ( 'NONE', *, *, #2357, .T. ) ;
#764 = EDGE_CURVE ( 'NONE', #1125, #1246, #2224, .T. ) ;
#765 = CARTESIAN_POINT ( 'NONE',  ( 29.39999999999999503, 0.000000000000000000, 5.000000000000000000 ) ) ;
#766 = ORIENTED_EDGE ( 'NONE', *, *, #95, .F. ) ;
#767 = LINE ( 'NONE', #2551, #1206 ) ;
#768 = DIRECTION ( 'NONE',  ( 0.000000000000000000, -1.000000000000000000, 0.000000000000000000 ) ) ;
#769 = CARTESIAN_POINT ( 'NONE',  ( -29.39999999999999503, -11.90000000000000746, 10.00000000000000000 ) ) ;
#770 = VERTEX_POINT ( 'NONE', #1979 ) ;
#771 = ORIENTED_EDGE ( 'NONE', *, *, #1921, .F. ) ;
#772 = ORIENTED_EDGE ( 'NONE', *, *, #516, .F. ) ;
#773 = EDGE_CURVE ( 'NONE', #1420, #1529, #576, .T. ) ;
#774 = DIRECTION ( 'NONE',  ( -0.7071067811865491270, -0.7071067811865459074, 0.000000000000000000 ) ) ;
#775 = VERTEX_POINT ( 'NONE', #2388 ) ;
#776 = ADVANCED_FACE ( 'NONE', ( #430 ), #1225, .F. ) ;
#777 = LINE ( 'NONE', #174, #31 ) ;
#778 = CARTESIAN_POINT ( 'NONE',  ( 25.49999999999999645, 15.40000000000002522, 7.000000000000000000 ) ) ;
#779 = CARTESIAN_POINT ( 'NONE',  ( 29.39999999999999503, -15.90000000000000746, 5.000000000000000000 ) ) ;
#780 = ORIENTED_EDGE ( 'NONE', *, *, #885, .F. ) ;
#781 = ORIENTED_EDGE ( 'NONE', *, *, #1808, .F. ) ;
#782 = DIRECTION ( 'NONE',  ( 0.000000000000000000, 0.000000000000000000, 1.000000000000000000 ) ) ;
#783 = DIRECTION ( 'NONE',  ( 0.000000000000000000, -1.000000000000000000, 0.000000000000000000 ) ) ;
#784 = VECTOR ( 'NONE', #1955, 1000.000000000000000 ) ;
#785 = ORIENTED_EDGE ( 'NONE', *, *, #119, .F. ) ;
#786 = CARTESIAN_POINT ( 'NONE',  ( -34.10000000000000853, 17.83431457505075812, 3.000000000000000000 ) ) ;
#787 = CARTESIAN_POINT ( 'NONE',  ( 34.49999999999999289, -17.99999999999998579, 3.000000000000000000 ) ) ;
#788 = VECTOR ( 'NONE', #447, 1000.000000000000000 ) ;
#789 = VECTOR ( 'NONE', #1508, 1000.000000000000114 ) ;
#790 = AXIS2_PLACEMENT_3D ( 'NONE', #2305, #61, #2465 ) ;
#791 = LINE ( 'NONE', #384, #583 ) ;
#792 = VECTOR ( 'NONE', #528, 1000.000000000000000 ) ;
#793 = EDGE_CURVE ( 'NONE', #2504, #1613, #993, .T. ) ;
#794 = AXIS2_PLACEMENT_3D ( 'NONE', #1675, #1473, #2272 ) ;
#795 = ORIENTED_EDGE ( 'NONE', *, *, #2079, .T. ) ;
#796 = DIRECTION ( 'NONE',  ( 0.000000000000000000, -0.7071067811865475727, 0.7071067811865475727 ) ) ;
#797 = PRESENTATION_LAYER_ASSIGNMENT (  '', '', ( #128 ) ) ;
#798 = ORIENTED_EDGE ( 'NONE', *, *, #63, .F. ) ;
#799 = LINE ( 'NONE', #819, #752 ) ;
#800 = LINE ( 'NONE', #1181, #1061 ) ;
#801 = ORIENTED_EDGE ( 'NONE', *, *, #1890, .T. ) ;
#802 = LINE ( 'NONE', #1802, #410 ) ;
#803 = CARTESIAN_POINT ( 'NONE',  ( -34.10000000000000853, -17.83431457505072970, 3.000000000000000000 ) ) ;
#804 = CARTESIAN_POINT ( 'NONE',  ( -29.39999999999999503, -11.90000000000000746, 3.000000000000000000 ) ) ;
#805 = EDGE_CURVE ( 'NONE', #1196, #2075, #2603, .T. ) ;
#806 = ORIENTED_EDGE ( 'NONE', *, *, #496, .T. ) ;
#807 = ADVANCED_FACE ( 'NONE', ( #1815 ), #20, .F. ) ;
#808 = DIRECTION ( 'NONE',  ( -0.000000000000000000, -0.000000000000000000, 1.000000000000000000 ) ) ;
#809 = ORIENTED_EDGE ( 'NONE', *, *, #1665, .F. ) ;
#810 = DIRECTION ( 'NONE',  ( 0.000000000000000000, 1.000000000000000000, 0.000000000000000000 ) ) ;
#811 = CARTESIAN_POINT ( 'NONE',  ( -25.49999999999999645, 19.00000000000000711, 7.000000000000000000 ) ) ;
#812 = ORIENTED_EDGE ( 'NONE', *, *, #1036, .F. ) ;
#813 = LINE ( 'NONE', #219, #1242 ) ;
#814 = LINE ( 'NONE', #803, #1118 ) ;
#815 = LINE ( 'NONE', #1804, #2342 ) ;
#816 = VERTEX_POINT ( 'NONE', #231 ) ;
#817 = DIRECTION ( 'NONE',  ( 0.000000000000000000, 0.000000000000000000, -1.000000000000000000 ) ) ;
#818 = ORIENTED_EDGE ( 'NONE', *, *, #1908, .F. ) ;
#819 = CARTESIAN_POINT ( 'NONE',  ( -22.39999999999999503, 15.90000000000000746, 10.00000000000000000 ) ) ;
#820 = ADVANCED_FACE ( 'NONE', ( #1029 ), #1049, .T. ) ;
#821 = DIRECTION ( 'NONE',  ( 3.854941057726239576E-16, -1.000000000000000000, 0.000000000000000000 ) ) ;
#822 = ORIENTED_EDGE ( 'NONE', *, *, #2586, .F. ) ;
#823 = DIRECTION ( 'NONE',  ( -0.000000000000000000, -0.000000000000000000, -1.000000000000000000 ) ) ;
#824 = CARTESIAN_POINT ( 'NONE',  ( -25.49999999999999645, 19.00000000000000711, 7.000000000000000000 ) ) ;
#825 = DIRECTION ( 'NONE',  ( -0.7071067811865459074, 0.7071067811865491270, 0.000000000000000000 ) ) ;
#826 = VERTEX_POINT ( 'NONE', #891 ) ;
#827 = CARTESIAN_POINT ( 'NONE',  ( -29.39999999999999503, -15.90000000000000746, 10.00000000000000000 ) ) ;
#828 = AXIS2_PLACEMENT_3D ( 'NONE', #154, #2313, #951 ) ;
#829 = AXIS2_PLACEMENT_3D ( 'NONE', #1141, #145, #548 ) ;
#830 = ADVANCED_FACE ( 'NONE', ( #1679 ), #1536, .F. ) ;
#831 = ORIENTED_EDGE ( 'NONE', *, *, #15, .F. ) ;
#832 = VECTOR ( 'NONE', #1200, 1000.000000000000000 ) ;
#833 = FACE_OUTER_BOUND ( 'NONE', #1696, .T. ) ;
#834 = VECTOR ( 'NONE', #638, 1000.000000000000000 ) ;
#835 = CARTESIAN_POINT ( 'NONE',  ( -33.49999999999998579, -1.223436556741537303E-14, 0.000000000000000000 ) ) ;
#836 = ORIENTED_EDGE ( 'NONE', *, *, #686, .F. ) ;
#837 = DIRECTION ( 'NONE',  ( -0.000000000000000000, -0.7071067811865474617, 0.7071067811865474617 ) ) ;
#838 = ADVANCED_FACE ( 'NONE', ( #1660 ), #1060, .T. ) ;
#839 = CARTESIAN_POINT ( 'NONE',  ( -34.49999999999998579, -18.99999999999999289, 1.000000000000007772 ) ) ;
#840 = CARTESIAN_POINT ( 'NONE',  ( 25.49999999999999645, 15.90000000000000746, 5.250000000000020428 ) ) ;
#841 = ORIENTED_EDGE ( 'NONE', *, *, #63, .T. ) ;
#842 = LINE ( 'NONE', #1430, #2037 ) ;
#843 = ORIENTED_EDGE ( 'NONE', *, *, #296, .F. ) ;
#844 = LINE ( 'NONE', #2241, #788 ) ;
#845 = CARTESIAN_POINT ( 'NONE',  ( 29.39999999999999503, 15.90000000000000746, 5.000000000000000000 ) ) ;
#846 = ORIENTED_EDGE ( 'NONE', *, *, #1704, .F. ) ;
#847 = VERTEX_POINT ( 'NONE', #667 ) ;
#848 = EDGE_CURVE ( 'NONE', #2062, #2601, #1282, .T. ) ;
#849 = CARTESIAN_POINT ( 'NONE',  ( -25.49999999999999645, 15.90000000000000746, 5.250000000000020428 ) ) ;
#850 = CARTESIAN_POINT ( 'NONE',  ( 25.49999999999999645, 19.00000000000000711, 7.000000000000000000 ) ) ;
#851 = ADVANCED_FACE ( 'NONE', ( #878, #1477 ), #1465, .F. ) ;
#852 = CARTESIAN_POINT ( 'NONE',  ( -29.39999999999999503, 0.000000000000000000, 3.000000000000000000 ) ) ;
#853 = CARTESIAN_POINT ( 'NONE',  ( 25.49999999999999645, 11.90000000000000746, 7.000000000000000000 ) ) ;
#854 = ORIENTED_EDGE ( 'NONE', *, *, #1212, .F. ) ;
#855 = DIRECTION ( 'NONE',  ( 0.000000000000000000, -1.000000000000000000, 0.000000000000000000 ) ) ;
#856 = ORIENTED_EDGE ( 'NONE', *, *, #1570, .F. ) ;
#857 = CARTESIAN_POINT ( 'NONE',  ( 29.39999999999999503, 15.90000000000000746, 10.00000000000000000 ) ) ;
#858 = CARTESIAN_POINT ( 'NONE',  ( 31.39999999999999147, 15.90000000000000746, 5.000000000000000000 ) ) ;
#859 = ORIENTED_EDGE ( 'NONE', *, *, #1009, .T. ) ;
#860 = ORIENTED_EDGE ( 'NONE', *, *, #1250, .T. ) ;
#861 = LINE ( 'NONE', #91, #2594 ) ;
#862 = DIRECTION ( 'NONE',  ( 0.000000000000000000, -0.000000000000000000, 1.000000000000000000 ) ) ;
#863 = CARTESIAN_POINT ( 'NONE',  ( -31.39999999999999858, 15.90000000000000746, 5.000000000000000000 ) ) ;
#864 = CARTESIAN_POINT ( 'NONE',  ( -25.49999999999999645, 15.90000000000000746, 7.000000000000000000 ) ) ;
#865 = VECTOR ( 'NONE', #1388, 1000.000000000000000 ) ;
#866 = VERTEX_POINT ( 'NONE', #2263 ) ;
#867 = DIRECTION ( 'NONE',  ( 0.000000000000000000, -1.000000000000000000, 0.000000000000000000 ) ) ;
#868 = EDGE_CURVE ( 'NONE', #745, #1349, #1691, .T. ) ;
#869 = EDGE_LOOP ( 'NONE', ( #2488, #1023, #812, #2505 ) ) ;
#870 = CARTESIAN_POINT ( 'NONE',  ( 28.40000000000000213, 0.000000000000000000, 10.00000000000000000 ) ) ;
#871 = AXIS2_PLACEMENT_3D ( 'NONE', #1435, #2232, #1841 ) ;
#872 = CARTESIAN_POINT ( 'NONE',  ( 0.000000000000000000, -13.90000000000000746, 3.000000000000000000 ) ) ;
#873 = VECTOR ( 'NONE', #761, 1000.000000000000000 ) ;
#874 = ORIENTED_EDGE ( 'NONE', *, *, #2161, .F. ) ;
#875 = VERTEX_POINT ( 'NONE', #272 ) ;
#876 = PLANE ( 'NONE',  #2170 ) ;
#877 = VECTOR ( 'NONE', #460, 1000.000000000000114 ) ;
#878 = FACE_BOUND ( 'NONE', #336, .T. ) ;
#879 = CARTESIAN_POINT ( 'NONE',  ( -33.49999999999997868, -18.99999999999999289, 2.600000000000000089 ) ) ;
#880 = DIRECTION ( 'NONE',  ( 1.000000000000000000, -0.000000000000000000, -0.000000000000000000 ) ) ;
#881 = VERTEX_POINT ( 'NONE', #1278 ) ;
#882 = CARTESIAN_POINT ( 'NONE',  ( 21.39999999999999503, 11.90000000000000746, 10.00000000000000000 ) ) ;
#883 = EDGE_CURVE ( 'NONE', #381, #2093, #2095, .T. ) ;
#884 = ORIENTED_EDGE ( 'NONE', *, *, #565, .F. ) ;
#885 = EDGE_CURVE ( 'NONE', #775, #1684, #162, .T. ) ;
#886 = DIRECTION ( 'NONE',  ( 1.000000000000000000, -0.000000000000000000, -0.000000000000000000 ) ) ;
#887 = PLANE ( 'NONE',  #244 ) ;
#888 = EDGE_LOOP ( 'NONE', ( #67, #1482, #361, #2158 ) ) ;
#889 = ORIENTED_EDGE ( 'NONE', *, *, #573, .F. ) ;
#890 = DIRECTION ( 'NONE',  ( 0.000000000000000000, 0.000000000000000000, 1.000000000000000000 ) ) ;
#891 = CARTESIAN_POINT ( 'NONE',  ( -34.10000000000000853, -17.83431457505072970, 2.600000000000000089 ) ) ;
#892 = FACE_OUTER_BOUND ( 'NONE', #2384, .T. ) ;
#893 = DIRECTION ( 'NONE',  ( -1.000000000000000000, 0.000000000000000000, 0.000000000000000000 ) ) ;
#894 = ORIENTED_EDGE ( 'NONE', *, *, #1796, .T. ) ;
#895 = CARTESIAN_POINT ( 'NONE',  ( -21.39999999999999503, -11.90000000000000746, 8.999999999999992895 ) ) ;
#896 = ORIENTED_EDGE ( 'NONE', *, *, #2258, .F. ) ;
#897 = LINE ( 'NONE', #99, #913 ) ;
#898 = CARTESIAN_POINT ( 'NONE',  ( 33.33431457505076168, 18.60000000000000497, 2.600000000000000089 ) ) ;
#899 = ORIENTED_EDGE ( 'NONE', *, *, #2390, .T. ) ;
#900 = VERTEX_POINT ( 'NONE', #2078 ) ;
#901 = DIRECTION ( 'NONE',  ( 1.000000000000000000, 0.000000000000000000, -0.000000000000000000 ) ) ;
#902 = EDGE_CURVE ( 'NONE', #547, #1119, #289, .T. ) ;
#903 = PLANE ( 'NONE',  #699 ) ;
#904 = CARTESIAN_POINT ( 'NONE',  ( 29.39999999999999503, -11.90000000000000746, 10.00000000000000000 ) ) ;
#905 = DIRECTION ( 'NONE',  ( 0.000000000000000000, 0.000000000000000000, -1.000000000000000000 ) ) ;
#906 = ORIENTED_EDGE ( 'NONE', *, *, #868, .F. ) ;
#907 = FACE_OUTER_BOUND ( 'NONE', #1429, .T. ) ;
#908 = VECTOR ( 'NONE', #1968, 1000.000000000000000 ) ;
#909 = ORIENTED_EDGE ( 'NONE', *, *, #1848, .T. ) ;
#910 = CARTESIAN_POINT ( 'NONE',  ( 25.49999999999999645, 15.90000000000000746, 8.749999999999980460 ) ) ;
#911 = ADVANCED_FACE ( 'NONE', ( #692 ), #1843, .F. ) ;
#912 = CARTESIAN_POINT ( 'NONE',  ( 34.50000000000000000, 19.00000000000000711, 3.000000000000000000 ) ) ;
#913 = VECTOR ( 'NONE', #1698, 1000.000000000000000 ) ;
#914 = ORIENTED_EDGE ( 'NONE', *, *, #1009, .F. ) ;
#915 = AXIS2_PLACEMENT_3D ( 'NONE', #2451, #2198, #439 ) ;
#916 = VERTEX_POINT ( 'NONE', #1646 ) ;
#917 = CARTESIAN_POINT ( 'NONE',  ( 25.49999999999999645, 19.00000000000000711, 7.000000000000000000 ) ) ;
#918 = VECTOR ( 'NONE', #1240, 1000.000000000000000 ) ;
#919 = VECTOR ( 'NONE', #676, 1000.000000000000000 ) ;
#920 = LINE ( 'NONE', #1964, #202 ) ;
#921 = EDGE_CURVE ( 'NONE', #1906, #2296, #2289, .T. ) ;
#922 = VECTOR ( 'NONE', #1361, 1000.000000000000000 ) ;
#923 = LINE ( 'NONE', #2528, #1249 ) ;
#924 = CARTESIAN_POINT ( 'NONE',  ( -21.39999999999999503, -15.90000000000000746, 8.999999999999992895 ) ) ;
#925 = VECTOR ( 'NONE', #1910, 1000.000000000000000 ) ;
#926 = PLANE ( 'NONE',  #2040 ) ;
#927 = ORIENTED_EDGE ( 'NONE', *, *, #95, .T. ) ;
#928 = DIRECTION ( 'NONE',  ( -0.000000000000000000, -0.000000000000000000, -1.000000000000000000 ) ) ;
#929 = EDGE_CURVE ( 'NONE', #1542, #2093, #1031, .T. ) ;
#930 = DIRECTION ( 'NONE',  ( 0.7071067811865451302, 0.000000000000000000, 0.7071067811865500152 ) ) ;
#931 = ORIENTED_EDGE ( 'NONE', *, *, #385, .T. ) ;
#932 = CARTESIAN_POINT ( 'NONE',  ( 33.49999999999997868, -17.99999999999998579, 0.000000000000000000 ) ) ;
#933 = CARTESIAN_POINT ( 'NONE',  ( -21.39999999999999503, 15.90000000000000746, 8.999999999999992895 ) ) ;
#934 = DIRECTION ( 'NONE',  ( -1.000000000000000000, 0.000000000000000000, 0.000000000000000000 ) ) ;
#935 = PLANE ( 'NONE',  #714 ) ;
#936 = EDGE_CURVE ( 'NONE', #59, #1341, #637, .T. ) ;
#937 = CARTESIAN_POINT ( 'NONE',  ( 28.40000000000000213, 11.90000000000000746, 10.00000000000000000 ) ) ;
#938 = CARTESIAN_POINT ( 'NONE',  ( 25.49999999999999645, 19.00000000000000711, 5.749999999999999112 ) ) ;
#939 = ADVANCED_FACE ( 'NONE', ( #2233 ), #440, .T. ) ;
#940 = ORIENTED_EDGE ( 'NONE', *, *, #360, .F. ) ;
#941 = DIRECTION ( 'NONE',  ( 0.000000000000000000, 1.000000000000000000, 0.000000000000000000 ) ) ;
#942 = LINE ( 'NONE', #1741, #1245 ) ;
#943 = EDGE_LOOP ( 'NONE', ( #629, #1589, #978, #567 ) ) ;
#944 = ORIENTED_EDGE ( 'NONE', *, *, #1458, .T. ) ;
#945 = DIRECTION ( 'NONE',  ( 0.7071067811865451302, 0.000000000000000000, -0.7071067811865500152 ) ) ;
#946 = LINE ( 'NONE', #364, #984 ) ;
#947 = DIRECTION ( 'NONE',  ( -0.000000000000000000, -0.000000000000000000, 1.000000000000000000 ) ) ;
#948 = PLANE ( 'NONE',  #281 ) ;
#949 = DIRECTION ( 'NONE',  ( 0.000000000000000000, 1.000000000000000000, 0.000000000000000000 ) ) ;
#950 = ORIENTED_EDGE ( 'NONE', *, *, #1075, .T. ) ;
#951 = DIRECTION ( 'NONE',  ( 0.000000000000000000, 0.000000000000000000, 1.000000000000000000 ) ) ;
#952 = ADVANCED_FACE ( 'NONE', ( #2452, #2250 ), #1254, .T. ) ;
#953 = DIRECTION ( 'NONE',  ( -0.000000000000000000, -0.000000000000000000, -1.000000000000000000 ) ) ;
#954 = ORIENTED_EDGE ( 'NONE', *, *, #2066, .F. ) ;
#955 = ORIENTED_EDGE ( 'NONE', *, *, #418, .T. ) ;
#956 = VECTOR ( 'NONE', #2279, 1000.000000000000114 ) ;
#957 = LINE ( 'NONE', #1142, #1612 ) ;
#958 = ORIENTED_EDGE ( 'NONE', *, *, #1661, .T. ) ;
#959 = CARTESIAN_POINT ( 'NONE',  ( 33.33431457505076168, 18.60000000000000497, 2.600000000000000089 ) ) ;
#960 = CIRCLE ( 'NONE', #165, 1.749999999999979794 ) ;
#961 = FACE_OUTER_BOUND ( 'NONE', #965, .T. ) ;
#962 = FACE_OUTER_BOUND ( 'NONE', #96, .T. ) ;
#963 = VECTOR ( 'NONE', #1737, 1000.000000000000000 ) ;
#964 = EDGE_CURVE ( 'NONE', #1985, #116, #920, .T. ) ;
#965 = EDGE_LOOP ( 'NONE', ( #635, #208, #958, #673 ) ) ;
#966 = EDGE_CURVE ( 'NONE', #1632, #1985, #1114, .T. ) ;
#967 = ORIENTED_EDGE ( 'NONE', *, *, #2545, .T. ) ;
#968 = EDGE_LOOP ( 'NONE', ( #1390, #1163, #2572, #2458 ) ) ;
#969 = LINE ( 'NONE', #587, #38 ) ;
#970 = ORIENTED_EDGE ( 'NONE', *, *, #387, .T. ) ;
#971 = FACE_OUTER_BOUND ( 'NONE', #45, .T. ) ;
#972 = CARTESIAN_POINT ( 'NONE',  ( 25.49999999999999645, -11.90000000000000746, 7.000000000000000000 ) ) ;
#973 = CARTESIAN_POINT ( 'NONE',  ( -29.39999999999999503, 11.90000000000000746, 3.000000000000000000 ) ) ;
#974 = ORIENTED_EDGE ( 'NONE', *, *, #549, .T. ) ;
#975 = ORIENTED_EDGE ( 'NONE', *, *, #609, .F. ) ;
#976 = DIRECTION ( 'NONE',  ( 0.000000000000000000, 0.000000000000000000, -1.000000000000000000 ) ) ;
#977 = CARTESIAN_POINT ( 'NONE',  ( 25.49999999999999645, 15.40000000000002522, 8.250000000000000000 ) ) ;
#978 = ORIENTED_EDGE ( 'NONE', *, *, #560, .F. ) ;
#979 = DIRECTION ( 'NONE',  ( 0.000000000000000000, -1.000000000000000000, 0.000000000000000000 ) ) ;
#980 = ADVANCED_FACE ( 'NONE', ( #1940 ), #2121, .T. ) ;
#981 = DIRECTION ( 'NONE',  ( -0.000000000000000000, 0.000000000000000000, -1.000000000000000000 ) ) ;
#982 = PLANE ( 'NONE',  #1131 ) ;
#983 = ORIENTED_EDGE ( 'NONE', *, *, #414, .F. ) ;
#984 = VECTOR ( 'NONE', #2526, 1000.000000000000000 ) ;
#985 = VERTEX_POINT ( 'NONE', #1130 ) ;
#986 = PLANE ( 'NONE',  #121 ) ;
#987 = DIRECTION ( 'NONE',  ( 0.000000000000000000, 0.000000000000000000, -1.000000000000000000 ) ) ;
#988 = CIRCLE ( 'NONE', #1749, 1.250000000000001110 ) ;
#989 = ORIENTED_EDGE ( 'NONE', *, *, #2532, .F. ) ;
#990 = EDGE_CURVE ( 'NONE', #2027, #2174, #2539, .T. ) ;
#991 = LINE ( 'NONE', #184, #1083 ) ;
#992 = AXIS2_PLACEMENT_3D ( 'NONE', #2054, #510, #1336 ) ;
#993 = LINE ( 'NONE', #8, #1992 ) ;
#994 = EDGE_CURVE ( 'NONE', #900, #1946, #1154, .T. ) ;
#995 = VECTOR ( 'NONE', #947, 1000.000000000000000 ) ;
#996 = PLANE ( 'NONE',  #666 ) ;
#997 = AXIS2_PLACEMENT_3D ( 'NONE', #172, #2367, #2397 ) ;
#998 = AXIS2_PLACEMENT_3D ( 'NONE', #142, #155, #744 ) ;
#999 = UNCERTAINTY_MEASURE_WITH_UNIT (LENGTH_MEASURE( 1.000000000000000082E-05 ), #1608, 'distance_accuracy_value', 'NONE');
#1000 = ORIENTED_EDGE ( 'NONE', *, *, #1699, .T. ) ;
#1001 = ORIENTED_EDGE ( 'NONE', *, *, #2387, .F. ) ;
#1002 = LINE ( 'NONE', #1820, #2555 ) ;
#1003 = FACE_OUTER_BOUND ( 'NONE', #14, .T. ) ;
#1004 = ORIENTED_EDGE ( 'NONE', *, *, #1450, .F. ) ;
#1005 = LINE ( 'NONE', #1203, #1711 ) ;
#1006 = LINE ( 'NONE', #2370, #1446 ) ;
#1007 = ADVANCED_FACE ( 'NONE', ( #1321 ), #903, .F. ) ;
#1008 = FACE_BOUND ( 'NONE', #492, .T. ) ;
#1009 = EDGE_CURVE ( 'NONE', #2228, #2226, #2107, .T. ) ;
#1010 = ORIENTED_EDGE ( 'NONE', *, *, #773, .T. ) ;
#1011 = CARTESIAN_POINT ( 'NONE',  ( 29.39999999999999503, 11.90000000000000746, 3.000000000000000000 ) ) ;
#1012 = EDGE_CURVE ( 'NONE', #1349, #309, #1928, .T. ) ;
#1013 = EDGE_LOOP ( 'NONE', ( #2100, #599, #702, #1162 ) ) ;
#1014 = CARTESIAN_POINT ( 'NONE',  ( -4.899999999999987921, 13.90000000000000746, 3.000000000000000000 ) ) ;
#1015 = CARTESIAN_POINT ( 'NONE',  ( -34.50000000000000000, 18.00000000000000000, 2.600000000000000089 ) ) ;
#1016 = ORIENTED_EDGE ( 'NONE', *, *, #2043, .F. ) ;
#1017 = CARTESIAN_POINT ( 'NONE',  ( -13.09999999999999432, 13.90000000000000746, 5.000000000000000000 ) ) ;
#1018 = DIRECTION ( 'NONE',  ( 0.000000000000000000, 1.000000000000000000, 0.000000000000000000 ) ) ;
#1019 = CARTESIAN_POINT ( 'NONE',  ( 29.39999999999999503, 11.90000000000000746, 10.00000000000000000 ) ) ;
#1020 = EDGE_CURVE ( 'NONE', #2085, #502, #2358, .T. ) ;
#1021 = EDGE_LOOP ( 'NONE', ( #697, #1299, #1888, #955 ) ) ;
#1022 = CARTESIAN_POINT ( 'NONE',  ( 25.49999999999999645, -15.90000000000000746, 5.249999999999992006 ) ) ;
#1023 = ORIENTED_EDGE ( 'NONE', *, *, #936, .F. ) ;
#1024 = EDGE_CURVE ( 'NONE', #611, #1027, #737, .T. ) ;
#1025 = PLANE ( 'NONE',  #1496 ) ;
#1026 = CARTESIAN_POINT ( 'NONE',  ( 34.10000000000000142, 17.83431457505076523, 2.600000000000000089 ) ) ;
#1027 = VERTEX_POINT ( 'NONE', #316 ) ;
#1028 = CARTESIAN_POINT ( 'NONE',  ( -34.50000000000000000, 19.00000000000000711, 1.000000000000007772 ) ) ;
#1029 = FACE_OUTER_BOUND ( 'NONE', #1021, .T. ) ;
#1030 = SURFACE_STYLE_USAGE ( .BOTH. , #2235 ) ;
#1031 = CIRCLE ( 'NONE', #2507, 1.250000000000000222 ) ;
#1032 = EDGE_CURVE ( 'NONE', #1125, #1653, #1531, .T. ) ;
#1033 = AXIS2_PLACEMENT_3D ( 'NONE', #2501, #2047, #674 ) ;
#1034 = ORIENTED_EDGE ( 'NONE', *, *, #2502, .T. ) ;
#1035 = LINE ( 'NONE', #2255, #877 ) ;
#1036 = EDGE_CURVE ( 'NONE', #532, #59, #957, .T. ) ;
#1037 = VECTOR ( 'NONE', #1280, 1000.000000000000000 ) ;
#1038 = VECTOR ( 'NONE', #1098, 1000.000000000000000 ) ;
#1039 = EDGE_CURVE ( 'NONE', #1574, #1, #343, .T. ) ;
#1040 = EDGE_LOOP ( 'NONE', ( #889, #356, #896, #1318 ) ) ;
#1041 = VECTOR ( 'NONE', #127, 999.9999999999998863 ) ;
#1042 = CARTESIAN_POINT ( 'NONE',  ( 29.39999999999999503, -11.90000000000000746, 3.000000000000000000 ) ) ;
#1043 = EDGE_CURVE ( 'NONE', #2226, #391, #1745, .T. ) ;
#1044 = AXIS2_PLACEMENT_3D ( 'NONE', #291, #1522, #1132 ) ;
#1045 = LINE ( 'NONE', #89, #708 ) ;
#1046 = EDGE_LOOP ( 'NONE', ( #1601, #1178, #1330, #557 ) ) ;
#1047 = ORIENTED_EDGE ( 'NONE', *, *, #2527, .T. ) ;
#1048 = LINE ( 'NONE', #50, #1666 ) ;
#1049 = PLANE ( 'NONE',  #2460 ) ;
#1050 = LINE ( 'NONE', #2014, #1878 ) ;
#1051 = DIRECTION ( 'NONE',  ( -0.7071067811865474617, 0.7071067811865474617, -0.000000000000000000 ) ) ;
#1052 = ORIENTED_EDGE ( 'NONE', *, *, #656, .F. ) ;
#1053 = CARTESIAN_POINT ( 'NONE',  ( -21.39999999999999503, 0.000000000000000000, 5.000000000000000000 ) ) ;
#1054 = ORIENTED_EDGE ( 'NONE', *, *, #193, .F. ) ;
#1055 = LINE ( 'NONE', #2325, #2375 ) ;
#1056 = CARTESIAN_POINT ( 'NONE',  ( -25.49999999999999645, -15.39999999999999325, 7.000000000000000000 ) ) ;
#1057 = ORIENTED_EDGE ( 'NONE', *, *, #1315, .T. ) ;
#1058 = ORIENTED_EDGE ( 'NONE', *, *, #22, .F. ) ;
#1059 = CARTESIAN_POINT ( 'NONE',  ( -3.899999999999993694, 13.90000000000000746, 4.000000000000000888 ) ) ;
#1060 = PLANE ( 'NONE',  #1493 ) ;
#1061 = VECTOR ( 'NONE', #1976, 999.9999999999998863 ) ;
#1062 = EDGE_CURVE ( 'NONE', #2516, #1087, #946, .T. ) ;
#1063 = FACE_OUTER_BOUND ( 'NONE', #2008, .T. ) ;
#1064 = ORIENTED_EDGE ( 'NONE', *, *, #1424, .F. ) ;
#1065 = DIRECTION ( 'NONE',  ( 0.000000000000000000, 0.000000000000000000, 1.000000000000000000 ) ) ;
#1066 = ORIENTED_EDGE ( 'NONE', *, *, #2311, .F. ) ;
#1067 = CARTESIAN_POINT ( 'NONE',  ( 33.49999999999997868, -6.117182783707684937E-15, 0.000000000000000000 ) ) ;
#1068 = DIRECTION ( 'NONE',  ( 3.652049423109067827E-16, -1.000000000000000000, 0.000000000000000000 ) ) ;
#1069 = ORIENTED_EDGE ( 'NONE', *, *, #2494, .F. ) ;
#1070 = FACE_OUTER_BOUND ( 'NONE', #1423, .T. ) ;
#1071 = EDGE_CURVE ( 'NONE', #434, #1397, #1357, .T. ) ;
#1072 = DIRECTION ( 'NONE',  ( 0.000000000000000000, 1.000000000000000000, -0.000000000000000000 ) ) ;
#1073 = EDGE_CURVE ( 'NONE', #1846, #1087, #751, .T. ) ;
#1074 = DIRECTION ( 'NONE',  ( 0.000000000000000000, 0.000000000000000000, 1.000000000000000000 ) ) ;
#1075 = EDGE_CURVE ( 'NONE', #1846, #102, #2318, .T. ) ;
#1076 = DIRECTION ( 'NONE',  ( 0.000000000000000000, 1.000000000000000000, -0.000000000000000000 ) ) ;
#1077 = AXIS2_PLACEMENT_3D ( 'NONE', #78, #1267, #2483 ) ;
#1078 = EDGE_LOOP ( 'NONE', ( #2548, #1201, #2088, #721 ) ) ;
#1079 = DIRECTION ( 'NONE',  ( -0.000000000000000000, -0.000000000000000000, 1.000000000000000000 ) ) ;
#1080 = ORIENTED_EDGE ( 'NONE', *, *, #457, .T. ) ;
#1081 = VECTOR ( 'NONE', #216, 1000.000000000000114 ) ;
#1082 = LINE ( 'NONE', #1483, #2510 ) ;
#1083 = VECTOR ( 'NONE', #2369, 1000.000000000000000 ) ;
#1084 = LINE ( 'NONE', #490, #756 ) ;
#1085 = VECTOR ( 'NONE', #1948, 1000.000000000000000 ) ;
#1086 = ORIENTED_EDGE ( 'NONE', *, *, #560, .T. ) ;
#1087 = VERTEX_POINT ( 'NONE', #1348 ) ;
#1088 = DIRECTION ( 'NONE',  ( 0.000000000000000000, 1.000000000000000000, -0.000000000000000000 ) ) ;
#1089 = CONICAL_SURFACE ( 'NONE', #2563, 1.250000000000001110, 0.7853981633974621568 ) ;
#1090 = DIRECTION ( 'NONE',  ( 3.652049423109067827E-16, -1.000000000000000000, 0.000000000000000000 ) ) ;
#1091 = DIRECTION ( 'NONE',  ( 0.7071067811865459074, -0.7071067811865491270, 0.000000000000000000 ) ) ;
#1092 = DIRECTION ( 'NONE',  ( -0.000000000000000000, 1.000000000000000000, 0.000000000000000000 ) ) ;
#1093 = EDGE_LOOP ( 'NONE', ( #909, #640, #1629, #1105 ) ) ;
#1094 = CARTESIAN_POINT ( 'NONE',  ( -34.10000000000000853, 17.83431457505075812, 3.000000000000000000 ) ) ;
#1095 = ORIENTED_EDGE ( 'NONE', *, *, #727, .F. ) ;
#1096 = DIRECTION ( 'NONE',  ( -0.7071067811865512365, -2.499851492298639223E-15, -0.7071067811865439090 ) ) ;
#1097 = ADVANCED_FACE ( 'NONE', ( #2150 ), #427, .T. ) ;
#1098 = DIRECTION ( 'NONE',  ( -0.000000000000000000, 1.000000000000000000, -0.000000000000000000 ) ) ;
#1099 = ORIENTED_EDGE ( 'NONE', *, *, #147, .T. ) ;
#1100 = VERTEX_POINT ( 'NONE', #1578 ) ;
#1101 = PLANE ( 'NONE',  #1172 ) ;
#1102 = CARTESIAN_POINT ( 'NONE',  ( -25.49999999999999645, -15.39999999999999325, 7.000000000000000000 ) ) ;
#1103 = CARTESIAN_POINT ( 'NONE',  ( 21.39999999999999503, -13.90000000000000746, 3.000000000000000000 ) ) ;
#1104 = CARTESIAN_POINT ( 'NONE',  ( -33.33431457505075457, 18.60000000000000497, 2.600000000000000089 ) ) ;
#1105 = ORIENTED_EDGE ( 'NONE', *, *, #1301, .F. ) ;
#1106 = CARTESIAN_POINT ( 'NONE',  ( -33.49999999999997868, -18.99999999999999289, 2.600000000000000089 ) ) ;
#1107 = ORIENTED_EDGE ( 'NONE', *, *, #147, .F. ) ;
#1108 = LINE ( 'NONE', #141, #241 ) ;
#1109 = EDGE_CURVE ( 'NONE', #472, #1637, #400, .T. ) ;
#1110 = LINE ( 'NONE', #2535, #1085 ) ;
#1111 = ORIENTED_EDGE ( 'NONE', *, *, #1128, .F. ) ;
#1112 = VERTEX_POINT ( 'NONE', #1984 ) ;
#1113 = CARTESIAN_POINT ( 'NONE',  ( -25.49999999999999645, -15.39999999999999325, 5.749999999999999112 ) ) ;
#1114 = LINE ( 'NONE', #1547, #372 ) ;
#1115 = LINE ( 'NONE', #1268, #1418 ) ;
#1116 = CARTESIAN_POINT ( 'NONE',  ( 25.49999999999999645, -15.90000000000000746, 7.000000000000000000 ) ) ;
#1117 = DIRECTION ( 'NONE',  ( 0.7071067811865459074, -0.7071067811865491270, 0.000000000000000000 ) ) ;
#1118 = VECTOR ( 'NONE', #1607, 1000.000000000000000 ) ;
#1119 = VERTEX_POINT ( 'NONE', #390 ) ;
#1120 = LINE ( 'NONE', #1553, #1241 ) ;
#1121 = AXIS2_PLACEMENT_3D ( 'NONE', #2035, #249, #51 ) ;
#1122 = EDGE_CURVE ( 'NONE', #253, #916, #1594, .T. ) ;
#1123 = CARTESIAN_POINT ( 'NONE',  ( 22.39999999999999503, 15.90000000000000746, 10.00000000000000000 ) ) ;
#1124 = VECTOR ( 'NONE', #1273, 1000.000000000000000 ) ;
#1125 = VERTEX_POINT ( 'NONE', #380 ) ;
#1126 = VECTOR ( 'NONE', #2052, 1000.000000000000114 ) ;
#1127 = ORIENTED_EDGE ( 'NONE', *, *, #2239, .F. ) ;
#1128 = EDGE_CURVE ( 'NONE', #1161, #1756, #969, .T. ) ;
#1129 = VECTOR ( 'NONE', #720, 1000.000000000000114 ) ;
#1130 = CARTESIAN_POINT ( 'NONE',  ( -34.10000000000000853, 17.83431457505075812, 2.600000000000000089 ) ) ;
#1131 = AXIS2_PLACEMENT_3D ( 'NONE', #1783, #1587, #2389 ) ;
#1132 = DIRECTION ( 'NONE',  ( 0.000000000000000000, 0.000000000000000000, 1.000000000000000000 ) ) ;
#1133 = EDGE_CURVE ( 'NONE', #1613, #1924, #1384, .T. ) ;
#1134 = PLANE ( 'NONE',  #367 ) ;
#1135 = DIRECTION ( 'NONE',  ( -0.7071067811865491270, -0.7071067811865459074, 0.000000000000000000 ) ) ;
#1136 = ORIENTED_EDGE ( 'NONE', *, *, #1152, .F. ) ;
#1137 = DIRECTION ( 'NONE',  ( 0.000000000000000000, 1.000000000000000000, 0.000000000000000000 ) ) ;
#1138 = DIRECTION ( 'NONE',  ( 0.000000000000000000, 0.000000000000000000, 1.000000000000000000 ) ) ;
#1139 = ORIENTED_EDGE ( 'NONE', *, *, #496, .F. ) ;
#1140 = VERTEX_POINT ( 'NONE', #1222 ) ;
#1141 = CARTESIAN_POINT ( 'NONE',  ( 33.50000000000000000, 19.00000000000000711, 3.000000000000000000 ) ) ;
#1142 = CARTESIAN_POINT ( 'NONE',  ( -3.899999999999993694, 13.90000000000000746, 4.000000000000000888 ) ) ;
#1143 = LINE ( 'NONE', #2568, #1579 ) ;
#1144 = CARTESIAN_POINT ( 'NONE',  ( 34.49999999999999289, -17.99999999999998579, 2.600000000000000089 ) ) ;
#1145 = EDGE_CURVE ( 'NONE', #2062, #472, #800, .T. ) ;
#1146 = CARTESIAN_POINT ( 'NONE',  ( 0.000000000000000000, 0.000000000000000000, 5.000000000000000000 ) ) ;
#1147 = ORIENTED_EDGE ( 'NONE', *, *, #2532, .T. ) ;
#1148 = CARTESIAN_POINT ( 'NONE',  ( -29.39999999999999503, 15.90000000000000746, 9.000000000000000000 ) ) ;
#1149 = LINE ( 'NONE', #701, #1129 ) ;
#1150 = ORIENTED_EDGE ( 'NONE', *, *, #2066, .T. ) ;
#1151 = VERTEX_POINT ( 'NONE', #191 ) ;
#1152 = EDGE_CURVE ( 'NONE', #192, #2343, #2443, .T. ) ;
#1153 = PLANE ( 'NONE',  #177 ) ;
#1154 = LINE ( 'NONE', #2332, #789 ) ;
#1155 = VERTEX_POINT ( 'NONE', #977 ) ;
#1156 = CARTESIAN_POINT ( 'NONE',  ( 29.39999999999999503, 11.90000000000000746, 9.000000000000000000 ) ) ;
#1157 = EDGE_CURVE ( 'NONE', #543, #215, #1812, .T. ) ;
#1158 = DIRECTION ( 'NONE',  ( 0.000000000000000000, 0.000000000000000000, 1.000000000000000000 ) ) ;
#1159 = DIRECTION ( 'NONE',  ( -0.000000000000000000, 1.000000000000000000, -0.000000000000000000 ) ) ;
#1160 = EDGE_CURVE ( 'NONE', #1769, #547, #570, .T. ) ;
#1161 = VERTEX_POINT ( 'NONE', #1788 ) ;
#1162 = ORIENTED_EDGE ( 'NONE', *, *, #385, .F. ) ;
#1163 = ORIENTED_EDGE ( 'NONE', *, *, #2583, .F. ) ;
#1164 = VECTOR ( 'NONE', #1762, 1000.000000000000000 ) ;
#1165 = PRODUCT ( 'housing_cover', 'housing_cover', '', ( #1926 ) ) ;
#1166 = AXIS2_PLACEMENT_3D ( 'NONE', #1530, #426, #389 ) ;
#1167 = DIRECTION ( 'NONE',  ( 0.000000000000000000, -0.000000000000000000, 1.000000000000000000 ) ) ;
#1168 = AXIS2_PLACEMENT_3D ( 'NONE', #1445, #37, #403 ) ;
#1169 = EDGE_LOOP ( 'NONE', ( #582, #1004, #2286, #1188 ) ) ;
#1170 = CIRCLE ( 'NONE', #1829, 1.250000000000000222 ) ;
#1171 = DIRECTION ( 'NONE',  ( 0.000000000000000000, -1.000000000000000000, 0.000000000000000000 ) ) ;
#1172 = AXIS2_PLACEMENT_3D ( 'NONE', #521, #1896, #2120 ) ;
#1173 = CARTESIAN_POINT ( 'NONE',  ( 31.39999999999999147, 15.90000000000000746, 5.000000000000000000 ) ) ;
#1174 = VECTOR ( 'NONE', #2010, 1000.000000000000000 ) ;
#1175 = AXIS2_PLACEMENT_3D ( 'NONE', #254, #1469, #235 ) ;
#1176 = DIRECTION ( 'NONE',  ( -0.7071067811865474617, -0.000000000000000000, 0.7071067811865474617 ) ) ;
#1177 = EDGE_LOOP ( 'NONE', ( #1064, #1651, #2492, #171 ) ) ;
#1178 = ORIENTED_EDGE ( 'NONE', *, *, #2184, .F. ) ;
#1179 = ADVANCED_FACE ( 'NONE', ( #1768 ), #598, .F. ) ;
#1180 = CARTESIAN_POINT ( 'NONE',  ( -34.49999999999998579, -17.99999999999998579, 1.000000000000007772 ) ) ;
#1181 = CARTESIAN_POINT ( 'NONE',  ( 25.49999999999999645, -15.40000000000001457, 8.250000000000000000 ) ) ;
#1182 = VERTEX_POINT ( 'NONE', #1370 ) ;
#1183 = CARTESIAN_POINT ( 'NONE',  ( -25.49999999999999645, 15.90000000000000746, 7.000000000000000000 ) ) ;
#1184 = DIRECTION ( 'NONE',  ( -0.7071067811865475727, 0.7071067811865475727, 0.000000000000000000 ) ) ;
#1185 = CARTESIAN_POINT ( 'NONE',  ( -28.40000000000000213, -15.90000000000000746, 10.00000000000000000 ) ) ;
#1186 = ORIENTED_EDGE ( 'NONE', *, *, #2324, .T. ) ;
#1187 = ADVANCED_FACE ( 'NONE', ( #1996 ), #2176, .F. ) ;
#1188 = ORIENTED_EDGE ( 'NONE', *, *, #1122, .F. ) ;
#1189 = DIRECTION ( 'NONE',  ( -0.7071067811865475727, 0.000000000000000000, 0.7071067811865475727 ) ) ;
#1190 = ADVANCED_FACE ( 'NONE', ( #1003 ), #1800, .F. ) ;
#1191 = DIRECTION ( 'NONE',  ( -9.779354124940547388E-15, -0.7071067811865474617, -0.7071067811865474617 ) ) ;
#1192 = ORIENTED_EDGE ( 'NONE', *, *, #2346, .T. ) ;
#1193 = DIRECTION ( 'NONE',  ( 0.7071067811865451302, -0.000000000000000000, 0.7071067811865500152 ) ) ;
#1194 = LINE ( 'NONE', #2002, #2242 ) ;
#1195 = DIRECTION ( 'NONE',  ( -0.000000000000000000, 1.000000000000000000, 0.000000000000000000 ) ) ;
#1196 = VERTEX_POINT ( 'NONE', #416 ) ;
#1197 = CARTESIAN_POINT ( 'NONE',  ( 29.39999999999999503, 11.90000000000000746, 9.000000000000000000 ) ) ;
#1198 = ORIENTED_EDGE ( 'NONE', *, *, #499, .F. ) ;
#1199 = LINE ( 'NONE', #1221, #2208 ) ;
#1200 = DIRECTION ( 'NONE',  ( 0.000000000000000000, 0.000000000000000000, -1.000000000000000000 ) ) ;
#1201 = ORIENTED_EDGE ( 'NONE', *, *, #1890, .F. ) ;
#1202 = ADVANCED_FACE ( 'NONE', ( #610 ), #1792, .F. ) ;
#1203 = CARTESIAN_POINT ( 'NONE',  ( 21.39999999999999503, -11.90000000000000746, 10.00000000000000000 ) ) ;
#1204 = LINE ( 'NONE', #613, #2591 ) ;
#1205 = EDGE_CURVE ( 'NONE', #1769, #2402, #217, .T. ) ;
#1206 = VECTOR ( 'NONE', #345, 1000.000000000000114 ) ;
#1207 = ORIENTED_EDGE ( 'NONE', *, *, #646, .T. ) ;
#1208 = CARTESIAN_POINT ( 'NONE',  ( -12.09999999999999964, 15.90000000000000746, 3.000000000000000000 ) ) ;
#1209 = VERTEX_POINT ( 'NONE', #1616 ) ;
#1210 = DIRECTION ( 'NONE',  ( 0.7071067811865451302, -0.000000000000000000, -0.7071067811865500152 ) ) ;
#1211 = DIRECTION ( 'NONE',  ( 0.000000000000000000, 0.000000000000000000, 1.000000000000000000 ) ) ;
#1212 = EDGE_CURVE ( 'NONE', #353, #1750, #2560, .T. ) ;
#1213 = ORIENTED_EDGE ( 'NONE', *, *, #964, .F. ) ;
#1214 = DIRECTION ( 'NONE',  ( 0.7071067811865491270, 0.7071067811865459074, 0.000000000000000000 ) ) ;
#1215 = DIRECTION ( 'NONE',  ( 0.000000000000000000, 0.7071067811865475727, 0.7071067811865475727 ) ) ;
#1216 = FACE_OUTER_BOUND ( 'NONE', #48, .T. ) ;
#1217 = EDGE_CURVE ( 'NONE', #1100, #532, #1045, .T. ) ;
#1218 = EDGE_LOOP ( 'NONE', ( #2519, #1779, #1099, #2446 ) ) ;
#1219 = CARTESIAN_POINT ( 'NONE',  ( -12.09999999999999964, 0.000000000000000000, 3.000000000000000000 ) ) ;
#1220 = VERTEX_POINT ( 'NONE', #2049 ) ;
#1221 = CARTESIAN_POINT ( 'NONE',  ( -25.49999999999999645, 15.90000000000000746, 5.250000000000020428 ) ) ;
#1222 = CARTESIAN_POINT ( 'NONE',  ( 33.50000000000000000, 19.00000000000000711, 2.600000000000000089 ) ) ;
#1223 = ORIENTED_EDGE ( 'NONE', *, *, #605, .T. ) ;
#1224 = LINE ( 'NONE', #230, #2556 ) ;
#1225 = PLANE ( 'NONE',  #1368 ) ;
#1226 = DIRECTION ( 'NONE',  ( -0.7071067811865459074, 0.7071067811865491270, 0.000000000000000000 ) ) ;
#1227 = ADVANCED_FACE ( 'NONE', ( #34, #1655 ), #887, .F. ) ;
#1228 = ORIENTED_EDGE ( 'NONE', *, *, #1109, .T. ) ;
#1229 = FACE_OUTER_BOUND ( 'NONE', #178, .T. ) ;
#1230 = ADVANCED_FACE ( 'NONE', ( #2461 ), #450, .F. ) ;
#1231 = ORIENTED_EDGE ( 'NONE', *, *, #2225, .T. ) ;
#1232 = DIRECTION ( 'NONE',  ( 0.7071067811865451302, 0.000000000000000000, 0.7071067811865500152 ) ) ;
#1233 = DIRECTION ( 'NONE',  ( 0.7071067811865475727, 2.582388912308841095E-16, 0.7071067811865475727 ) ) ;
#1234 = ORIENTED_EDGE ( 'NONE', *, *, #1424, .T. ) ;
#1235 = ORIENTED_EDGE ( 'NONE', *, *, #2053, .T. ) ;
#1236 = FACE_OUTER_BOUND ( 'NONE', #1567, .T. ) ;
#1237 = AXIS2_PLACEMENT_3D ( 'NONE', #1479, #2068, #905 ) ;
#1238 = DIRECTION ( 'NONE',  ( 0.000000000000000000, 1.000000000000000000, 0.000000000000000000 ) ) ;
#1239 = DIRECTION ( 'NONE',  ( 0.000000000000000000, -1.000000000000000000, 0.000000000000000000 ) ) ;
#1240 = DIRECTION ( 'NONE',  ( -0.000000000000000000, -0.000000000000000000, 1.000000000000000000 ) ) ;
#1241 = VECTOR ( 'NONE', #732, 1000.000000000000114 ) ;
#1242 = VECTOR ( 'NONE', #1645, 1000.000000000000000 ) ;
#1243 = EDGE_LOOP ( 'NONE', ( #323, #595 ) ) ;
#1244 = CARTESIAN_POINT ( 'NONE',  ( -21.39999999999999503, 11.90000000000000746, 3.000000000000000000 ) ) ;
#1245 = VECTOR ( 'NONE', #953, 1000.000000000000000 ) ;
#1246 = VERTEX_POINT ( 'NONE', #1026 ) ;
#1247 = COLOUR_RGB ( '',0.7921568627450980005, 0.8196078431372548767, 0.9333333333333333481 ) ;
#1248 = CARTESIAN_POINT ( 'NONE',  ( 33.49999999999998579, 18.00000000000000000, 0.000000000000000000 ) ) ;
#1249 = VECTOR ( 'NONE', #1680, 1000.000000000000000 ) ;
#1250 = EDGE_CURVE ( 'NONE', #2085, #2006, #1631, .T. ) ;
#1251 = DIRECTION ( 'NONE',  ( -0.7071067811865439090, 1.291194456154413891E-16, 0.7071067811865512365 ) ) ;
#1252 = ORIENTED_EDGE ( 'NONE', *, *, #2115, .T. ) ;
#1253 = CARTESIAN_POINT ( 'NONE',  ( 25.49999999999999645, 15.90000000000000746, 7.000000000000000000 ) ) ;
#1254 = PLANE ( 'NONE',  #992 ) ;
#1255 = CARTESIAN_POINT ( 'NONE',  ( 25.49999999999999645, 19.00000000000000711, 8.250000000000000000 ) ) ;
#1256 = ORIENTED_EDGE ( 'NONE', *, *, #883, .T. ) ;
#1257 = CARTESIAN_POINT ( 'NONE',  ( -29.39999999999999503, 15.90000000000000746, 5.000000000000000000 ) ) ;
#1258 = EDGE_LOOP ( 'NONE', ( #831, #927, #1136, #2274 ) ) ;
#1259 = ADVANCED_FACE ( 'NONE', ( #644 ), #1546, .F. ) ;
#1260 = DIRECTION ( 'NONE',  ( 0.7071067811865450192, -0.7071067811865500152, 2.775557561562890735E-17 ) ) ;
#1261 = EDGE_CURVE ( 'NONE', #2046, #1112, #58, .T. ) ;
#1262 = CARTESIAN_POINT ( 'NONE',  ( 21.39999999999999503, 11.90000000000000746, 8.999999999999992895 ) ) ;
#1263 = ORIENTED_EDGE ( 'NONE', *, *, #310, .F. ) ;
#1264 = ORIENTED_EDGE ( 'NONE', *, *, #2346, .F. ) ;
#1265 = DIRECTION ( 'NONE',  ( -0.000000000000000000, 1.000000000000000000, -0.000000000000000000 ) ) ;
#1266 = EDGE_CURVE ( 'NONE', #770, #1285, #1687, .T. ) ;
#1267 = DIRECTION ( 'NONE',  ( -0.000000000000000000, 1.000000000000000000, -0.000000000000000000 ) ) ;
#1268 = CARTESIAN_POINT ( 'NONE',  ( 21.39999999999999503, 15.90000000000000746, 8.999999999999992895 ) ) ;
#1269 = DIRECTION ( 'NONE',  ( -0.000000000000000000, 1.000000000000000000, -0.000000000000000000 ) ) ;
#1270 = ORIENTED_EDGE ( 'NONE', *, *, #936, .T. ) ;
#1271 = CYLINDRICAL_SURFACE ( 'NONE', #167, 1.250000000000001110 ) ;
#1272 = ORIENTED_EDGE ( 'NONE', *, *, #1160, .T. ) ;
#1273 = DIRECTION ( 'NONE',  ( -1.000000000000000000, 0.000000000000000000, 0.000000000000000000 ) ) ;
#1274 = DIRECTION ( 'NONE',  ( 0.000000000000000000, 1.000000000000000000, 0.000000000000000000 ) ) ;
#1275 = ORIENTED_EDGE ( 'NONE', *, *, #1301, .T. ) ;
#1276 = ORIENTED_EDGE ( 'NONE', *, *, #273, .T. ) ;
#1277 = CARTESIAN_POINT ( 'NONE',  ( -34.49999999999998579, -17.99999999999998579, 2.600000000000000089 ) ) ;
#1278 = CARTESIAN_POINT ( 'NONE',  ( -12.09999999999999964, 13.90000000000000746, 3.000000000000000000 ) ) ;
#1279 = CARTESIAN_POINT ( 'NONE',  ( -34.49999999999998579, -18.99999999999999289, 1.000000000000007772 ) ) ;
#1280 = DIRECTION ( 'NONE',  ( -0.000000000000000000, -0.000000000000000000, 1.000000000000000000 ) ) ;
#1281 = ADVANCED_FACE ( 'NONE', ( #464 ), #2284, .T. ) ;
#1282 = CIRCLE ( 'NONE', #71, 1.250000000000000222 ) ;
#1283 = VERTEX_POINT ( 'NONE', #1262 ) ;
#1284 = DIRECTION ( 'NONE',  ( 0.000000000000000000, 0.000000000000000000, 1.000000000000000000 ) ) ;
#1285 = VERTEX_POINT ( 'NONE', #2490 ) ;
#1286 = VECTOR ( 'NONE', #2229, 1000.000000000000000 ) ;
#1287 = FACE_OUTER_BOUND ( 'NONE', #2374, .T. ) ;
#1288 = AXIS2_PLACEMENT_3D ( 'NONE', #1545, #1939, #2394 ) ;
#1289 = CARTESIAN_POINT ( 'NONE',  ( -25.49999999999999645, 19.00000000000000711, 8.250000000000000000 ) ) ;
#1290 = AXIS2_PLACEMENT_3D ( 'NONE', #258, #1251, #1461 ) ;
#1291 = ORIENTED_EDGE ( 'NONE', *, *, #88, .F. ) ;
#1292 = ORIENTED_EDGE ( 'NONE', *, *, #1217, .T. ) ;
#1293 = DIRECTION ( 'NONE',  ( 0.000000000000000000, -1.000000000000000000, 0.000000000000000000 ) ) ;
#1294 = VECTOR ( 'NONE', #2484, 1000.000000000000114 ) ;
#1295 = ADVANCED_FACE ( 'NONE', ( #2061 ), #687, .F. ) ;
#1296 = DIRECTION ( 'NONE',  ( -0.000000000000000000, -0.000000000000000000, -1.000000000000000000 ) ) ;
#1297 = LINE ( 'NONE', #1723, #2178 ) ;
#1298 = LINE ( 'NONE', #2265, #441 ) ;
#1299 = ORIENTED_EDGE ( 'NONE', *, *, #646, .F. ) ;
#1300 = CARTESIAN_POINT ( 'NONE',  ( 33.33431457505074746, -18.59999999999999076, 2.600000000000000089 ) ) ;
#1301 = EDGE_CURVE ( 'NONE', #847, #74, #1484, .T. ) ;
#1302 = ORIENTED_EDGE ( 'NONE', *, *, #88, .T. ) ;
#1303 = PRODUCT_DEFINITION_FORMATION_WITH_SPECIFIED_SOURCE ( 'ANY', '', #1165, .NOT_KNOWN. ) ;
#1304 = CARTESIAN_POINT ( 'NONE',  ( -25.49999999999999645, 11.90000000000000746, 7.000000000000000000 ) ) ;
#1305 = DIRECTION ( 'NONE',  ( 0.000000000000000000, 1.000000000000000000, 0.000000000000000000 ) ) ;
#1306 = ORIENTED_EDGE ( 'NONE', *, *, #660, .F. ) ;
#1307 = ORIENTED_EDGE ( 'NONE', *, *, #1062, .F. ) ;
#1308 = FACE_OUTER_BOUND ( 'NONE', #519, .T. ) ;
#1309 = CARTESIAN_POINT ( 'NONE',  ( -34.49999999999998579, -18.99999999999999289, 3.000000000000000000 ) ) ;
#1310 = LINE ( 'NONE', #1279, #925 ) ;
#1311 = FACE_OUTER_BOUND ( 'NONE', #2354, .T. ) ;
#1312 = DIRECTION ( 'NONE',  ( -0.000000000000000000, -1.000000000000000000, -0.000000000000000000 ) ) ;
#1313 = ADVANCED_FACE ( 'NONE', ( #228 ), #72, .T. ) ;
#1314 = VERTEX_POINT ( 'NONE', #282 ) ;
#1315 = EDGE_CURVE ( 'NONE', #1865, #2245, #476, .T. ) ;
#1316 = CARTESIAN_POINT ( 'NONE',  ( -34.50000000000000000, 18.00000000000000000, 3.000000000000000000 ) ) ;
#1317 = DIRECTION ( 'NONE',  ( -1.826024711554533913E-16, -1.000000000000000000, 0.000000000000000000 ) ) ;
#1318 = ORIENTED_EDGE ( 'NONE', *, *, #2271, .F. ) ;
#1319 = LINE ( 'NONE', #2119, #1826 ) ;
#1320 = DIRECTION ( 'NONE',  ( -0.000000000000000000, 0.000000000000000000, -1.000000000000000000 ) ) ;
#1321 = FACE_OUTER_BOUND ( 'NONE', #1774, .T. ) ;
#1322 = VECTOR ( 'NONE', #1521, 1000.000000000000000 ) ;
#1323 = CARTESIAN_POINT ( 'NONE',  ( -21.39999999999999503, -13.90000000000000746, 3.000000000000000000 ) ) ;
#1324 = CARTESIAN_POINT ( 'NONE',  ( -29.39999999999999503, 0.000000000000000000, 5.000000000000000000 ) ) ;
#1325 = CARTESIAN_POINT ( 'NONE',  ( 34.50000000000000000, 18.00000000000000000, 2.600000000000000089 ) ) ;
#1326 = VECTOR ( 'NONE', #1943, 1000.000000000000000 ) ;
#1327 = EDGE_LOOP ( 'NONE', ( #2312, #294, #780, #2565 ) ) ;
#1328 = DIRECTION ( 'NONE',  ( 0.000000000000000000, 0.000000000000000000, 1.000000000000000000 ) ) ;
#1329 = DIRECTION ( 'NONE',  ( -1.000000000000000000, 0.000000000000000000, 0.000000000000000000 ) ) ;
#1330 = ORIENTED_EDGE ( 'NONE', *, *, #1892, .F. ) ;
#1331 = AXIS2_PLACEMENT_3D ( 'NONE', #2348, #2152, #382 ) ;
#1332 = ORIENTED_EDGE ( 'NONE', *, *, #670, .T. ) ;
#1333 = DIRECTION ( 'NONE',  ( 1.000000000000000000, 0.000000000000000000, 0.000000000000000000 ) ) ;
#1334 = EDGE_CURVE ( 'NONE', #1196, #559, #1084, .T. ) ;
#1335 = VECTOR ( 'NONE', #855, 1000.000000000000000 ) ;
#1336 = DIRECTION ( 'NONE',  ( 1.000000000000000000, 0.000000000000000000, -0.000000000000000000 ) ) ;
#1337 = AXIS2_PLACEMENT_3D ( 'NONE', #566, #949, #176 ) ;
#1338 = CARTESIAN_POINT ( 'NONE',  ( -28.40000000000000213, -11.90000000000000746, 10.00000000000000000 ) ) ;
#1339 = FACE_BOUND ( 'NONE', #1712, .T. ) ;
#1340 = DIRECTION ( 'NONE',  ( 0.000000000000000000, 0.000000000000000000, 1.000000000000000000 ) ) ;
#1341 = VERTEX_POINT ( 'NONE', #243 ) ;
#1342 = FACE_OUTER_BOUND ( 'NONE', #362, .T. ) ;
#1343 = DIRECTION ( 'NONE',  ( -0.7071067811865500152, 0.000000000000000000, -0.7071067811865451302 ) ) ;
#1344 = EDGE_LOOP ( 'NONE', ( #2206, #631, #153, #859, #1900, #763, #423 ) ) ;
#1345 = ORIENTED_EDGE ( 'NONE', *, *, #2357, .F. ) ;
#1346 = CARTESIAN_POINT ( 'NONE',  ( -13.09999999999999432, 15.90000000000000746, -6.414881836751856525 ) ) ;
#1347 = EDGE_CURVE ( 'NONE', #1750, #270, #47, .T. ) ;
#1348 = CARTESIAN_POINT ( 'NONE',  ( 29.39999999999999503, -11.90000000000000746, 5.000000000000000000 ) ) ;
#1349 = VERTEX_POINT ( 'NONE', #845 ) ;
#1350 = EDGE_CURVE ( 'NONE', #2093, #1684, #1433, .T. ) ;
#1351 = DIRECTION ( 'NONE',  ( -0.000000000000000000, -0.000000000000000000, -1.000000000000000000 ) ) ;
#1352 = LINE ( 'NONE', #2349, #784 ) ;
#1353 = CARTESIAN_POINT ( 'NONE',  ( -34.50000000000000000, 18.00000000000000000, 2.600000000000000089 ) ) ;
#1354 = ORIENTED_EDGE ( 'NONE', *, *, #2236, .F. ) ;
#1355 = ORIENTED_EDGE ( 'NONE', *, *, #2225, .F. ) ;
#1356 = ORIENTED_EDGE ( 'NONE', *, *, #2043, .T. ) ;
#1357 = LINE ( 'NONE', #2159, #1488 ) ;
#1358 = ORIENTED_EDGE ( 'NONE', *, *, #715, .T. ) ;
#1359 = CARTESIAN_POINT ( 'NONE',  ( -28.40000000000000213, 11.90000000000000746, 10.00000000000000000 ) ) ;
#1360 = DIRECTION ( 'NONE',  ( 0.000000000000000000, -1.000000000000000000, 0.000000000000000000 ) ) ;
#1361 = DIRECTION ( 'NONE',  ( 0.000000000000000000, 1.000000000000000000, 0.000000000000000000 ) ) ;
#1362 = EDGE_CURVE ( 'NONE', #2543, #374, #530, .T. ) ;
#1363 = ORIENTED_EDGE ( 'NONE', *, *, #2294, .F. ) ;
#1364 = VECTOR ( 'NONE', #626, 1000.000000000000000 ) ;
#1365 = ORIENTED_EDGE ( 'NONE', *, *, #1674, .F. ) ;
#1366 = VECTOR ( 'NONE', #1952, 1000.000000000000000 ) ;
#1367 = ORIENTED_EDGE ( 'NONE', *, *, #1921, .T. ) ;
#1368 = AXIS2_PLACEMENT_3D ( 'NONE', #839, #1215, #590 ) ;
#1369 = AXIS2_PLACEMENT_3D ( 'NONE', #2396, #4, #2019 ) ;
#1370 = CARTESIAN_POINT ( 'NONE',  ( -21.39999999999999503, -11.90000000000000746, 3.000000000000000000 ) ) ;
#1371 = AXIS2_PLACEMENT_3D ( 'NONE', #2506, #302, #901 ) ;
#1372 = ORIENTED_EDGE ( 'NONE', *, *, #2, .F. ) ;
#1373 = CIRCLE ( 'NONE', #1713, 1.250000000000000222 ) ;
#1374 = DIRECTION ( 'NONE',  ( 0.000000000000000000, -1.000000000000000000, 0.000000000000000000 ) ) ;
#1375 = VECTOR ( 'NONE', #655, 1000.000000000000000 ) ;
#1376 = LINE ( 'NONE', #2588, #1364 ) ;
#1377 = VECTOR ( 'NONE', #2554, 1000.000000000000000 ) ;
#1378 = CARTESIAN_POINT ( 'NONE',  ( 21.39999999999999503, 0.000000000000000000, 5.000000000000000000 ) ) ;
#1379 = VECTOR ( 'NONE', #1171, 1000.000000000000000 ) ;
#1380 = EDGE_LOOP ( 'NONE', ( #1107, #132, #115, #28, #2092, #1302, #1434, #223, #2197, #642, #2575, #2191, #487, #1801, #2366, #2057 ) ) ;
#1381 = EDGE_CURVE ( 'NONE', #1946, #386, #2213, .T. ) ;
#1382 = ORIENTED_EDGE ( 'NONE', *, *, #2079, .F. ) ;
#1383 = CARTESIAN_POINT ( 'NONE',  ( -22.39999999999999503, -15.90000000000000746, 10.00000000000000000 ) ) ;
#1384 = LINE ( 'NONE', #1422, #710 ) ;
#1385 = EDGE_LOOP ( 'NONE', ( #1066, #417, #402, #2104 ) ) ;
#1386 = DIRECTION ( 'NONE',  ( 1.000000000000000000, -0.000000000000000000, 0.000000000000000000 ) ) ;
#1387 = EDGE_CURVE ( 'NONE', #1643, #267, #2091, .T. ) ;
#1388 = DIRECTION ( 'NONE',  ( -0.000000000000000000, -0.000000000000000000, -1.000000000000000000 ) ) ;
#1389 = PLANE ( 'NONE',  #335 ) ;
#1390 = ORIENTED_EDGE ( 'NONE', *, *, #1942, .F. ) ;
#1391 = CARTESIAN_POINT ( 'NONE',  ( -34.50000000000000000, 19.00000000000000711, 1.000000000000007772 ) ) ;
#1392 = EDGE_CURVE ( 'NONE', #2280, #734, #1936, .T. ) ;
#1393 = EDGE_LOOP ( 'NONE', ( #906, #1852, #1367, #1592 ) ) ;
#1394 = DIRECTION ( 'NONE',  ( -0.5773502691896258421, -0.5773502691896258421, -0.5773502691896258421 ) ) ;
#1395 = ADVANCED_FACE ( 'NONE', ( #1922 ), #351, .F. ) ;
#1396 = CARTESIAN_POINT ( 'NONE',  ( -22.39999999999999503, 0.000000000000000000, 10.00000000000000000 ) ) ;
#1397 = VERTEX_POINT ( 'NONE', #517 ) ;
#1398 = DIRECTION ( 'NONE',  ( -1.000000000000000000, 0.000000000000000000, 0.000000000000000000 ) ) ;
#1399 = CARTESIAN_POINT ( 'NONE',  ( 34.10000000000000142, -17.83431457505074391, 2.600000000000000089 ) ) ;
#1400 = FILL_AREA_STYLE_COLOUR ( '', #1247 ) ;
#1401 = ORIENTED_EDGE ( 'NONE', *, *, #639, .T. ) ;
#1402 = CARTESIAN_POINT ( 'NONE',  ( -29.39999999999999503, -11.90000000000000746, 3.000000000000000000 ) ) ;
#1403 = ORIENTED_EDGE ( 'NONE', *, *, #433, .T. ) ;
#1404 = FACE_OUTER_BOUND ( 'NONE', #466, .T. ) ;
#1405 = CARTESIAN_POINT ( 'NONE',  ( -25.49999999999999645, 15.90000000000000746, 7.000000000000000000 ) ) ;
#1406 = CIRCLE ( 'NONE', #1707, 1.250000000000001110 ) ;
#1407 = EDGE_LOOP ( 'NONE', ( #49, #2463, #1264, #1034, #1701 ) ) ;
#1408 = CARTESIAN_POINT ( 'NONE',  ( 25.49999999999999645, 11.90000000000000746, 8.250000000000000000 ) ) ;
#1409 = EDGE_CURVE ( 'NONE', #398, #2296, #2341, .T. ) ;
#1410 = DIRECTION ( 'NONE',  ( -0.000000000000000000, -0.000000000000000000, -1.000000000000000000 ) ) ;
#1411 = AXIS2_PLACEMENT_3D ( 'NONE', #2459, #2447, #1654 ) ;
#1412 = AXIS2_PLACEMENT_3D ( 'NONE', #1941, #1559, #738 ) ;
#1413 = LINE ( 'NONE', #2024, #2253 ) ;
#1414 = AXIS2_PLACEMENT_3D ( 'NONE', #811, #1604, #2407 ) ;
#1415 = VERTEX_POINT ( 'NONE', #1752 ) ;
#1416 = DIRECTION ( 'NONE',  ( 0.000000000000000000, -0.000000000000000000, -1.000000000000000000 ) ) ;
#1417 = CARTESIAN_POINT ( 'NONE',  ( 0.000000000000000000, 0.000000000000000000, 0.000000000000000000 ) ) ;
#1418 = VECTOR ( 'NONE', #1491, 1000.000000000000000 ) ;
#1419 = ADVANCED_FACE ( 'NONE', ( #131 ), #1517, .F. ) ;
#1420 = VERTEX_POINT ( 'NONE', #1894 ) ;
#1421 = DIRECTION ( 'NONE',  ( -1.000000000000000000, 0.000000000000000000, 0.000000000000000000 ) ) ;
#1422 = CARTESIAN_POINT ( 'NONE',  ( -22.39999999999999503, 0.000000000000000000, 10.00000000000000000 ) ) ;
#1423 = EDGE_LOOP ( 'NONE', ( #1275, #967, #508, #2404 ) ) ;
#1424 = EDGE_CURVE ( 'NONE', #396, #507, #1149, .T. ) ;
#1425 = CARTESIAN_POINT ( 'NONE',  ( 8.649999999999849365, 15.90000000000000746, -17.74999999999998579 ) ) ;
#1426 = CARTESIAN_POINT ( 'NONE',  ( 31.39999999999999147, 15.90000000000000746, 3.000000000000000000 ) ) ;
#1427 = EDGE_CURVE ( 'NONE', #108, #277, #322, .T. ) ;
#1428 = CARTESIAN_POINT ( 'NONE',  ( 34.10000000000000142, 17.83431457505076523, 2.600000000000000089 ) ) ;
#1429 = EDGE_LOOP ( 'NONE', ( #836, #169, #2533, #1207 ) ) ;
#1430 = CARTESIAN_POINT ( 'NONE',  ( -29.39999999999999503, 15.90000000000000746, 10.00000000000000000 ) ) ;
#1431 = EDGE_LOOP ( 'NONE', ( #2041, #320, #2071 ) ) ;
#1432 = LINE ( 'NONE', #2405, #1664 ) ;
#1433 = LINE ( 'NONE', #1641, #2596 ) ;
#1434 = ORIENTED_EDGE ( 'NONE', *, *, #457, .F. ) ;
#1435 = CARTESIAN_POINT ( 'NONE',  ( 0.000000000000000000, 13.90000000000000746, 5.000000000000000000 ) ) ;
#1436 = CARTESIAN_POINT ( 'NONE',  ( -4.899999999999987921, 0.000000000000000000, 3.000000000000000000 ) ) ;
#1437 = DIRECTION ( 'NONE',  ( 0.7071067811865451302, 0.000000000000000000, -0.7071067811865500152 ) ) ;
#1438 = ORIENTED_EDGE ( 'NONE', *, *, #580, .F. ) ;
#1439 = DIRECTION ( 'NONE',  ( 0.000000000000000000, -1.000000000000000000, 0.000000000000000000 ) ) ;
#1440 = ADVANCED_FACE ( 'NONE', ( #1541 ), #1716, .T. ) ;
#1441 = ORIENTED_EDGE ( 'NONE', *, *, #433, .F. ) ;
#1442 = FACE_OUTER_BOUND ( 'NONE', #1169, .T. ) ;
#1443 = DIRECTION ( 'NONE',  ( 0.000000000000000000, -1.000000000000000000, 0.000000000000000000 ) ) ;
#1444 = ORIENTED_EDGE ( 'NONE', *, *, #1509, .F. ) ;
#1445 = CARTESIAN_POINT ( 'NONE',  ( 21.39999999999999503, -11.90000000000000746, 10.00000000000000000 ) ) ;
#1446 = VECTOR ( 'NONE', #40, 1000.000000000000000 ) ;
#1447 = CARTESIAN_POINT ( 'NONE',  ( -25.49999999999999645, 19.00000000000000711, 8.250000000000000000 ) ) ;
#1448 = VECTOR ( 'NONE', #146, 1000.000000000000114 ) ;
#1449 = CARTESIAN_POINT ( 'NONE',  ( 31.39999999999999147, 15.90000000000000746, 3.000000000000000000 ) ) ;
#1450 = EDGE_CURVE ( 'NONE', #2516, #2523, #1110, .T. ) ;
#1451 = CARTESIAN_POINT ( 'NONE',  ( 33.50000000000000000, 19.00000000000000711, 1.000000000000007772 ) ) ;
#1452 = VECTOR ( 'NONE', #1978, 1000.000000000000000 ) ;
#1453 = EDGE_LOOP ( 'NONE', ( #1682, #1223, #1276, #2177, #593, #300 ) ) ;
#1454 = CARTESIAN_POINT ( 'NONE',  ( 25.49999999999999645, -15.40000000000001457, 7.000000000000000000 ) ) ;
#1455 = ADVANCED_FACE ( 'NONE', ( #1528 ), #2326, .T. ) ;
#1456 = AXIS2_PLACEMENT_3D ( 'NONE', #1405, #2209, #1211 ) ;
#1457 = VERTEX_POINT ( 'NONE', #2562 ) ;
#1458 = EDGE_CURVE ( 'NONE', #309, #1574, #942, .T. ) ;
#1459 = VECTOR ( 'NONE', #2371, 1000.000000000000000 ) ;
#1460 = CARTESIAN_POINT ( 'NONE',  ( -21.39999999999999503, -15.90000000000000746, 5.000000000000000000 ) ) ;
#1461 = DIRECTION ( 'NONE',  ( 1.826024711554533913E-16, 1.000000000000000000, 0.000000000000000000 ) ) ;
#1462 = ORIENTED_EDGE ( 'NONE', *, *, #113, .T. ) ;
#1463 = ORIENTED_EDGE ( 'NONE', *, *, #691, .F. ) ;
#1464 = DIRECTION ( 'NONE',  ( -0.000000000000000000, -1.000000000000000000, -0.000000000000000000 ) ) ;
#1465 = PLANE ( 'NONE',  #1957 ) ;
#1466 = DIRECTION ( 'NONE',  ( -0.000000000000000000, 0.000000000000000000, 1.000000000000000000 ) ) ;
#1467 = DIRECTION ( 'NONE',  ( -0.000000000000000000, -1.000000000000000000, -0.000000000000000000 ) ) ;
#1468 = VERTEX_POINT ( 'NONE', #2546 ) ;
#1469 = DIRECTION ( 'NONE',  ( 1.000000000000000000, 0.000000000000000000, -0.000000000000000000 ) ) ;
#1470 = ORIENTED_EDGE ( 'NONE', *, *, #730, .T. ) ;
#1471 = CARTESIAN_POINT ( 'NONE',  ( 33.49999999999997868, -17.99999999999998934, 1.609958087517557266E-15 ) ) ;
#1472 = EDGE_CURVE ( 'NONE', #374, #985, #545, .T. ) ;
#1473 = DIRECTION ( 'NONE',  ( 0.7071067811865500152, 0.000000000000000000, 0.7071067811865451302 ) ) ;
#1474 = ORIENTED_EDGE ( 'NONE', *, *, #2140, .T. ) ;
#1475 = CARTESIAN_POINT ( 'NONE',  ( 33.49999999999998579, -18.99999999999999289, 2.600000000000000089 ) ) ;
#1476 = EDGE_CURVE ( 'NONE', #353, #1688, #2353, .T. ) ;
#1477 = FACE_OUTER_BOUND ( 'NONE', #279, .T. ) ;
#1478 = CARTESIAN_POINT ( 'NONE',  ( 31.39999999999999147, 15.90000000000000746, 5.000000000000000000 ) ) ;
#1479 = CARTESIAN_POINT ( 'NONE',  ( -25.49999999999999645, 19.00000000000000711, 7.000000000000000000 ) ) ;
#1480 = EDGE_LOOP ( 'NONE', ( #766, #854, #504, #1354 ) ) ;
#1481 = CARTESIAN_POINT ( 'NONE',  ( -25.49999999999999645, -15.90000000000000746, 8.750000000000028422 ) ) ;
#1482 = ORIENTED_EDGE ( 'NONE', *, *, #1032, .F. ) ;
#1483 = CARTESIAN_POINT ( 'NONE',  ( 33.49999999999998579, 18.00000000000000355, 1.763287429185895124E-15 ) ) ;
#1484 = LINE ( 'NONE', #835, #2468 ) ;
#1485 = ORIENTED_EDGE ( 'NONE', *, *, #342, .F. ) ;
#1486 = EDGE_LOOP ( 'NONE', ( #465, #2113, #2330, #809 ) ) ;
#1487 = CARTESIAN_POINT ( 'NONE',  ( -21.39999999999999503, 11.90000000000000746, 8.999999999999992895 ) ) ;
#1488 = VECTOR ( 'NONE', #2550, 1000.000000000000000 ) ;
#1489 = DIRECTION ( 'NONE',  ( 0.000000000000000000, -1.000000000000000000, 0.000000000000000000 ) ) ;
#1490 = EDGE_CURVE ( 'NONE', #532, #1209, #101, .T. ) ;
#1491 = DIRECTION ( 'NONE',  ( 0.000000000000000000, 1.000000000000000000, 0.000000000000000000 ) ) ;
#1492 = LINE ( 'NONE', #2454, #449 ) ;
#1493 = AXIS2_PLACEMENT_3D ( 'NONE', #1885, #1855, #862 ) ;
#1494 = ORIENTED_EDGE ( 'NONE', *, *, #2129, .F. ) ;
#1495 = LINE ( 'NONE', #2099, #1794 ) ;
#1496 = AXIS2_PLACEMENT_3D ( 'NONE', #1787, #206, #1811 ) ;
#1497 = AXIS2_PLACEMENT_3D ( 'NONE', #1690, #118, #1320 ) ;
#1498 = ORIENTED_EDGE ( 'NONE', *, *, #1362, .F. ) ;
#1499 = VECTOR ( 'NONE', #2101, 1000.000000000000114 ) ;
#1500 = CARTESIAN_POINT ( 'NONE',  ( 29.39999999999999503, 11.90000000000000746, 5.000000000000000000 ) ) ;
#1501 = CIRCLE ( 'NONE', #1963, 1.250000000000001110 ) ;
#1502 = CARTESIAN_POINT ( 'NONE',  ( 0.000000000000000000, 0.000000000000000000, 10.00000000000000000 ) ) ;
#1503 = VECTOR ( 'NONE', #641, 1000.000000000000000 ) ;
#1504 = ORIENTED_EDGE ( 'NONE', *, *, #651, .F. ) ;
#1505 = ORIENTED_EDGE ( 'NONE', *, *, #1472, .F. ) ;
#1506 = DIRECTION ( 'NONE',  ( 0.7071067811865500152, 0.000000000000000000, -0.7071067811865451302 ) ) ;
#1507 = AXIS2_PLACEMENT_3D ( 'NONE', #251, #2005, #211 ) ;
#1508 = DIRECTION ( 'NONE',  ( 8.659560562354895880E-17, 0.7071067811865506814, -0.7071067811865443531 ) ) ;
#1509 = EDGE_CURVE ( 'NONE', #1220, #381, #1501, .T. ) ;
#1510 = LINE ( 'NONE', #274, #1294 ) ;
#1511 = EDGE_CURVE ( 'NONE', #2351, #2449, #2238, .T. ) ;
#1512 = DIRECTION ( 'NONE',  ( 0.000000000000000000, -1.000000000000000000, 0.000000000000000000 ) ) ;
#1513 = ORIENTED_EDGE ( 'NONE', *, *, #1212, .T. ) ;
#1514 = FACE_OUTER_BOUND ( 'NONE', #425, .T. ) ;
#1515 = ORIENTED_EDGE ( 'NONE', *, *, #609, .T. ) ;
#1516 = DIRECTION ( 'NONE',  ( 0.000000000000000000, -0.000000000000000000, 1.000000000000000000 ) ) ;
#1517 = PLANE ( 'NONE',  #2515 ) ;
#1518 = ORIENTED_EDGE ( 'NONE', *, *, #1073, .T. ) ;
#1519 = ORIENTED_EDGE ( 'NONE', *, *, #1511, .F. ) ;
#1520 = CARTESIAN_POINT ( 'NONE',  ( -13.09999999999999432, 13.90000000000000746, 4.000000000000000888 ) ) ;
#1521 = DIRECTION ( 'NONE',  ( 0.000000000000000000, 1.000000000000000000, 0.000000000000000000 ) ) ;
#1522 = DIRECTION ( 'NONE',  ( -1.000000000000000000, 0.000000000000000000, 0.000000000000000000 ) ) ;
#1523 = DIRECTION ( 'NONE',  ( 1.927470528863119788E-16, 1.000000000000000000, 0.000000000000000000 ) ) ;
#1524 = DIRECTION ( 'NONE',  ( -1.000000000000000000, 0.000000000000000000, 0.000000000000000000 ) ) ;
#1525 = EDGE_LOOP ( 'NONE', ( #187, #2151, #73, #1902 ) ) ;
#1526 = LINE ( 'NONE', #2301, #706 ) ;
#1527 = EDGE_CURVE ( 'NONE', #1182, #2085, #2058, .T. ) ;
#1528 = FACE_OUTER_BOUND ( 'NONE', #588, .T. ) ;
#1529 = VERTEX_POINT ( 'NONE', #672 ) ;
#1530 = CARTESIAN_POINT ( 'NONE',  ( -25.49999999999999645, 15.40000000000002522, 7.000000000000000000 ) ) ;
#1531 = LINE ( 'NONE', #120, #1366 ) ;
#1532 = AXIS2_PLACEMENT_3D ( 'NONE', #2584, #2196, #2383 ) ;
#1533 = CARTESIAN_POINT ( 'NONE',  ( 34.10000000000000142, -17.83431457505074391, 2.600000000000000089 ) ) ;
#1534 = CARTESIAN_POINT ( 'NONE',  ( -29.39999999999999503, 15.90000000000000746, 10.00000000000000000 ) ) ;
#1535 = CARTESIAN_POINT ( 'NONE',  ( -25.49999999999999645, -15.90000000000000746, 7.000000000000000000 ) ) ;
#1536 = CONICAL_SURFACE ( 'NONE', #1077, 1.749999999999979794, 0.7853981633974439491 ) ;
#1537 = ADVANCED_FACE ( 'NONE', ( #1818 ), #24, .T. ) ;
#1538 = ORIENTED_EDGE ( 'NONE', *, *, #2322, .F. ) ;
#1539 = FACE_OUTER_BOUND ( 'NONE', #2315, .T. ) ;
#1540 = EDGE_CURVE ( 'NONE', #2601, #2062, #451, .T. ) ;
#1541 = FACE_OUTER_BOUND ( 'NONE', #1218, .T. ) ;
#1542 = VERTEX_POINT ( 'NONE', #44 ) ;
#1543 = CIRCLE ( 'NONE', #2377, 1.250000000000000222 ) ;
#1544 = ORIENTED_EDGE ( 'NONE', *, *, #1261, .T. ) ;
#1545 = CARTESIAN_POINT ( 'NONE',  ( -25.49999999999999645, -11.90000000000000746, 7.000000000000000000 ) ) ;
#1546 = CONICAL_SURFACE ( 'NONE', #2001, 1.250000000000001110, 0.7853981633974613796 ) ;
#1547 = CARTESIAN_POINT ( 'NONE',  ( 31.39999999999999147, 15.90000000000000746, 5.000000000000000000 ) ) ;
#1548 = CONICAL_SURFACE ( 'NONE', #1507, 1.250000000000001110, 0.7853981633974613796 ) ;
#1549 = FACE_OUTER_BOUND ( 'NONE', #477, .T. ) ;
#1550 = DIRECTION ( 'NONE',  ( -1.000000000000000000, 0.000000000000000000, 0.000000000000000000 ) ) ;
#1551 = DIRECTION ( 'NONE',  ( 1.000000000000000000, 0.000000000000000000, -0.000000000000000000 ) ) ;
#1552 = EDGE_LOOP ( 'NONE', ( #23, #647, #931, #716 ) ) ;
#1553 = CARTESIAN_POINT ( 'NONE',  ( -22.39999999999999503, -11.90000000000000746, 10.00000000000000000 ) ) ;
#1554 = DIRECTION ( 'NONE',  ( 0.000000000000000000, -1.000000000000000000, 0.000000000000000000 ) ) ;
#1555 = ORIENTED_EDGE ( 'NONE', *, *, #1615, .T. ) ;
#1556 = VERTEX_POINT ( 'NONE', #1244 ) ;
#1557 = CARTESIAN_POINT ( 'NONE',  ( 29.39999999999998792, 0.000000000000000000, 5.000000000000000000 ) ) ;
#1558 = ORIENTED_EDGE ( 'NONE', *, *, #2137, .T. ) ;
#1559 = DIRECTION ( 'NONE',  ( -0.000000000000000000, 0.000000000000000000, 1.000000000000000000 ) ) ;
#1560 = EDGE_CURVE ( 'NONE', #102, #2280, #2026, .T. ) ;
#1561 = DIRECTION ( 'NONE',  ( -0.7071067811865451302, 0.000000000000000000, 0.7071067811865500152 ) ) ;
#1562 = LINE ( 'NONE', #1989, #922 ) ;
#1563 = ORIENTED_EDGE ( 'NONE', *, *, #1635, .T. ) ;
#1564 = ORIENTED_EDGE ( 'NONE', *, *, #2438, .T. ) ;
#1565 = ORIENTED_EDGE ( 'NONE', *, *, #883, .F. ) ;
#1566 = DIRECTION ( 'NONE',  ( -0.7071067811865500152, 0.000000000000000000, -0.7071067811865451302 ) ) ;
#1567 = EDGE_LOOP ( 'NONE', ( #438, #1057, #1186, #2240, #1306, #2237 ) ) ;
#1568 = DIRECTION ( 'NONE',  ( 0.000000000000000000, 0.000000000000000000, -1.000000000000000000 ) ) ;
#1569 = CARTESIAN_POINT ( 'NONE',  ( 31.39999999999999147, -15.90000000000000746, 5.000000000000000000 ) ) ;
#1570 = EDGE_CURVE ( 'NONE', #391, #1632, #842, .T. ) ;
#1571 = LINE ( 'NONE', #197, #622 ) ;
#1572 = ORIENTED_EDGE ( 'NONE', *, *, #196, .T. ) ;
#1573 = AXIS2_PLACEMENT_3D ( 'NONE', #1116, #368, #137 ) ;
#1574 = VERTEX_POINT ( 'NONE', #1011 ) ;
#1575 = CARTESIAN_POINT ( 'NONE',  ( -33.49999999999999289, 18.00000000000000000, 0.000000000000000000 ) ) ;
#1576 = EDGE_CURVE ( 'NONE', #314, #559, #2456, .T. ) ;
#1577 = ADVANCED_FACE ( 'NONE', ( #55 ), #1271, .F. ) ;
#1578 = CARTESIAN_POINT ( 'NONE',  ( -3.899999999999993694, 15.90000000000000746, 4.000000000000000888 ) ) ;
#1579 = VECTOR ( 'NONE', #1193, 1000.000000000000114 ) ;
#1580 = VERTEX_POINT ( 'NONE', #1611 ) ;
#1581 = EDGE_CURVE ( 'NONE', #502, #157, #630, .T. ) ;
#1582 = VECTOR ( 'NONE', #275, 1000.000000000000000 ) ;
#1583 = CARTESIAN_POINT ( 'NONE',  ( 31.39999999999999147, 15.90000000000000746, 3.000000000000000000 ) ) ;
#1584 = ADVANCED_FACE ( 'NONE', ( #1229 ), #2445, .F. ) ;
#1585 = DIRECTION ( 'NONE',  ( 0.000000000000000000, -1.000000000000000000, 0.000000000000000000 ) ) ;
#1586 = MECHANICAL_DESIGN_GEOMETRIC_PRESENTATION_REPRESENTATION (  '', ( #128 ), #41 ) ;
#1587 = DIRECTION ( 'NONE',  ( 0.7071067811865500152, 0.000000000000000000, 0.7071067811865451302 ) ) ;
#1588 = EDGE_CURVE ( 'NONE', #1595, #816, #2070, .T. ) ;
#1589 = ORIENTED_EDGE ( 'NONE', *, *, #1145, .T. ) ;
#1590 =( NAMED_UNIT ( * ) SI_UNIT ( $, .STERADIAN. ) SOLID_ANGLE_UNIT ( ) );
#1591 = ADVANCED_FACE ( 'NONE', ( #12 ), #35, .F. ) ;
#1592 = ORIENTED_EDGE ( 'NONE', *, *, #1012, .F. ) ;
#1593 = DIRECTION ( 'NONE',  ( -0.7071067811865475727, 0.000000000000000000, 0.7071067811865475727 ) ) ;
#1594 = LINE ( 'NONE', #5, #1174 ) ;
#1595 = VERTEX_POINT ( 'NONE', #617 ) ;
#1596 =( GEOMETRIC_REPRESENTATION_CONTEXT ( 3 ) GLOBAL_UNCERTAINTY_ASSIGNED_CONTEXT ( ( #2391 ) ) GLOBAL_UNIT_ASSIGNED_CONTEXT ( ( #749, #326, #1590 ) ) REPRESENTATION_CONTEXT ( 'NONE', 'WORKASPACE' ) );
#1597 = CARTESIAN_POINT ( 'NONE',  ( 21.39999999999999503, 13.90000000000000746, 5.000000000000000000 ) ) ;
#1598 = LINE ( 'NONE', #210, #26 ) ;
#1599 = DIRECTION ( 'NONE',  ( 1.000000000000000000, 0.000000000000000000, -0.000000000000000000 ) ) ;
#1600 = EDGE_LOOP ( 'NONE', ( #954, #974, #2222, #1441 ) ) ;
#1601 = ORIENTED_EDGE ( 'NONE', *, *, #52, .F. ) ;
#1602 = EDGE_CURVE ( 'NONE', #507, #847, #2016, .T. ) ;
#1603 = CARTESIAN_POINT ( 'NONE',  ( 31.39999999999999147, -15.90000000000000746, 5.000000000000000000 ) ) ;
#1604 = DIRECTION ( 'NONE',  ( -0.000000000000000000, -1.000000000000000000, -0.000000000000000000 ) ) ;
#1605 = ORIENTED_EDGE ( 'NONE', *, *, #1205, .T. ) ;
#1606 = DIRECTION ( 'NONE',  ( -0.000000000000000000, 0.000000000000000000, 1.000000000000000000 ) ) ;
#1607 = DIRECTION ( 'NONE',  ( 0.7071067811865459074, -0.7071067811865491270, 0.000000000000000000 ) ) ;
#1608 =( LENGTH_UNIT ( ) NAMED_UNIT ( * ) SI_UNIT ( .MILLI., .METRE. ) );
#1609 = EDGE_CURVE ( 'NONE', #2402, #2046, #1035, .T. ) ;
#1610 = EDGE_LOOP ( 'NONE', ( #841, #2063 ) ) ;
#1611 = CARTESIAN_POINT ( 'NONE',  ( -33.49999999999999289, 19.00000000000000711, 2.600000000000000089 ) ) ;
#1612 = VECTOR ( 'NONE', #561, 1000.000000000000114 ) ;
#1613 = VERTEX_POINT ( 'NONE', #1834 ) ;
#1614 = DIRECTION ( 'NONE',  ( 0.000000000000000000, 1.000000000000000000, 0.000000000000000000 ) ) ;
#1615 = EDGE_CURVE ( 'NONE', #2581, #881, #2218, .T. ) ;
#1616 = CARTESIAN_POINT ( 'NONE',  ( -3.899999999999993694, 13.90000000000000746, 5.000000000000000000 ) ) ;
#1617 = VECTOR ( 'NONE', #768, 1000.000000000000000 ) ;
#1618 = ORIENTED_EDGE ( 'NONE', *, *, #2589, .F. ) ;
#1619 = FACE_OUTER_BOUND ( 'NONE', #1525, .T. ) ;
#1620 = DIRECTION ( 'NONE',  ( -0.000000000000000000, -1.000000000000000000, -0.000000000000000000 ) ) ;
#1621 = AXIS2_PLACEMENT_3D ( 'NONE', #87, #280, #1863 ) ;
#1622 = VECTOR ( 'NONE', #2593, 1000.000000000000000 ) ;
#1623 = DIRECTION ( 'NONE',  ( 0.7071067811865451302, 0.000000000000000000, 0.7071067811865500152 ) ) ;
#1624 = ADVANCED_BREP_SHAPE_REPRESENTATION ( 'housing_cover', ( #1931, #555 ), #1596 ) ;
#1625 = VECTOR ( 'NONE', #2259, 1000.000000000000000 ) ;
#1626 = ORIENTED_EDGE ( 'NONE', *, *, #1109, .F. ) ;
#1627 = DIRECTION ( 'NONE',  ( -0.000000000000000000, -1.000000000000000000, -0.000000000000000000 ) ) ;
#1628 = VECTOR ( 'NONE', #1079, 1000.000000000000000 ) ;
#1629 = ORIENTED_EDGE ( 'NONE', *, *, #1796, .F. ) ;
#1630 = PLANE ( 'NONE',  #2248 ) ;
#1631 = LINE ( 'NONE', #872, #79 ) ;
#1632 = VERTEX_POINT ( 'NONE', #1257 ) ;
#1633 = LINE ( 'NONE', #247, #288 ) ;
#1634 = CARTESIAN_POINT ( 'NONE',  ( -33.33431457505074746, -18.59999999999999076, 2.600000000000000089 ) ) ;
#1635 = EDGE_CURVE ( 'NONE', #396, #558, #266, .T. ) ;
#1636 = LINE ( 'NONE', #1019, #834 ) ;
#1637 = VERTEX_POINT ( 'NONE', #1022 ) ;
#1638 = DIRECTION ( 'NONE',  ( 0.000000000000000000, -1.000000000000000000, 0.000000000000000000 ) ) ;
#1639 = ORIENTED_EDGE ( 'NONE', *, *, #1686, .T. ) ;
#1640 = FACE_OUTER_BOUND ( 'NONE', #442, .T. ) ;
#1641 = CARTESIAN_POINT ( 'NONE',  ( -25.49999999999999645, -15.39999999999999325, 8.250000000000000000 ) ) ;
#1642 = EDGE_CURVE ( 'NONE', #1420, #1881, #1913, .T. ) ;
#1643 = VERTEX_POINT ( 'NONE', #513 ) ;
#1644 = ORIENTED_EDGE ( 'NONE', *, *, #1458, .F. ) ;
#1645 = DIRECTION ( 'NONE',  ( -0.000000000000000000, -0.000000000000000000, -1.000000000000000000 ) ) ;
#1646 = CARTESIAN_POINT ( 'NONE',  ( 28.40000000000000213, -11.90000000000000746, 10.00000000000000000 ) ) ;
#1647 = ADVANCED_FACE ( 'NONE', ( #907 ), #2321, .T. ) ;
#1648 = LINE ( 'NONE', #2453, #377 ) ;
#1649 = ADVANCED_FACE ( 'NONE', ( #1514 ), #2517, .F. ) ;
#1650 = CARTESIAN_POINT ( 'NONE',  ( 21.39999999999999503, 11.90000000000000746, 3.000000000000000000 ) ) ;
#1651 = ORIENTED_EDGE ( 'NONE', *, *, #2081, .F. ) ;
#1652 = DIRECTION ( 'NONE',  ( -0.000000000000000000, -0.000000000000000000, -1.000000000000000000 ) ) ;
#1653 = VERTEX_POINT ( 'NONE', #1933 ) ;
#1654 = DIRECTION ( 'NONE',  ( -1.000000000000000000, 0.000000000000000000, -0.000000000000000000 ) ) ;
#1655 = FACE_OUTER_BOUND ( 'NONE', #1938, .T. ) ;
#1656 = ORIENTED_EDGE ( 'NONE', *, *, #793, .F. ) ;
#1657 = EDGE_LOOP ( 'NONE', ( #2422, #677, #798, #2429 ) ) ;
#1658 = PLANE ( 'NONE',  #1497 ) ;
#1659 = VECTOR ( 'NONE', #2569, 1000.000000000000000 ) ;
#1660 = FACE_OUTER_BOUND ( 'NONE', #2395, .T. ) ;
#1661 = EDGE_CURVE ( 'NONE', #157, #2392, #1495, .T. ) ;
#1662 = LINE ( 'NONE', #852, #1760 ) ;
#1663 = LINE ( 'NONE', #2292, #2077 ) ;
#1664 = VECTOR ( 'NONE', #608, 1000.000000000000000 ) ;
#1665 = EDGE_CURVE ( 'NONE', #900, #255, #1683, .T. ) ;
#1666 = VECTOR ( 'NONE', #261, 1000.000000000000000 ) ;
#1667 = ORIENTED_EDGE ( 'NONE', *, *, #1261, .F. ) ;
#1668 = CARTESIAN_POINT ( 'NONE',  ( 31.39999999999999147, -15.90000000000000746, 5.000000000000000000 ) ) ;
#1669 = ADVANCED_FACE ( 'NONE', ( #307 ), #503, .T. ) ;
#1670 = VECTOR ( 'NONE', #1329, 1000.000000000000000 ) ;
#1671 = VERTEX_POINT ( 'NONE', #683 ) ;
#1672 = VECTOR ( 'NONE', #1065, 1000.000000000000000 ) ;
#1673 = CARTESIAN_POINT ( 'NONE',  ( 29.39999999999999503, -15.90000000000000746, 10.00000000000000000 ) ) ;
#1674 = EDGE_CURVE ( 'NONE', #2046, #558, #2111, .T. ) ;
#1675 = CARTESIAN_POINT ( 'NONE',  ( 28.40000000000000213, 0.000000000000000000, 10.00000000000000000 ) ) ;
#1676 = ORIENTED_EDGE ( 'NONE', *, *, #1427, .T. ) ;
#1677 = ORIENTED_EDGE ( 'NONE', *, *, #1842, .T. ) ;
#1678 = CARTESIAN_POINT ( 'NONE',  ( 34.49999999999999289, -17.99999999999998579, 1.000000000000007772 ) ) ;
#1679 = FACE_OUTER_BOUND ( 'NONE', #1078, .T. ) ;
#1680 = DIRECTION ( 'NONE',  ( 0.000000000000000000, 1.000000000000000000, 0.000000000000000000 ) ) ;
#1681 = DIRECTION ( 'NONE',  ( 0.000000000000000000, 1.000000000000000000, 0.000000000000000000 ) ) ;
#1682 = ORIENTED_EDGE ( 'NONE', *, *, #1767, .F. ) ;
#1683 = LINE ( 'NONE', #938, #248 ) ;
#1684 = VERTEX_POINT ( 'NONE', #1481 ) ;
#1685 = LINE ( 'NONE', #462, #1995 ) ;
#1686 = EDGE_CURVE ( 'NONE', #2601, #1637, #1889, .T. ) ;
#1687 = LINE ( 'NONE', #858, #919 ) ;
#1688 = VERTEX_POINT ( 'NONE', #2310 ) ;
#1689 = ORIENTED_EDGE ( 'NONE', *, *, #1043, .T. ) ;
#1690 = CARTESIAN_POINT ( 'NONE',  ( -29.39999999999999503, -11.90000000000000746, 10.00000000000000000 ) ) ;
#1691 = LINE ( 'NONE', #2065, #2552 ) ;
#1692 = CARTESIAN_POINT ( 'NONE',  ( -34.10000000000000853, -17.83431457505072970, 2.600000000000000089 ) ) ;
#1693 = LINE ( 'NONE', #1650, #1582 ) ;
#1694 = ORIENTED_EDGE ( 'NONE', *, *, #1821, .F. ) ;
#1695 = CARTESIAN_POINT ( 'NONE',  ( -34.10000000000000853, -17.83431457505072970, 2.600000000000000089 ) ) ;
#1696 = EDGE_LOOP ( 'NONE', ( #894, #806, #301 ) ) ;
#1697 = ADVANCED_FACE ( 'NONE', ( #1901 ), #926, .T. ) ;
#1698 = DIRECTION ( 'NONE',  ( 0.000000000000000000, 0.000000000000000000, -1.000000000000000000 ) ) ;
#1699 = EDGE_CURVE ( 'NONE', #985, #826, #278, .T. ) ;
#1700 = CARTESIAN_POINT ( 'NONE',  ( -3.899999999999993694, 13.90000000000000746, -6.414881836751856525 ) ) ;
#1701 = ORIENTED_EDGE ( 'NONE', *, *, #1642, .T. ) ;
#1702 = VERTEX_POINT ( 'NONE', #2297 ) ;
#1703 = FACE_OUTER_BOUND ( 'NONE', #2256, .T. ) ;
#1704 = EDGE_CURVE ( 'NONE', #428, #1161, #717, .T. ) ;
#1705 = CARTESIAN_POINT ( 'NONE',  ( -29.39999999999999503, -11.90000000000000746, 10.00000000000000000 ) ) ;
#1706 = LINE ( 'NONE', #330, #250 ) ;
#1707 = AXIS2_PLACEMENT_3D ( 'NONE', #778, #332, #2553 ) ;
#1708 = CARTESIAN_POINT ( 'NONE',  ( -29.39999999999999503, -11.90000000000000746, 9.000000000000000000 ) ) ;
#1709 = ORIENTED_EDGE ( 'NONE', *, *, #1347, .T. ) ;
#1710 = DIRECTION ( 'NONE',  ( 0.7071067811865491270, 0.7071067811865459074, 0.000000000000000000 ) ) ;
#1711 = VECTOR ( 'NONE', #823, 1000.000000000000000 ) ;
#1712 = EDGE_LOOP ( 'NONE', ( #1086, #1228 ) ) ;
#1713 = AXIS2_PLACEMENT_3D ( 'NONE', #853, #1076, #694 ) ;
#1714 = LINE ( 'NONE', #2521, #33 ) ;
#1715 = AXIS2_PLACEMENT_3D ( 'NONE', #912, #1904, #1317 ) ;
#1716 = PLANE ( 'NONE',  #540 ) ;
#1717 = VECTOR ( 'NONE', #109, 1000.000000000000114 ) ;
#1718 = EDGE_LOOP ( 'NONE', ( #1307, #2168, #18, #1518 ) ) ;
#1719 = ORIENTED_EDGE ( 'NONE', *, *, #529, .T. ) ;
#1720 = LINE ( 'NONE', #467, #448 ) ;
#1721 = CIRCLE ( 'NONE', #584, 1.250000000000001110 ) ;
#1722 = DIRECTION ( 'NONE',  ( -1.000000000000000000, 0.000000000000000000, 0.000000000000000000 ) ) ;
#1723 = CARTESIAN_POINT ( 'NONE',  ( -21.39999999999999503, 11.90000000000000746, 8.999999999999992895 ) ) ;
#1724 = PLANE ( 'NONE',  #2372 ) ;
#1725 = EDGE_CURVE ( 'NONE', #1397, #1140, #740, .T. ) ;
#1726 = CARTESIAN_POINT ( 'NONE',  ( 0.000000000000000000, 0.000000000000000000, 10.00000000000000000 ) ) ;
#1727 = ORIENTED_EDGE ( 'NONE', *, *, #1945, .T. ) ;
#1728 = DIRECTION ( 'NONE',  ( 0.000000000000000000, 1.000000000000000000, 0.000000000000000000 ) ) ;
#1729 = DIRECTION ( 'NONE',  ( 1.000000000000000000, 0.000000000000000000, -0.000000000000000000 ) ) ;
#1730 = ORIENTED_EDGE ( 'NONE', *, *, #929, .T. ) ;
#1731 = DIRECTION ( 'NONE',  ( 0.5773502691896245098, -0.5773502691896245098, -0.5773502691896285066 ) ) ;
#1732 = LINE ( 'NONE', #594, #2034 ) ;
#1733 = DIRECTION ( 'NONE',  ( -0.000000000000000000, -0.000000000000000000, -1.000000000000000000 ) ) ;
#1734 = CARTESIAN_POINT ( 'NONE',  ( -34.10000000000000853, 17.83431457505075812, 2.600000000000000089 ) ) ;
#1735 = EDGE_CURVE ( 'NONE', #1684, #775, #1832, .T. ) ;
#1736 = DIRECTION ( 'NONE',  ( 0.000000000000000000, 1.000000000000000000, -0.000000000000000000 ) ) ;
#1737 = DIRECTION ( 'NONE',  ( 1.000000000000000000, 0.000000000000000000, 0.000000000000000000 ) ) ;
#1738 = ADVANCED_FACE ( 'NONE', ( #2335 ), #97, .F. ) ;
#1739 = ORIENTED_EDGE ( 'NONE', *, *, #196, .F. ) ;
#1740 = CARTESIAN_POINT ( 'NONE',  ( 33.99999999999998579, -18.49999999999999289, 1.000000000000007994 ) ) ;
#1741 = CARTESIAN_POINT ( 'NONE',  ( 29.39999999999999503, 11.90000000000000746, 10.00000000000000000 ) ) ;
#1742 = EDGE_LOOP ( 'NONE', ( #2355, #2573, #173, #2368, #1694, #645, #1572 ) ) ;
#1743 = ORIENTED_EDGE ( 'NONE', *, *, #2017, .T. ) ;
#1744 = LINE ( 'NONE', #1402, #578 ) ;
#1745 = LINE ( 'NONE', #1758, #2117 ) ;
#1746 = DIRECTION ( 'NONE',  ( -0.000000000000000000, -1.000000000000000000, -0.000000000000000000 ) ) ;
#1747 = DIRECTION ( 'NONE',  ( 0.000000000000000000, 0.000000000000000000, -1.000000000000000000 ) ) ;
#1748 = FACE_OUTER_BOUND ( 'NONE', #1393, .T. ) ;
#1749 = AXIS2_PLACEMENT_3D ( 'NONE', #972, #1771, #1747 ) ;
#1750 = VERTEX_POINT ( 'NONE', #1874 ) ;
#1751 = CARTESIAN_POINT ( 'NONE',  ( 33.50000000000000000, 19.00000000000000711, 2.600000000000000089 ) ) ;
#1752 = CARTESIAN_POINT ( 'NONE',  ( -34.10000000000000853, -17.83431457505072970, 3.000000000000000000 ) ) ;
#1753 = VECTOR ( 'NONE', #2060, 1000.000000000000114 ) ;
#1754 = ORIENTED_EDGE ( 'NONE', *, *, #1250, .F. ) ;
#1755 = EDGE_CURVE ( 'NONE', #2134, #2027, #84, .T. ) ;
#1756 = VERTEX_POINT ( 'NONE', #1094 ) ;
#1757 = AXIS2_PLACEMENT_3D ( 'NONE', #1861, #1847, #68 ) ;
#1758 = CARTESIAN_POINT ( 'NONE',  ( -29.39999999999999503, 11.90000000000000746, 9.000000000000000000 ) ) ;
#1759 = ORIENTED_EDGE ( 'NONE', *, *, #868, .T. ) ;
#1760 = VECTOR ( 'NONE', #1239, 1000.000000000000000 ) ;
#1761 = FACE_OUTER_BOUND ( 'NONE', #888, .T. ) ;
#1762 = DIRECTION ( 'NONE',  ( -1.000000000000000000, 0.000000000000000000, 0.000000000000000000 ) ) ;
#1763 = LINE ( 'NONE', #2142, #501 ) ;
#1764 = VERTEX_POINT ( 'NONE', #895 ) ;
#1765 = ORIENTED_EDGE ( 'NONE', *, *, #596, .F. ) ;
#1766 = ORIENTED_EDGE ( 'NONE', *, *, #481, .F. ) ;
#1767 = EDGE_CURVE ( 'NONE', #1764, #1182, #791, .T. ) ;
#1768 = FACE_OUTER_BOUND ( 'NONE', #352, .T. ) ;
#1769 = VERTEX_POINT ( 'NONE', #1353 ) ;
#1770 = LINE ( 'NONE', #148, #77 ) ;
#1771 = DIRECTION ( 'NONE',  ( 0.000000000000000000, -1.000000000000000000, 0.000000000000000000 ) ) ;
#1772 = DIRECTION ( 'NONE',  ( 0.000000000000000000, 0.000000000000000000, 1.000000000000000000 ) ) ;
#1773 = EDGE_CURVE ( 'NONE', #2392, #1993, #151, .T. ) ;
#1774 = EDGE_LOOP ( 'NONE', ( #1365, #1544, #388, #1563 ) ) ;
#1775 = ORIENTED_EDGE ( 'NONE', *, *, #1490, .F. ) ;
#1776 = FACE_OUTER_BOUND ( 'NONE', #1486, .T. ) ;
#1777 = EDGE_CURVE ( 'NONE', #2481, #611, #2165, .T. ) ;
#1778 = DIRECTION ( 'NONE',  ( 0.7071067811865500152, 0.000000000000000000, -0.7071067811865451302 ) ) ;
#1779 = ORIENTED_EDGE ( 'NONE', *, *, #350, .T. ) ;
#1780 = ADVANCED_FACE ( 'NONE', ( #370 ), #2363, .T. ) ;
#1781 = DIRECTION ( 'NONE',  ( 0.000000000000000000, 0.000000000000000000, -1.000000000000000000 ) ) ;
#1782 = LINE ( 'NONE', #405, #865 ) ;
#1783 = CARTESIAN_POINT ( 'NONE',  ( -22.39999999999999503, 0.000000000000000000, 10.00000000000000000 ) ) ;
#1784 = ORIENTED_EDGE ( 'NONE', *, *, #2406, .T. ) ;
#1785 = AXIS2_PLACEMENT_3D ( 'NONE', #787, #1184, #420 ) ;
#1786 = ORIENTED_EDGE ( 'NONE', *, *, #675, .F. ) ;
#1787 = CARTESIAN_POINT ( 'NONE',  ( -29.39999999999999503, -11.90000000000000746, 10.00000000000000000 ) ) ;
#1788 = CARTESIAN_POINT ( 'NONE',  ( -33.33431457505075457, 18.60000000000000497, 3.000000000000000000 ) ) ;
#1789 = AXIS2_PLACEMENT_3D ( 'NONE', #357, #1746, #1568 ) ;
#1790 = VERTEX_POINT ( 'NONE', #973 ) ;
#1791 = LINE ( 'NONE', #2399, #2295 ) ;
#1792 = CONICAL_SURFACE ( 'NONE', #1456, 1.749999999999979794, 0.7853981633974439491 ) ;
#1793 = DIRECTION ( 'NONE',  ( -0.7071067811865451302, -0.000000000000000000, 0.7071067811865500152 ) ) ;
#1794 = VECTOR ( 'NONE', #139, 1000.000000000000000 ) ;
#1795 = FACE_OUTER_BOUND ( 'NONE', #1937, .T. ) ;
#1796 = EDGE_CURVE ( 'NONE', #74, #547, #1763, .T. ) ;
#1797 = ORIENTED_EDGE ( 'NONE', *, *, #2373, .T. ) ;
#1798 = ORIENTED_EDGE ( 'NONE', *, *, #639, .F. ) ;
#1799 = FACE_BOUND ( 'NONE', #2018, .T. ) ;
#1800 = CYLINDRICAL_SURFACE ( 'NONE', #1414, 1.250000000000001110 ) ;
#1801 = ORIENTED_EDGE ( 'NONE', *, *, #1075, .F. ) ;
#1802 = CARTESIAN_POINT ( 'NONE',  ( -33.49999999999999289, 19.00000000000000711, 2.600000000000000089 ) ) ;
#1803 = CARTESIAN_POINT ( 'NONE',  ( 29.39999999999998792, 0.000000000000000000, 5.000000000000000000 ) ) ;
#1804 = CARTESIAN_POINT ( 'NONE',  ( 28.40000000000000213, 15.90000000000000746, 10.00000000000000000 ) ) ;
#1805 = ADVANCED_FACE ( 'NONE', ( #1748 ), #1956, .F. ) ;
#1806 = EDGE_LOOP ( 'NONE', ( #785, #2464, #1813, #1485 ) ) ;
#1807 = CARTESIAN_POINT ( 'NONE',  ( -21.39999999999999503, -11.90000000000000746, 3.000000000000000000 ) ) ;
#1808 = EDGE_CURVE ( 'NONE', #245, #1125, #2579, .T. ) ;
#1809 = CARTESIAN_POINT ( 'NONE',  ( -33.49999999999999289, 19.00000000000000711, 3.000000000000000000 ) ) ;
#1810 = EDGE_LOOP ( 'NONE', ( #874, #1860, #914, #1001 ) ) ;
#1811 = DIRECTION ( 'NONE',  ( 0.000000000000000000, -0.000000000000000000, -1.000000000000000000 ) ) ;
#1812 = LINE ( 'NONE', #17, #2201 ) ;
#1813 = ORIENTED_EDGE ( 'NONE', *, *, #1635, .F. ) ;
#1814 = PLANE ( 'NONE',  #1168 ) ;
#1815 = FACE_OUTER_BOUND ( 'NONE', #2059, .T. ) ;
#1816 = CARTESIAN_POINT ( 'NONE',  ( 34.10000000000000142, 17.83431457505076523, 3.000000000000000000 ) ) ;
#1817 = VERTEX_POINT ( 'NONE', #2181 ) ;
#1818 = FACE_OUTER_BOUND ( 'NONE', #60, .T. ) ;
#1819 = ORIENTED_EDGE ( 'NONE', *, *, #1145, .F. ) ;
#1820 = CARTESIAN_POINT ( 'NONE',  ( 21.39999999999999503, -15.90000000000000746, 10.00000000000000000 ) ) ;
#1821 = EDGE_CURVE ( 'NONE', #2296, #1836, #2401, .T. ) ;
#1822 = DIRECTION ( 'NONE',  ( 1.000000000000000000, 0.000000000000000000, 0.000000000000000000 ) ) ;
#1823 = VECTOR ( 'NONE', #1561, 1000.000000000000114 ) ;
#1824 = ORIENTED_EDGE ( 'NONE', *, *, #2434, .T. ) ;
#1825 = LINE ( 'NONE', #1597, #123 ) ;
#1826 = VECTOR ( 'NONE', #324, 1000.000000000000000 ) ;
#1827 = AXIS2_PLACEMENT_3D ( 'NONE', #678, #1088, #104 ) ;
#1828 = DIRECTION ( 'NONE',  ( 0.000000000000000000, 1.000000000000000000, 0.000000000000000000 ) ) ;
#1829 = AXIS2_PLACEMENT_3D ( 'NONE', #1304, #1728, #1328 ) ;
#1830 = AXIS2_PLACEMENT_3D ( 'NONE', #269, #1233, #1068 ) ;
#1831 = PLANE ( 'NONE',  #415 ) ;
#1832 = CIRCLE ( 'NONE', #2300, 1.750000000000028422 ) ;
#1833 = ORIENTED_EDGE ( 'NONE', *, *, #2236, .T. ) ;
#1834 = CARTESIAN_POINT ( 'NONE',  ( -22.39999999999999503, 11.90000000000000746, 10.00000000000000000 ) ) ;
#1835 = VECTOR ( 'NONE', #2251, 1000.000000000000000 ) ;
#1836 = VERTEX_POINT ( 'NONE', #804 ) ;
#1837 = DIRECTION ( 'NONE',  ( 0.000000000000000000, -1.000000000000000000, 0.000000000000000000 ) ) ;
#1838 = DIRECTION ( 'NONE',  ( 1.000000000000000000, -0.000000000000000000, -0.000000000000000000 ) ) ;
#1839 = ORIENTED_EDGE ( 'NONE', *, *, #276, .T. ) ;
#1840 = ORIENTED_EDGE ( 'NONE', *, *, #468, .T. ) ;
#1841 = DIRECTION ( 'NONE',  ( 0.000000000000000000, -0.000000000000000000, -1.000000000000000000 ) ) ;
#1842 = EDGE_CURVE ( 'NONE', #1209, #1285, #1562, .T. ) ;
#1843 = CYLINDRICAL_SURFACE ( 'NONE', #2167, 1.250000000000001110 ) ;
#1844 = DIRECTION ( 'NONE',  ( -0.000000000000000000, -0.000000000000000000, -1.000000000000000000 ) ) ;
#1845 = PLANE ( 'NONE',  #2514 ) ;
#1846 = VERTEX_POINT ( 'NONE', #779 ) ;
#1847 = DIRECTION ( 'NONE',  ( 0.000000000000000000, -1.000000000000000000, 0.000000000000000000 ) ) ;
#1848 = EDGE_CURVE ( 'NONE', #847, #1119, #1571, .T. ) ;
#1849 = VERTEX_POINT ( 'NONE', #1185 ) ;
#1850 = FACE_OUTER_BOUND ( 'NONE', #265, .T. ) ;
#1851 = DIRECTION ( 'NONE',  ( 0.000000000000000000, -1.000000000000000000, 0.000000000000000000 ) ) ;
#1852 = ORIENTED_EDGE ( 'NONE', *, *, #2184, .T. ) ;
#1853 = ORIENTED_EDGE ( 'NONE', *, *, #2586, .T. ) ;
#1854 = LINE ( 'NONE', #1475, #2291 ) ;
#1855 = DIRECTION ( 'NONE',  ( 0.000000000000000000, 1.000000000000000000, 0.000000000000000000 ) ) ;
#1856 = ADVANCED_FACE ( 'NONE', ( #1795 ), #996, .T. ) ;
#1857 = DIRECTION ( 'NONE',  ( -0.7071067811865451302, 0.000000000000000000, -0.7071067811865500152 ) ) ;
#1858 = DIRECTION ( 'NONE',  ( 1.000000000000000000, 0.000000000000000000, 0.000000000000000000 ) ) ;
#1859 = ADVANCED_FACE ( 'NONE', ( #962 ), #2570, .T. ) ;
#1860 = ORIENTED_EDGE ( 'NONE', *, *, #1043, .F. ) ;
#1861 = CARTESIAN_POINT ( 'NONE',  ( 25.49999999999999645, -15.40000000000001457, 7.000000000000000000 ) ) ;
#1862 = ORIENTED_EDGE ( 'NONE', *, *, #444, .F. ) ;
#1863 = DIRECTION ( 'NONE',  ( 1.000000000000000000, 0.000000000000000000, -0.000000000000000000 ) ) ;
#1864 = DIRECTION ( 'NONE',  ( 0.5773502691896257311, 0.5773502691896217343, -0.5773502691896297279 ) ) ;
#1865 = VERTEX_POINT ( 'NONE', #757 ) ;
#1866 = DIRECTION ( 'NONE',  ( 0.000000000000000000, 0.000000000000000000, -1.000000000000000000 ) ) ;
#1867 = VECTOR ( 'NONE', #554, 1000.000000000000000 ) ;
#1868 = DIRECTION ( 'NONE',  ( 0.000000000000000000, 0.000000000000000000, 1.000000000000000000 ) ) ;
#1869 = APPLICATION_CONTEXT ( 'automotive_design' ) ;
#1870 = DIRECTION ( 'NONE',  ( 1.000000000000000000, 0.000000000000000000, 0.000000000000000000 ) ) ;
#1871 = CARTESIAN_POINT ( 'NONE',  ( -33.49999999999999289, 19.00000000000000711, 1.000000000000007772 ) ) ;
#1872 = AXIS2_PLACEMENT_3D ( 'NONE', #2493, #1265, #271 ) ;
#1873 = ORIENTED_EDGE ( 'NONE', *, *, #1540, .T. ) ;
#1874 = CARTESIAN_POINT ( 'NONE',  ( -25.49999999999999645, 15.40000000000002522, 5.749999999999999112 ) ) ;
#1875 = ADVANCED_FACE ( 'NONE', ( #186 ), #982, .T. ) ;
#1876 = VECTOR ( 'NONE', #1274, 1000.000000000000000 ) ;
#1877 = ORIENTED_EDGE ( 'NONE', *, *, #2102, .T. ) ;
#1878 = VECTOR ( 'NONE', #1844, 1000.000000000000000 ) ;
#1879 = CARTESIAN_POINT ( 'NONE',  ( 0.000000000000000000, 13.90000000000000746, 5.000000000000000000 ) ) ;
#1880 = DIRECTION ( 'NONE',  ( 0.000000000000000000, -1.000000000000000000, 0.000000000000000000 ) ) ;
#1881 = VERTEX_POINT ( 'NONE', #591 ) ;
#1882 = ORIENTED_EDGE ( 'NONE', *, *, #2545, .F. ) ;
#1883 = CARTESIAN_POINT ( 'NONE',  ( -21.39999999999999503, 13.90000000000000746, 5.000000000000000000 ) ) ;
#1884 = ADVANCED_FACE ( 'NONE', ( #1944 ), #1389, .T. ) ;
#1885 = CARTESIAN_POINT ( 'NONE',  ( 33.33431457505076168, 18.60000000000000497, 2.600000000000000089 ) ) ;
#1886 = DIRECTION ( 'NONE',  ( -0.000000000000000000, 1.000000000000000000, -0.000000000000000000 ) ) ;
#1887 = LINE ( 'NONE', #94, #2378 ) ;
#1888 = ORIENTED_EDGE ( 'NONE', *, *, #727, .T. ) ;
#1889 = LINE ( 'NONE', #319, #1041 ) ;
#1890 = EDGE_CURVE ( 'NONE', #1155, #900, #2133, .T. ) ;
#1891 = ORIENTED_EDGE ( 'NONE', *, *, #276, .F. ) ;
#1892 = EDGE_CURVE ( 'NONE', #1027, #745, #815, .T. ) ;
#1893 = CARTESIAN_POINT ( 'NONE',  ( 25.49999999999999645, 11.90000000000000746, 5.749999999999999112 ) ) ;
#1894 = CARTESIAN_POINT ( 'NONE',  ( -13.09999999999999432, 13.90000000000000746, 4.000000000000000888 ) ) ;
#1895 = ORIENTED_EDGE ( 'NONE', *, *, #2154, .T. ) ;
#1896 = DIRECTION ( 'NONE',  ( -1.000000000000000000, 0.000000000000000000, 0.000000000000000000 ) ) ;
#1897 = DIRECTION ( 'NONE',  ( 0.000000000000000000, -1.000000000000000000, 0.000000000000000000 ) ) ;
#1898 = CARTESIAN_POINT ( 'NONE',  ( -22.39999999999999503, -11.90000000000000746, 10.00000000000000000 ) ) ;
#1899 = DIRECTION ( 'NONE',  ( 0.7071067811865474617, 0.7071067811865474617, -0.000000000000000000 ) ) ;
#1900 = ORIENTED_EDGE ( 'NONE', *, *, #724, .T. ) ;
#1901 = FACE_OUTER_BOUND ( 'NONE', #2328, .T. ) ;
#1902 = ORIENTED_EDGE ( 'NONE', *, *, #2406, .F. ) ;
#1903 = DIRECTION ( 'NONE',  ( 1.826024711554533913E-16, 1.000000000000000000, 0.000000000000000000 ) ) ;
#1904 = DIRECTION ( 'NONE',  ( -1.000000000000000000, 1.826024711554533913E-16, 0.000000000000000000 ) ) ;
#1905 = ORIENTED_EDGE ( 'NONE', *, *, #1476, .F. ) ;
#1906 = VERTEX_POINT ( 'NONE', #221 ) ;
#1907 = LINE ( 'NONE', #1113, #754 ) ;
#1908 = EDGE_CURVE ( 'NONE', #1790, #1836, #1662, .T. ) ;
#1909 = DIRECTION ( 'NONE',  ( 0.000000000000000000, -0.000000000000000000, 1.000000000000000000 ) ) ;
#1910 = DIRECTION ( 'NONE',  ( 1.000000000000000000, 0.000000000000000000, 0.000000000000000000 ) ) ;
#1911 = VECTOR ( 'NONE', #1523, 1000.000000000000000 ) ;
#1912 = LINE ( 'NONE', #2362, #748 ) ;
#1913 = LINE ( 'NONE', #525, #1628 ) ;
#1914 = CIRCLE ( 'NONE', #1166, 1.250000000000001110 ) ;
#1915 = VECTOR ( 'NONE', #625, 1000.000000000000000 ) ;
#1916 = VERTEX_POINT ( 'NONE', #628 ) ;
#1917 = AXIS2_PLACEMENT_3D ( 'NONE', #1316, #2352, #2534 ) ;
#1918 = PLANE ( 'NONE',  #1917 ) ;
#1919 = VECTOR ( 'NONE', #1554, 1000.000000000000000 ) ;
#1920 = EDGE_CURVE ( 'NONE', #1246, #2543, #2200, .T. ) ;
#1921 = EDGE_CURVE ( 'NONE', #2592, #309, #1636, .T. ) ;
#1922 = FACE_OUTER_BOUND ( 'NONE', #1552, .T. ) ;
#1923 = VECTOR ( 'NONE', #1886, 1000.000000000000000 ) ;
#1924 = VERTEX_POINT ( 'NONE', #2216 ) ;
#1925 = FACE_OUTER_BOUND ( 'NONE', #2261, .T. ) ;
#1926 = PRODUCT_CONTEXT ( 'NONE', #1869, 'mechanical' ) ;
#1927 = ADVANCED_FACE ( 'NONE', ( #1008, #1216 ), #1831, .F. ) ;
#1928 = LINE ( 'NONE', #765, #750 ) ;
#1929 = EDGE_CURVE ( 'NONE', #1341, #1100, #2428, .T. ) ;
#1930 = FACE_OUTER_BOUND ( 'NONE', #452, .T. ) ;
#1931 = MANIFOLD_SOLID_BREP ( '\X2\0412044b044004350437\X0\-\X2\0412044b0442044f043d04430442044c\X0\6', #658 ) ;
#1932 = DIRECTION ( 'NONE',  ( 1.000000000000000000, 0.000000000000000000, -0.000000000000000000 ) ) ;
#1933 = CARTESIAN_POINT ( 'NONE',  ( 34.10000000000000142, -17.83431457505074391, 3.000000000000000000 ) ) ;
#1934 = ORIENTED_EDGE ( 'NONE', *, *, #675, .T. ) ;
#1935 = CARTESIAN_POINT ( 'NONE',  ( -25.49999999999999645, -11.90000000000000746, 8.250000000000000000 ) ) ;
#1936 = LINE ( 'NONE', #338, #1038 ) ;
#1937 = EDGE_LOOP ( 'NONE', ( #2309, #950, #1743, #1839, #2500, #461 ) ) ;
#1938 = EDGE_LOOP ( 'NONE', ( #2268, #2444, #1438, #11, #166, #339, #129 ) ) ;
#1939 = DIRECTION ( 'NONE',  ( 0.000000000000000000, -1.000000000000000000, 0.000000000000000000 ) ) ;
#1940 = FACE_OUTER_BOUND ( 'NONE', #2105, .T. ) ;
#1941 = CARTESIAN_POINT ( 'NONE',  ( 0.000000000000000000, 0.000000000000000000, 3.000000000000000000 ) ) ;
#1942 = EDGE_CURVE ( 'NONE', #866, #428, #2411, .T. ) ;
#1943 = DIRECTION ( 'NONE',  ( -0.000000000000000000, -0.000000000000000000, 1.000000000000000000 ) ) ;
#1944 = FACE_OUTER_BOUND ( 'NONE', #259, .T. ) ;
#1945 = EDGE_CURVE ( 'NONE', #116, #2075, #1413, .T. ) ;
#1946 = VERTEX_POINT ( 'NONE', #840 ) ;
#1947 = LINE ( 'NONE', #1751, #792 ) ;
#1948 = DIRECTION ( 'NONE',  ( 0.000000000000000000, -1.000000000000000000, 0.000000000000000000 ) ) ;
#1949 = ORIENTED_EDGE ( 'NONE', *, *, #152, .T. ) ;
#1950 = ORIENTED_EDGE ( 'NONE', *, *, #2329, .T. ) ;
#1951 = LINE ( 'NONE', #1346, #592 ) ;
#1952 = DIRECTION ( 'NONE',  ( -0.000000000000000000, -0.000000000000000000, 1.000000000000000000 ) ) ;
#1953 = ORIENTED_EDGE ( 'NONE', *, *, #262, .F. ) ;
#1954 = FACE_OUTER_BOUND ( 'NONE', #144, .T. ) ;
#1955 = DIRECTION ( 'NONE',  ( -0.000000000000000000, -0.000000000000000000, -1.000000000000000000 ) ) ;
#1956 = PLANE ( 'NONE',  #542 ) ;
#1957 = AXIS2_PLACEMENT_3D ( 'NONE', #2440, #469, #2277 ) ;
#1958 = ORIENTED_EDGE ( 'NONE', *, *, #1472, .T. ) ;
#1959 = ADVANCED_FACE ( 'NONE', ( #2055 ), #1548, .F. ) ;
#1960 = ORIENTED_EDGE ( 'NONE', *, *, #2329, .F. ) ;
#1961 = VECTOR ( 'NONE', #945, 1000.000000000000114 ) ;
#1962 = ORIENTED_EDGE ( 'NONE', *, *, #724, .F. ) ;
#1963 = AXIS2_PLACEMENT_3D ( 'NONE', #506, #2103, #312 ) ;
#1964 = CARTESIAN_POINT ( 'NONE',  ( -31.39999999999999858, 15.90000000000000746, 5.000000000000000000 ) ) ;
#1965 = EDGE_LOOP ( 'NONE', ( #1515, #1150 ) ) ;
#1966 = VECTOR ( 'NONE', #825, 1000.000000000000000 ) ;
#1967 = CARTESIAN_POINT ( 'NONE',  ( -25.49999999999999645, -15.39999999999999325, 7.000000000000000000 ) ) ;
#1968 = DIRECTION ( 'NONE',  ( -0.000000000000000000, -0.000000000000000000, -1.000000000000000000 ) ) ;
#1969 = CARTESIAN_POINT ( 'NONE',  ( 29.39999999999999503, 11.90000000000000746, 10.00000000000000000 ) ) ;
#1970 = EDGE_CURVE ( 'NONE', #2523, #1846, #1050, .T. ) ;
#1971 = EDGE_CURVE ( 'NONE', #1849, #314, #1648, .T. ) ;
#1972 = ORIENTED_EDGE ( 'NONE', *, *, #2166, .T. ) ;
#1973 = EDGE_CURVE ( 'NONE', #2581, #116, #650, .T. ) ;
#1974 = ORIENTED_EDGE ( 'NONE', *, *, #242, .T. ) ;
#1975 = CARTESIAN_POINT ( 'NONE',  ( 25.49999999999999645, 19.00000000000000711, 7.000000000000000000 ) ) ;
#1976 = DIRECTION ( 'NONE',  ( 8.659560562355054885E-17, -0.7071067811865376918, 0.7071067811865574537 ) ) ;
#1977 = ORIENTED_EDGE ( 'NONE', *, *, #1615, .F. ) ;
#1978 = DIRECTION ( 'NONE',  ( -0.000000000000000000, -0.000000000000000000, 1.000000000000000000 ) ) ;
#1979 = CARTESIAN_POINT ( 'NONE',  ( 21.39999999999999503, 15.90000000000000746, 5.000000000000000000 ) ) ;
#1980 = DIRECTION ( 'NONE',  ( 0.000000000000000000, 0.000000000000000000, 1.000000000000000000 ) ) ;
#1981 = ORIENTED_EDGE ( 'NONE', *, *, #27, .T. ) ;
#1982 = ORIENTED_EDGE ( 'NONE', *, *, #1133, .F. ) ;
#1983 = CARTESIAN_POINT ( 'NONE',  ( 21.39999999999999503, 15.90000000000000746, 8.999999999999992895 ) ) ;
#1984 = CARTESIAN_POINT ( 'NONE',  ( -33.49999999999997868, -18.99999999999999289, 1.000000000000007772 ) ) ;
#1985 = VERTEX_POINT ( 'NONE', #863 ) ;
#1986 = PLANE ( 'NONE',  #1331 ) ;
#1987 = ADVANCED_FACE ( 'NONE', ( #892 ), #1089, .F. ) ;
#1988 = LINE ( 'NONE', #1803, #533 ) ;
#1989 = CARTESIAN_POINT ( 'NONE',  ( -3.899999999999993694, 13.90000000000000746, 5.000000000000000000 ) ) ;
#1990 = ORIENTED_EDGE ( 'NONE', *, *, #1920, .F. ) ;
#1991 = FACE_OUTER_BOUND ( 'NONE', #2473, .T. ) ;
#1992 = VECTOR ( 'NONE', #1793, 1000.000000000000114 ) ;
#1993 = VERTEX_POINT ( 'NONE', #2290 ) ;
#1994 = FACE_OUTER_BOUND ( 'NONE', #1742, .T. ) ;
#1995 = VECTOR ( 'NONE', #1260, 1000.000000000000227 ) ;
#1996 = FACE_OUTER_BOUND ( 'NONE', #1810, .T. ) ;
#1997 = VECTOR ( 'NONE', #552, 1000.000000000000000 ) ;
#1998 = VERTEX_POINT ( 'NONE', #693 ) ;
#1999 = EDGE_CURVE ( 'NONE', #1283, #108, #1115, .T. ) ;
#2000 = CARTESIAN_POINT ( 'NONE',  ( 21.39999999999999503, -11.90000000000000746, 8.999999999999992895 ) ) ;
#2001 = AXIS2_PLACEMENT_3D ( 'NONE', #1056, #1851, #2073 ) ;
#2002 = CARTESIAN_POINT ( 'NONE',  ( 21.39999999999999503, -13.90000000000000746, 5.000000000000000000 ) ) ;
#2003 = EDGE_CURVE ( 'NONE', #826, #1468, #80, .T. ) ;
#2004 = AXIS2_PLACEMENT_3D ( 'NONE', #2604, #1599, #602 ) ;
#2005 = DIRECTION ( 'NONE',  ( 0.000000000000000000, -1.000000000000000000, 0.000000000000000000 ) ) ;
#2006 = VERTEX_POINT ( 'NONE', #1103 ) ;
#2007 = DIRECTION ( 'NONE',  ( 0.000000000000000000, 0.000000000000000000, 1.000000000000000000 ) ) ;
#2008 = EDGE_LOOP ( 'NONE', ( #1565, #1444, #1231, #1730 ) ) ;
#2009 = LINE ( 'NONE', #2207, #2336 ) ;
#2010 = DIRECTION ( 'NONE',  ( 0.000000000000000000, 1.000000000000000000, 0.000000000000000000 ) ) ;
#2011 = ORIENTED_EDGE ( 'NONE', *, *, #1490, .T. ) ;
#2012 = LINE ( 'NONE', #1028, #2249 ) ;
#2013 = CARTESIAN_POINT ( 'NONE',  ( -31.39999999999999858, -15.90000000000000746, 5.000000000000000000 ) ) ;
#2014 = CARTESIAN_POINT ( 'NONE',  ( 29.39999999999999503, -15.90000000000000746, 10.00000000000000000 ) ) ;
#2015 = VERTEX_POINT ( 'NONE', #2067 ) ;
#2016 = LINE ( 'NONE', #424, #1503 ) ;
#2017 = EDGE_CURVE ( 'NONE', #102, #1457, #498, .T. ) ;
#2018 = EDGE_LOOP ( 'NONE', ( #431, #1147 ) ) ;
#2019 = DIRECTION ( 'NONE',  ( 0.000000000000000000, -0.000000000000000000, -1.000000000000000000 ) ) ;
#2020 = CARTESIAN_POINT ( 'NONE',  ( -25.49999999999999645, 19.00000000000000711, 5.749999999999999112 ) ) ;
#2021 = ORIENTED_EDGE ( 'NONE', *, *, #1942, .T. ) ;
#2022 = DIRECTION ( 'NONE',  ( 0.000000000000000000, 0.7071067811865506814, 0.7071067811865443531 ) ) ;
#2023 = CARTESIAN_POINT ( 'NONE',  ( 25.49999999999999645, -11.90000000000000746, 5.749999999999999112 ) ) ;
#2024 = CARTESIAN_POINT ( 'NONE',  ( -31.39999999999999858, 15.90000000000000746, 3.000000000000000000 ) ) ;
#2025 = ORIENTED_EDGE ( 'NONE', *, *, #2589, .T. ) ;
#2026 = LINE ( 'NONE', #1668, #2087 ) ;
#2027 = VERTEX_POINT ( 'NONE', #1898 ) ;
#2028 = EDGE_CURVE ( 'NONE', #74, #1817, #1510, .T. ) ;
#2029 = DIRECTION ( 'NONE',  ( -0.7071067811865512365, 2.403703357979471411E-15, -0.7071067811865439090 ) ) ;
#2030 = VECTOR ( 'NONE', #1051, 1000.000000000000114 ) ;
#2031 = DIRECTION ( 'NONE',  ( -3.652049423109067827E-16, 1.000000000000000000, 0.000000000000000000 ) ) ;
#2032 = ORIENTED_EDGE ( 'NONE', *, *, #1133, .T. ) ;
#2033 = CARTESIAN_POINT ( 'NONE',  ( -28.40000000000000213, 0.000000000000000000, 10.00000000000000000 ) ) ;
#2034 = VECTOR ( 'NONE', #354, 1000.000000000000000 ) ;
#2035 = CARTESIAN_POINT ( 'NONE',  ( 29.39999999999998792, 0.000000000000000000, 5.000000000000000000 ) ) ;
#2036 = CONICAL_SURFACE ( 'NONE', #125, 1.749999999999979794, 0.7853981633974439491 ) ;
#2037 = VECTOR ( 'NONE', #1652, 1000.000000000000000 ) ;
#2038 = DIRECTION ( 'NONE',  ( 0.000000000000000000, -0.000000000000000000, -1.000000000000000000 ) ) ;
#2039 = LINE ( 'NONE', #1708, #571 ) ;
#2040 = AXIS2_PLACEMENT_3D ( 'NONE', #1726, #2531, #729 ) ;
#2041 = ORIENTED_EDGE ( 'NONE', *, *, #181, .T. ) ;
#2042 = DIRECTION ( 'NONE',  ( 1.000000000000000000, 0.000000000000000000, 0.000000000000000000 ) ) ;
#2043 = EDGE_CURVE ( 'NONE', #2567, #2504, #1297, .T. ) ;
#2044 = VECTOR ( 'NONE', #511, 1000.000000000000000 ) ;
#2045 = ADVANCED_FACE ( 'NONE', ( #2278 ), #482, .F. ) ;
#2046 = VERTEX_POINT ( 'NONE', #879 ) ;
#2047 = DIRECTION ( 'NONE',  ( 1.000000000000000000, -0.000000000000000000, 0.000000000000000000 ) ) ;
#2048 = ADVANCED_FACE ( 'NONE', ( #2307 ), #935, .F. ) ;
#2049 = CARTESIAN_POINT ( 'NONE',  ( -25.49999999999999645, -11.90000000000000746, 5.749999999999999112 ) ) ;
#2050 = ORIENTED_EDGE ( 'NONE', *, *, #773, .F. ) ;
#2051 = ORIENTED_EDGE ( 'NONE', *, *, #52, .T. ) ;
#2052 = DIRECTION ( 'NONE',  ( 0.7071067811865451302, 0.000000000000000000, -0.7071067811865500152 ) ) ;
#2053 = EDGE_CURVE ( 'NONE', #1556, #1790, #1706, .T. ) ;
#2054 = CARTESIAN_POINT ( 'NONE',  ( 0.000000000000000000, 0.000000000000000000, 2.600000000000000089 ) ) ;
#2055 = FACE_OUTER_BOUND ( 'NONE', #1327, .T. ) ;
#2056 = CARTESIAN_POINT ( 'NONE',  ( 25.49999999999999645, -15.90000000000000746, 8.750000000000007105 ) ) ;
#2057 = ORIENTED_EDGE ( 'NONE', *, *, #575, .T. ) ;
#2058 = LINE ( 'NONE', #1807, #2340 ) ;
#2059 = EDGE_LOOP ( 'NONE', ( #1905, #1513, #1709, #940 ) ) ;
#2060 = DIRECTION ( 'NONE',  ( -0.7071067811865451302, 0.000000000000000000, -0.7071067811865500152 ) ) ;
#2061 = FACE_OUTER_BOUND ( 'NONE', #1093, .T. ) ;
#2062 = VERTEX_POINT ( 'NONE', #2108 ) ;
#2063 = ORIENTED_EDGE ( 'NONE', *, *, #360, .T. ) ;
#2064 = LINE ( 'NONE', #1883, #2512 ) ;
#2065 = CARTESIAN_POINT ( 'NONE',  ( 29.39999999999999503, 15.90000000000000746, 10.00000000000000000 ) ) ;
#2066 = EDGE_CURVE ( 'NONE', #1151, #759, #1721, .T. ) ;
#2067 = CARTESIAN_POINT ( 'NONE',  ( -21.39999999999999503, 13.90000000000000746, 3.000000000000000000 ) ) ;
#2068 = DIRECTION ( 'NONE',  ( -0.000000000000000000, -1.000000000000000000, -0.000000000000000000 ) ) ;
#2069 = EDGE_LOOP ( 'NONE', ( #1953, #179, #624, #226 ) ) ;
#2070 = LINE ( 'NONE', #2430, #39 ) ;
#2071 = ORIENTED_EDGE ( 'NONE', *, *, #1157, .F. ) ;
#2072 = LINE ( 'NONE', #1067, #1286 ) ;
#2073 = DIRECTION ( 'NONE',  ( 0.000000000000000000, 0.000000000000000000, -1.000000000000000000 ) ) ;
#2074 = ORIENTED_EDGE ( 'NONE', *, *, #1908, .T. ) ;
#2075 = VERTEX_POINT ( 'NONE', #2496 ) ;
#2076 = FACE_OUTER_BOUND ( 'NONE', #1600, .T. ) ;
#2077 = VECTOR ( 'NONE', #893, 1000.000000000000000 ) ;
#2078 = CARTESIAN_POINT ( 'NONE',  ( 25.49999999999999645, 15.40000000000002522, 5.749999999999999112 ) ) ;
#2079 = EDGE_CURVE ( 'NONE', #559, #2296, #680, .T. ) ;
#2080 = PLANE ( 'NONE',  #1044 ) ;
#2081 = EDGE_CURVE ( 'NONE', #1112, #396, #1310, .T. ) ;
#2082 = FACE_OUTER_BOUND ( 'NONE', #2135, .T. ) ;
#2083 = VECTOR ( 'NONE', #886, 1000.000000000000000 ) ;
#2084 = VECTOR ( 'NONE', #589, 1000.000000000000000 ) ;
#2085 = VERTEX_POINT ( 'NONE', #1323 ) ;
#2086 = DIRECTION ( 'NONE',  ( 0.000000000000000000, 1.000000000000000000, 0.000000000000000000 ) ) ;
#2087 = VECTOR ( 'NONE', #432, 1000.000000000000000 ) ;
#2088 = ORIENTED_EDGE ( 'NONE', *, *, #2271, .T. ) ;
#2089 = VECTOR ( 'NONE', #1623, 1000.000000000000114 ) ;
#2090 = CARTESIAN_POINT ( 'NONE',  ( 33.33431457505074746, -18.59999999999999076, 2.600000000000000089 ) ) ;
#2091 = LINE ( 'NONE', #2132, #2425 ) ;
#2092 = ORIENTED_EDGE ( 'NONE', *, *, #273, .F. ) ;
#2093 = VERTEX_POINT ( 'NONE', #122 ) ;
#2094 = DIRECTION ( 'NONE',  ( -0.7071067811865451302, 0.000000000000000000, 0.7071067811865500152 ) ) ;
#2095 = LINE ( 'NONE', #1447, #614 ) ;
#2096 = DIRECTION ( 'NONE',  ( 0.000000000000000000, -1.000000000000000000, 0.000000000000000000 ) ) ;
#2097 = CARTESIAN_POINT ( 'NONE',  ( 22.39999999999999503, 0.000000000000000000, 10.00000000000000000 ) ) ;
#2098 = ORIENTED_EDGE ( 'NONE', *, *, #1024, .T. ) ;
#2099 = CARTESIAN_POINT ( 'NONE',  ( 31.39999999999999147, -15.90000000000000746, 5.000000000000000000 ) ) ;
#2100 = ORIENTED_EDGE ( 'NONE', *, *, #190, .T. ) ;
#2101 = DIRECTION ( 'NONE',  ( -0.7071067811865474617, -0.7071067811865474617, -0.000000000000000000 ) ) ;
#2102 = EDGE_CURVE ( 'NONE', #2006, #1643, #923, .T. ) ;
#2103 = DIRECTION ( 'NONE',  ( 0.000000000000000000, -1.000000000000000000, 0.000000000000000000 ) ) ;
#2104 = ORIENTED_EDGE ( 'NONE', *, *, #1032, .T. ) ;
#2105 = EDGE_LOOP ( 'NONE', ( #491, #970, #183, #2183 ) ) ;
#2106 = LINE ( 'NONE', #2525, #2337 ) ;
#2107 = LINE ( 'NONE', #2508, #1448 ) ;
#2108 = CARTESIAN_POINT ( 'NONE',  ( 25.49999999999999645, -15.40000000000001457, 8.250000000000000000 ) ) ;
#2109 = CARTESIAN_POINT ( 'NONE',  ( 21.39999999999999503, 13.90000000000000746, 5.000000000000000000 ) ) ;
#2110 = ADVANCED_FACE ( 'NONE', ( #726 ), #2080, .F. ) ;
#2111 = LINE ( 'NONE', #1106, #963 ) ;
#2112 = ADVANCED_FACE ( 'NONE', ( #1930 ), #136, .T. ) ;
#2113 = ORIENTED_EDGE ( 'NONE', *, *, #691, .T. ) ;
#2114 = CARTESIAN_POINT ( 'NONE',  ( -29.39999999999999503, -15.90000000000000746, 9.000000000000000000 ) ) ;
#2115 = EDGE_CURVE ( 'NONE', #1756, #1415, #2162, .T. ) ;
#2116 = CARTESIAN_POINT ( 'NONE',  ( -13.09999999999999432, 13.90000000000000746, 4.000000000000000888 ) ) ;
#2117 = VECTOR ( 'NONE', #725, 1000.000000000000000 ) ;
#2118 = EDGE_LOOP ( 'NONE', ( #704, #781, #1095, #2273, #664, #1505, #1498, #1990 ) ) ;
#2119 = CARTESIAN_POINT ( 'NONE',  ( -34.10000000000000853, 17.83431457505075812, 2.600000000000000089 ) ) ;
#2120 = DIRECTION ( 'NONE',  ( 0.000000000000000000, 0.000000000000000000, 1.000000000000000000 ) ) ;
#2121 = PLANE ( 'NONE',  #707 ) ;
#2122 = DIRECTION ( 'NONE',  ( 0.000000000000000000, 0.000000000000000000, -1.000000000000000000 ) ) ;
#2123 = AXIS2_PLACEMENT_3D ( 'NONE', #824, #1620, #2426 ) ;
#2124 = LINE ( 'NONE', #1173, #908 ) ;
#2125 = ADVANCED_FACE ( 'NONE', ( #1761 ), #2333, .T. ) ;
#2126 = DIRECTION ( 'NONE',  ( 0.000000000000000000, 1.000000000000000000, -0.000000000000000000 ) ) ;
#2127 = AXIS2_PLACEMENT_3D ( 'NONE', #1533, #1386, #194 ) ;
#2128 = ORIENTED_EDGE ( 'NONE', *, *, #1205, .F. ) ;
#2129 = EDGE_CURVE ( 'NONE', #2543, #428, #366, .T. ) ;
#2130 = CARTESIAN_POINT ( 'NONE',  ( -33.33431457505075457, 18.60000000000000497, 2.600000000000000089 ) ) ;
#2131 = AXIS2_PLACEMENT_3D ( 'NONE', #1396, #1566, #401 ) ;
#2132 = CARTESIAN_POINT ( 'NONE',  ( 29.39999999999999503, -11.90000000000000746, 3.000000000000000000 ) ) ;
#2133 = CIRCLE ( 'NONE', #2382, 1.250000000000001110 ) ;
#2134 = VERTEX_POINT ( 'NONE', #2188 ) ;
#2135 = EDGE_LOOP ( 'NONE', ( #43, #260, #1054, #234 ) ) ;
#2136 = LINE ( 'NONE', #2204, #1622 ) ;
#2137 = EDGE_CURVE ( 'NONE', #1100, #1285, #392, .T. ) ;
#2138 = DIRECTION ( 'NONE',  ( 0.000000000000000000, 1.000000000000000000, 0.000000000000000000 ) ) ;
#2139 = FACE_BOUND ( 'NONE', #218, .T. ) ;
#2140 = EDGE_CURVE ( 'NONE', #2093, #1542, #1543, .T. ) ;
#2141 = CARTESIAN_POINT ( 'NONE',  ( -28.40000000000000213, -15.90000000000000746, 10.00000000000000000 ) ) ;
#2142 = CARTESIAN_POINT ( 'NONE',  ( -33.99999999999999289, 18.00000000000000000, 0.5000000000000039968 ) ) ;
#2143 = ORIENTED_EDGE ( 'NONE', *, *, #2028, .T. ) ;
#2144 = PLANE ( 'NONE',  #2171 ) ;
#2145 = APPLICATION_CONTEXT ( 'automotive_design' ) ;
#2146 = CARTESIAN_POINT ( 'NONE',  ( -33.33431457505075457, 18.60000000000000497, 2.600000000000000089 ) ) ;
#2147 = ORIENTED_EDGE ( 'NONE', *, *, #2441, .T. ) ;
#2148 = ORIENTED_EDGE ( 'NONE', *, *, #1570, .T. ) ;
#2149 = CARTESIAN_POINT ( 'NONE',  ( 25.49999999999999645, -15.40000000000001457, 5.749999999999999112 ) ) ;
#2150 = FACE_OUTER_BOUND ( 'NONE', #968, .T. ) ;
#2151 = ORIENTED_EDGE ( 'NONE', *, *, #1999, .F. ) ;
#2152 = DIRECTION ( 'NONE',  ( 1.000000000000000000, 3.652049423109067827E-16, -0.000000000000000000 ) ) ;
#2153 = CARTESIAN_POINT ( 'NONE',  ( -29.39999999999999503, -15.90000000000000746, 5.000000000000000000 ) ) ;
#2154 = EDGE_CURVE ( 'NONE', #2228, #1613, #991, .T. ) ;
#2155 = DIRECTION ( 'NONE',  ( 0.000000000000000000, 1.000000000000000000, 0.000000000000000000 ) ) ;
#2156 = EDGE_LOOP ( 'NONE', ( #1291, #551, #843, #313 ) ) ;
#2157 = EDGE_LOOP ( 'NONE', ( #188, #2480 ) ) ;
#2158 = ORIENTED_EDGE ( 'NONE', *, *, #2583, .T. ) ;
#2159 = CARTESIAN_POINT ( 'NONE',  ( 34.50000000000000000, 18.00000000000000000, 3.000000000000000000 ) ) ;
#2160 = ORIENTED_EDGE ( 'NONE', *, *, #966, .F. ) ;
#2161 = EDGE_CURVE ( 'NONE', #391, #527, #1143, .T. ) ;
#2162 = LINE ( 'NONE', #786, #1379 ) ;
#2163 = EDGE_CURVE ( 'NONE', #2504, #1556, #777, .T. ) ;
#2164 = DIRECTION ( 'NONE',  ( 0.000000000000000000, 0.000000000000000000, 1.000000000000000000 ) ) ;
#2165 = LINE ( 'NONE', #2350, #1459 ) ;
#2166 = EDGE_CURVE ( 'NONE', #2481, #1283, #767, .T. ) ;
#2167 = AXIS2_PLACEMENT_3D ( 'NONE', #850, #649, #263 ) ;
#2168 = ORIENTED_EDGE ( 'NONE', *, *, #1450, .T. ) ;
#2169 = VECTOR ( 'NONE', #810, 1000.000000000000000 ) ;
#2170 = AXIS2_PLACEMENT_3D ( 'NONE', #1059, #1506, #1293 ) ;
#2171 = AXIS2_PLACEMENT_3D ( 'NONE', #305, #1512, #81 ) ;
#2172 = ORIENTED_EDGE ( 'NONE', *, *, #262, .T. ) ;
#2173 = AXIS2_PLACEMENT_3D ( 'NONE', #2420, #623, #2221 ) ;
#2174 = VERTEX_POINT ( 'NONE', #1338 ) ;
#2175 = VECTOR ( 'NONE', #486, 1000.000000000000000 ) ;
#2176 = PLANE ( 'NONE',  #663 ) ;
#2177 = ORIENTED_EDGE ( 'NONE', *, *, #1581, .F. ) ;
#2178 = VECTOR ( 'NONE', #2096, 1000.000000000000000 ) ;
#2179 = DIRECTION ( 'NONE',  ( -0.000000000000000000, -1.000000000000000000, -0.000000000000000000 ) ) ;
#2180 = DIRECTION ( 'NONE',  ( 0.000000000000000000, -1.000000000000000000, 0.000000000000000000 ) ) ;
#2181 = CARTESIAN_POINT ( 'NONE',  ( -33.49999999999999289, 19.00000000000000711, 1.000000000000007772 ) ) ;
#2182 = ORIENTED_EDGE ( 'NONE', *, *, #1755, .T. ) ;
#2183 = ORIENTED_EDGE ( 'NONE', *, *, #1842, .F. ) ;
#2184 = EDGE_CURVE ( 'NONE', #745, #2592, #2540, .T. ) ;
#2185 = CARTESIAN_POINT ( 'NONE',  ( 29.39999999999998792, 0.000000000000000000, 3.000000000000000000 ) ) ;
#2186 = CARTESIAN_POINT ( 'NONE',  ( -25.49999999999999645, 15.90000000000000746, 7.000000000000000000 ) ) ;
#2187 = ORIENTED_EDGE ( 'NONE', *, *, #2311, .T. ) ;
#2188 = CARTESIAN_POINT ( 'NONE',  ( -22.39999999999999503, -15.90000000000000746, 10.00000000000000000 ) ) ;
#2189 = CARTESIAN_POINT ( 'NONE',  ( -21.39999999999999503, 0.000000000000000000, 3.000000000000000000 ) ) ;
#2190 = CARTESIAN_POINT ( 'NONE',  ( -28.40000000000000213, 0.000000000000000000, 10.00000000000000000 ) ) ;
#2191 = ORIENTED_EDGE ( 'NONE', *, *, #499, .T. ) ;
#2192 = ADVANCED_FACE ( 'NONE', ( #2139, #971 ), #2386, .T. ) ;
#2193 = ORIENTED_EDGE ( 'NONE', *, *, #1039, .F. ) ;
#2194 = PLANE ( 'NONE',  #76 ) ;
#2195 = EDGE_CURVE ( 'NONE', #826, #1415, #1770, .T. ) ;
#2196 = DIRECTION ( 'NONE',  ( 0.7071067811865491270, 0.7071067811865459074, 0.000000000000000000 ) ) ;
#2197 = ORIENTED_EDGE ( 'NONE', *, *, #1576, .T. ) ;
#2198 = DIRECTION ( 'NONE',  ( -0.7071067811865500152, -0.000000000000000000, 0.7071067811865451302 ) ) ;
#2199 = CARTESIAN_POINT ( 'NONE',  ( -29.39999999999999503, 11.90000000000000746, 10.00000000000000000 ) ) ;
#2200 = LINE ( 'NONE', #1428, #1966 ) ;
#2201 = VECTOR ( 'NONE', #1191, 1000.000000000000114 ) ;
#2202 = PRODUCT_RELATED_PRODUCT_CATEGORY ( 'part', '', ( #1165 ) ) ;
#2203 = ORIENTED_EDGE ( 'NONE', *, *, #190, .F. ) ;
#2204 = CARTESIAN_POINT ( 'NONE',  ( 21.39999999999999503, 15.90000000000000746, 10.00000000000000000 ) ) ;
#2205 = VECTOR ( 'NONE', #1585, 1000.000000000000000 ) ;
#2206 = ORIENTED_EDGE ( 'NONE', *, *, #2163, .F. ) ;
#2207 = CARTESIAN_POINT ( 'NONE',  ( 31.39999999999999147, 15.90000000000000746, 5.000000000000000000 ) ) ;
#2208 = VECTOR ( 'NONE', #227, 1000.000000000000114 ) ;
#2209 = DIRECTION ( 'NONE',  ( -0.000000000000000000, 1.000000000000000000, -0.000000000000000000 ) ) ;
#2210 = CIRCLE ( 'NONE', #1827, 1.250000000000000222 ) ;
#2211 = ORIENTED_EDGE ( 'NONE', *, *, #1973, .F. ) ;
#2212 = CARTESIAN_POINT ( 'NONE',  ( 22.39999999999999503, -11.90000000000000746, 10.00000000000000000 ) ) ;
#2213 = CIRCLE ( 'NONE', #205, 1.749999999999979794 ) ;
#2214 = PLANE ( 'NONE',  #1785 ) ;
#2215 = ADVANCED_FACE ( 'NONE', ( #1954 ), #161, .F. ) ;
#2216 = CARTESIAN_POINT ( 'NONE',  ( -22.39999999999999503, 15.90000000000000746, 10.00000000000000000 ) ) ;
#2217 = EDGE_LOOP ( 'NONE', ( #459, #1010, #1853, #1797 ) ) ;
#2218 = LINE ( 'NONE', #1219, #711 ) ;
#2219 = ORIENTED_EDGE ( 'NONE', *, *, #1665, .T. ) ;
#2220 = LINE ( 'NONE', #2582, #1081 ) ;
#2221 = DIRECTION ( 'NONE',  ( 0.000000000000000000, 0.000000000000000000, -1.000000000000000000 ) ) ;
#2222 = ORIENTED_EDGE ( 'NONE', *, *, #848, .T. ) ;
#2223 = CARTESIAN_POINT ( 'NONE',  ( -21.39999999999999503, 15.90000000000000746, 5.000000000000000000 ) ) ;
#2224 = LINE ( 'NONE', #1399, #653 ) ;
#2225 = EDGE_CURVE ( 'NONE', #1220, #1542, #563, .T. ) ;
#2226 = VERTEX_POINT ( 'NONE', #753 ) ;
#2227 = CARTESIAN_POINT ( 'NONE',  ( -25.49999999999999645, 19.00000000000000711, 7.000000000000000000 ) ) ;
#2228 = VERTEX_POINT ( 'NONE', #1359 ) ;
#2229 = DIRECTION ( 'NONE',  ( -1.826024711554533913E-16, -1.000000000000000000, 0.000000000000000000 ) ) ;
#2230 = CARTESIAN_POINT ( 'NONE',  ( -33.49999999999997868, -18.99999999999999289, 3.000000000000000000 ) ) ;
#2231 = ORIENTED_EDGE ( 'NONE', *, *, #1892, .T. ) ;
#2232 = DIRECTION ( 'NONE',  ( 0.000000000000000000, -1.000000000000000000, 0.000000000000000000 ) ) ;
#2233 = FACE_OUTER_BOUND ( 'NONE', #718, .T. ) ;
#2234 = ADVANCED_FACE ( 'NONE', ( #1549 ), #1986, .F. ) ;
#2235 = SURFACE_SIDE_STYLE ('',( #232 ) ) ;
#2236 = EDGE_CURVE ( 'NONE', #2343, #192, #960, .T. ) ;
#2237 = ORIENTED_EDGE ( 'NONE', *, *, #1773, .F. ) ;
#2238 = LINE ( 'NONE', #1053, #1335 ) ;
#2239 = EDGE_CURVE ( 'NONE', #734, #1341, #2587, .T. ) ;
#2240 = ORIENTED_EDGE ( 'NONE', *, *, #2102, .F. ) ;
#2241 = CARTESIAN_POINT ( 'NONE',  ( -21.39999999999999503, -15.90000000000000746, 10.00000000000000000 ) ) ;
#2242 = VECTOR ( 'NONE', #981, 1000.000000000000000 ) ;
#2243 = CARTESIAN_POINT ( 'NONE',  ( 29.39999999999999503, -11.90000000000000746, 10.00000000000000000 ) ) ;
#2244 = VECTOR ( 'NONE', #1238, 1000.000000000000000 ) ;
#2245 = VERTEX_POINT ( 'NONE', #2000 ) ;
#2246 = ORIENTED_EDGE ( 'NONE', *, *, #1039, .T. ) ;
#2247 = CARTESIAN_POINT ( 'NONE',  ( 21.39999999999999503, -15.90000000000000746, 5.000000000000000000 ) ) ;
#2248 = AXIS2_PLACEMENT_3D ( 'NONE', #1180, #1394, #1189 ) ;
#2249 = VECTOR ( 'NONE', #1398, 1000.000000000000000 ) ;
#2250 = FACE_OUTER_BOUND ( 'NONE', #478, .T. ) ;
#2251 = DIRECTION ( 'NONE',  ( -1.000000000000000000, 0.000000000000000000, 0.000000000000000000 ) ) ;
#2252 = CARTESIAN_POINT ( 'NONE',  ( -34.50000000000000000, 18.00000000000000000, 1.000000000000007772 ) ) ;
#2253 = VECTOR ( 'NONE', #64, 1000.000000000000000 ) ;
#2254 = ORIENTED_EDGE ( 'NONE', *, *, #686, .T. ) ;
#2255 = CARTESIAN_POINT ( 'NONE',  ( -34.49999999999998579, -17.99999999999998579, 2.600000000000000089 ) ) ;
#2256 = EDGE_LOOP ( 'NONE', ( #654, #747, #2476, #1382 ) ) ;
#2257 = DIRECTION ( 'NONE',  ( 1.000000000000000000, 0.000000000000000000, -0.000000000000000000 ) ) ;
#2258 = EDGE_CURVE ( 'NONE', #386, #1946, #331, .T. ) ;
#2259 = DIRECTION ( 'NONE',  ( 0.000000000000000000, 0.000000000000000000, -1.000000000000000000 ) ) ;
#2260 = VERTEX_POINT ( 'NONE', #1408 ) ;
#2261 = EDGE_LOOP ( 'NONE', ( #2408, #1234, #2203 ) ) ;
#2262 = FACE_OUTER_BOUND ( 'NONE', #2595, .T. ) ;
#2263 = CARTESIAN_POINT ( 'NONE',  ( 34.10000000000000142, 17.83431457505076523, 3.000000000000000000 ) ) ;
#2264 = DIRECTION ( 'NONE',  ( 0.000000000000000000, -1.000000000000000000, 0.000000000000000000 ) ) ;
#2265 = CARTESIAN_POINT ( 'NONE',  ( 31.39999999999999147, -15.90000000000000746, 3.000000000000000000 ) ) ;
#2266 = ORIENTED_EDGE ( 'NONE', *, *, #1777, .F. ) ;
#2267 = CARTESIAN_POINT ( 'NONE',  ( -21.39999999999999503, 0.000000000000000000, 5.000000000000000000 ) ) ;
#2268 = ORIENTED_EDGE ( 'NONE', *, *, #2324, .F. ) ;
#2269 = ADVANCED_FACE ( 'NONE', ( #1236 ), #1814, .F. ) ;
#2270 = PLANE ( 'NONE',  #1033 ) ;
#2271 = EDGE_CURVE ( 'NONE', #1155, #386, #1633, .T. ) ;
#2272 = DIRECTION ( 'NONE',  ( 0.000000000000000000, -1.000000000000000000, 0.000000000000000000 ) ) ;
#2273 = ORIENTED_EDGE ( 'NONE', *, *, #2003, .F. ) ;
#2274 = ORIENTED_EDGE ( 'NONE', *, *, #526, .F. ) ;
#2275 = CARTESIAN_POINT ( 'NONE',  ( 22.39999999999999503, 11.90000000000000746, 10.00000000000000000 ) ) ;
#2276 = EDGE_CURVE ( 'NONE', #2245, #1916, #209, .T. ) ;
#2277 = DIRECTION ( 'NONE',  ( 0.000000000000000000, 0.000000000000000000, 1.000000000000000000 ) ) ;
#2278 = FACE_OUTER_BOUND ( 'NONE', #1718, .T. ) ;
#2279 = DIRECTION ( 'NONE',  ( 0.000000000000000000, 0.7071067811865506814, 0.7071067811865443531 ) ) ;
#2280 = VERTEX_POINT ( 'NONE', #2409 ) ;
#2281 = CARTESIAN_POINT ( 'NONE',  ( -34.10000000000000853, 17.83431457505075812, 2.600000000000000089 ) ) ;
#2282 = ORIENTED_EDGE ( 'NONE', *, *, #1266, .F. ) ;
#2283 = LINE ( 'NONE', #1879, #238 ) ;
#2284 = PLANE ( 'NONE',  #290 ) ;
#2285 = ORIENTED_EDGE ( 'NONE', *, *, #1350, .F. ) ;
#2286 = ORIENTED_EDGE ( 'NONE', *, *, #2557, .F. ) ;
#2287 = PLANE ( 'NONE',  #1371 ) ;
#2288 = VECTOR ( 'NONE', #1296, 1000.000000000000000 ) ;
#2289 = LINE ( 'NONE', #495, #2288 ) ;
#2290 = CARTESIAN_POINT ( 'NONE',  ( 21.39999999999999503, -13.90000000000000746, 5.000000000000000000 ) ) ;
#2291 = VECTOR ( 'NONE', #665, 1000.000000000000114 ) ;
#2292 = CARTESIAN_POINT ( 'NONE',  ( 0.000000000000000000, 13.90000000000000746, 3.000000000000000000 ) ) ;
#2293 = AXIS2_PLACEMENT_3D ( 'NONE', #112, #1137, #1516 ) ;
#2294 = EDGE_CURVE ( 'NONE', #1529, #2581, #648, .T. ) ;
#2295 = VECTOR ( 'NONE', #1214, 1000.000000000000000 ) ;
#2296 = VERTEX_POINT ( 'NONE', #453 ) ;
#2297 = CARTESIAN_POINT ( 'NONE',  ( 21.39999999999999503, 13.90000000000000746, 3.000000000000000000 ) ) ;
#2298 = VECTOR ( 'NONE', #1638, 1000.000000000000000 ) ;
#2299 = ORIENTED_EDGE ( 'NONE', *, *, #22, .T. ) ;
#2300 = AXIS2_PLACEMENT_3D ( 'NONE', #1535, #2126, #1284 ) ;
#2301 = CARTESIAN_POINT ( 'NONE',  ( 22.39999999999999503, -15.90000000000000746, 10.00000000000000000 ) ) ;
#2302 = DIRECTION ( 'NONE',  ( -0.000000000000000000, -0.000000000000000000, 1.000000000000000000 ) ) ;
#2303 = ORIENTED_EDGE ( 'NONE', *, *, #964, .T. ) ;
#2304 = EDGE_LOOP ( 'NONE', ( #160, #975, #1403, #1873 ) ) ;
#2305 = CARTESIAN_POINT ( 'NONE',  ( 0.000000000000000000, 0.000000000000000000, 0.000000000000000000 ) ) ;
#2306 = CARTESIAN_POINT ( 'NONE',  ( -21.39999999999999503, -13.90000000000000746, 5.000000000000000000 ) ) ;
#2307 = FACE_OUTER_BOUND ( 'NONE', #2524, .T. ) ;
#2308 = FACE_OUTER_BOUND ( 'NONE', #1258, .T. ) ;
#2309 = ORIENTED_EDGE ( 'NONE', *, *, #1073, .F. ) ;
#2310 = CARTESIAN_POINT ( 'NONE',  ( -25.49999999999999645, 11.90000000000000746, 8.250000000000000000 ) ) ;
#2311 = EDGE_CURVE ( 'NONE', #816, #1653, #1791, .T. ) ;
#2312 = ORIENTED_EDGE ( 'NONE', *, *, #2140, .F. ) ;
#2313 = DIRECTION ( 'NONE',  ( -1.000000000000000000, 0.000000000000000000, 0.000000000000000000 ) ) ;
#2314 = DIRECTION ( 'NONE',  ( 1.000000000000000000, 0.000000000000000000, 0.000000000000000000 ) ) ;
#2315 = EDGE_LOOP ( 'NONE', ( #1786, #1356, #531, #6, #546, #1519 ) ) ;
#2316 = ORIENTED_EDGE ( 'NONE', *, *, #1392, .T. ) ;
#2317 = DIRECTION ( 'NONE',  ( 0.000000000000000000, 0.000000000000000000, -1.000000000000000000 ) ) ;
#2318 = LINE ( 'NONE', #522, #2327 ) ;
#2319 = DIRECTION ( 'NONE',  ( -1.000000000000000000, 0.000000000000000000, 0.000000000000000000 ) ) ;
#2320 = DIRECTION ( 'NONE',  ( -0.000000000000000000, 0.000000000000000000, -1.000000000000000000 ) ) ;
#2321 = PLANE ( 'NONE',  #758 ) ;
#2322 = EDGE_CURVE ( 'NONE', #543, #1817, #2012, .T. ) ;
#2323 = ORIENTED_EDGE ( 'NONE', *, *, #1036, .T. ) ;
#2324 = EDGE_CURVE ( 'NONE', #2245, #1643, #1005, .T. ) ;
#2325 = CARTESIAN_POINT ( 'NONE',  ( 31.39999999999999147, 15.90000000000000746, 5.000000000000000000 ) ) ;
#2326 = PLANE ( 'NONE',  #998 ) ;
#2327 = VECTOR ( 'NONE', #550, 1000.000000000000000 ) ;
#2328 = EDGE_LOOP ( 'NONE', ( #1080, #2182, #607, #340 ) ) ;
#2329 = EDGE_CURVE ( 'NONE', #1580, #1769, #802, .T. ) ;
#2330 = ORIENTED_EDGE ( 'NONE', *, *, #2434, .F. ) ;
#2331 = LINE ( 'NONE', #736, #494 ) ;
#2332 = CARTESIAN_POINT ( 'NONE',  ( 25.49999999999999645, 15.90000000000000746, 5.250000000000020428 ) ) ;
#2333 = PLANE ( 'NONE',  #2127 ) ;
#2334 = LINE ( 'NONE', #346, #1326 ) ;
#2335 = FACE_OUTER_BOUND ( 'NONE', #1453, .T. ) ;
#2336 = VECTOR ( 'NONE', #1421, 1000.000000000000000 ) ;
#2337 = VECTOR ( 'NONE', #2482, 1000.000000000000000 ) ;
#2338 = EDGE_LOOP ( 'NONE', ( #90, #1960, #1618, #1139 ) ) ;
#2339 = CARTESIAN_POINT ( 'NONE',  ( 33.49999999999998579, -18.99999999999999289, 1.000000000000007772 ) ) ;
#2340 = VECTOR ( 'NONE', #1439, 1000.000000000000000 ) ;
#2341 = LINE ( 'NONE', #733, #1919 ) ;
#2342 = VECTOR ( 'NONE', #1437, 1000.000000000000114 ) ;
#2343 = VERTEX_POINT ( 'NONE', #849 ) ;
#2344 = ORIENTED_EDGE ( 'NONE', *, *, #1362, .T. ) ;
#2345 = CARTESIAN_POINT ( 'NONE',  ( 28.40000000000000213, -11.90000000000000746, 10.00000000000000000 ) ) ;
#2346 = EDGE_CURVE ( 'NONE', #881, #2015, #1048, .T. ) ;
#2347 = CARTESIAN_POINT ( 'NONE',  ( 29.39999999999999503, 11.90000000000000746, 3.000000000000000000 ) ) ;
#2348 = CARTESIAN_POINT ( 'NONE',  ( -34.50000000000000000, 19.00000000000000711, 3.000000000000000000 ) ) ;
#2349 = CARTESIAN_POINT ( 'NONE',  ( 29.39999999999999503, -11.90000000000000746, 10.00000000000000000 ) ) ;
#2350 = CARTESIAN_POINT ( 'NONE',  ( 29.39999999999999503, 11.90000000000000746, 10.00000000000000000 ) ) ;
#2351 = VERTEX_POINT ( 'NONE', #2223 ) ;
#2352 = DIRECTION ( 'NONE',  ( 0.7071067811865475727, -0.7071067811865475727, 0.000000000000000000 ) ) ;
#2353 = LINE ( 'NONE', #1289, #126 ) ;
#2354 = EDGE_LOOP ( 'NONE', ( #1667, #722, #1069, #437 ) ) ;
#2355 = ORIENTED_EDGE ( 'NONE', *, *, #990, .F. ) ;
#2356 = ADVANCED_FACE ( 'NONE', ( #1619 ), #7, .T. ) ;
#2357 = EDGE_CURVE ( 'NONE', #398, #1790, #813, .T. ) ;
#2358 = LINE ( 'NONE', #2306, #2462 ) ;
#2359 = EDGE_LOOP ( 'NONE', ( #1754, #204, #1332, #143 ) ) ;
#2360 = EDGE_CURVE ( 'NONE', #1702, #634, #1825, .T. ) ;
#2361 = DIRECTION ( 'NONE',  ( 0.000000000000000000, 0.000000000000000000, 1.000000000000000000 ) ) ;
#2362 = CARTESIAN_POINT ( 'NONE',  ( 29.39999999999999503, -11.90000000000000746, 10.00000000000000000 ) ) ;
#2363 = PLANE ( 'NONE',  #1337 ) ;
#2364 = EDGE_LOOP ( 'NONE', ( #2285, #56, #1047, #285 ) ) ;
#2365 = ORIENTED_EDGE ( 'NONE', *, *, #1609, .T. ) ;
#2366 = ORIENTED_EDGE ( 'NONE', *, *, #1970, .F. ) ;
#2367 = DIRECTION ( 'NONE',  ( 0.000000000000000000, 1.000000000000000000, -0.000000000000000000 ) ) ;
#2368 = ORIENTED_EDGE ( 'NONE', *, *, #2577, .F. ) ;
#2369 = DIRECTION ( 'NONE',  ( 1.000000000000000000, 0.000000000000000000, 0.000000000000000000 ) ) ;
#2370 = CARTESIAN_POINT ( 'NONE',  ( -33.33431457505074746, -18.59999999999999076, 2.600000000000000089 ) ) ;
#2371 = DIRECTION ( 'NONE',  ( 1.000000000000000000, -0.000000000000000000, -0.000000000000000000 ) ) ;
#2372 = AXIS2_PLACEMENT_3D ( 'NONE', #318, #2164, #1932 ) ;
#2373 = EDGE_CURVE ( 'NONE', #1314, #1881, #612, .T. ) ;
#2374 = EDGE_LOOP ( 'NONE', ( #2299, #408, #1765, #657 ) ) ;
#2375 = VECTOR ( 'NONE', #349, 1000.000000000000000 ) ;
#2376 = VECTOR ( 'NONE', #709, 1000.000000000000000 ) ;
#2377 = AXIS2_PLACEMENT_3D ( 'NONE', #1967, #1374, #2361 ) ;
#2378 = VECTOR ( 'NONE', #1858, 1000.000000000000000 ) ;
#2379 = ORIENTED_EDGE ( 'NONE', *, *, #2017, .F. ) ;
#2380 = VECTOR ( 'NONE', #821, 1000.000000000000000 ) ;
#2381 = FACE_BOUND ( 'NONE', #2157, .T. ) ;
#2382 = AXIS2_PLACEMENT_3D ( 'NONE', #359, #1159, #2442 ) ;
#2383 = DIRECTION ( 'NONE',  ( -0.7071067811865459074, 0.7071067811865491270, 0.000000000000000000 ) ) ;
#2384 = EDGE_LOOP ( 'NONE', ( #1819, #2585, #1639, #1626 ) ) ;
#2385 = AXIS2_PLACEMENT_3D ( 'NONE', #904, #523, #1074 ) ;
#2386 = PLANE ( 'NONE',  #1412 ) ;
#2387 = EDGE_CURVE ( 'NONE', #527, #2228, #2423, .T. ) ;
#2388 = CARTESIAN_POINT ( 'NONE',  ( -25.49999999999999645, -15.90000000000000746, 5.249999999999971578 ) ) ;
#2389 = DIRECTION ( 'NONE',  ( 0.000000000000000000, -1.000000000000000000, 0.000000000000000000 ) ) ;
#2390 = EDGE_CURVE ( 'NONE', #847, #1112, #1224, .T. ) ;
#2391 = UNCERTAINTY_MEASURE_WITH_UNIT (LENGTH_MEASURE( 1.000000000000000082E-05 ), #749, 'distance_accuracy_value', 'NONE');
#2392 = VERTEX_POINT ( 'NONE', #2247 ) ;
#2393 = ADVANCED_FACE ( 'NONE', ( #2439 ), #636, .T. ) ;
#2394 = DIRECTION ( 'NONE',  ( 0.000000000000000000, 0.000000000000000000, -1.000000000000000000 ) ) ;
#2395 = EDGE_LOOP ( 'NONE', ( #846, #1494, #2344, #237 ) ) ;
#2396 = CARTESIAN_POINT ( 'NONE',  ( 31.39999999999999147, 15.90000000000000746, 5.000000000000000000 ) ) ;
#2397 = DIRECTION ( 'NONE',  ( 0.000000000000000000, 0.000000000000000000, 1.000000000000000000 ) ) ;
#2398 = ORIENTED_EDGE ( 'NONE', *, *, #1821, .T. ) ;
#2399 = CARTESIAN_POINT ( 'NONE',  ( 33.33431457505074746, -18.59999999999999076, 3.000000000000000000 ) ) ;
#2400 = DIRECTION ( 'NONE',  ( 1.000000000000000000, 0.000000000000000000, 0.000000000000000000 ) ) ;
#2401 = LINE ( 'NONE', #769, #82 ) ;
#2402 = VERTEX_POINT ( 'NONE', #1277 ) ;
#2403 = ADVANCED_FACE ( 'NONE', ( #1703 ), #1658, .F. ) ;
#2404 = ORIENTED_EDGE ( 'NONE', *, *, #1602, .T. ) ;
#2405 = CARTESIAN_POINT ( 'NONE',  ( 34.49999999999999289, -17.99999999999998579, 3.000000000000000000 ) ) ;
#2406 = EDGE_CURVE ( 'NONE', #277, #2481, #2106, .T. ) ;
#2407 = DIRECTION ( 'NONE',  ( 0.000000000000000000, 0.000000000000000000, -1.000000000000000000 ) ) ;
#2408 = ORIENTED_EDGE ( 'NONE', *, *, #342, .T. ) ;
#2409 = CARTESIAN_POINT ( 'NONE',  ( 31.39999999999999147, -15.90000000000000746, 3.000000000000000000 ) ) ;
#2410 = LINE ( 'NONE', #2199, #407 ) ;
#2411 = LINE ( 'NONE', #1816, #454 ) ;
#2412 = ORIENTED_EDGE ( 'NONE', *, *, #2529, .T. ) ;
#2413 = DIRECTION ( 'NONE',  ( 0.000000000000000000, -1.000000000000000000, 0.000000000000000000 ) ) ;
#2414 = DIRECTION ( 'NONE',  ( 0.000000000000000000, 0.000000000000000000, 1.000000000000000000 ) ) ;
#2415 = VECTOR ( 'NONE', #220, 1000.000000000000000 ) ;
#2416 = ORIENTED_EDGE ( 'NONE', *, *, #2387, .T. ) ;
#2417 = CARTESIAN_POINT ( 'NONE',  ( -25.49999999999999645, 11.90000000000000746, 7.000000000000000000 ) ) ;
#2418 = PRODUCT_DEFINITION_SHAPE ( 'NONE', 'NONE',  #2598 ) ;
#2419 = VECTOR ( 'NONE', #1232, 1000.000000000000114 ) ;
#2420 = CARTESIAN_POINT ( 'NONE',  ( -25.49999999999999645, 15.40000000000002522, 7.000000000000000000 ) ) ;
#2421 = VECTOR ( 'NONE', #419, 1000.000000000000114 ) ;
#2422 = ORIENTED_EDGE ( 'NONE', *, *, #15, .T. ) ;
#2423 = LINE ( 'NONE', #2033, #1915 ) ;
#2424 = ADVANCED_FACE ( 'NONE', ( #1070 ), #509, .F. ) ;
#2425 = VECTOR ( 'NONE', #2314, 1000.000000000000000 ) ;
#2426 = DIRECTION ( 'NONE',  ( 0.000000000000000000, 0.000000000000000000, -1.000000000000000000 ) ) ;
#2427 = AXIS2_PLACEMENT_3D ( 'NONE', #334, #2499, #1340 ) ;
#2428 = LINE ( 'NONE', #456, #2089 ) ;
#2429 = ORIENTED_EDGE ( 'NONE', *, *, #1347, .F. ) ;
#2430 = CARTESIAN_POINT ( 'NONE',  ( -33.33431457505074746, -18.59999999999999076, 3.000000000000000000 ) ) ;
#2431 = ADVANCED_FACE ( 'NONE', ( #2076 ), #493, .F. ) ;
#2432 = EDGE_LOOP ( 'NONE', ( #569, #1676, #2437, #2231, #1759, #1891, #110, #98, #69, #1558, #2282 ) ) ;
#2433 = CARTESIAN_POINT ( 'NONE',  ( -31.39999999999999858, 15.90000000000000746, 3.000000000000000000 ) ) ;
#2434 = EDGE_CURVE ( 'NONE', #255, #2260, #2210, .T. ) ;
#2435 = VECTOR ( 'NONE', #2007, 1000.000000000000000 ) ;
#2436 = CARTESIAN_POINT ( 'NONE',  ( 21.39999999999999503, -11.90000000000000746, 8.999999999999992895 ) ) ;
#2437 = ORIENTED_EDGE ( 'NONE', *, *, #152, .F. ) ;
#2438 = EDGE_CURVE ( 'NONE', #1653, #866, #1720, .T. ) ;
#2439 = FACE_OUTER_BOUND ( 'NONE', #1407, .T. ) ;
#2440 = CARTESIAN_POINT ( 'NONE',  ( 29.39999999999999503, 11.90000000000000746, 10.00000000000000000 ) ) ;
#2441 = EDGE_CURVE ( 'NONE', #558, #1998, #1854, .T. ) ;
#2442 = DIRECTION ( 'NONE',  ( 0.000000000000000000, 0.000000000000000000, -1.000000000000000000 ) ) ;
#2443 = CIRCLE ( 'NONE', #520, 1.749999999999979794 ) ;
#2444 = ORIENTED_EDGE ( 'NONE', *, *, #2276, .T. ) ;
#2445 = PLANE ( 'NONE',  #1175 ) ;
#2446 = ORIENTED_EDGE ( 'NONE', *, *, #1122, .T. ) ;
#2447 = DIRECTION ( 'NONE',  ( 0.000000000000000000, 0.000000000000000000, -1.000000000000000000 ) ) ;
#2448 = DIRECTION ( 'NONE',  ( 8.659560562355047490E-17, -0.7071067811865383579, 0.7071067811865567876 ) ) ;
#2449 = VERTEX_POINT ( 'NONE', #723 ) ;
#2450 = ORIENTED_EDGE ( 'NONE', *, *, #2360, .F. ) ;
#2451 = CARTESIAN_POINT ( 'NONE',  ( 22.39999999999999503, 0.000000000000000000, 10.00000000000000000 ) ) ;
#2452 = FACE_BOUND ( 'NONE', #2118, .T. ) ;
#2453 = CARTESIAN_POINT ( 'NONE',  ( -28.40000000000000213, -15.90000000000000746, 10.00000000000000000 ) ) ;
#2454 = CARTESIAN_POINT ( 'NONE',  ( 25.49999999999999645, 19.00000000000000711, 5.749999999999999112 ) ) ;
#2455 = ORIENTED_EDGE ( 'NONE', *, *, #1725, .T. ) ;
#2456 = LINE ( 'NONE', #827, #1375 ) ;
#2457 = ADVANCED_FACE ( 'NONE', ( #286 ), #703, .F. ) ;
#2458 = ORIENTED_EDGE ( 'NONE', *, *, #2129, .T. ) ;
#2459 = CARTESIAN_POINT ( 'NONE',  ( 0.000000000000000000, 0.000000000000000000, 10.00000000000000000 ) ) ;
#2460 = AXIS2_PLACEMENT_3D ( 'NONE', #1634, #1489, #62 ) ;
#2461 = FACE_OUTER_BOUND ( 'NONE', #1013, .T. ) ;
#2462 = VECTOR ( 'NONE', #1909, 1000.000000000000000 ) ;
#2463 = ORIENTED_EDGE ( 'NONE', *, *, #2475, .T. ) ;
#2464 = ORIENTED_EDGE ( 'NONE', *, *, #2441, .F. ) ;
#2465 = DIRECTION ( 'NONE',  ( 1.000000000000000000, 0.000000000000000000, 0.000000000000000000 ) ) ;
#2466 = AXIS2_PLACEMENT_3D ( 'NONE', #932, #1731, #2537 ) ;
#2467 = DIRECTION ( 'NONE',  ( 0.000000000000000000, -1.000000000000000000, 0.000000000000000000 ) ) ;
#2468 = VECTOR ( 'NONE', #2031, 1000.000000000000000 ) ;
#2469 = CARTESIAN_POINT ( 'NONE',  ( 31.39999999999999147, 15.90000000000000746, 5.000000000000000000 ) ) ;
#2470 = ADVANCED_FACE ( 'NONE', ( #2262 ), #2287, .T. ) ;
#2471 = CARTESIAN_POINT ( 'NONE',  ( 34.50000000000000000, 18.00000000000000000, 1.000000000000007772 ) ) ;
#2472 = AXIS2_PLACEMENT_3D ( 'NONE', #1300, #2487, #1710 ) ;
#2473 = EDGE_LOOP ( 'NONE', ( #2580, #1882, #2143, #1538 ) ) ;
#2474 = DIRECTION ( 'NONE',  ( 0.000000000000000000, 0.000000000000000000, -1.000000000000000000 ) ) ;
#2475 = EDGE_CURVE ( 'NONE', #2449, #2015, #2064, .T. ) ;
#2476 = ORIENTED_EDGE ( 'NONE', *, *, #921, .T. ) ;
#2477 = ADVANCED_FACE ( 'NONE', ( #75 ), #876, .F. ) ;
#2478 = PLANE ( 'NONE',  #1411 ) ;
#2479 = DIRECTION ( 'NONE',  ( 0.000000000000000000, -0.000000000000000000, -1.000000000000000000 ) ) ;
#2480 = ORIENTED_EDGE ( 'NONE', *, *, #1381, .T. ) ;
#2481 = VERTEX_POINT ( 'NONE', #2275 ) ;
#2482 = DIRECTION ( 'NONE',  ( 0.000000000000000000, -1.000000000000000000, 0.000000000000000000 ) ) ;
#2483 = DIRECTION ( 'NONE',  ( 0.000000000000000000, 0.000000000000000000, 1.000000000000000000 ) ) ;
#2484 = DIRECTION ( 'NONE',  ( 0.000000000000000000, 0.7071067811865474617, 0.7071067811865474617 ) ) ;
#2485 = LINE ( 'NONE', #681, #956 ) ;
#2486 = ORIENTED_EDGE ( 'NONE', *, *, #27, .F. ) ;
#2487 = DIRECTION ( 'NONE',  ( 0.7071067811865459074, -0.7071067811865491270, 0.000000000000000000 ) ) ;
#2488 = ORIENTED_EDGE ( 'NONE', *, *, #1929, .F. ) ;
#2489 = LINE ( 'NONE', #268, #2419 ) ;
#2490 = CARTESIAN_POINT ( 'NONE',  ( -3.899999999999993694, 15.90000000000000746, 5.000000000000000000 ) ) ;
#2491 = VERTEX_POINT ( 'NONE', #1678 ) ;
#2492 = ORIENTED_EDGE ( 'NONE', *, *, #2390, .F. ) ;
#2493 = CARTESIAN_POINT ( 'NONE',  ( 25.49999999999999645, 15.90000000000000746, 7.000000000000000000 ) ) ;
#2494 = EDGE_CURVE ( 'NONE', #1119, #2402, #861, .T. ) ;
#2495 = CARTESIAN_POINT ( 'NONE',  ( -25.49999999999999645, -15.90000000000000746, 7.000000000000000000 ) ) ;
#2496 = CARTESIAN_POINT ( 'NONE',  ( -31.39999999999999858, -15.90000000000000746, 3.000000000000000000 ) ) ;
#2497 = CYLINDRICAL_SURFACE ( 'NONE', #1237, 1.250000000000001110 ) ;
#2498 = ORIENTED_EDGE ( 'NONE', *, *, #902, .T. ) ;
#2499 = DIRECTION ( 'NONE',  ( -1.000000000000000000, 0.000000000000000000, 0.000000000000000000 ) ) ;
#2500 = ORIENTED_EDGE ( 'NONE', *, *, #1012, .T. ) ;
#2501 = CARTESIAN_POINT ( 'NONE',  ( -3.899999999999993694, 13.90000000000000746, -6.414881836751856525 ) ) ;
#2502 = EDGE_CURVE ( 'NONE', #881, #1420, #690, .T. ) ;
#2503 = CARTESIAN_POINT ( 'NONE',  ( 25.49999999999999645, 15.90000000000000746, 7.000000000000000000 ) ) ;
#2504 = VERTEX_POINT ( 'NONE', #1487 ) ;
#2505 = ORIENTED_EDGE ( 'NONE', *, *, #1217, .F. ) ;
#2506 = CARTESIAN_POINT ( 'NONE',  ( 0.000000000000000000, 0.000000000000000000, 5.000000000000000000 ) ) ;
#2507 = AXIS2_PLACEMENT_3D ( 'NONE', #1102, #1897, #105 ) ;
#2508 = CARTESIAN_POINT ( 'NONE',  ( -28.40000000000000213, 11.90000000000000746, 10.00000000000000000 ) ) ;
#2509 = ADVANCED_FACE ( 'NONE', ( #1308 ), #1101, .F. ) ;
#2510 = VECTOR ( 'NONE', #2029, 1000.000000000000000 ) ;
#2511 = CARTESIAN_POINT ( 'NONE',  ( -29.39999999999999503, 0.000000000000000000, 5.000000000000000000 ) ) ;
#2512 = VECTOR ( 'NONE', #1866, 1000.000000000000000 ) ;
#2513 = CARTESIAN_POINT ( 'NONE',  ( 33.49999999999997868, -17.99999999999998579, 0.000000000000000000 ) ) ;
#2514 = AXIS2_PLACEMENT_3D ( 'NONE', #2097, #53, #1092 ) ;
#2515 = AXIS2_PLACEMENT_3D ( 'NONE', #2116, #1343, #1305 ) ;
#2516 = VERTEX_POINT ( 'NONE', #705 ) ;
#2517 = PLANE ( 'NONE',  #376 ) ;
#2518 = VECTOR ( 'NONE', #1195, 1000.000000000000000 ) ;
#2519 = ORIENTED_EDGE ( 'NONE', *, *, #580, .T. ) ;
#2520 = AXIS2_PLACEMENT_3D ( 'NONE', #1734, #668, #1466 ) ;
#2521 = CARTESIAN_POINT ( 'NONE',  ( 21.39999999999999503, 0.000000000000000000, 5.000000000000000000 ) ) ;
#2522 = DIRECTION ( 'NONE',  ( 0.000000000000000000, 0.000000000000000000, -1.000000000000000000 ) ) ;
#2523 = VERTEX_POINT ( 'NONE', #315 ) ;
#2524 = EDGE_LOOP ( 'NONE', ( #1962, #1689, #2148, #568 ) ) ;
#2525 = CARTESIAN_POINT ( 'NONE',  ( 22.39999999999999503, 11.90000000000000746, 10.00000000000000000 ) ) ;
#2526 = DIRECTION ( 'NONE',  ( -0.000000000000000000, -0.000000000000000000, -1.000000000000000000 ) ) ;
#2527 = EDGE_CURVE ( 'NONE', #1542, #775, #1907, .T. ) ;
#2528 = CARTESIAN_POINT ( 'NONE',  ( 21.39999999999999503, -11.90000000000000746, 3.000000000000000000 ) ) ;
#2529 = EDGE_CURVE ( 'NONE', #108, #770, #2136, .T. ) ;
#2530 = LINE ( 'NONE', #1144, #1911 ) ;
#2531 = DIRECTION ( 'NONE',  ( -0.000000000000000000, 0.000000000000000000, 1.000000000000000000 ) ) ;
#2532 = EDGE_CURVE ( 'NONE', #381, #1220, #619, .T. ) ;
#2533 = ORIENTED_EDGE ( 'NONE', *, *, #2003, .T. ) ;
#2534 = DIRECTION ( 'NONE',  ( 0.000000000000000000, 0.000000000000000000, -1.000000000000000000 ) ) ;
#2535 = CARTESIAN_POINT ( 'NONE',  ( 29.39999999999999503, -15.90000000000000746, 9.000000000000000000 ) ) ;
#2536 = ORIENTED_EDGE ( 'NONE', *, *, #1128, .T. ) ;
#2537 = DIRECTION ( 'NONE',  ( -0.7071067811865500152, 0.000000000000000000, -0.7071067811865451302 ) ) ;
#2538 = APPLICATION_PROTOCOL_DEFINITION ( 'draft international standard', 'automotive_design', 1998, #2145 ) ;
#2539 = LINE ( 'NONE', #1705, #2376 ) ;
#2540 = LINE ( 'NONE', #1156, #1997 ) ;
#2541 = LINE ( 'NONE', #1534, #325 ) ;
#2542 = CARTESIAN_POINT ( 'NONE',  ( 33.33431457505076168, 18.60000000000000497, 3.000000000000000000 ) ) ;
#2543 = VERTEX_POINT ( 'NONE', #341 ) ;
#2544 = CARTESIAN_POINT ( 'NONE',  ( -25.49999999999999645, 15.40000000000002522, 8.250000000000000000 ) ) ;
#2545 = EDGE_CURVE ( 'NONE', #74, #215, #2331, .T. ) ;
#2546 = CARTESIAN_POINT ( 'NONE',  ( -33.33431457505074746, -18.59999999999999076, 2.600000000000000089 ) ) ;
#2547 = ORIENTED_EDGE ( 'NONE', *, *, #1588, .T. ) ;
#2548 = ORIENTED_EDGE ( 'NONE', *, *, #994, .F. ) ;
#2549 = DIRECTION ( 'NONE',  ( 1.000000000000000000, -0.000000000000000000, 0.000000000000000000 ) ) ;
#2550 = DIRECTION ( 'NONE',  ( 0.000000000000000000, 0.000000000000000000, 1.000000000000000000 ) ) ;
#2551 = CARTESIAN_POINT ( 'NONE',  ( 22.39999999999999503, 11.90000000000000746, 10.00000000000000000 ) ) ;
#2552 = VECTOR ( 'NONE', #480, 1000.000000000000000 ) ;
#2553 = DIRECTION ( 'NONE',  ( 0.000000000000000000, 0.000000000000000000, -1.000000000000000000 ) ) ;
#2554 = DIRECTION ( 'NONE',  ( 0.7071067811865491270, 0.7071067811865459074, 0.000000000000000000 ) ) ;
#2555 = VECTOR ( 'NONE', #16, 1000.000000000000000 ) ;
#2556 = VECTOR ( 'NONE', #837, 1000.000000000000114 ) ;
#2557 = EDGE_CURVE ( 'NONE', #916, #2516, #618, .T. ) ;
#2558 = ORIENTED_EDGE ( 'NONE', *, *, #468, .F. ) ;
#2559 = CARTESIAN_POINT ( 'NONE',  ( 21.39999999999999503, 11.90000000000000746, 10.00000000000000000 ) ) ;
#2560 = CIRCLE ( 'NONE', #2173, 1.250000000000001110 ) ;
#2561 = ADVANCED_FACE ( 'NONE', ( #409 ), #534, .F. ) ;
#2562 = CARTESIAN_POINT ( 'NONE',  ( 31.39999999999999147, 15.90000000000000746, 5.000000000000000000 ) ) ;
#2563 = AXIS2_PLACEMENT_3D ( 'NONE', #304, #2264, #106 ) ;
#2564 = ORIENTED_EDGE ( 'NONE', *, *, #627, .F. ) ;
#2565 = ORIENTED_EDGE ( 'NONE', *, *, #2527, .F. ) ;
#2566 = DIRECTION ( 'NONE',  ( 0.000000000000000000, 0.000000000000000000, 1.000000000000000000 ) ) ;
#2567 = VERTEX_POINT ( 'NONE', #933 ) ;
#2568 = CARTESIAN_POINT ( 'NONE',  ( -28.40000000000000213, 15.90000000000000746, 10.00000000000000000 ) ) ;
#2569 = DIRECTION ( 'NONE',  ( 0.000000000000000000, -1.000000000000000000, 0.000000000000000000 ) ) ;
#2570 = PLANE ( 'NONE',  #2004 ) ;
#2571 = ORIENTED_EDGE ( 'NONE', *, *, #1945, .F. ) ;
#2572 = ORIENTED_EDGE ( 'NONE', *, *, #1920, .T. ) ;
#2573 = ORIENTED_EDGE ( 'NONE', *, *, #296, .T. ) ;
#2574 = CARTESIAN_POINT ( 'NONE',  ( -34.50000000000000000, 18.00000000000000000, 3.000000000000000000 ) ) ;
#2575 = ORIENTED_EDGE ( 'NONE', *, *, #805, .T. ) ;
#2576 = DIRECTION ( 'NONE',  ( -0.000000000000000000, -0.000000000000000000, 1.000000000000000000 ) ) ;
#2577 = EDGE_CURVE ( 'NONE', #1836, #1182, #1744, .T. ) ;
#2578 = DIRECTION ( 'NONE',  ( 0.7071067811865475727, 0.7071067811865475727, 0.000000000000000000 ) ) ;
#2579 = LINE ( 'NONE', #394, #1377 ) ;
#2580 = ORIENTED_EDGE ( 'NONE', *, *, #1157, .T. ) ;
#2581 = VERTEX_POINT ( 'NONE', #1208 ) ;
#2582 = CARTESIAN_POINT ( 'NONE',  ( 28.40000000000000213, 11.90000000000000746, 10.00000000000000000 ) ) ;
#2583 = EDGE_CURVE ( 'NONE', #1246, #866, #1732, .T. ) ;
#2584 = CARTESIAN_POINT ( 'NONE',  ( 34.10000000000000142, 17.83431457505076523, 2.600000000000000089 ) ) ;
#2585 = ORIENTED_EDGE ( 'NONE', *, *, #1540, .F. ) ;
#2586 = EDGE_CURVE ( 'NONE', #1529, #1314, #1951, .T. ) ;
#2587 = LINE ( 'NONE', #1583, #2084 ) ;
#2588 = CARTESIAN_POINT ( 'NONE',  ( 25.49999999999999645, 19.00000000000000711, 8.250000000000000000 ) ) ;
#2589 = EDGE_CURVE ( 'NONE', #1817, #1580, #158, .T. ) ;
#2590 = DIRECTION ( 'NONE',  ( -0.000000000000000000, -0.000000000000000000, -1.000000000000000000 ) ) ;
#2591 = VECTOR ( 'NONE', #2180, 1000.000000000000000 ) ;
#2592 = VERTEX_POINT ( 'NONE', #1197 ) ;
#2593 = DIRECTION ( 'NONE',  ( -0.000000000000000000, -0.000000000000000000, -1.000000000000000000 ) ) ;
#2594 = VECTOR ( 'NONE', #890, 1000.000000000000000 ) ;
#2595 = EDGE_LOOP ( 'NONE', ( #604, #795, #3, #1052, #86, #1358 ) ) ;
#2596 = VECTOR ( 'NONE', #2448, 1000.000000000000000 ) ;
#2597 = CARTESIAN_POINT ( 'NONE',  ( 0.000000000000000000, 0.000000000000000000, 10.00000000000000000 ) ) ;
#2598 = PRODUCT_DEFINITION ( 'UNKNOWN', '', #1303, #395 ) ;
#2599 = VECTOR ( 'NONE', #2086, 1000.000000000000000 ) ;
#2600 = DIRECTION ( 'NONE',  ( 0.000000000000000000, 1.000000000000000000, 0.000000000000000000 ) ) ;
#2601 = VERTEX_POINT ( 'NONE', #2149 ) ;
#2602 = DIRECTION ( 'NONE',  ( 0.000000000000000000, 0.000000000000000000, -1.000000000000000000 ) ) ;
#2603 = LINE ( 'NONE', #2013, #2415 ) ;
#2604 = CARTESIAN_POINT ( 'NONE',  ( -29.39999999999999503, 0.000000000000000000, 5.000000000000000000 ) ) ;
#2605 = ADVANCED_FACE ( 'NONE', ( #1991 ), #1153, .F. ) ;
ENDSEC;
END-ISO-10303-21;
