ISO-10303-21;
HEADER;
FILE_DESCRIPTION (( 'STEP AP214' ),
    '1' );
FILE_NAME ('lcd_frame_front.STEP',
    '2026-01-06T14:38:21',
    ( '' ),
    ( '' ),
    'SwSTEP 2.0',
    'SolidWorks 2024',
    '' );
FILE_SCHEMA (( 'AUTOMOTIVE_DESIGN' ));
ENDSEC;

DATA;
#1 = EDGE_CURVE ( 'NONE', #2115, #2007, #748, .T. ) ;
#2 = EDGE_CURVE ( 'NONE', #605, #2261, #7, .T. ) ;
#3 = CARTESIAN_POINT ( 'NONE',  ( -40.80000000000001137, 30.34999999999999787, 0.000000000000000000 ) ) ;
#4 = DIRECTION ( 'NONE',  ( 1.000000000000000000, -0.000000000000000000, 0.000000000000000000 ) ) ;
#5 = VERTEX_POINT ( 'NONE', #521 ) ;
#6 = DIRECTION ( 'NONE',  ( -0.000000000000000000, -0.000000000000000000, 1.000000000000000000 ) ) ;
#7 = LINE ( 'NONE', #921, #1612 ) ;
#8 = AXIS2_PLACEMENT_3D ( 'NONE', #1829, #1078, #2368 ) ;
#9 = LINE ( 'NONE', #1662, #1454 ) ;
#10 = EDGE_LOOP ( 'NONE', ( #1540, #2334, #2289, #2177 ) ) ;
#11 = CARTESIAN_POINT ( 'NONE',  ( 0.000000000000000000, 35.08205080756889771, 0.000000000000000000 ) ) ;
#12 = ORIENTED_EDGE ( 'NONE', *, *, #148, .T. ) ;
#13 = CONICAL_SURFACE ( 'NONE', #256, 4.732050807568902506, 1.047197551196596743 ) ;
#14 = VECTOR ( 'NONE', #360, 1000.000000000000000 ) ;
#15 = CARTESIAN_POINT ( 'NONE',  ( 39.69999999999999574, -48.85000000000000142, 3.000000000000000000 ) ) ;
#16 = AXIS2_PLACEMENT_3D ( 'NONE', #1429, #2162, #846 ) ;
#17 = LINE ( 'NONE', #918, #2297 ) ;
#18 = VERTEX_POINT ( 'NONE', #377 ) ;
#19 = VECTOR ( 'NONE', #2196, 1000.000000000000000 ) ;
#20 = LINE ( 'NONE', #2385, #497 ) ;
#21 = CARTESIAN_POINT ( 'NONE',  ( 43.10000000000000853, -42.05000000000001137, 3.000000000000000000 ) ) ;
#22 = DIRECTION ( 'NONE',  ( -0.000000000000000000, -0.000000000000000000, -1.000000000000000000 ) ) ;
#23 = ORIENTED_EDGE ( 'NONE', *, *, #1953, .T. ) ;
#24 = FACE_BOUND ( 'NONE', #935, .T. ) ;
#25 = VERTEX_POINT ( 'NONE', #1478 ) ;
#26 = DIRECTION ( 'NONE',  ( 0.000000000000000000, 0.000000000000000000, 1.000000000000000000 ) ) ;
#27 = DIRECTION ( 'NONE',  ( 1.000000000000000000, 0.000000000000000000, 0.000000000000000000 ) ) ;
#28 = ADVANCED_FACE ( 'NONE', ( #2224 ), #1632, .F. ) ;
#29 = CIRCLE ( 'NONE', #2308, 1.300000000000002487 ) ;
#30 = PLANE ( 'NONE',  #2186 ) ;
#31 = ORIENTED_EDGE ( 'NONE', *, *, #42, .F. ) ;
#32 = EDGE_CURVE ( 'NONE', #147, #562, #1804, .T. ) ;
#33 = AXIS2_PLACEMENT_3D ( 'NONE', #214, #973, #610 ) ;
#34 = LINE ( 'NONE', #617, #709 ) ;
#35 = DIRECTION ( 'NONE',  ( -0.000000000000000000, -0.000000000000000000, -1.000000000000000000 ) ) ;
#36 = DIRECTION ( 'NONE',  ( -0.000000000000000000, -0.000000000000000000, 1.000000000000000000 ) ) ;
#37 = VERTEX_POINT ( 'NONE', #1084 ) ;
#38 = CARTESIAN_POINT ( 'NONE',  ( 43.10000000000000142, 38.74999999999998579, 6.000000000000000000 ) ) ;
#39 = EDGE_CURVE ( 'NONE', #562, #2388, #1622, .T. ) ;
#40 = ORIENTED_EDGE ( 'NONE', *, *, #1993, .F. ) ;
#41 = CARTESIAN_POINT ( 'NONE',  ( 43.10000000000000853, -42.05000000000001137, 3.000000000000000000 ) ) ;
#42 = EDGE_CURVE ( 'NONE', #245, #1508, #1436, .T. ) ;
#43 = ORIENTED_EDGE ( 'NONE', *, *, #83, .T. ) ;
#44 = LINE ( 'NONE', #1535, #578 ) ;
#45 = DIRECTION ( 'NONE',  ( 1.000000000000000000, 0.000000000000000000, 0.000000000000000000 ) ) ;
#46 = ORIENTED_EDGE ( 'NONE', *, *, #2185, .F. ) ;
#47 = EDGE_LOOP ( 'NONE', ( #609, #615 ) ) ;
#48 = DIRECTION ( 'NONE',  ( 0.000000000000000000, -0.000000000000000000, -1.000000000000000000 ) ) ;
#49 = FACE_OUTER_BOUND ( 'NONE', #2374, .T. ) ;
#50 = VECTOR ( 'NONE', #2288, 1000.000000000000000 ) ;
#51 = CARTESIAN_POINT ( 'NONE',  ( 45.53205080756889345, -30.35000000000001208, 0.000000000000000000 ) ) ;
#52 = ORIENTED_EDGE ( 'NONE', *, *, #39, .F. ) ;
#53 = PLANE ( 'NONE',  #768 ) ;
#54 = AXIS2_PLACEMENT_3D ( 'NONE', #788, #1702, #246 ) ;
#55 = ORIENTED_EDGE ( 'NONE', *, *, #1953, .F. ) ;
#56 = DIRECTION ( 'NONE',  ( 1.000000000000000000, 0.000000000000000000, 0.000000000000000000 ) ) ;
#57 = DIRECTION ( 'NONE',  ( 1.000000000000000000, 0.000000000000000000, 0.000000000000000000 ) ) ;
#58 = ORIENTED_EDGE ( 'NONE', *, *, #2379, .T. ) ;
#59 = AXIS2_PLACEMENT_3D ( 'NONE', #89, #1361, #1182 ) ;
#60 = ORIENTED_EDGE ( 'NONE', *, *, #1626, .F. ) ;
#61 = ADVANCED_FACE ( 'NONE', ( #1653 ), #1105, .T. ) ;
#62 = CIRCLE ( 'NONE', #182, 3.399999999999993250 ) ;
#63 = CARTESIAN_POINT ( 'NONE',  ( 40.79999999999998295, 30.34999999999999787, 1.000000000000014655 ) ) ;
#64 = DIRECTION ( 'NONE',  ( 0.000000000000000000, 0.000000000000000000, -1.000000000000000000 ) ) ;
#65 = CARTESIAN_POINT ( 'NONE',  ( 0.000000000000000000, 0.000000000000000000, 4.700000000000000178 ) ) ;
#66 = VERTEX_POINT ( 'NONE', #1846 ) ;
#67 = CARTESIAN_POINT ( 'NONE',  ( -47.50000000000000711, 44.74999999999997158, 9.500000000000000000 ) ) ;
#68 = EDGE_CURVE ( 'NONE', #550, #1541, #454, .T. ) ;
#69 = ORIENTED_EDGE ( 'NONE', *, *, #99, .T. ) ;
#70 = CARTESIAN_POINT ( 'NONE',  ( -47.50000000000000711, -42.05000000000001137, 6.000000000000000000 ) ) ;
#71 = ADVANCED_FACE ( 'NONE', ( #333 ), #713, .T. ) ;
#72 = DIRECTION ( 'NONE',  ( -1.000000000000000000, 0.000000000000000000, -0.000000000000000000 ) ) ;
#73 = VERTEX_POINT ( 'NONE', #724 ) ;
#74 = ORIENTED_EDGE ( 'NONE', *, *, #94, .T. ) ;
#75 = CARTESIAN_POINT ( 'NONE',  ( 47.49999999999999289, -51.85000000000000853, 1.000000000000014655 ) ) ;
#76 = VECTOR ( 'NONE', #654, 1000.000000000000000 ) ;
#77 = FACE_BOUND ( 'NONE', #1225, .T. ) ;
#78 = ORIENTED_EDGE ( 'NONE', *, *, #2175, .T. ) ;
#79 = VECTOR ( 'NONE', #1735, 1000.000000000000000 ) ;
#80 = PLANE ( 'NONE',  #651 ) ;
#81 = EDGE_LOOP ( 'NONE', ( #2345, #972, #2072, #2369 ) ) ;
#82 = CARTESIAN_POINT ( 'NONE',  ( -47.50000000000000711, -51.45000000000000284, 9.500000000000000000 ) ) ;
#83 = EDGE_CURVE ( 'NONE', #919, #1739, #1445, .T. ) ;
#84 = ADVANCED_FACE ( 'NONE', ( #890 ), #734, .F. ) ;
#85 = CARTESIAN_POINT ( 'NONE',  ( -40.80000000000001137, 35.08205080756889771, 0.000000000000000000 ) ) ;
#86 = ORIENTED_EDGE ( 'NONE', *, *, #1865, .T. ) ;
#87 = VERTEX_POINT ( 'NONE', #1464 ) ;
#88 = CARTESIAN_POINT ( 'NONE',  ( 43.10000000000000142, 38.74999999999998579, 3.000000000000000000 ) ) ;
#89 = CARTESIAN_POINT ( 'NONE',  ( 40.79999999999998295, 30.34999999999999787, 0.000000000000000000 ) ) ;
#90 = EDGE_LOOP ( 'NONE', ( #1059, #1700, #1710, #336 ) ) ;
#91 = DIRECTION ( 'NONE',  ( -1.000000000000000000, 0.000000000000000000, -0.000000000000000000 ) ) ;
#92 = LINE ( 'NONE', #242, #79 ) ;
#93 = AXIS2_PLACEMENT_3D ( 'NONE', #1060, #505, #1193 ) ;
#94 = EDGE_CURVE ( 'NONE', #605, #146, #1276, .T. ) ;
#95 = DIRECTION ( 'NONE',  ( -0.000000000000000000, -0.000000000000000000, -1.000000000000000000 ) ) ;
#96 = ORIENTED_EDGE ( 'NONE', *, *, #395, .T. ) ;
#97 = ORIENTED_EDGE ( 'NONE', *, *, #2310, .F. ) ;
#98 = DIRECTION ( 'NONE',  ( 0.000000000000000000, 0.000000000000000000, 1.000000000000000000 ) ) ;
#99 = EDGE_CURVE ( 'NONE', #2378, #993, #2357, .T. ) ;
#100 = FACE_OUTER_BOUND ( 'NONE', #819, .T. ) ;
#101 = ORIENTED_EDGE ( 'NONE', *, *, #1160, .F. ) ;
#102 = ADVANCED_FACE ( 'NONE', ( #1828 ), #2200, .T. ) ;
#103 = CIRCLE ( 'NONE', #991, 4.732050807568902506 ) ;
#104 = DIRECTION ( 'NONE',  ( 1.000000000000000000, 0.000000000000000000, 0.000000000000000000 ) ) ;
#105 = DIRECTION ( 'NONE',  ( 0.000000000000000000, 1.000000000000000000, 0.000000000000000000 ) ) ;
#106 = CARTESIAN_POINT ( 'NONE',  ( 43.10000000000000853, -45.45000000000000284, 6.000000000000000000 ) ) ;
#107 = CARTESIAN_POINT ( 'NONE',  ( -43.09999999999999432, -42.05000000000001137, 3.000000000000000000 ) ) ;
#108 = ORIENTED_EDGE ( 'NONE', *, *, #600, .T. ) ;
#109 = ORIENTED_EDGE ( 'NONE', *, *, #1377, .F. ) ;
#110 = DIRECTION ( 'NONE',  ( -0.000000000000000000, -1.000000000000000000, -0.000000000000000000 ) ) ;
#111 = ADVANCED_FACE ( 'NONE', ( #366 ), #1288, .T. ) ;
#112 = AXIS2_PLACEMENT_3D ( 'NONE', #380, #226, #1110 ) ;
#113 = CARTESIAN_POINT ( 'NONE',  ( -47.50000000000000711, -42.05000000000001137, 6.000000000000000000 ) ) ;
#114 = VECTOR ( 'NONE', #36, 1000.000000000000000 ) ;
#115 = EDGE_CURVE ( 'NONE', #1357, #1268, #1338, .T. ) ;
#116 = DIRECTION ( 'NONE',  ( 0.000000000000000000, -0.000000000000000000, -1.000000000000000000 ) ) ;
#117 = PLANE ( 'NONE',  #1813 ) ;
#118 = DIRECTION ( 'NONE',  ( -1.000000000000000000, 0.000000000000000000, 0.000000000000000000 ) ) ;
#119 = DIRECTION ( 'NONE',  ( -0.000000000000000000, -0.000000000000000000, 1.000000000000000000 ) ) ;
#120 = VERTEX_POINT ( 'NONE', #21 ) ;
#121 = ORIENTED_EDGE ( 'NONE', *, *, #1241, .T. ) ;
#122 = DIRECTION ( 'NONE',  ( 0.000000000000000000, 0.000000000000000000, 1.000000000000000000 ) ) ;
#123 = CARTESIAN_POINT ( 'NONE',  ( -41.79999999999999716, 38.74999999999999289, 6.000000000000000000 ) ) ;
#124 = DIRECTION ( 'NONE',  ( -0.000000000000000000, 1.000000000000000000, -0.000000000000000000 ) ) ;
#125 = EDGE_LOOP ( 'NONE', ( #792, #504, #1171, #1814, #2272, #1749, #1624, #421 ) ) ;
#126 = CARTESIAN_POINT ( 'NONE',  ( 39.70000000000000284, 42.14999999999999147, 6.000000000000000000 ) ) ;
#127 = CIRCLE ( 'NONE', #1397, 2.599999999999998312 ) ;
#128 = CYLINDRICAL_SURFACE ( 'NONE', #1284, 1.300000000000002487 ) ;
#129 = LINE ( 'NONE', #466, #1024 ) ;
#130 = ORIENTED_EDGE ( 'NONE', *, *, #1317, .T. ) ;
#131 = VECTOR ( 'NONE', #198, 1000.000000000000000 ) ;
#132 = ORIENTED_EDGE ( 'NONE', *, *, #1569, .F. ) ;
#133 = VECTOR ( 'NONE', #262, 1000.000000000000000 ) ;
#134 = CARTESIAN_POINT ( 'NONE',  ( 50.49999999999999289, 42.14999999999999147, 9.099999999999999645 ) ) ;
#135 = ORIENTED_EDGE ( 'NONE', *, *, #495, .T. ) ;
#136 = AXIS2_PLACEMENT_3D ( 'NONE', #607, #789, #1491 ) ;
#137 = AXIS2_PLACEMENT_3D ( 'NONE', #951, #1657, #546 ) ;
#138 = CARTESIAN_POINT ( 'NONE',  ( 43.10000000000000142, 38.74999999999998579, 3.000000000000000000 ) ) ;
#139 = DIRECTION ( 'NONE',  ( -0.000000000000000000, -0.000000000000000000, -1.000000000000000000 ) ) ;
#140 = ORIENTED_EDGE ( 'NONE', *, *, #2069, .F. ) ;
#141 = AXIS2_PLACEMENT_3D ( 'NONE', #1526, #2258, #576 ) ;
#142 = ADVANCED_FACE ( 'NONE', ( #49 ), #760, .T. ) ;
#143 = LINE ( 'NONE', #844, #674 ) ;
#144 = FACE_OUTER_BOUND ( 'NONE', #873, .T. ) ;
#145 = DIRECTION ( 'NONE',  ( 1.000000000000000000, 0.000000000000000000, 0.000000000000000000 ) ) ;
#146 = VERTEX_POINT ( 'NONE', #2237 ) ;
#147 = VERTEX_POINT ( 'NONE', #969 ) ;
#148 = EDGE_CURVE ( 'NONE', #2007, #385, #1719, .T. ) ;
#149 = CARTESIAN_POINT ( 'NONE',  ( -45.53205080756891476, -30.35000000000000853, 0.000000000000000000 ) ) ;
#150 = ORIENTED_EDGE ( 'NONE', *, *, #1030, .F. ) ;
#151 = VECTOR ( 'NONE', #344, 1000.000000000000000 ) ;
#152 = EDGE_CURVE ( 'NONE', #1597, #2282, #589, .T. ) ;
#153 = DIRECTION ( 'NONE',  ( -0.000000000000000000, -0.000000000000000000, 1.000000000000000000 ) ) ;
#154 = CARTESIAN_POINT ( 'NONE',  ( -43.80000000000001137, 33.34999999999999432, 4.700000000000000178 ) ) ;
#155 = PLANE ( 'NONE',  #8 ) ;
#156 = EDGE_LOOP ( 'NONE', ( #1061, #1204, #1496, #46, #1617, #210, #1079, #1232 ) ) ;
#157 = VECTOR ( 'NONE', #2189, 1000.000000000000000 ) ;
#158 = VECTOR ( 'NONE', #2323, 1000.000000000000000 ) ;
#159 = FACE_OUTER_BOUND ( 'NONE', #915, .T. ) ;
#160 = CARTESIAN_POINT ( 'NONE',  ( -47.50000000000000711, 42.14999999999999147, 9.500000000000000000 ) ) ;
#161 = VECTOR ( 'NONE', #1697, 1000.000000000000000 ) ;
#162 = DIRECTION ( 'NONE',  ( 1.000000000000000000, 0.000000000000000000, 0.000000000000000000 ) ) ;
#163 = ORIENTED_EDGE ( 'NONE', *, *, #2037, .T. ) ;
#164 = CARTESIAN_POINT ( 'NONE',  ( -40.80000000000001137, 30.34999999999999787, 0.000000000000000000 ) ) ;
#165 = DIRECTION ( 'NONE',  ( 0.000000000000000000, 1.000000000000000000, 0.000000000000000000 ) ) ;
#166 = FACE_OUTER_BOUND ( 'NONE', #1738, .T. ) ;
#167 = ORIENTED_EDGE ( 'NONE', *, *, #868, .F. ) ;
#168 = ADVANCED_FACE ( 'NONE', ( #1900 ), #1312, .T. ) ;
#169 = DIRECTION ( 'NONE',  ( -1.000000000000000000, -1.577021341797094257E-15, 0.000000000000000000 ) ) ;
#170 = ADVANCED_FACE ( 'NONE', ( #1871 ), #222, .T. ) ;
#171 = CARTESIAN_POINT ( 'NONE',  ( -47.50000000000000711, 44.74999999999997868, 9.099999999999999645 ) ) ;
#172 = VERTEX_POINT ( 'NONE', #1518 ) ;
#173 = AXIS2_PLACEMENT_3D ( 'NONE', #88, #606, #435 ) ;
#174 = ADVANCED_FACE ( 'NONE', ( #773 ), #981, .F. ) ;
#175 = LINE ( 'NONE', #2223, #2346 ) ;
#176 = ADVANCED_FACE ( 'NONE', ( #411 ), #13, .F. ) ;
#177 = DIRECTION ( 'NONE',  ( -0.000000000000000000, -0.000000000000000000, -1.000000000000000000 ) ) ;
#178 = DIRECTION ( 'NONE',  ( 1.000000000000000000, 0.000000000000000000, 0.000000000000000000 ) ) ;
#179 = ORIENTED_EDGE ( 'NONE', *, *, #1143, .F. ) ;
#180 = VECTOR ( 'NONE', #1575, 1000.000000000000000 ) ;
#181 = EDGE_CURVE ( 'NONE', #1180, #1430, #1858, .T. ) ;
#182 = AXIS2_PLACEMENT_3D ( 'NONE', #1223, #2300, #1969 ) ;
#183 = DIRECTION ( 'NONE',  ( 1.000000000000000000, 0.000000000000000000, 0.000000000000000000 ) ) ;
#184 = CARTESIAN_POINT ( 'NONE',  ( -47.50000000000000711, 35.34999999999999432, 3.000000000000000000 ) ) ;
#185 = ORIENTED_EDGE ( 'NONE', *, *, #190, .F. ) ;
#186 = LINE ( 'NONE', #930, #157 ) ;
#187 = DIRECTION ( 'NONE',  ( 1.000000000000000000, 0.000000000000000000, 0.000000000000000000 ) ) ;
#188 = CARTESIAN_POINT ( 'NONE',  ( -39.69999999999999574, -45.45000000000000284, 3.000000000000000000 ) ) ;
#189 = ORIENTED_EDGE ( 'NONE', *, *, #2057, .T. ) ;
#190 = EDGE_CURVE ( 'NONE', #2283, #795, #2248, .T. ) ;
#191 = DIRECTION ( 'NONE',  ( 0.000000000000000000, 0.000000000000000000, -1.000000000000000000 ) ) ;
#192 = AXIS2_PLACEMENT_3D ( 'NONE', #1411, #681, #1774 ) ;
#193 = LINE ( 'NONE', #928, #263 ) ;
#194 = ORIENTED_EDGE ( 'NONE', *, *, #423, .T. ) ;
#195 = CIRCLE ( 'NONE', #1422, 1.300000000000002487 ) ;
#196 = CARTESIAN_POINT ( 'NONE',  ( 50.49999999999999289, 42.14999999999999147, 9.500000000000000000 ) ) ;
#197 = CARTESIAN_POINT ( 'NONE',  ( 47.49999999999999289, 42.14999999999999147, 9.500000000000000000 ) ) ;
#198 = DIRECTION ( 'NONE',  ( -1.000000000000000000, 0.000000000000000000, 0.000000000000000000 ) ) ;
#199 = ORIENTED_EDGE ( 'NONE', *, *, #525, .F. ) ;
#200 = DIRECTION ( 'NONE',  ( 1.000000000000000000, 7.304098846218135653E-17, 0.000000000000000000 ) ) ;
#201 = EDGE_LOOP ( 'NONE', ( #491, #717, #2197, #457 ) ) ;
#202 = FACE_BOUND ( 'NONE', #325, .T. ) ;
#203 = CARTESIAN_POINT ( 'NONE',  ( 43.79999999999998295, 30.34999999999999787, 1.000000000000014655 ) ) ;
#204 = ORIENTED_EDGE ( 'NONE', *, *, #1696, .T. ) ;
#205 = CARTESIAN_POINT ( 'NONE',  ( -43.09999999999999432, -45.45000000000000284, 6.000000000000000000 ) ) ;
#206 = LINE ( 'NONE', #1886, #1687 ) ;
#207 = AXIS2_PLACEMENT_3D ( 'NONE', #1398, #1385, #2353 ) ;
#208 = VECTOR ( 'NONE', #566, 1000.000000000000000 ) ;
#209 = DIRECTION ( 'NONE',  ( 0.000000000000000000, 0.000000000000000000, 1.000000000000000000 ) ) ;
#210 = ORIENTED_EDGE ( 'NONE', *, *, #1141, .F. ) ;
#211 = LINE ( 'NONE', #1664, #418 ) ;
#212 = ORIENTED_EDGE ( 'NONE', *, *, #639, .F. ) ;
#213 = EDGE_CURVE ( 'NONE', #346, #700, #206, .T. ) ;
#214 = CARTESIAN_POINT ( 'NONE',  ( -43.10000000000000142, 38.74999999999999289, 3.000000000000000000 ) ) ;
#215 = CARTESIAN_POINT ( 'NONE',  ( -47.50000000000000711, 35.34999999999999432, 4.700000000000000178 ) ) ;
#216 = ADVANCED_FACE ( 'NONE', ( #1155, #24 ), #426, .T. ) ;
#217 = DIRECTION ( 'NONE',  ( -1.000000000000000000, 0.000000000000000000, 0.000000000000000000 ) ) ;
#218 = VERTEX_POINT ( 'NONE', #1121 ) ;
#219 = AXIS2_PLACEMENT_3D ( 'NONE', #1909, #2089, #1139 ) ;
#220 = EDGE_CURVE ( 'NONE', #1634, #1332, #763, .T. ) ;
#221 = DIRECTION ( 'NONE',  ( 1.000000000000000000, 0.000000000000000000, 0.000000000000000000 ) ) ;
#222 = CYLINDRICAL_SURFACE ( 'NONE', #330, 2.600000000000004974 ) ;
#223 = EDGE_CURVE ( 'NONE', #481, #1650, #211, .T. ) ;
#224 = CARTESIAN_POINT ( 'NONE',  ( 50.10000000000000142, 42.14999999999999147, 9.099999999999999645 ) ) ;
#225 = ORIENTED_EDGE ( 'NONE', *, *, #598, .F. ) ;
#226 = DIRECTION ( 'NONE',  ( 0.000000000000000000, -0.000000000000000000, -1.000000000000000000 ) ) ;
#227 = ORIENTED_EDGE ( 'NONE', *, *, #2108, .T. ) ;
#228 = DIRECTION ( 'NONE',  ( 1.000000000000000000, 0.000000000000000000, 0.000000000000000000 ) ) ;
#229 = ORIENTED_EDGE ( 'NONE', *, *, #1197, .F. ) ;
#230 = FACE_OUTER_BOUND ( 'NONE', #979, .T. ) ;
#231 = AXIS2_PLACEMENT_3D ( 'NONE', #2227, #2084, #1156 ) ;
#232 = DIRECTION ( 'NONE',  ( -0.000000000000000000, -0.000000000000000000, -1.000000000000000000 ) ) ;
#233 = CIRCLE ( 'NONE', #1967, 3.000000000000002665 ) ;
#234 = VECTOR ( 'NONE', #2062, 1000.000000000000000 ) ;
#235 = DIRECTION ( 'NONE',  ( -0.000000000000000000, -0.000000000000000000, -1.000000000000000000 ) ) ;
#236 = CARTESIAN_POINT ( 'NONE',  ( 47.49999999999999289, -42.05000000000000426, 6.000000000000000000 ) ) ;
#237 = DIRECTION ( 'NONE',  ( -0.000000000000000000, -0.000000000000000000, -1.000000000000000000 ) ) ;
#238 = ORIENTED_EDGE ( 'NONE', *, *, #1317, .F. ) ;
#239 = DIRECTION ( 'NONE',  ( 1.000000000000000000, 0.000000000000000000, -0.000000000000000000 ) ) ;
#240 = EDGE_LOOP ( 'NONE', ( #2016, #1806 ) ) ;
#241 = ADVANCED_FACE ( 'NONE', ( #2250 ), #1720, .T. ) ;
#242 = CARTESIAN_POINT ( 'NONE',  ( -47.50000000000000711, -42.05000000000001137, 3.000000000000000000 ) ) ;
#243 = CARTESIAN_POINT ( 'NONE',  ( 43.10000000000000853, 35.34999999999999432, 4.700000000000000178 ) ) ;
#244 = VERTEX_POINT ( 'NONE', #2071 ) ;
#245 = VERTEX_POINT ( 'NONE', #2049 ) ;
#246 = DIRECTION ( 'NONE',  ( 1.000000000000000000, 0.000000000000000000, 0.000000000000000000 ) ) ;
#247 = DIRECTION ( 'NONE',  ( 1.000000000000000000, 0.000000000000000000, 0.000000000000000000 ) ) ;
#248 = CIRCLE ( 'NONE', #1589, 2.600000000000004974 ) ;
#249 = APPLICATION_CONTEXT ( 'automotive_design' ) ;
#250 = CARTESIAN_POINT ( 'NONE',  ( 41.80000000000000426, -45.45000000000000284, 6.000000000000000000 ) ) ;
#251 = EDGE_CURVE ( 'NONE', #1324, #2251, #1494, .T. ) ;
#252 = ORIENTED_EDGE ( 'NONE', *, *, #642, .T. ) ;
#253 = DIRECTION ( 'NONE',  ( 1.000000000000000000, 0.000000000000000000, 0.000000000000000000 ) ) ;
#254 = AXIS2_PLACEMENT_3D ( 'NONE', #1373, #1884, #1181 ) ;
#255 = ORIENTED_EDGE ( 'NONE', *, *, #826, .F. ) ;
#256 = AXIS2_PLACEMENT_3D ( 'NONE', #1505, #2044, #2082 ) ;
#257 = LINE ( 'NONE', #70, #1007 ) ;
#258 = AXIS2_PLACEMENT_3D ( 'NONE', #2052, #1450, #382 ) ;
#259 = LINE ( 'NONE', #408, #680 ) ;
#260 = ORIENTED_EDGE ( 'NONE', *, *, #2, .F. ) ;
#261 = ORIENTED_EDGE ( 'NONE', *, *, #2312, .T. ) ;
#262 = DIRECTION ( 'NONE',  ( -0.000000000000000000, -0.000000000000000000, -1.000000000000000000 ) ) ;
#263 = VECTOR ( 'NONE', #2015, 1000.000000000000000 ) ;
#264 = LINE ( 'NONE', #1195, #370 ) ;
#265 = ORIENTED_EDGE ( 'NONE', *, *, #181, .F. ) ;
#266 = EDGE_CURVE ( 'NONE', #1549, #2283, #29, .T. ) ;
#267 = EDGE_CURVE ( 'NONE', #744, #2078, #970, .T. ) ;
#268 = FACE_OUTER_BOUND ( 'NONE', #802, .T. ) ;
#269 = DIRECTION ( 'NONE',  ( 1.000000000000000000, 0.000000000000000000, 0.000000000000000000 ) ) ;
#270 = VECTOR ( 'NONE', #2376, 1000.000000000000000 ) ;
#271 = CARTESIAN_POINT ( 'NONE',  ( 47.49999999999999289, -48.85000000000000142, 9.500000000000000000 ) ) ;
#272 = ORIENTED_EDGE ( 'NONE', *, *, #1536, .F. ) ;
#273 = ORIENTED_EDGE ( 'NONE', *, *, #1029, .T. ) ;
#274 = VECTOR ( 'NONE', #1444, 1000.000000000000000 ) ;
#275 = FACE_OUTER_BOUND ( 'NONE', #1132, .T. ) ;
#276 = VERTEX_POINT ( 'NONE', #250 ) ;
#277 = ADVANCED_FACE ( 'NONE', ( #568 ), #2240, .T. ) ;
#278 = AXIS2_PLACEMENT_3D ( 'NONE', #1558, #611, #1906 ) ;
#279 = LINE ( 'NONE', #1977, #547 ) ;
#280 = DIRECTION ( 'NONE',  ( -0.000000000000000000, -0.000000000000000000, -1.000000000000000000 ) ) ;
#281 = LINE ( 'NONE', #658, #1834 ) ;
#282 = VERTEX_POINT ( 'NONE', #2213 ) ;
#283 = VERTEX_POINT ( 'NONE', #1144 ) ;
#284 = CARTESIAN_POINT ( 'NONE',  ( -47.50000000000000711, -48.85000000000000142, 1.000000000000014655 ) ) ;
#285 = EDGE_CURVE ( 'NONE', #403, #910, #983, .T. ) ;
#286 = CARTESIAN_POINT ( 'NONE',  ( -44.39999999999999147, -45.45000000000000284, 6.000000000000000000 ) ) ;
#287 = ORIENTED_EDGE ( 'NONE', *, *, #2080, .T. ) ;
#288 = DIRECTION ( 'NONE',  ( 1.000000000000000000, 0.000000000000000000, 0.000000000000000000 ) ) ;
#289 = CARTESIAN_POINT ( 'NONE',  ( 47.49999999999999289, 44.75000000000000000, 9.500000000000000000 ) ) ;
#290 = AXIS2_PLACEMENT_3D ( 'NONE', #1740, #772, #1350 ) ;
#291 = DIRECTION ( 'NONE',  ( 1.000000000000000000, 0.000000000000000000, 0.000000000000000000 ) ) ;
#292 = EDGE_CURVE ( 'NONE', #2078, #875, #1133, .T. ) ;
#293 = ORIENTED_EDGE ( 'NONE', *, *, #337, .T. ) ;
#294 = VERTEX_POINT ( 'NONE', #51 ) ;
#295 = DIRECTION ( 'NONE',  ( 0.000000000000000000, 0.000000000000000000, 1.000000000000000000 ) ) ;
#296 = VECTOR ( 'NONE', #450, 1000.000000000000000 ) ;
#297 = EDGE_CURVE ( 'NONE', #494, #1739, #2193, .T. ) ;
#298 = AXIS2_PLACEMENT_3D ( 'NONE', #2291, #634, #1614 ) ;
#299 = FACE_OUTER_BOUND ( 'NONE', #1285, .T. ) ;
#300 = LINE ( 'NONE', #665, #50 ) ;
#301 = LINE ( 'NONE', #311, #1266 ) ;
#302 = DIRECTION ( 'NONE',  ( -0.000000000000000000, -0.000000000000000000, -1.000000000000000000 ) ) ;
#303 = DIRECTION ( 'NONE',  ( 0.000000000000000000, 1.000000000000000000, 0.000000000000000000 ) ) ;
#304 = VERTEX_POINT ( 'NONE', #1507 ) ;
#305 = ORIENTED_EDGE ( 'NONE', *, *, #1286, .T. ) ;
#306 = FACE_OUTER_BOUND ( 'NONE', #2182, .T. ) ;
#307 = DIRECTION ( 'NONE',  ( 0.000000000000000000, -1.000000000000000000, 0.000000000000000000 ) ) ;
#308 = AXIS2_PLACEMENT_3D ( 'NONE', #1208, #2131, #692 ) ;
#309 = DIRECTION ( 'NONE',  ( 1.000000000000000000, 0.000000000000000000, 0.000000000000000000 ) ) ;
#310 = ORIENTED_EDGE ( 'NONE', *, *, #337, .F. ) ;
#311 = CARTESIAN_POINT ( 'NONE',  ( -50.50000000000000711, -48.85000000000000142, 1.000000000000014655 ) ) ;
#312 = CARTESIAN_POINT ( 'NONE',  ( 43.10000000000000853, -42.05000000000001137, 6.000000000000000000 ) ) ;
#313 = CARTESIAN_POINT ( 'NONE',  ( 40.79999999999997584, -35.08205080756891192, 0.000000000000000000 ) ) ;
#314 = ORIENTED_EDGE ( 'NONE', *, *, #1565, .F. ) ;
#315 = ORIENTED_EDGE ( 'NONE', *, *, #519, .T. ) ;
#316 = DIRECTION ( 'NONE',  ( -0.000000000000000000, -0.000000000000000000, -1.000000000000000000 ) ) ;
#317 = ORIENTED_EDGE ( 'NONE', *, *, #2233, .T. ) ;
#318 = DIRECTION ( 'NONE',  ( 0.000000000000000000, 0.000000000000000000, 1.000000000000000000 ) ) ;
#319 = EDGE_CURVE ( 'NONE', #66, #738, #791, .T. ) ;
#320 = PLANE ( 'NONE',  #1784 ) ;
#321 = ORIENTED_EDGE ( 'NONE', *, *, #1128, .T. ) ;
#322 = ADVANCED_FACE ( 'NONE', ( #2265 ), #1850, .T. ) ;
#323 = DIRECTION ( 'NONE',  ( -0.000000000000000000, -0.000000000000000000, -1.000000000000000000 ) ) ;
#324 = PLANE ( 'NONE',  #334 ) ;
#325 = EDGE_LOOP ( 'NONE', ( #287, #499, #2228, #363, #96, #1628, #1902, #1588 ) ) ;
#326 = CONICAL_SURFACE ( 'NONE', #867, 1.267949192431103267, 1.047197551196596299 ) ;
#327 = ORIENTED_EDGE ( 'NONE', *, *, #68, .F. ) ;
#328 = PLANE ( 'NONE',  #93 ) ;
#329 = EDGE_LOOP ( 'NONE', ( #1416, #2130, #947, #758 ) ) ;
#330 = AXIS2_PLACEMENT_3D ( 'NONE', #956, #1688, #247 ) ;
#331 = AXIS2_PLACEMENT_3D ( 'NONE', #1648, #2039, #1832 ) ;
#332 = FACE_OUTER_BOUND ( 'NONE', #1462, .T. ) ;
#333 = FACE_OUTER_BOUND ( 'NONE', #648, .T. ) ;
#334 = AXIS2_PLACEMENT_3D ( 'NONE', #1057, #845, #1576 ) ;
#335 = LINE ( 'NONE', #358, #1055 ) ;
#336 = ORIENTED_EDGE ( 'NONE', *, *, #1485, .T. ) ;
#337 = EDGE_CURVE ( 'NONE', #2359, #1099, #2060, .T. ) ;
#338 = AXIS2_PLACEMENT_3D ( 'NONE', #374, #4, #341 ) ;
#339 = CARTESIAN_POINT ( 'NONE',  ( 40.79999999999998295, 30.34999999999999787, 3.000000000000000000 ) ) ;
#340 = CARTESIAN_POINT ( 'NONE',  ( 0.000000000000000000, 0.000000000000000000, 0.000000000000000000 ) ) ;
#341 = DIRECTION ( 'NONE',  ( 0.000000000000000000, 0.000000000000000000, -1.000000000000000000 ) ) ;
#342 = VERTEX_POINT ( 'NONE', #391 ) ;
#343 = DIRECTION ( 'NONE',  ( 1.040313928621773268E-16, -1.000000000000000000, 0.000000000000000000 ) ) ;
#344 = DIRECTION ( 'NONE',  ( -0.000000000000000000, -0.000000000000000000, 1.000000000000000000 ) ) ;
#345 = FACE_OUTER_BOUND ( 'NONE', #2012, .T. ) ;
#346 = VERTEX_POINT ( 'NONE', #404 ) ;
#347 = AXIS2_PLACEMENT_3D ( 'NONE', #593, #946, #1680 ) ;
#348 = ADVANCED_FACE ( 'NONE', ( #960 ), #1691, .F. ) ;
#349 = CIRCLE ( 'NONE', #1693, 1.300000000000002487 ) ;
#350 = CARTESIAN_POINT ( 'NONE',  ( 47.49999999999999289, 45.14999999999999858, 1.000000000000014655 ) ) ;
#351 = EDGE_CURVE ( 'NONE', #2318, #744, #1073, .T. ) ;
#352 = EDGE_CURVE ( 'NONE', #1695, #1183, #534, .T. ) ;
#353 = LINE ( 'NONE', #1081, #1028 ) ;
#354 = ORIENTED_EDGE ( 'NONE', *, *, #896, .T. ) ;
#355 = EDGE_CURVE ( 'NONE', #87, #1122, #649, .T. ) ;
#356 = DIRECTION ( 'NONE',  ( 1.000000000000000000, 0.000000000000000000, 0.000000000000000000 ) ) ;
#357 = CARTESIAN_POINT ( 'NONE',  ( 48.76794919243109661, -48.85000000000000142, 0.000000000000000000 ) ) ;
#358 = CARTESIAN_POINT ( 'NONE',  ( -50.50000000000000711, 42.14999999999999147, 9.099999999999999645 ) ) ;
#359 = ORIENTED_EDGE ( 'NONE', *, *, #604, .T. ) ;
#360 = DIRECTION ( 'NONE',  ( 0.000000000000000000, 0.000000000000000000, -1.000000000000000000 ) ) ;
#361 = CIRCLE ( 'NONE', #474, 1.300000000000002487 ) ;
#362 = DIRECTION ( 'NONE',  ( 1.000000000000000000, 0.000000000000000000, 0.000000000000000000 ) ) ;
#363 = ORIENTED_EDGE ( 'NONE', *, *, #1377, .T. ) ;
#364 = CIRCLE ( 'NONE', #1594, 3.000000000000002665 ) ;
#365 = CARTESIAN_POINT ( 'NONE',  ( -47.50000000000000711, 45.14999999999999858, 9.500000000000000000 ) ) ;
#366 = FACE_OUTER_BOUND ( 'NONE', #683, .T. ) ;
#367 = AXIS2_PLACEMENT_3D ( 'NONE', #106, #302, #118 ) ;
#368 = DIRECTION ( 'NONE',  ( 0.000000000000000000, -0.000000000000000000, -1.000000000000000000 ) ) ;
#369 = ORIENTED_EDGE ( 'NONE', *, *, #936, .T. ) ;
#370 = VECTOR ( 'NONE', #1566, 1000.000000000000000 ) ;
#371 = VECTOR ( 'NONE', #1981, 1000.000000000000000 ) ;
#372 = AXIS2_PLACEMENT_3D ( 'NONE', #1050, #1785, #1640 ) ;
#373 = FACE_OUTER_BOUND ( 'NONE', #1243, .T. ) ;
#374 = CARTESIAN_POINT ( 'NONE',  ( 50.10000000000000142, -48.85000000000000142, 9.099999999999999645 ) ) ;
#375 = ORIENTED_EDGE ( 'NONE', *, *, #1631, .T. ) ;
#376 = PLANE ( 'NONE',  #535 ) ;
#377 = CARTESIAN_POINT ( 'NONE',  ( -39.69999999999999574, -45.45000000000000284, 6.000000000000000000 ) ) ;
#378 = DIRECTION ( 'NONE',  ( 1.000000000000000000, 0.000000000000000000, 0.000000000000000000 ) ) ;
#379 = ORIENTED_EDGE ( 'NONE', *, *, #148, .F. ) ;
#380 = CARTESIAN_POINT ( 'NONE',  ( -40.80000000000000426, -30.35000000000000853, 4.700000000000000178 ) ) ;
#381 = ORIENTED_EDGE ( 'NONE', *, *, #1752, .F. ) ;
#382 = DIRECTION ( 'NONE',  ( 0.000000000000000000, 0.000000000000000000, -1.000000000000000000 ) ) ;
#383 = VECTOR ( 'NONE', #343, 1000.000000000000000 ) ;
#384 = CARTESIAN_POINT ( 'NONE',  ( -47.50000000000000711, 42.14999999999999147, 9.500000000000000000 ) ) ;
#385 = VERTEX_POINT ( 'NONE', #1928 ) ;
#386 = AXIS2_PLACEMENT_3D ( 'NONE', #767, #1307, #586 ) ;
#387 = FACE_OUTER_BOUND ( 'NONE', #933, .T. ) ;
#388 = DIRECTION ( 'NONE',  ( -0.000000000000000000, 1.000000000000000000, -0.000000000000000000 ) ) ;
#389 = CARTESIAN_POINT ( 'NONE',  ( -47.50000000000000711, 42.14999999999999147, 0.000000000000000000 ) ) ;
#390 = ORIENTED_EDGE ( 'NONE', *, *, #917, .F. ) ;
#391 = CARTESIAN_POINT ( 'NONE',  ( 47.49999999999999289, -51.85000000000000853, 9.099999999999999645 ) ) ;
#392 = EDGE_LOOP ( 'NONE', ( #1196, #1896, #179, #381 ) ) ;
#393 = EDGE_CURVE ( 'NONE', #2158, #2388, #1008, .T. ) ;
#394 = CARTESIAN_POINT ( 'NONE',  ( 47.49999999999999289, 42.14999999999999147, 9.099999999999999645 ) ) ;
#395 = EDGE_CURVE ( 'NONE', #25, #2259, #2027, .T. ) ;
#396 = CYLINDRICAL_SURFACE ( 'NONE', #331, 3.000000000000002665 ) ;
#397 = CARTESIAN_POINT ( 'NONE',  ( -43.09999999999999432, -45.45000000000000284, 6.000000000000000000 ) ) ;
#398 = ADVANCED_FACE ( 'NONE', ( #100 ), #1554, .F. ) ;
#399 = EDGE_LOOP ( 'NONE', ( #69, #1716, #97, #1413 ) ) ;
#400 = LINE ( 'NONE', #733, #274 ) ;
#401 = DIRECTION ( 'NONE',  ( 2.040851148208008393E-15, 1.000000000000000000, -0.000000000000000000 ) ) ;
#402 = CARTESIAN_POINT ( 'NONE',  ( -47.50000000000000711, 42.14999999999999147, 3.000000000000000000 ) ) ;
#403 = VERTEX_POINT ( 'NONE', #1207 ) ;
#404 = CARTESIAN_POINT ( 'NONE',  ( 39.69999999999999574, -48.84999999999999432, 6.000000000000000000 ) ) ;
#405 = ORIENTED_EDGE ( 'NONE', *, *, #485, .T. ) ;
#406 = FACE_BOUND ( 'NONE', #156, .T. ) ;
#407 = DIRECTION ( 'NONE',  ( -0.000000000000000000, -0.000000000000000000, -1.000000000000000000 ) ) ;
#408 = CARTESIAN_POINT ( 'NONE',  ( -48.76794919243111082, 42.14999999999999147, 0.000000000000000000 ) ) ;
#409 = EDGE_LOOP ( 'NONE', ( #58, #641, #1352, #1082 ) ) ;
#410 = AXIS2_PLACEMENT_3D ( 'NONE', #992, #810, #217 ) ;
#411 = FACE_OUTER_BOUND ( 'NONE', #1701, .T. ) ;
#412 = DIRECTION ( 'NONE',  ( 1.000000000000000000, 0.000000000000000000, 0.000000000000000000 ) ) ;
#413 = ADVANCED_FACE ( 'NONE', ( #1950, #77 ), #460, .T. ) ;
#414 = VERTEX_POINT ( 'NONE', #1916 ) ;
#415 = FACE_OUTER_BOUND ( 'NONE', #961, .T. ) ;
#416 = VERTEX_POINT ( 'NONE', #2105 ) ;
#417 = CARTESIAN_POINT ( 'NONE',  ( -44.39999999999999858, 38.74999999999999289, 3.000000000000000000 ) ) ;
#418 = VECTOR ( 'NONE', #237, 1000.000000000000000 ) ;
#419 = LINE ( 'NONE', #2280, #1874 ) ;
#420 = CIRCLE ( 'NONE', #1343, 1.300000000000002487 ) ;
#421 = ORIENTED_EDGE ( 'NONE', *, *, #2243, .F. ) ;
#422 = ORIENTED_EDGE ( 'NONE', *, *, #662, .F. ) ;
#423 = EDGE_CURVE ( 'NONE', #584, #2378, #264, .T. ) ;
#424 = ADVANCED_FACE ( 'NONE', ( #275 ), #1530, .T. ) ;
#425 = DIRECTION ( 'NONE',  ( -0.000000000000000000, -0.000000000000000000, -1.000000000000000000 ) ) ;
#426 = PLANE ( 'NONE',  #1885 ) ;
#427 = EDGE_LOOP ( 'NONE', ( #888, #1973, #885, #1037 ) ) ;
#428 = DIRECTION ( 'NONE',  ( -1.000000000000000000, -0.000000000000000000, -0.000000000000000000 ) ) ;
#429 = ORIENTED_EDGE ( 'NONE', *, *, #898, .T. ) ;
#430 = PLANE ( 'NONE',  #1229 ) ;
#431 = FACE_OUTER_BOUND ( 'NONE', #2079, .T. ) ;
#432 = ORIENTED_EDGE ( 'NONE', *, *, #525, .T. ) ;
#433 = ORIENTED_EDGE ( 'NONE', *, *, #1629, .T. ) ;
#434 = EDGE_CURVE ( 'NONE', #2174, #1431, #1833, .T. ) ;
#435 = DIRECTION ( 'NONE',  ( 1.000000000000000000, 0.000000000000000000, 0.000000000000000000 ) ) ;
#436 = EDGE_CURVE ( 'NONE', #660, #1099, #1543, .T. ) ;
#437 = AXIS2_PLACEMENT_3D ( 'NONE', #2073, #629, #2157 ) ;
#438 = DIRECTION ( 'NONE',  ( 1.000000000000000000, 2.312964634635740689E-15, 0.000000000000000000 ) ) ;
#439 = ORIENTED_EDGE ( 'NONE', *, *, #1372, .F. ) ;
#440 = VECTOR ( 'NONE', #2225, 1000.000000000000000 ) ;
#441 = DIRECTION ( 'NONE',  ( 0.000000000000000000, 0.000000000000000000, 1.000000000000000000 ) ) ;
#442 = ORIENTED_EDGE ( 'NONE', *, *, #1524, .F. ) ;
#443 = FACE_OUTER_BOUND ( 'NONE', #1017, .T. ) ;
#444 = AXIS2_PLACEMENT_3D ( 'NONE', #3, #2026, #27 ) ;
#445 = DIRECTION ( 'NONE',  ( 0.000000000000000000, 0.000000000000000000, -1.000000000000000000 ) ) ;
#446 = VERTEX_POINT ( 'NONE', #286 ) ;
#447 = ORIENTED_EDGE ( 'NONE', *, *, #1878, .F. ) ;
#448 = CARTESIAN_POINT ( 'NONE',  ( 0.000000000000000000, -50.11794919243110513, 0.000000000000000000 ) ) ;
#449 = VECTOR ( 'NONE', #1474, 1000.000000000000000 ) ;
#450 = DIRECTION ( 'NONE',  ( -0.000000000000000000, 1.000000000000000000, -0.000000000000000000 ) ) ;
#451 = ORIENTED_EDGE ( 'NONE', *, *, #1931, .F. ) ;
#452 = DIRECTION ( 'NONE',  ( 0.000000000000000000, 0.5000000000000008882, -0.8660254037844382635 ) ) ;
#453 = CARTESIAN_POINT ( 'NONE',  ( 0.000000000000000000, 0.000000000000000000, 3.000000000000000000 ) ) ;
#454 = CIRCLE ( 'NONE', #1913, 3.000000000000002665 ) ;
#455 = CARTESIAN_POINT ( 'NONE',  ( -44.39999999999999858, 38.74999999999999289, 6.000000000000000000 ) ) ;
#456 = ORIENTED_EDGE ( 'NONE', *, *, #898, .F. ) ;
#457 = ORIENTED_EDGE ( 'NONE', *, *, #906, .T. ) ;
#458 = LINE ( 'NONE', #1915, #133 ) ;
#459 = VECTOR ( 'NONE', #1199, 1000.000000000000000 ) ;
#460 = PLANE ( 'NONE',  #1952 ) ;
#461 = ORIENTED_EDGE ( 'NONE', *, *, #642, .F. ) ;
#462 = DIRECTION ( 'NONE',  ( 0.8660254037844381525, 0.000000000000000000, -0.5000000000000007772 ) ) ;
#463 = EDGE_CURVE ( 'NONE', #523, #1099, #2129, .T. ) ;
#464 = DIRECTION ( 'NONE',  ( 0.000000000000000000, -1.000000000000000000, 0.000000000000000000 ) ) ;
#465 = EDGE_CURVE ( 'NONE', #2378, #511, #2068, .T. ) ;
#466 = CARTESIAN_POINT ( 'NONE',  ( 50.10000000000000142, -48.85000000000000142, 9.099999999999999645 ) ) ;
#467 = ORIENTED_EDGE ( 'NONE', *, *, #436, .T. ) ;
#468 = ORIENTED_EDGE ( 'NONE', *, *, #68, .T. ) ;
#469 = EDGE_CURVE ( 'NONE', #342, #1692, #1638, .T. ) ;
#470 = CARTESIAN_POINT ( 'NONE',  ( -50.50000000000000711, -48.85000000000000142, 9.500000000000000000 ) ) ;
#471 = CARTESIAN_POINT ( 'NONE',  ( -47.50000000000000711, 42.14999999999999147, 9.099999999999999645 ) ) ;
#472 = VERTEX_POINT ( 'NONE', #488 ) ;
#473 = DIRECTION ( 'NONE',  ( 0.000000000000000000, -0.8660254037844381525, 0.5000000000000007772 ) ) ;
#474 = AXIS2_PLACEMENT_3D ( 'NONE', #1198, #116, #288 ) ;
#475 = LINE ( 'NONE', #1186, #1087 ) ;
#476 = CARTESIAN_POINT ( 'NONE',  ( 43.79999999999999005, -30.35000000000001208, 1.000000000000014655 ) ) ;
#477 = AXIS2_PLACEMENT_3D ( 'NONE', #448, #2273, #1718 ) ;
#478 = DIRECTION ( 'NONE',  ( -0.000000000000000000, -0.000000000000000000, -1.000000000000000000 ) ) ;
#479 = DIRECTION ( 'NONE',  ( 0.000000000000000000, 0.000000000000000000, 1.000000000000000000 ) ) ;
#480 = ORIENTED_EDGE ( 'NONE', *, *, #1616, .T. ) ;
#481 = VERTEX_POINT ( 'NONE', #871 ) ;
#482 = DIRECTION ( 'NONE',  ( -0.000000000000000000, -0.000000000000000000, -1.000000000000000000 ) ) ;
#483 = VECTOR ( 'NONE', #323, 1000.000000000000000 ) ;
#484 = PLANE ( 'NONE',  #728 ) ;
#485 = EDGE_CURVE ( 'NONE', #678, #771, #1769, .T. ) ;
#486 = CARTESIAN_POINT ( 'NONE',  ( -47.50000000000000711, 42.14999999999999147, 9.099999999999999645 ) ) ;
#487 = LINE ( 'NONE', #2122, #158 ) ;
#488 = CARTESIAN_POINT ( 'NONE',  ( -47.50000000000000711, -51.45000000000000284, 9.099999999999999645 ) ) ;
#489 = CARTESIAN_POINT ( 'NONE',  ( -43.10000000000000142, 35.34999999999999432, 3.000000000000000000 ) ) ;
#490 = ORIENTED_EDGE ( 'NONE', *, *, #1360, .F. ) ;
#491 = ORIENTED_EDGE ( 'NONE', *, *, #569, .T. ) ;
#492 = EDGE_CURVE ( 'NONE', #1430, #894, #2325, .T. ) ;
#493 = DIRECTION ( 'NONE',  ( 0.000000000000000000, -0.000000000000000000, -1.000000000000000000 ) ) ;
#494 = VERTEX_POINT ( 'NONE', #1246 ) ;
#495 = EDGE_CURVE ( 'NONE', #1122, #1541, #2149, .T. ) ;
#496 = CARTESIAN_POINT ( 'NONE',  ( 39.69999999999999574, -48.84999999999999432, 3.000000000000000000 ) ) ;
#497 = VECTOR ( 'NONE', #2208, 1000.000000000000000 ) ;
#498 = CARTESIAN_POINT ( 'NONE',  ( 47.49999999999999289, 35.34999999999999432, 4.700000000000000178 ) ) ;
#499 = ORIENTED_EDGE ( 'NONE', *, *, #1962, .T. ) ;
#500 = CIRCLE ( 'NONE', #895, 3.399999999999993250 ) ;
#501 = DIRECTION ( 'NONE',  ( 0.8660254037844381525, 0.000000000000000000, 0.5000000000000007772 ) ) ;
#502 = LINE ( 'NONE', #1746, #601 ) ;
#503 = ORIENTED_EDGE ( 'NONE', *, *, #796, .F. ) ;
#504 = ORIENTED_EDGE ( 'NONE', *, *, #2037, .F. ) ;
#505 = DIRECTION ( 'NONE',  ( -7.304098846218134421E-17, 1.000000000000000000, 0.000000000000000000 ) ) ;
#506 = EDGE_LOOP ( 'NONE', ( #1165, #1000, #1291, #1970 ) ) ;
#507 = ADVANCED_FACE ( 'NONE', ( #159 ), #697, .F. ) ;
#508 = EDGE_CURVE ( 'NONE', #2050, #977, #1211, .T. ) ;
#509 = CARTESIAN_POINT ( 'NONE',  ( -45.53205080756891476, -30.35000000000000853, 0.000000000000000000 ) ) ;
#510 = DIRECTION ( 'NONE',  ( -0.000000000000000000, -0.000000000000000000, -1.000000000000000000 ) ) ;
#511 = VERTEX_POINT ( 'NONE', #2316 ) ;
#512 = DIRECTION ( 'NONE',  ( -0.000000000000000000, -0.000000000000000000, -1.000000000000000000 ) ) ;
#513 = CIRCLE ( 'NONE', #254, 2.600000000000004974 ) ;
#514 = ORIENTED_EDGE ( 'NONE', *, *, #1434, .T. ) ;
#515 = AXIS2_PLACEMENT_3D ( 'NONE', #893, #1465, #2169 ) ;
#516 = VERTEX_POINT ( 'NONE', #1625 ) ;
#517 = DIRECTION ( 'NONE',  ( -0.000000000000000000, 0.000000000000000000, 1.000000000000000000 ) ) ;
#518 = ORIENTED_EDGE ( 'NONE', *, *, #1423, .T. ) ;
#519 = EDGE_CURVE ( 'NONE', #1578, #570, #1427, .T. ) ;
#520 = CARTESIAN_POINT ( 'NONE',  ( 43.10000000000000853, -45.45000000000000284, 3.000000000000000000 ) ) ;
#521 = CARTESIAN_POINT ( 'NONE',  ( 47.49999999999999289, 45.14999999999999858, 1.000000000000014655 ) ) ;
#522 = CARTESIAN_POINT ( 'NONE',  ( -47.50000000000000711, 35.34999999999999432, 4.700000000000000178 ) ) ;
#523 = VERTEX_POINT ( 'NONE', #1957 ) ;
#524 = AXIS2_PLACEMENT_3D ( 'NONE', #1308, #2053, #1867 ) ;
#525 = EDGE_CURVE ( 'NONE', #18, #1268, #1046, .T. ) ;
#526 = FACE_OUTER_BOUND ( 'NONE', #427, .T. ) ;
#527 = ADVANCED_FACE ( 'NONE', ( #526 ), #128, .F. ) ;
#528 = FACE_OUTER_BOUND ( 'NONE', #2188, .T. ) ;
#529 = ORIENTED_EDGE ( 'NONE', *, *, #463, .T. ) ;
#530 = LINE ( 'NONE', #365, #1004 ) ;
#531 = DIRECTION ( 'NONE',  ( -0.000000000000000000, -0.000000000000000000, -1.000000000000000000 ) ) ;
#532 = LINE ( 'NONE', #2377, #1244 ) ;
#533 = ORIENTED_EDGE ( 'NONE', *, *, #1706, .F. ) ;
#534 = CIRCLE ( 'NONE', #1379, 3.000000000000002665 ) ;
#535 = AXIS2_PLACEMENT_3D ( 'NONE', #196, #1298, #2236 ) ;
#536 = EDGE_CURVE ( 'NONE', #5, #218, #2361, .T. ) ;
#537 = VECTOR ( 'NONE', #1391, 1000.000000000000000 ) ;
#538 = CARTESIAN_POINT ( 'NONE',  ( -50.10000000000001563, 42.14999999999999147, 9.099999999999999645 ) ) ;
#539 = ADVANCED_FACE ( 'NONE', ( #2336 ), #2171, .T. ) ;
#540 = CARTESIAN_POINT ( 'NONE',  ( 50.10000000000000142, 42.14999999999999147, 9.500000000000000000 ) ) ;
#541 = ORIENTED_EDGE ( 'NONE', *, *, #2023, .T. ) ;
#542 = DIRECTION ( 'NONE',  ( 1.000000000000000000, 0.000000000000000000, 0.000000000000000000 ) ) ;
#543 = DIRECTION ( 'NONE',  ( 0.000000000000000000, 0.000000000000000000, -1.000000000000000000 ) ) ;
#544 = LINE ( 'NONE', #1805, #1787 ) ;
#545 = VERTEX_POINT ( 'NONE', #1258 ) ;
#546 = DIRECTION ( 'NONE',  ( 0.000000000000000000, 0.000000000000000000, 1.000000000000000000 ) ) ;
#547 = VECTOR ( 'NONE', #1389, 1000.000000000000000 ) ;
#548 = VECTOR ( 'NONE', #510, 1000.000000000000000 ) ;
#549 = CARTESIAN_POINT ( 'NONE',  ( -40.80000000000000426, -33.35000000000000853, 1.000000000000014655 ) ) ;
#550 = VERTEX_POINT ( 'NONE', #1796 ) ;
#551 = VECTOR ( 'NONE', #110, 1000.000000000000000 ) ;
#552 = VECTOR ( 'NONE', #1456, 1000.000000000000000 ) ;
#553 = CARTESIAN_POINT ( 'NONE',  ( 50.49999999999999289, -48.85000000000000142, 9.099999999999999645 ) ) ;
#554 = DIRECTION ( 'NONE',  ( -1.000000000000000000, -0.000000000000000000, -0.000000000000000000 ) ) ;
#555 = AXIS2_PLACEMENT_3D ( 'NONE', #1637, #2203, #183 ) ;
#556 = CARTESIAN_POINT ( 'NONE',  ( 47.49999999999999289, -48.85000000000000142, 9.500000000000000000 ) ) ;
#557 = EDGE_LOOP ( 'NONE', ( #2271, #779, #1611, #1862 ) ) ;
#558 = CARTESIAN_POINT ( 'NONE',  ( -43.10000000000000142, 38.74999999999999289, 6.000000000000000000 ) ) ;
#559 = ORIENTED_EDGE ( 'NONE', *, *, #1451, .F. ) ;
#560 = DIRECTION ( 'NONE',  ( -1.577021341797094257E-15, 1.000000000000000000, 0.000000000000000000 ) ) ;
#561 = CARTESIAN_POINT ( 'NONE',  ( -47.50000000000000711, -51.85000000000000853, 9.500000000000000000 ) ) ;
#562 = VERTEX_POINT ( 'NONE', #2184 ) ;
#563 = ADVANCED_FACE ( 'NONE', ( #1759 ), #670, .F. ) ;
#564 = FACE_OUTER_BOUND ( 'NONE', #1006, .T. ) ;
#565 = CARTESIAN_POINT ( 'NONE',  ( -50.10000000000000142, -48.85000000000000142, 9.099999999999999645 ) ) ;
#566 = DIRECTION ( 'NONE',  ( -1.040313928621773268E-16, 1.000000000000000000, 0.000000000000000000 ) ) ;
#567 = ORIENTED_EDGE ( 'NONE', *, *, #937, .F. ) ;
#568 = FACE_OUTER_BOUND ( 'NONE', #1911, .T. ) ;
#569 = EDGE_CURVE ( 'NONE', #1236, #1851, #143, .T. ) ;
#570 = VERTEX_POINT ( 'NONE', #1613 ) ;
#571 = LINE ( 'NONE', #41, #1383 ) ;
#572 = EDGE_CURVE ( 'NONE', #1236, #584, #1393, .T. ) ;
#573 = DIRECTION ( 'NONE',  ( 1.000000000000000000, 1.577021341797094454E-15, -0.000000000000000000 ) ) ;
#574 = AXIS2_PLACEMENT_3D ( 'NONE', #389, #209, #944 ) ;
#575 = CIRCLE ( 'NONE', #33, 1.300000000000002487 ) ;
#576 = DIRECTION ( 'NONE',  ( 1.000000000000000000, 0.000000000000000000, 0.000000000000000000 ) ) ;
#577 = ORIENTED_EDGE ( 'NONE', *, *, #1852, .T. ) ;
#578 = VECTOR ( 'NONE', #280, 1000.000000000000000 ) ;
#579 = DIRECTION ( 'NONE',  ( -0.000000000000000000, -0.000000000000000000, -1.000000000000000000 ) ) ;
#580 = CARTESIAN_POINT ( 'NONE',  ( 47.49999999999999289, 35.34999999999999432, 6.000000000000000000 ) ) ;
#581 = DIRECTION ( 'NONE',  ( -0.000000000000000000, 0.000000000000000000, 1.000000000000000000 ) ) ;
#582 = ORIENTED_EDGE ( 'NONE', *, *, #2312, .F. ) ;
#583 = DIRECTION ( 'NONE',  ( -0.000000000000000000, -0.000000000000000000, 1.000000000000000000 ) ) ;
#584 = VERTEX_POINT ( 'NONE', #1405 ) ;
#585 = DIRECTION ( 'NONE',  ( 0.000000000000000000, 0.000000000000000000, -1.000000000000000000 ) ) ;
#586 = DIRECTION ( 'NONE',  ( 1.000000000000000000, 0.000000000000000000, 0.000000000000000000 ) ) ;
#587 = FACE_OUTER_BOUND ( 'NONE', #2384, .T. ) ;
#588 = ORIENTED_EDGE ( 'NONE', *, *, #1200, .F. ) ;
#589 = LINE ( 'NONE', #1118, #746 ) ;
#590 = CIRCLE ( 'NONE', #1831, 3.000000000000002665 ) ;
#591 = ADVANCED_FACE ( 'NONE', ( #1821 ), #2231, .T. ) ;
#592 = CARTESIAN_POINT ( 'NONE',  ( 47.49999999999999289, -42.05000000000000426, 6.000000000000000000 ) ) ;
#593 = CARTESIAN_POINT ( 'NONE',  ( -47.50000000000000711, 45.14999999999999858, 9.500000000000000000 ) ) ;
#594 = EDGE_LOOP ( 'NONE', ( #150, #1971 ) ) ;
#595 = DIRECTION ( 'NONE',  ( 1.000000000000000000, 0.000000000000000000, 0.000000000000000000 ) ) ;
#596 = AXIS2_PLACEMENT_3D ( 'NONE', #339, #1440, #897 ) ;
#597 = ORIENTED_EDGE ( 'NONE', *, *, #1319, .F. ) ;
#598 = EDGE_CURVE ( 'NONE', #1792, #1180, #1080, .T. ) ;
#599 = FACE_OUTER_BOUND ( 'NONE', #1005, .T. ) ;
#600 = EDGE_CURVE ( 'NONE', #1510, #245, #1854, .T. ) ;
#601 = VECTOR ( 'NONE', #1234, 1000.000000000000000 ) ;
#602 = FACE_OUTER_BOUND ( 'NONE', #125, .T. ) ;
#603 = ORIENTED_EDGE ( 'NONE', *, *, #1434, .F. ) ;
#604 = EDGE_CURVE ( 'NONE', #1438, #1324, #1114, .T. ) ;
#605 = VERTEX_POINT ( 'NONE', #2014 ) ;
#606 = DIRECTION ( 'NONE',  ( 0.000000000000000000, -0.000000000000000000, -1.000000000000000000 ) ) ;
#607 = CARTESIAN_POINT ( 'NONE',  ( 0.000000000000000000, 43.41794919243109518, 0.000000000000000000 ) ) ;
#608 = DIRECTION ( 'NONE',  ( 1.000000000000000000, 0.000000000000000000, 0.000000000000000000 ) ) ;
#609 = ORIENTED_EDGE ( 'NONE', *, *, #1899, .F. ) ;
#610 = DIRECTION ( 'NONE',  ( 1.000000000000000000, 0.000000000000000000, 0.000000000000000000 ) ) ;
#611 = DIRECTION ( 'NONE',  ( 0.000000000000000000, 0.000000000000000000, 1.000000000000000000 ) ) ;
#612 = ADVANCED_FACE ( 'NONE', ( #2194 ), #1124, .F. ) ;
#613 = DIRECTION ( 'NONE',  ( 1.040313928621773268E-16, -1.000000000000000000, 0.000000000000000000 ) ) ;
#614 = AXIS2_PLACEMENT_3D ( 'NONE', #1399, #889, #1568 ) ;
#615 = ORIENTED_EDGE ( 'NONE', *, *, #266, .F. ) ;
#616 = ORIENTED_EDGE ( 'NONE', *, *, #1200, .T. ) ;
#617 = CARTESIAN_POINT ( 'NONE',  ( -47.50000000000000711, 42.14999999999999147, 9.500000000000000000 ) ) ;
#618 = CARTESIAN_POINT ( 'NONE',  ( 47.49999999999999289, -48.85000000000000142, 9.099999999999999645 ) ) ;
#619 = ORIENTED_EDGE ( 'NONE', *, *, #2, .T. ) ;
#620 = CARTESIAN_POINT ( 'NONE',  ( -47.50000000000000711, 43.41794919243109518, 0.000000000000000000 ) ) ;
#621 = LINE ( 'NONE', #2290, #815 ) ;
#622 = DIRECTION ( 'NONE',  ( 1.000000000000000000, 0.000000000000000000, 0.000000000000000000 ) ) ;
#623 = ORIENTED_EDGE ( 'NONE', *, *, #936, .F. ) ;
#624 = ORIENTED_EDGE ( 'NONE', *, *, #1878, .T. ) ;
#625 = SURFACE_SIDE_STYLE ('',( #2284 ) ) ;
#626 = DIRECTION ( 'NONE',  ( 1.000000000000000000, 0.000000000000000000, 0.000000000000000000 ) ) ;
#627 = ORIENTED_EDGE ( 'NONE', *, *, #115, .F. ) ;
#628 = VECTOR ( 'NONE', #22, 1000.000000000000000 ) ;
#629 = DIRECTION ( 'NONE',  ( 1.000000000000000000, 0.000000000000000000, 0.000000000000000000 ) ) ;
#630 = ORIENTED_EDGE ( 'NONE', *, *, #1516, .T. ) ;
#631 = VECTOR ( 'NONE', #554, 1000.000000000000000 ) ;
#632 = LINE ( 'NONE', #2257, #2048 ) ;
#633 = ADVANCED_FACE ( 'NONE', ( #1668 ), #396, .F. ) ;
#634 = DIRECTION ( 'NONE',  ( -0.000000000000000000, -0.000000000000000000, 1.000000000000000000 ) ) ;
#635 = ORIENTED_EDGE ( 'NONE', *, *, #2080, .F. ) ;
#636 = ORIENTED_EDGE ( 'NONE', *, *, #1269, .F. ) ;
#637 = CARTESIAN_POINT ( 'NONE',  ( 47.49999999999999289, -48.85000000000000142, 9.500000000000000000 ) ) ;
#638 = VECTOR ( 'NONE', #2005, 1000.000000000000000 ) ;
#639 = EDGE_CURVE ( 'NONE', #1924, #1251, #927, .T. ) ;
#640 = DIRECTION ( 'NONE',  ( 0.000000000000000000, 0.000000000000000000, -1.000000000000000000 ) ) ;
#641 = ORIENTED_EDGE ( 'NONE', *, *, #1669, .T. ) ;
#642 = EDGE_CURVE ( 'NONE', #18, #147, #2216, .T. ) ;
#643 = FACE_OUTER_BOUND ( 'NONE', #2389, .T. ) ;
#644 = DIRECTION ( 'NONE',  ( 0.000000000000000000, 1.000000000000000000, 0.000000000000000000 ) ) ;
#645 = EDGE_CURVE ( 'NONE', #1727, #2307, #1914, .T. ) ;
#646 = FACE_OUTER_BOUND ( 'NONE', #913, .T. ) ;
#647 = ORIENTED_EDGE ( 'NONE', *, *, #782, .T. ) ;
#648 = EDGE_LOOP ( 'NONE', ( #359, #2126, #1410, #305 ) ) ;
#649 = CIRCLE ( 'NONE', #2002, 3.000000000000002665 ) ;
#650 = LINE ( 'NONE', #149, #2215 ) ;
#651 = AXIS2_PLACEMENT_3D ( 'NONE', #1318, #1532, #793 ) ;
#652 = DIRECTION ( 'NONE',  ( 0.000000000000000000, 0.000000000000000000, 1.000000000000000000 ) ) ;
#653 = EDGE_LOOP ( 'NONE', ( #1025, #2212, #490, #817 ) ) ;
#654 = DIRECTION ( 'NONE',  ( -0.000000000000000000, -0.000000000000000000, 1.000000000000000000 ) ) ;
#655 = DIRECTION ( 'NONE',  ( 1.000000000000000000, 0.000000000000000000, 0.000000000000000000 ) ) ;
#656 = LINE ( 'NONE', #1403, #537 ) ;
#657 = DIRECTION ( 'NONE',  ( -0.000000000000000000, -0.000000000000000000, 1.000000000000000000 ) ) ;
#658 = CARTESIAN_POINT ( 'NONE',  ( 50.49999999999999289, -48.85000000000000142, 9.099999999999999645 ) ) ;
#659 = ORIENTED_EDGE ( 'NONE', *, *, #777, .T. ) ;
#660 = VERTEX_POINT ( 'NONE', #916 ) ;
#661 = FACE_OUTER_BOUND ( 'NONE', #2167, .T. ) ;
#662 = EDGE_CURVE ( 'NONE', #1203, #1873, #1866, .T. ) ;
#663 = DIRECTION ( 'NONE',  ( 0.000000000000000000, -0.000000000000000000, -1.000000000000000000 ) ) ;
#664 = CIRCLE ( 'NONE', #1469, 3.000000000000002665 ) ;
#665 = CARTESIAN_POINT ( 'NONE',  ( 47.49999999999999289, 42.14999999999999147, 6.000000000000000000 ) ) ;
#666 = LINE ( 'NONE', #842, #1191 ) ;
#667 = VECTOR ( 'NONE', #690, 1000.000000000000000 ) ;
#668 = ADVANCED_FACE ( 'NONE', ( #729 ), #1460, .F. ) ;
#669 = VECTOR ( 'NONE', #2179, 1000.000000000000114 ) ;
#670 = CYLINDRICAL_SURFACE ( 'NONE', #367, 1.300000000000002487 ) ;
#671 = LINE ( 'NONE', #2150, #1097 ) ;
#672 = DIRECTION ( 'NONE',  ( 0.000000000000000000, 0.000000000000000000, 1.000000000000000000 ) ) ;
#673 = ORIENTED_EDGE ( 'NONE', *, *, #687, .F. ) ;
#674 = VECTOR ( 'NONE', #657, 1000.000000000000000 ) ;
#675 = ORIENTED_EDGE ( 'NONE', *, *, #492, .F. ) ;
#676 = PLANE ( 'NONE',  #1679 ) ;
#677 = AXIS2_PLACEMENT_3D ( 'NONE', #816, #2306, #1941 ) ;
#678 = VERTEX_POINT ( 'NONE', #1280 ) ;
#679 = VECTOR ( 'NONE', #1428, 1000.000000000000000 ) ;
#680 = VECTOR ( 'NONE', #2077, 1000.000000000000000 ) ;
#681 = DIRECTION ( 'NONE',  ( 0.000000000000000000, 0.000000000000000000, 1.000000000000000000 ) ) ;
#682 = DIRECTION ( 'NONE',  ( -0.000000000000000000, -0.000000000000000000, -1.000000000000000000 ) ) ;
#683 = EDGE_LOOP ( 'NONE', ( #785, #1294, #848, #1929 ) ) ;
#684 = DIRECTION ( 'NONE',  ( 0.000000000000000000, 0.000000000000000000, 1.000000000000000000 ) ) ;
#685 = CARTESIAN_POINT ( 'NONE',  ( 47.49999999999999289, -50.11794919243110513, 0.000000000000000000 ) ) ;
#686 = ORIENTED_EDGE ( 'NONE', *, *, #267, .T. ) ;
#687 = EDGE_CURVE ( 'NONE', #1985, #1578, #1475, .T. ) ;
#688 = EDGE_LOOP ( 'NONE', ( #1433, #2035, #1483, #204 ) ) ;
#689 = ADVANCED_FACE ( 'NONE', ( #373, #202 ), #2064, .F. ) ;
#690 = DIRECTION ( 'NONE',  ( 1.000000000000000000, 0.000000000000000000, 0.000000000000000000 ) ) ;
#691 = ORIENTED_EDGE ( 'NONE', *, *, #1088, .F. ) ;
#692 = DIRECTION ( 'NONE',  ( -1.000000000000000000, 0.000000000000000000, 0.000000000000000000 ) ) ;
#693 = AXIS2_PLACEMENT_3D ( 'NONE', #1117, #1857, #1630 ) ;
#694 = CARTESIAN_POINT ( 'NONE',  ( -43.09999999999999432, -45.45000000000000284, 3.000000000000000000 ) ) ;
#695 = EDGE_LOOP ( 'NONE', ( #1656, #1152, #1819, #1917 ) ) ;
#696 = AXIS2_PLACEMENT_3D ( 'NONE', #2088, #1711, #1011 ) ;
#697 = CYLINDRICAL_SURFACE ( 'NONE', #596, 3.000000000000002665 ) ;
#698 = CARTESIAN_POINT ( 'NONE',  ( 43.79999999999998295, 33.34999999999999432, 4.700000000000000178 ) ) ;
#699 = ORIENTED_EDGE ( 'NONE', *, *, #2281, .T. ) ;
#700 = VERTEX_POINT ( 'NONE', #15 ) ;
#701 = DIRECTION ( 'NONE',  ( 0.000000000000000000, 0.000000000000000000, 1.000000000000000000 ) ) ;
#702 = VERTEX_POINT ( 'NONE', #2217 ) ;
#703 = CARTESIAN_POINT ( 'NONE',  ( 40.79999999999997584, -33.35000000000000853, 4.700000000000000178 ) ) ;
#704 = DIRECTION ( 'NONE',  ( -1.000000000000000000, -0.000000000000000000, -0.000000000000000000 ) ) ;
#705 = DIRECTION ( 'NONE',  ( 1.000000000000000000, 0.000000000000000000, 0.000000000000000000 ) ) ;
#706 = EDGE_LOOP ( 'NONE', ( #1179, #109, #2155, #1893 ) ) ;
#707 = EDGE_CURVE ( 'NONE', #795, #1881, #195, .T. ) ;
#708 = DIRECTION ( 'NONE',  ( 0.5000000000000008882, -0.000000000000000000, -0.8660254037844382635 ) ) ;
#709 = VECTOR ( 'NONE', #1517, 1000.000000000000000 ) ;
#710 = CARTESIAN_POINT ( 'NONE',  ( -50.50000000000000711, -48.85000000000000142, 9.500000000000000000 ) ) ;
#711 = ORIENTED_EDGE ( 'NONE', *, *, #1, .F. ) ;
#712 = FACE_OUTER_BOUND ( 'NONE', #1523, .T. ) ;
#713 = PLANE ( 'NONE',  #1282 ) ;
#714 = EDGE_CURVE ( 'NONE', #1531, #1597, #755, .T. ) ;
#715 = AXIS2_PLACEMENT_3D ( 'NONE', #1513, #2245, #291 ) ;
#716 = DIRECTION ( 'NONE',  ( -0.000000000000000000, -0.000000000000000000, -1.000000000000000000 ) ) ;
#717 = ORIENTED_EDGE ( 'NONE', *, *, #2256, .F. ) ;
#718 = CIRCLE ( 'NONE', #524, 3.000000000000002665 ) ;
#719 = EDGE_CURVE ( 'NONE', #2307, #1727, #2165, .T. ) ;
#720 = DIRECTION ( 'NONE',  ( -0.000000000000000000, -0.000000000000000000, -1.000000000000000000 ) ) ;
#721 = DIRECTION ( 'NONE',  ( -0.000000000000000000, -0.000000000000000000, 1.000000000000000000 ) ) ;
#722 = ORIENTED_EDGE ( 'NONE', *, *, #901, .T. ) ;
#723 = DIRECTION ( 'NONE',  ( -1.040313928621773268E-16, 1.000000000000000000, 0.000000000000000000 ) ) ;
#724 = CARTESIAN_POINT ( 'NONE',  ( 47.49999999999999289, 42.14999999999999147, 6.000000000000000000 ) ) ;
#725 = CARTESIAN_POINT ( 'NONE',  ( -43.80000000000000426, -33.35000000000001563, 4.700000000000000178 ) ) ;
#726 = ORIENTED_EDGE ( 'NONE', *, *, #770, .F. ) ;
#727 = AXIS2_PLACEMENT_3D ( 'NONE', #2286, #1731, #438 ) ;
#728 = AXIS2_PLACEMENT_3D ( 'NONE', #113, #307, #2356 ) ;
#729 = FACE_OUTER_BOUND ( 'NONE', #1145, .T. ) ;
#730 = DIRECTION ( 'NONE',  ( 1.000000000000000000, 0.000000000000000000, 0.000000000000000000 ) ) ;
#731 = VERTEX_POINT ( 'NONE', #1933 ) ;
#732 = EDGE_CURVE ( 'NONE', #1183, #342, #632, .T. ) ;
#733 = CARTESIAN_POINT ( 'NONE',  ( -39.70000000000000284, 38.74999999999999289, 6.000000000000000000 ) ) ;
#734 = CYLINDRICAL_SURFACE ( 'NONE', #1790, 1.300000000000002487 ) ;
#735 = CARTESIAN_POINT ( 'NONE',  ( -41.79999999999999005, -45.45000000000000284, 3.000000000000000000 ) ) ;
#736 = ORIENTED_EDGE ( 'NONE', *, *, #1516, .F. ) ;
#737 = DIRECTION ( 'NONE',  ( 0.000000000000000000, -0.8660254037844381525, -0.5000000000000007772 ) ) ;
#738 = VERTEX_POINT ( 'NONE', #1547 ) ;
#739 = CARTESIAN_POINT ( 'NONE',  ( 43.10000000000000142, 38.74999999999998579, 6.000000000000000000 ) ) ;
#740 = PRODUCT_DEFINITION_SHAPE ( 'NONE', 'NONE',  #1252 ) ;
#741 = EDGE_CURVE ( 'NONE', #550, #988, #1345, .T. ) ;
#742 = VECTOR ( 'NONE', #716, 1000.000000000000000 ) ;
#743 = LINE ( 'NONE', #1842, #449 ) ;
#744 = VERTEX_POINT ( 'NONE', #2097 ) ;
#745 = EDGE_CURVE ( 'NONE', #2282, #1203, #1894, .T. ) ;
#746 = VECTOR ( 'NONE', #804, 1000.000000000000000 ) ;
#747 = FACE_OUTER_BOUND ( 'NONE', #695, .T. ) ;
#748 = LINE ( 'NONE', #1065, #270 ) ;
#749 = VECTOR ( 'NONE', #1270, 1000.000000000000000 ) ;
#750 = LINE ( 'NONE', #1506, #1358 ) ;
#751 = EDGE_LOOP ( 'NONE', ( #2339, #2276 ) ) ;
#752 = CARTESIAN_POINT ( 'NONE',  ( 47.49999999999999289, 44.75000000000000000, 9.099999999999999645 ) ) ;
#753 = ORIENTED_EDGE ( 'NONE', *, *, #94, .F. ) ;
#754 = AXIS2_PLACEMENT_3D ( 'NONE', #2270, #622, #445 ) ;
#755 = LINE ( 'NONE', #1484, #1849 ) ;
#756 = DIRECTION ( 'NONE',  ( -0.000000000000000000, 0.000000000000000000, 1.000000000000000000 ) ) ;
#757 = ADVANCED_FACE ( 'NONE', ( #230 ), #989, .T. ) ;
#758 = ORIENTED_EDGE ( 'NONE', *, *, #1822, .T. ) ;
#759 = CARTESIAN_POINT ( 'NONE',  ( -39.69999999999999574, -45.45000000000000284, 6.000000000000000000 ) ) ;
#760 = PLANE ( 'NONE',  #136 ) ;
#761 = LINE ( 'NONE', #1492, #2195 ) ;
#762 = EDGE_LOOP ( 'NONE', ( #775, #1366 ) ) ;
#763 = LINE ( 'NONE', #1861, #2119 ) ;
#764 = ORIENTED_EDGE ( 'NONE', *, *, #1629, .F. ) ;
#765 = VECTOR ( 'NONE', #1482, 1000.000000000000000 ) ;
#766 = FACE_OUTER_BOUND ( 'NONE', #1480, .T. ) ;
#767 = CARTESIAN_POINT ( 'NONE',  ( 43.10000000000000142, 38.74999999999998579, 6.000000000000000000 ) ) ;
#768 = AXIS2_PLACEMENT_3D ( 'NONE', #1305, #1733, #2051 ) ;
#769 = CYLINDRICAL_SURFACE ( 'NONE', #715, 2.599999999999998312 ) ;
#770 = EDGE_CURVE ( 'NONE', #562, #2278, #257, .T. ) ;
#771 = VERTEX_POINT ( 'NONE', #809 ) ;
#772 = DIRECTION ( 'NONE',  ( 0.000000000000000000, -0.000000000000000000, -1.000000000000000000 ) ) ;
#773 = FACE_OUTER_BOUND ( 'NONE', #2293, .T. ) ;
#774 = DIRECTION ( 'NONE',  ( -0.000000000000000000, -0.000000000000000000, 1.000000000000000000 ) ) ;
#775 = ORIENTED_EDGE ( 'NONE', *, *, #719, .F. ) ;
#776 = DIRECTION ( 'NONE',  ( -0.000000000000000000, -0.000000000000000000, -1.000000000000000000 ) ) ;
#777 = EDGE_CURVE ( 'NONE', #2282, #2287, #44, .T. ) ;
#778 = EDGE_CURVE ( 'NONE', #1924, #446, #1306, .T. ) ;
#779 = ORIENTED_EDGE ( 'NONE', *, *, #1106, .F. ) ;
#780 = DIRECTION ( 'NONE',  ( 0.000000000000000000, 0.000000000000000000, 1.000000000000000000 ) ) ;
#781 = ORIENTED_EDGE ( 'NONE', *, *, #223, .T. ) ;
#782 = EDGE_CURVE ( 'NONE', #1597, #1134, #500, .T. ) ;
#783 = DIRECTION ( 'NONE',  ( 1.000000000000000000, 0.000000000000000000, 0.000000000000000000 ) ) ;
#784 = DIRECTION ( 'NONE',  ( 1.000000000000000000, 0.000000000000000000, 0.000000000000000000 ) ) ;
#785 = ORIENTED_EDGE ( 'NONE', *, *, #2065, .F. ) ;
#786 = VECTOR ( 'NONE', #139, 1000.000000000000000 ) ;
#787 = ORIENTED_EDGE ( 'NONE', *, *, #999, .F. ) ;
#788 = CARTESIAN_POINT ( 'NONE',  ( 43.10000000000000853, -45.45000000000000284, 3.000000000000000000 ) ) ;
#789 = DIRECTION ( 'NONE',  ( 0.000000000000000000, 0.5000000000000008882, -0.8660254037844382635 ) ) ;
#790 = AXIS2_PLACEMENT_3D ( 'NONE', #803, #48, #955 ) ;
#791 = LINE ( 'NONE', #1315, #1261 ) ;
#792 = ORIENTED_EDGE ( 'NONE', *, *, #2132, .F. ) ;
#793 = DIRECTION ( 'NONE',  ( 1.000000000000000000, 0.000000000000000000, 0.000000000000000000 ) ) ;
#794 = AXIS2_PLACEMENT_3D ( 'NONE', #1233, #1035, #1992 ) ;
#795 = VERTEX_POINT ( 'NONE', #417 ) ;
#796 = EDGE_CURVE ( 'NONE', #2115, #2118, #621, .T. ) ;
#797 = DIRECTION ( 'NONE',  ( 0.000000000000000000, 0.000000000000000000, 1.000000000000000000 ) ) ;
#798 = CIRCLE ( 'NONE', #2146, 3.000000000000002665 ) ;
#799 = AXIS2_PLACEMENT_3D ( 'NONE', #952, #1502, #45 ) ;
#800 = CARTESIAN_POINT ( 'NONE',  ( -39.70000000000000284, -48.85000000000000142, 6.000000000000000000 ) ) ;
#801 = ORIENTED_EDGE ( 'NONE', *, *, #1271, .T. ) ;
#802 = EDGE_LOOP ( 'NONE', ( #647, #1546, #74, #514, #1672 ) ) ;
#803 = CARTESIAN_POINT ( 'NONE',  ( 43.10000000000000853, -45.45000000000000284, 3.000000000000000000 ) ) ;
#804 = DIRECTION ( 'NONE',  ( -0.000000000000000000, -0.000000000000000000, -1.000000000000000000 ) ) ;
#805 = DIRECTION ( 'NONE',  ( -1.000000000000000000, 0.000000000000000000, 0.000000000000000000 ) ) ;
#806 = VERTEX_POINT ( 'NONE', #1187 ) ;
#807 = FACE_OUTER_BOUND ( 'NONE', #329, .T. ) ;
#808 = ORIENTED_EDGE ( 'NONE', *, *, #1423, .F. ) ;
#809 = CARTESIAN_POINT ( 'NONE',  ( 39.70000000000000284, 38.74999999999998579, 6.000000000000000000 ) ) ;
#810 = DIRECTION ( 'NONE',  ( -0.000000000000000000, -0.000000000000000000, -1.000000000000000000 ) ) ;
#811 = VECTOR ( 'NONE', #153, 1000.000000000000000 ) ;
#812 = ORIENTED_EDGE ( 'NONE', *, *, #2219, .T. ) ;
#813 = ORIENTED_EDGE ( 'NONE', *, *, #2153, .T. ) ;
#814 = FACE_OUTER_BOUND ( 'NONE', #399, .T. ) ;
#815 = VECTOR ( 'NONE', #1137, 1000.000000000000000 ) ;
#816 = CARTESIAN_POINT ( 'NONE',  ( -47.50000000000000711, 42.14999999999999147, 9.500000000000000000 ) ) ;
#817 = ORIENTED_EDGE ( 'NONE', *, *, #297, .F. ) ;
#818 = FACE_OUTER_BOUND ( 'NONE', #1665, .T. ) ;
#819 = EDGE_LOOP ( 'NONE', ( #1072, #422, #2059, #603, #533, #255, #1216, #52, #2054, #1646 ) ) ;
#820 = FACE_OUTER_BOUND ( 'NONE', #2164, .T. ) ;
#821 = CYLINDRICAL_SURFACE ( 'NONE', #1723, 1.300000000000002487 ) ;
#822 = ADVANCED_FACE ( 'NONE', ( #443 ), #1367, .T. ) ;
#823 = VERTEX_POINT ( 'NONE', #1001 ) ;
#824 = ORIENTED_EDGE ( 'NONE', *, *, #796, .T. ) ;
#825 = DIRECTION ( 'NONE',  ( 1.000000000000000000, 0.000000000000000000, 0.000000000000000000 ) ) ;
#826 = EDGE_CURVE ( 'NONE', #2158, #244, #964, .T. ) ;
#827 = DIRECTION ( 'NONE',  ( 0.000000000000000000, 0.000000000000000000, 1.000000000000000000 ) ) ;
#828 = VERTEX_POINT ( 'NONE', #1354 ) ;
#829 = AXIS2_PLACEMENT_3D ( 'NONE', #284, #1432, #2127 ) ;
#830 = EDGE_CURVE ( 'NONE', #2354, #2278, #92, .T. ) ;
#831 = LINE ( 'NONE', #1943, #2324 ) ;
#832 = CARTESIAN_POINT ( 'NONE',  ( -47.50000000000000711, 45.14999999999999858, 1.000000000000014655 ) ) ;
#833 = CARTESIAN_POINT ( 'NONE',  ( 41.79999999999999716, 38.74999999999998579, 6.000000000000000000 ) ) ;
#834 = VERTEX_POINT ( 'NONE', #82 ) ;
#835 = ORIENTED_EDGE ( 'NONE', *, *, #854, .T. ) ;
#836 = CARTESIAN_POINT ( 'NONE',  ( 47.49999999999999289, 43.41794919243109518, 0.000000000000000000 ) ) ;
#837 = VECTOR ( 'NONE', #1126, 1000.000000000000000 ) ;
#838 = DIRECTION ( 'NONE',  ( -0.000000000000000000, 0.000000000000000000, 1.000000000000000000 ) ) ;
#839 = ORIENTED_EDGE ( 'NONE', *, *, #267, .F. ) ;
#840 = CARTESIAN_POINT ( 'NONE',  ( 47.49999999999999289, 45.14999999999999858, 9.099999999999999645 ) ) ;
#841 = DIRECTION ( 'NONE',  ( -1.040313928621773268E-16, 1.000000000000000000, 0.000000000000000000 ) ) ;
#842 = CARTESIAN_POINT ( 'NONE',  ( -39.70000000000000284, 38.74999999999999289, 6.000000000000000000 ) ) ;
#843 = ADVANCED_FACE ( 'NONE', ( #820 ), #1378, .T. ) ;
#844 = CARTESIAN_POINT ( 'NONE',  ( 50.49999999999999289, 42.14999999999999147, 9.500000000000000000 ) ) ;
#845 = DIRECTION ( 'NONE',  ( -0.000000000000000000, 0.000000000000000000, 1.000000000000000000 ) ) ;
#846 = DIRECTION ( 'NONE',  ( 0.000000000000000000, -0.000000000000000000, -1.000000000000000000 ) ) ;
#847 = ORIENTED_EDGE ( 'NONE', *, *, #1647, .F. ) ;
#848 = ORIENTED_EDGE ( 'NONE', *, *, #2023, .F. ) ;
#849 = VECTOR ( 'NONE', #737, 1000.000000000000114 ) ;
#850 = EDGE_CURVE ( 'NONE', #823, #346, #1333, .T. ) ;
#851 = AXIS2_PLACEMENT_3D ( 'NONE', #1642, #1455, #542 ) ;
#852 = DIRECTION ( 'NONE',  ( -1.000000000000000000, 0.000000000000000000, 0.000000000000000000 ) ) ;
#853 = LINE ( 'NONE', #509, #383 ) ;
#854 = EDGE_CURVE ( 'NONE', #1555, #87, #1525, .T. ) ;
#855 = CARTESIAN_POINT ( 'NONE',  ( 47.49999999999999289, -48.85000000000000142, 9.500000000000000000 ) ) ;
#856 = ADVANCED_FACE ( 'NONE', ( #599, #1161 ), #430, .T. ) ;
#857 = CARTESIAN_POINT ( 'NONE',  ( 43.10000000000000853, -42.05000000000001137, 6.000000000000000000 ) ) ;
#858 = DIRECTION ( 'NONE',  ( 0.000000000000000000, -0.8660254037844381525, -0.5000000000000007772 ) ) ;
#859 = DIRECTION ( 'NONE',  ( -0.000000000000000000, -0.000000000000000000, -1.000000000000000000 ) ) ;
#860 = ORIENTED_EDGE ( 'NONE', *, *, #1109, .F. ) ;
#861 = ORIENTED_EDGE ( 'NONE', *, *, #1768, .T. ) ;
#862 = CARTESIAN_POINT ( 'NONE',  ( -41.79999999999999005, -45.45000000000000284, 6.000000000000000000 ) ) ;
#863 = LINE ( 'NONE', #1052, #2159 ) ;
#864 = CIRCLE ( 'NONE', #2135, 2.600000000000004974 ) ;
#865 = LINE ( 'NONE', #1010, #978 ) ;
#866 = VERTEX_POINT ( 'NONE', #1778 ) ;
#867 = AXIS2_PLACEMENT_3D ( 'NONE', #1277, #2387, #378 ) ;
#868 = EDGE_CURVE ( 'NONE', #977, #570, #656, .T. ) ;
#869 = ADVANCED_FACE ( 'NONE', ( #1584 ), #117, .F. ) ;
#870 = CIRCLE ( 'NONE', #1400, 3.399999999999993250 ) ;
#871 = CARTESIAN_POINT ( 'NONE',  ( 44.40000000000000568, -45.45000000000000284, 6.000000000000000000 ) ) ;
#872 = CYLINDRICAL_SURFACE ( 'NONE', #1249, 3.000000000000002665 ) ;
#873 = EDGE_LOOP ( 'NONE', ( #1192, #812, #905, #1905 ) ) ;
#874 = AXIS2_PLACEMENT_3D ( 'NONE', #739, #2371, #2381 ) ;
#875 = VERTEX_POINT ( 'NONE', #476 ) ;
#876 = LINE ( 'NONE', #1607, #878 ) ;
#877 = EDGE_LOOP ( 'NONE', ( #229, #1868, #1108, #518 ) ) ;
#878 = VECTOR ( 'NONE', #482, 1000.000000000000000 ) ;
#879 = CARTESIAN_POINT ( 'NONE',  ( 43.10000000000000853, -45.45000000000000284, 6.000000000000000000 ) ) ;
#880 = LINE ( 'NONE', #1557, #1825 ) ;
#881 = ORIENTED_EDGE ( 'NONE', *, *, #662, .T. ) ;
#882 = DIRECTION ( 'NONE',  ( 0.000000000000000000, 1.000000000000000000, -0.000000000000000000 ) ) ;
#883 = LINE ( 'NONE', #160, #371 ) ;
#884 = VECTOR ( 'NONE', #1255, 1000.000000000000000 ) ;
#885 = ORIENTED_EDGE ( 'NONE', *, *, #190, .T. ) ;
#886 = ORIENTED_EDGE ( 'NONE', *, *, #2057, .F. ) ;
#887 = DIRECTION ( 'NONE',  ( 0.8660254037844390407, 0.000000000000000000, 0.4999999999999992228 ) ) ;
#888 = ORIENTED_EDGE ( 'NONE', *, *, #901, .F. ) ;
#889 = DIRECTION ( 'NONE',  ( -0.000000000000000000, -0.000000000000000000, -1.000000000000000000 ) ) ;
#890 = FACE_OUTER_BOUND ( 'NONE', #506, .T. ) ;
#891 = VECTOR ( 'NONE', #473, 1000.000000000000114 ) ;
#892 = AXIS2_PLACEMENT_3D ( 'NONE', #2277, #1694, #239 ) ;
#893 = CARTESIAN_POINT ( 'NONE',  ( -43.80000000000001137, 33.34999999999999432, 3.000000000000000000 ) ) ;
#894 = VERTEX_POINT ( 'NONE', #857 ) ;
#895 = AXIS2_PLACEMENT_3D ( 'NONE', #2279, #797, #783 ) ;
#896 = EDGE_CURVE ( 'NONE', #570, #919, #1034, .T. ) ;
#897 = DIRECTION ( 'NONE',  ( 1.000000000000000000, 0.000000000000000000, 0.000000000000000000 ) ) ;
#898 = EDGE_CURVE ( 'NONE', #73, #678, #1944, .T. ) ;
#899 = CARTESIAN_POINT ( 'NONE',  ( 47.49999999999999289, 35.34999999999999432, 6.000000000000000000 ) ) ;
#900 = ORIENTED_EDGE ( 'NONE', *, *, #251, .F. ) ;
#901 = EDGE_CURVE ( 'NONE', #1549, #1881, #487, .T. ) ;
#902 = DIRECTION ( 'NONE',  ( -0.000000000000000000, -0.000000000000000000, -1.000000000000000000 ) ) ;
#903 = CARTESIAN_POINT ( 'NONE',  ( -47.50000000000000711, 42.14999999999999147, 6.000000000000000000 ) ) ;
#904 = DIRECTION ( 'NONE',  ( 1.000000000000000000, 7.921111762451173970E-17, 0.000000000000000000 ) ) ;
#905 = ORIENTED_EDGE ( 'NONE', *, *, #319, .F. ) ;
#906 = EDGE_CURVE ( 'NONE', #993, #1236, #2314, .T. ) ;
#907 = CARTESIAN_POINT ( 'NONE',  ( -41.79999999999999005, -45.45000000000000284, 6.000000000000000000 ) ) ;
#908 = CIRCLE ( 'NONE', #790, 1.300000000000002487 ) ;
#909 = CARTESIAN_POINT ( 'NONE',  ( 40.79999999999998295, 33.34999999999999432, 1.000000000000014655 ) ) ;
#910 = VERTEX_POINT ( 'NONE', #289 ) ;
#911 = AXIS2_PLACEMENT_3D ( 'NONE', #2117, #805, #827 ) ;
#912 = DIRECTION ( 'NONE',  ( 0.5000000000000000000, 5.201569643108866339E-17, -0.8660254037844387076 ) ) ;
#913 = EDGE_LOOP ( 'NONE', ( #1447, #451, #1014, #2110 ) ) ;
#914 = CARTESIAN_POINT ( 'NONE',  ( -39.70000000000000284, -48.85000000000000142, 3.000000000000000000 ) ) ;
#915 = EDGE_LOOP ( 'NONE', ( #1026, #2100, #839, #2328 ) ) ;
#916 = CARTESIAN_POINT ( 'NONE',  ( 47.49999999999999289, -42.05000000000000426, 3.000000000000000000 ) ) ;
#917 = EDGE_CURVE ( 'NONE', #1134, #806, #666, .T. ) ;
#918 = CARTESIAN_POINT ( 'NONE',  ( 47.49999999999999289, 42.14999999999999147, 9.500000000000000000 ) ) ;
#919 = VERTEX_POINT ( 'NONE', #1966 ) ;
#920 = PLANE ( 'NONE',  #1887 ) ;
#921 = CARTESIAN_POINT ( 'NONE',  ( -39.70000000000000284, 42.14999999999999147, 6.000000000000000000 ) ) ;
#922 = DIRECTION ( 'NONE',  ( -1.000000000000000000, -0.000000000000000000, -0.000000000000000000 ) ) ;
#923 = VERTEX_POINT ( 'NONE', #1571 ) ;
#924 = EDGE_CURVE ( 'NONE', #1541, #1332, #301, .T. ) ;
#925 = AXIS2_PLACEMENT_3D ( 'NONE', #2238, #581, #2249 ) ;
#926 = ADVANCED_FACE ( 'NONE', ( #415 ), #53, .F. ) ;
#927 = LINE ( 'NONE', #907, #1402 ) ;
#928 = CARTESIAN_POINT ( 'NONE',  ( 40.79999999999997584, -35.08205080756891192, 0.000000000000000000 ) ) ;
#929 = ORIENTED_EDGE ( 'NONE', *, *, #1775, .F. ) ;
#930 = CARTESIAN_POINT ( 'NONE',  ( 47.49999999999999289, 42.14999999999999147, 9.500000000000000000 ) ) ;
#931 = CARTESIAN_POINT ( 'NONE',  ( -47.50000000000000711, -48.85000000000000142, 9.500000000000000000 ) ) ;
#932 = CARTESIAN_POINT ( 'NONE',  ( 50.10000000000000142, -48.85000000000000142, 9.099999999999999645 ) ) ;
#933 = EDGE_LOOP ( 'NONE', ( #212, #2094, #2074, #1843 ) ) ;
#934 = DIRECTION ( 'NONE',  ( 0.000000000000000000, 0.000000000000000000, 1.000000000000000000 ) ) ;
#935 = EDGE_LOOP ( 'NONE', ( #623, #736 ) ) ;
#936 = EDGE_CURVE ( 'NONE', #276, #481, #1579, .T. ) ;
#937 = EDGE_CURVE ( 'NONE', #516, #18, #948, .T. ) ;
#938 = DIRECTION ( 'NONE',  ( 0.000000000000000000, -0.000000000000000000, -1.000000000000000000 ) ) ;
#939 = VECTOR ( 'NONE', #1839, 1000.000000000000000 ) ;
#940 = CYLINDRICAL_SURFACE ( 'NONE', #1994, 2.599999999999998312 ) ;
#941 = ORIENTED_EDGE ( 'NONE', *, *, #959, .T. ) ;
#942 = DIRECTION ( 'NONE',  ( -1.000000000000000000, 0.000000000000000000, 0.000000000000000000 ) ) ;
#943 = DIRECTION ( 'NONE',  ( -0.000000000000000000, -0.000000000000000000, -1.000000000000000000 ) ) ;
#944 = DIRECTION ( 'NONE',  ( 1.000000000000000000, 0.000000000000000000, 0.000000000000000000 ) ) ;
#945 = ORIENTED_EDGE ( 'NONE', *, *, #830, .T. ) ;
#946 = DIRECTION ( 'NONE',  ( -0.000000000000000000, 1.000000000000000000, 0.000000000000000000 ) ) ;
#947 = ORIENTED_EDGE ( 'NONE', *, *, #485, .F. ) ;
#948 = LINE ( 'NONE', #1123, #234 ) ;
#949 = ADVANCED_FACE ( 'NONE', ( #406, #766 ), #2242, .T. ) ;
#950 = VECTOR ( 'NONE', #316, 1000.000000000000000 ) ;
#951 = CARTESIAN_POINT ( 'NONE',  ( -39.70000000000000284, 38.74999999999999289, 6.000000000000000000 ) ) ;
#952 = CARTESIAN_POINT ( 'NONE',  ( -40.80000000000000426, -30.35000000000000853, 3.000000000000000000 ) ) ;
#953 = ORIENTED_EDGE ( 'NONE', *, *, #1021, .F. ) ;
#954 = EDGE_CURVE ( 'NONE', #1692, #993, #1919, .T. ) ;
#955 = DIRECTION ( 'NONE',  ( 1.000000000000000000, 0.000000000000000000, 0.000000000000000000 ) ) ;
#956 = CARTESIAN_POINT ( 'NONE',  ( 47.49999999999999289, -48.85000000000000142, 9.099999999999999645 ) ) ;
#957 = CARTESIAN_POINT ( 'NONE',  ( 41.80000000000000426, -45.45000000000000284, 6.000000000000000000 ) ) ;
#958 = ORIENTED_EDGE ( 'NONE', *, *, #1939, .T. ) ;
#959 = EDGE_CURVE ( 'NONE', #1881, #795, #575, .T. ) ;
#960 = FACE_OUTER_BOUND ( 'NONE', #1257, .T. ) ;
#961 = EDGE_LOOP ( 'NONE', ( #1608, #456, #2342, #1458, #1959, #753, #619, #787 ) ) ;
#962 = VECTOR ( 'NONE', #2036, 1000.000000000000000 ) ;
#963 = PLANE ( 'NONE',  #892 ) ;
#964 = LINE ( 'NONE', #2299, #1113 ) ;
#965 = AXIS2_PLACEMENT_3D ( 'NONE', #1147, #1522, #1892 ) ;
#966 = FACE_OUTER_BOUND ( 'NONE', #706, .T. ) ;
#967 = ADVANCED_FACE ( 'NONE', ( #818 ), #80, .T. ) ;
#968 = PRESENTATION_STYLE_ASSIGNMENT (( #2081 ) ) ;
#969 = CARTESIAN_POINT ( 'NONE',  ( -43.09999999999999432, -42.05000000000001137, 6.000000000000000000 ) ) ;
#970 = LINE ( 'NONE', #1302, #765 ) ;
#971 = ADVANCED_FACE ( 'NONE', ( #1708 ), #2267, .F. ) ;
#972 = ORIENTED_EDGE ( 'NONE', *, *, #1888, .F. ) ;
#973 = DIRECTION ( 'NONE',  ( 0.000000000000000000, -0.000000000000000000, -1.000000000000000000 ) ) ;
#974 = ORIENTED_EDGE ( 'NONE', *, *, #1392, .F. ) ;
#975 = CARTESIAN_POINT ( 'NONE',  ( 47.49999999999999289, 45.14999999999999858, 9.099999999999999645 ) ) ;
#976 = PLANE ( 'NONE',  #754 ) ;
#977 = VERTEX_POINT ( 'NONE', #1135 ) ;
#978 = VECTOR ( 'NONE', #841, 1000.000000000000000 ) ;
#979 = EDGE_LOOP ( 'NONE', ( #2364, #2038, #1777, #317 ) ) ;
#980 = DIRECTION ( 'NONE',  ( 1.000000000000000000, 0.000000000000000000, 0.000000000000000000 ) ) ;
#981 = CYLINDRICAL_SURFACE ( 'NONE', #1670, 1.300000000000002487 ) ;
#982 = COLOUR_RGB ( '',0.7921568627450980005, 0.8196078431372548767, 0.9333333333333333481 ) ;
#983 = LINE ( 'NONE', #752, #1767 ) ;
#984 = ORIENTED_EDGE ( 'NONE', *, *, #32, .T. ) ;
#985 = VECTOR ( 'NONE', #2347, 1000.000000000000114 ) ;
#986 = CARTESIAN_POINT ( 'NONE',  ( -43.09999999999999432, -45.45000000000000284, 3.000000000000000000 ) ) ;
#987 = VECTOR ( 'NONE', #1170, 1000.000000000000000 ) ;
#988 = VERTEX_POINT ( 'NONE', #620 ) ;
#989 = CYLINDRICAL_SURFACE ( 'NONE', #696, 3.000000000000002665 ) ;
#990 = VECTOR ( 'NONE', #95, 1000.000000000000000 ) ;
#991 = AXIS2_PLACEMENT_3D ( 'NONE', #1487, #517, #162 ) ;
#992 = CARTESIAN_POINT ( 'NONE',  ( -43.10000000000000142, 38.74999999999999289, 6.000000000000000000 ) ) ;
#993 = VERTEX_POINT ( 'NONE', #2095 ) ;
#994 = ORIENTED_EDGE ( 'NONE', *, *, #937, .T. ) ;
#995 = CARTESIAN_POINT ( 'NONE',  ( 39.70000000000000284, 38.74999999999998579, 3.000000000000000000 ) ) ;
#996 = DIRECTION ( 'NONE',  ( 1.000000000000000000, 0.000000000000000000, 0.000000000000000000 ) ) ;
#997 = ORIENTED_EDGE ( 'NONE', *, *, #2256, .T. ) ;
#998 = DIRECTION ( 'NONE',  ( 1.000000000000000000, 0.000000000000000000, 0.000000000000000000 ) ) ;
#999 = EDGE_CURVE ( 'NONE', #2303, #2261, #1545, .T. ) ;
#1000 = ORIENTED_EDGE ( 'NONE', *, *, #1088, .T. ) ;
#1001 = CARTESIAN_POINT ( 'NONE',  ( 39.70000000000000995, -45.45000000000000284, 6.000000000000000000 ) ) ;
#1002 = ADVANCED_FACE ( 'NONE', ( #268, #1863 ), #963, .T. ) ;
#1003 = DIRECTION ( 'NONE',  ( 0.000000000000000000, 0.000000000000000000, -1.000000000000000000 ) ) ;
#1004 = VECTOR ( 'NONE', #6, 1000.000000000000000 ) ;
#1005 = EDGE_LOOP ( 'NONE', ( #252, #984, #1732, #163, #994 ) ) ;
#1006 = EDGE_LOOP ( 'NONE', ( #1349, #199, #567, #1912 ) ) ;
#1007 = VECTOR ( 'NONE', #1745, 1000.000000000000000 ) ;
#1008 = LINE ( 'NONE', #1741, #1404 ) ;
#1009 = ORIENTED_EDGE ( 'NONE', *, *, #1041, .F. ) ;
#1010 = CARTESIAN_POINT ( 'NONE',  ( 43.79999999999999005, -33.35000000000000853, 4.700000000000000178 ) ) ;
#1011 = DIRECTION ( 'NONE',  ( -1.000000000000000000, 0.000000000000000000, 0.000000000000000000 ) ) ;
#1012 = CARTESIAN_POINT ( 'NONE',  ( -47.50000000000000711, -42.05000000000000426, 3.000000000000000000 ) ) ;
#1013 = ORIENTED_EDGE ( 'NONE', *, *, #495, .F. ) ;
#1014 = ORIENTED_EDGE ( 'NONE', *, *, #1815, .F. ) ;
#1015 = CARTESIAN_POINT ( 'NONE',  ( 43.10000000000000142, 38.74999999999998579, 6.000000000000000000 ) ) ;
#1016 = DIRECTION ( 'NONE',  ( -1.000000000000000000, 0.000000000000000000, 0.000000000000000000 ) ) ;
#1017 = EDGE_LOOP ( 'NONE', ( #929, #2047 ) ) ;
#1018 = STYLED_ITEM ( 'NONE', ( #968 ), #1712 ) ;
#1019 = FACE_OUTER_BOUND ( 'NONE', #1051, .T. ) ;
#1020 = CARTESIAN_POINT ( 'NONE',  ( -43.80000000000001137, 30.34999999999999787, 4.700000000000000178 ) ) ;
#1021 = EDGE_CURVE ( 'NONE', #834, #828, #1158, .T. ) ;
#1022 = VECTOR ( 'NONE', #1779, 1000.000000000000000 ) ;
#1023 = CARTESIAN_POINT ( 'NONE',  ( 39.70000000000000284, 42.14999999999999147, 3.000000000000000000 ) ) ;
#1024 = VECTOR ( 'NONE', #119, 1000.000000000000000 ) ;
#1025 = ORIENTED_EDGE ( 'NONE', *, *, #1074, .F. ) ;
#1026 = ORIENTED_EDGE ( 'NONE', *, *, #1449, .F. ) ;
#1027 = DIRECTION ( 'NONE',  ( 1.000000000000000000, 0.000000000000000000, 0.000000000000000000 ) ) ;
#1028 = VECTOR ( 'NONE', #1995, 1000.000000000000114 ) ;
#1029 = EDGE_CURVE ( 'NONE', #660, #120, #571, .T. ) ;
#1030 = EDGE_CURVE ( 'NONE', #446, #1924, #349, .T. ) ;
#1031 = LINE ( 'NONE', #1621, #811 ) ;
#1032 = EDGE_CURVE ( 'NONE', #1268, #2354, #2006, .T. ) ;
#1033 = DIRECTION ( 'NONE',  ( -0.000000000000000000, -0.000000000000000000, 1.000000000000000000 ) ) ;
#1034 = LINE ( 'NONE', #1020, #459 ) ;
#1035 = DIRECTION ( 'NONE',  ( 0.000000000000000000, -0.000000000000000000, -1.000000000000000000 ) ) ;
#1036 = CYLINDRICAL_SURFACE ( 'NONE', #1955, 3.399999999999993250 ) ;
#1037 = ORIENTED_EDGE ( 'NONE', *, *, #707, .T. ) ;
#1038 = ORIENTED_EDGE ( 'NONE', *, *, #1616, .F. ) ;
#1039 = AXIS2_PLACEMENT_3D ( 'NONE', #138, #2009, #356 ) ;
#1040 = CARTESIAN_POINT ( 'NONE',  ( -47.50000000000000000, -35.35000000000002274, 4.700000000000000178 ) ) ;
#1041 = EDGE_CURVE ( 'NONE', #2033, #910, #864, .T. ) ;
#1042 = CARTESIAN_POINT ( 'NONE',  ( -50.10000000000000142, -48.85000000000000142, 9.500000000000000000 ) ) ;
#1043 = CARTESIAN_POINT ( 'NONE',  ( 47.49999999999999289, -48.85000000000000142, 6.000000000000000000 ) ) ;
#1044 = VERTEX_POINT ( 'NONE', #67 ) ;
#1045 = DIRECTION ( 'NONE',  ( 1.577021341797101751E-15, -1.000000000000000000, 0.000000000000000000 ) ) ;
#1046 = LINE ( 'NONE', #1212, #483 ) ;
#1047 = DIRECTION ( 'NONE',  ( 1.000000000000000000, 0.000000000000000000, 0.000000000000000000 ) ) ;
#1048 = ORIENTED_EDGE ( 'NONE', *, *, #1744, .T. ) ;
#1049 = ORIENTED_EDGE ( 'NONE', *, *, #436, .F. ) ;
#1050 = CARTESIAN_POINT ( 'NONE',  ( 47.49999999999999289, 42.14999999999999147, 0.000000000000000000 ) ) ;
#1051 = EDGE_LOOP ( 'NONE', ( #1678, #1442, #1563, #1314 ) ) ;
#1052 = CARTESIAN_POINT ( 'NONE',  ( -40.80000000000000426, -33.35000000000000853, 1.000000000000014655 ) ) ;
#1053 = CARTESIAN_POINT ( 'NONE',  ( 47.49999999999999289, 44.75000000000000000, 9.099999999999999645 ) ) ;
#1054 = ORIENTED_EDGE ( 'NONE', *, *, #732, .T. ) ;
#1055 = VECTOR ( 'NONE', #1999, 1000.000000000000000 ) ;
#1056 = CARTESIAN_POINT ( 'NONE',  ( 47.49999999999999289, -48.85000000000000142, 9.099999999999999645 ) ) ;
#1057 = CARTESIAN_POINT ( 'NONE',  ( 0.000000000000000000, 0.000000000000000000, 3.000000000000000000 ) ) ;
#1058 = ORIENTED_EDGE ( 'NONE', *, *, #1669, .F. ) ;
#1059 = ORIENTED_EDGE ( 'NONE', *, *, #1390, .F. ) ;
#1060 = CARTESIAN_POINT ( 'NONE',  ( -47.50000000000000000, -35.35000000000002274, 4.700000000000000178 ) ) ;
#1061 = ORIENTED_EDGE ( 'NONE', *, *, #1644, .F. ) ;
#1062 = VECTOR ( 'NONE', #1296, 1000.000000000000000 ) ;
#1063 = FACE_OUTER_BOUND ( 'NONE', #392, .T. ) ;
#1064 = ADVANCED_FACE ( 'NONE', ( #807 ), #1331, .F. ) ;
#1065 = CARTESIAN_POINT ( 'NONE',  ( 47.49999999999999289, 35.34999999999999432, 6.000000000000000000 ) ) ;
#1066 = DIRECTION ( 'NONE',  ( -0.000000000000000000, -0.000000000000000000, 1.000000000000000000 ) ) ;
#1067 = ORIENTED_EDGE ( 'NONE', *, *, #355, .T. ) ;
#1068 = EDGE_CURVE ( 'NONE', #523, #385, #1930, .T. ) ;
#1069 = DIRECTION ( 'NONE',  ( 1.000000000000000000, 0.000000000000000000, 0.000000000000000000 ) ) ;
#1070 = EDGE_CURVE ( 'NONE', #147, #2354, #831, .T. ) ;
#1071 = FACE_OUTER_BOUND ( 'NONE', #877, .T. ) ;
#1072 = ORIENTED_EDGE ( 'NONE', *, *, #1263, .F. ) ;
#1073 = CIRCLE ( 'NONE', #727, 3.000000000000002665 ) ;
#1074 = EDGE_CURVE ( 'NONE', #2050, #494, #880, .T. ) ;
#1075 = PLANE ( 'NONE',  #308 ) ;
#1076 = CARTESIAN_POINT ( 'NONE',  ( -47.50000000000000711, -48.85000000000000142, 6.000000000000000000 ) ) ;
#1077 = AXIS2_PLACEMENT_3D ( 'NONE', #394, #1499, #1174 ) ;
#1078 = DIRECTION ( 'NONE',  ( -1.000000000000000000, -1.040313928621773268E-16, 0.000000000000000000 ) ) ;
#1079 = ORIENTED_EDGE ( 'NONE', *, *, #1245, .F. ) ;
#1080 = LINE ( 'NONE', #1683, #14 ) ;
#1081 = CARTESIAN_POINT ( 'NONE',  ( -40.80000000000000426, -35.08205080756891192, 0.000000000000000000 ) ) ;
#1082 = ORIENTED_EDGE ( 'NONE', *, *, #826, .T. ) ;
#1083 = FACE_OUTER_BOUND ( 'NONE', #201, .T. ) ;
#1084 = CARTESIAN_POINT ( 'NONE',  ( 41.80000000000000426, -45.45000000000000284, 3.000000000000000000 ) ) ;
#1085 = DIRECTION ( 'NONE',  ( 0.000000000000000000, 0.000000000000000000, 1.000000000000000000 ) ) ;
#1086 = ORIENTED_EDGE ( 'NONE', *, *, #1185, .T. ) ;
#1087 = VECTOR ( 'NONE', #462, 1000.000000000000114 ) ;
#1088 = EDGE_CURVE ( 'NONE', #1727, #2268, #1583, .T. ) ;
#1089 = CARTESIAN_POINT ( 'NONE',  ( 40.79999999999997584, -33.35000000000000853, 0.000000000000000000 ) ) ;
#1090 = AXIS2_PLACEMENT_3D ( 'NONE', #1940, #1984, #2341 ) ;
#1091 = LINE ( 'NONE', #1452, #638 ) ;
#1092 = ORIENTED_EDGE ( 'NONE', *, *, #741, .F. ) ;
#1093 = AXIS2_PLACEMENT_3D ( 'NONE', #1414, #478, #1069 ) ;
#1094 = ADVANCED_FACE ( 'NONE', ( #1019 ), #1365, .T. ) ;
#1095 = LINE ( 'NONE', #2043, #2382 ) ;
#1096 = CARTESIAN_POINT ( 'NONE',  ( -43.10000000000000142, 38.74999999999999289, 6.000000000000000000 ) ) ;
#1097 = VECTOR ( 'NONE', #1760, 1000.000000000000000 ) ;
#1098 = PLANE ( 'NONE',  #515 ) ;
#1099 = VERTEX_POINT ( 'NONE', #1765 ) ;
#1100 = VECTOR ( 'NONE', #2040, 1000.000000000000114 ) ;
#1101 = CARTESIAN_POINT ( 'NONE',  ( 0.000000000000000000, 0.000000000000000000, 0.000000000000000000 ) ) ;
#1102 = CARTESIAN_POINT ( 'NONE',  ( -39.70000000000000284, -48.85000000000000142, 6.000000000000000000 ) ) ;
#1103 = ORIENTED_EDGE ( 'NONE', *, *, #850, .T. ) ;
#1104 = LINE ( 'NONE', #75, #1125 ) ;
#1105 = PLANE ( 'NONE',  #1486 ) ;
#1106 = EDGE_CURVE ( 'NONE', #2118, #2282, #279, .T. ) ;
#1107 = LINE ( 'NONE', #556, #131 ) ;
#1108 = ORIENTED_EDGE ( 'NONE', *, *, #1644, .T. ) ;
#1109 = EDGE_CURVE ( 'NONE', #1510, #2192, #2333, .T. ) ;
#1110 = DIRECTION ( 'NONE',  ( 1.000000000000000000, 0.000000000000000000, 0.000000000000000000 ) ) ;
#1111 = EDGE_LOOP ( 'NONE', ( #588, #886, #2350, #699 ) ) ;
#1112 = VECTOR ( 'NONE', #1230, 1000.000000000000000 ) ;
#1113 = VECTOR ( 'NONE', #644, 1000.000000000000000 ) ;
#1114 = LINE ( 'NONE', #1089, #1364 ) ;
#1115 = DIRECTION ( 'NONE',  ( 0.000000000000000000, 0.000000000000000000, 1.000000000000000000 ) ) ;
#1116 = ORIENTED_EDGE ( 'NONE', *, *, #2315, .T. ) ;
#1117 = CARTESIAN_POINT ( 'NONE',  ( 39.69999999999999574, -48.84999999999999432, 6.000000000000000000 ) ) ;
#1118 = CARTESIAN_POINT ( 'NONE',  ( -43.10000000000000142, 35.35000000000000142, 6.000000000000000000 ) ) ;
#1119 = LINE ( 'NONE', #402, #440 ) ;
#1120 = ORIENTED_EDGE ( 'NONE', *, *, #355, .F. ) ;
#1121 = CARTESIAN_POINT ( 'NONE',  ( 47.49999999999999289, 43.41794919243109518, 0.000000000000000000 ) ) ;
#1122 = VERTEX_POINT ( 'NONE', #2298 ) ;
#1123 = CARTESIAN_POINT ( 'NONE',  ( -39.69999999999999574, -45.45000000000000284, 6.000000000000000000 ) ) ;
#1124 = PLANE ( 'NONE',  #1598 ) ;
#1125 = VECTOR ( 'NONE', #980, 1000.000000000000000 ) ;
#1126 = DIRECTION ( 'NONE',  ( -0.000000000000000000, -0.000000000000000000, -1.000000000000000000 ) ) ;
#1127 = EDGE_LOOP ( 'NONE', ( #1942, #722, #941, #185 ) ) ;
#1128 = EDGE_CURVE ( 'NONE', #2007, #73, #300, .T. ) ;
#1129 = CARTESIAN_POINT ( 'NONE',  ( 44.40000000000000568, -45.45000000000000284, 3.000000000000000000 ) ) ;
#1130 = DIRECTION ( 'NONE',  ( -0.5000000000000008882, -0.000000000000000000, -0.8660254037844382635 ) ) ;
#1131 = LINE ( 'NONE', #957, #628 ) ;
#1132 = EDGE_LOOP ( 'NONE', ( #1013, #1120, #764, #468 ) ) ;
#1133 = LINE ( 'NONE', #1293, #962 ) ;
#1134 = VERTEX_POINT ( 'NONE', #1776 ) ;
#1135 = CARTESIAN_POINT ( 'NONE',  ( -43.80000000000000426, -30.35000000000000853, 1.000000000000014655 ) ) ;
#1136 = AXIS2_PLACEMENT_3D ( 'NONE', #1273, #756, #730 ) ;
#1137 = DIRECTION ( 'NONE',  ( -0.000000000000000000, -0.000000000000000000, -1.000000000000000000 ) ) ;
#1138 = ADVANCED_FACE ( 'NONE', ( #643 ), #320, .T. ) ;
#1139 = DIRECTION ( 'NONE',  ( 1.000000000000000000, 0.000000000000000000, 0.000000000000000000 ) ) ;
#1140 = ORIENTED_EDGE ( 'NONE', *, *, #782, .F. ) ;
#1141 = EDGE_CURVE ( 'NONE', #2041, #1510, #127, .T. ) ;
#1142 = CARTESIAN_POINT ( 'NONE',  ( -44.39999999999999858, 38.74999999999999289, 6.000000000000000000 ) ) ;
#1143 = EDGE_CURVE ( 'NONE', #2078, #25, #475, .T. ) ;
#1144 = CARTESIAN_POINT ( 'NONE',  ( -48.76794919243111082, 42.14999999999999147, 0.000000000000000000 ) ) ;
#1145 = EDGE_LOOP ( 'NONE', ( #1116, #260, #847, #1562 ) ) ;
#1146 = AXIS2_PLACEMENT_3D ( 'NONE', #11, #1704, #412 ) ;
#1147 = CARTESIAN_POINT ( 'NONE',  ( 47.49999999999999289, 35.34999999999999432, 6.000000000000000000 ) ) ;
#1148 = CIRCLE ( 'NONE', #925, 4.732050807568902506 ) ;
#1149 = ORIENTED_EDGE ( 'NONE', *, *, #1272, .F. ) ;
#1150 = DIRECTION ( 'NONE',  ( -1.000000000000000000, 0.000000000000000000, 0.000000000000000000 ) ) ;
#1151 = CARTESIAN_POINT ( 'NONE',  ( -50.10000000000000853, 42.14999999999999147, 9.500000000000000000 ) ) ;
#1152 = ORIENTED_EDGE ( 'NONE', *, *, #213, .F. ) ;
#1153 = EDGE_LOOP ( 'NONE', ( #101, #1514 ) ) ;
#1154 =( NAMED_UNIT ( * ) SI_UNIT ( $, .STERADIAN. ) SOLID_ANGLE_UNIT ( ) );
#1155 = FACE_OUTER_BOUND ( 'NONE', #1890, .T. ) ;
#1156 = DIRECTION ( 'NONE',  ( 1.525031627232357891E-16, -1.000000000000000000, 0.000000000000000000 ) ) ;
#1157 = ORIENTED_EDGE ( 'NONE', *, *, #1852, .F. ) ;
#1158 = LINE ( 'NONE', #1903, #2313 ) ;
#1159 = EDGE_LOOP ( 'NONE', ( #1748, #1715, #1641, #1503 ) ) ;
#1160 = EDGE_CURVE ( 'NONE', #2302, #1251, #361, .T. ) ;
#1161 = FACE_BOUND ( 'NONE', #594, .T. ) ;
#1162 = DIRECTION ( 'NONE',  ( 0.000000000000000000, -1.000000000000000000, -0.000000000000000000 ) ) ;
#1163 = EDGE_LOOP ( 'NONE', ( #1799, #1309, #1690, #1421 ) ) ;
#1164 = AXIS2_PLACEMENT_3D ( 'NONE', #986, #780, #1509 ) ;
#1165 = ORIENTED_EDGE ( 'NONE', *, *, #719, .T. ) ;
#1166 = AXIS2_PLACEMENT_3D ( 'NONE', #694, #368, #2201 ) ;
#1167 = CARTESIAN_POINT ( 'NONE',  ( 40.79999999999997584, -30.35000000000001208, 1.000000000000014655 ) ) ;
#1168 = AXIS2_PLACEMENT_3D ( 'NONE', #1015, #701, #1205 ) ;
#1169 = EDGE_CURVE ( 'NONE', #923, #744, #865, .T. ) ;
#1170 = DIRECTION ( 'NONE',  ( -0.000000000000000000, -0.000000000000000000, -1.000000000000000000 ) ) ;
#1171 = ORIENTED_EDGE ( 'NONE', *, *, #393, .F. ) ;
#1172 = VECTOR ( 'NONE', #1320, 1000.000000000000000 ) ;
#1173 = ADVANCED_FACE ( 'NONE', ( #1743 ), #1596, .T. ) ;
#1174 = DIRECTION ( 'NONE',  ( 1.000000000000000000, 0.000000000000000000, -0.000000000000000000 ) ) ;
#1175 = ORIENTED_EDGE ( 'NONE', *, *, #1443, .T. ) ;
#1176 = DIRECTION ( 'NONE',  ( -0.000000000000000000, 0.000000000000000000, 1.000000000000000000 ) ) ;
#1177 = VECTOR ( 'NONE', #2099, 1000.000000000000000 ) ;
#1178 = CARTESIAN_POINT ( 'NONE',  ( -47.50000000000000711, -48.85000000000000142, 9.500000000000000000 ) ) ;
#1179 = ORIENTED_EDGE ( 'NONE', *, *, #1143, .T. ) ;
#1180 = VERTEX_POINT ( 'NONE', #1043 ) ;
#1181 = DIRECTION ( 'NONE',  ( 1.000000000000000000, 0.000000000000000000, 0.000000000000000000 ) ) ;
#1182 = DIRECTION ( 'NONE',  ( 1.000000000000000000, 0.000000000000000000, 0.000000000000000000 ) ) ;
#1183 = VERTEX_POINT ( 'NONE', #1954 ) ;
#1184 = CLOSED_SHELL ( 'NONE', ( #2183, #563, #84, #28, #1573, #241, #1826, #591, #1448, #424, #111, #757, #102, #967, #2045, #689, #1340, #1935, #1206, #71, #2136, #926, #398, #2180, #1002, #2104, #668, #612, #527, #61, #1538, #1927, #971, #1064, #348, #822, #216, #2294, #1606, #869, #174, #2355, #856, #843, #1495, #1636, #1591, #1676, #2380, #413, #1853, #507, #2252, #2204, #633, #539, #1705, #1248, #1722, #142, #1883, #1380, #168, #277, #1599, #1459, #1673, #2137, #1556, #176, #1138, #949, #2360, #2031, #170, #1173, #1974, #322, #2221, #1094 ) ) ;
#1185 = EDGE_CURVE ( 'NONE', #923, #1438, #664, .T. ) ;
#1186 = CARTESIAN_POINT ( 'NONE',  ( 43.79999999999998295, 30.34999999999999787, 1.000000000000014655 ) ) ;
#1187 = CARTESIAN_POINT ( 'NONE',  ( -39.70000000000000284, 38.74999999999999289, 3.000000000000000000 ) ) ;
#1188 = CARTESIAN_POINT ( 'NONE',  ( -44.39999999999999147, -45.45000000000000284, 6.000000000000000000 ) ) ;
#1189 = AXIS2_PLACEMENT_3D ( 'NONE', #1388, #2321, #1593 ) ;
#1190 = ORIENTED_EDGE ( 'NONE', *, *, #292, .T. ) ;
#1191 = VECTOR ( 'NONE', #1956, 1000.000000000000000 ) ;
#1192 = ORIENTED_EDGE ( 'NONE', *, *, #896, .F. ) ;
#1193 = DIRECTION ( 'NONE',  ( -1.000000000000000000, -7.304098846218134421E-17, 0.000000000000000000 ) ) ;
#1194 = AXIS2_PLACEMENT_3D ( 'NONE', #2269, #407, #1150 ) ;
#1195 = CARTESIAN_POINT ( 'NONE',  ( 48.76794919243109661, -48.85000000000000142, 0.000000000000000000 ) ) ;
#1196 = ORIENTED_EDGE ( 'NONE', *, *, #2069, .T. ) ;
#1197 = EDGE_CURVE ( 'NONE', #1453, #2033, #2145, .T. ) ;
#1198 = CARTESIAN_POINT ( 'NONE',  ( -43.09999999999999432, -45.45000000000000284, 3.000000000000000000 ) ) ;
#1199 = DIRECTION ( 'NONE',  ( -0.000000000000000000, -0.000000000000000000, 1.000000000000000000 ) ) ;
#1200 = EDGE_CURVE ( 'NONE', #828, #1453, #248, .T. ) ;
#1201 = EDGE_CURVE ( 'NONE', #2041, #1044, #1623, .T. ) ;
#1202 = CARTESIAN_POINT ( 'NONE',  ( -40.80000000000001137, 30.34999999999999787, 3.000000000000000000 ) ) ;
#1203 = VERTEX_POINT ( 'NONE', #1645 ) ;
#1204 = ORIENTED_EDGE ( 'NONE', *, *, #434, .F. ) ;
#1205 = DIRECTION ( 'NONE',  ( 1.000000000000000000, 0.000000000000000000, 0.000000000000000000 ) ) ;
#1206 = ADVANCED_FACE ( 'NONE', ( #1610 ), #1098, .T. ) ;
#1207 = CARTESIAN_POINT ( 'NONE',  ( 47.49999999999999289, 44.75000000000000000, 9.099999999999999645 ) ) ;
#1208 = CARTESIAN_POINT ( 'NONE',  ( 0.000000000000000000, 0.000000000000000000, 9.500000000000000000 ) ) ;
#1209 = DIRECTION ( 'NONE',  ( 0.000000000000000000, 1.000000000000000000, 0.000000000000000000 ) ) ;
#1210 = DIRECTION ( 'NONE',  ( -1.000000000000000000, -0.000000000000000000, -0.000000000000000000 ) ) ;
#1211 = CIRCLE ( 'NONE', #1093, 3.000000000000002665 ) ;
#1212 = CARTESIAN_POINT ( 'NONE',  ( -39.69999999999999574, -45.45000000000000284, 6.000000000000000000 ) ) ;
#1213 = DIRECTION ( 'NONE',  ( 0.000000000000000000, 0.000000000000000000, 1.000000000000000000 ) ) ;
#1214 =( NAMED_UNIT ( * ) PLANE_ANGLE_UNIT ( ) SI_UNIT ( $, .RADIAN. ) );
#1215 = ORIENTED_EDGE ( 'NONE', *, *, #572, .T. ) ;
#1216 = ORIENTED_EDGE ( 'NONE', *, *, #393, .T. ) ;
#1217 = CARTESIAN_POINT ( 'NONE',  ( -41.79999999999999716, 38.74999999999999289, 3.000000000000000000 ) ) ;
#1218 = EDGE_CURVE ( 'NONE', #385, #2118, #1990, .T. ) ;
#1219 = CARTESIAN_POINT ( 'NONE',  ( 47.49999999999999289, 42.14999999999999147, 1.000000000000014655 ) ) ;
#1220 = CARTESIAN_POINT ( 'NONE',  ( 50.10000000000000142, -48.85000000000000142, 9.500000000000000000 ) ) ;
#1221 = DIRECTION ( 'NONE',  ( 1.000000000000000000, 0.000000000000000000, -0.000000000000000000 ) ) ;
#1222 = CARTESIAN_POINT ( 'NONE',  ( -50.50000000000000711, 42.14999999999999147, 9.500000000000000000 ) ) ;
#1223 = CARTESIAN_POINT ( 'NONE',  ( -43.10000000000000142, 38.74999999999999289, 3.000000000000000000 ) ) ;
#1224 = ORIENTED_EDGE ( 'NONE', *, *, #2352, .F. ) ;
#1225 = EDGE_LOOP ( 'NONE', ( #1946, #1086, #1786, #1382, #1274, #861, #2234, #1468 ) ) ;
#1226 = AXIS2_PLACEMENT_3D ( 'NONE', #879, #318, #2178 ) ;
#1227 = LINE ( 'NONE', #1972, #950 ) ;
#1228 = ORIENTED_EDGE ( 'NONE', *, *, #1218, .T. ) ;
#1229 = AXIS2_PLACEMENT_3D ( 'NONE', #2075, #1757, #1221 ) ;
#1230 = DIRECTION ( 'NONE',  ( -6.122553444624037011E-15, -1.000000000000000000, -0.000000000000000000 ) ) ;
#1231 = DIRECTION ( 'NONE',  ( -0.000000000000000000, -0.000000000000000000, 1.000000000000000000 ) ) ;
#1232 = ORIENTED_EDGE ( 'NONE', *, *, #1744, .F. ) ;
#1233 = CARTESIAN_POINT ( 'NONE',  ( 47.49999999999999289, -48.85000000000000142, 0.000000000000000000 ) ) ;
#1234 = DIRECTION ( 'NONE',  ( 0.000000000000000000, 1.000000000000000000, 0.000000000000000000 ) ) ;
#1235 = PRODUCT_CONTEXT ( 'NONE', #1729, 'mechanical' ) ;
#1236 = VERTEX_POINT ( 'NONE', #1818 ) ;
#1237 = ORIENTED_EDGE ( 'NONE', *, *, #1569, .T. ) ;
#1238 = CARTESIAN_POINT ( 'NONE',  ( 47.49999999999999289, 44.75000000000000000, 9.500000000000000000 ) ) ;
#1239 = ORIENTED_EDGE ( 'NONE', *, *, #152, .F. ) ;
#1240 = FACE_OUTER_BOUND ( 'NONE', #1375, .T. ) ;
#1241 = EDGE_CURVE ( 'NONE', #346, #1180, #1256, .T. ) ;
#1242 = DIRECTION ( 'NONE',  ( -1.000000000000000000, -2.191229653865440696E-16, 0.000000000000000000 ) ) ;
#1243 = EDGE_LOOP ( 'NONE', ( #78, #813, #1488, #577, #23, #194, #2292, #261 ) ) ;
#1244 = VECTOR ( 'NONE', #1242, 1000.000000000000000 ) ;
#1245 = EDGE_CURVE ( 'NONE', #403, #2041, #532, .T. ) ;
#1246 = CARTESIAN_POINT ( 'NONE',  ( -40.80000000000000426, -33.35000000000001563, 4.700000000000000178 ) ) ;
#1247 = FACE_OUTER_BOUND ( 'NONE', #557, .T. ) ;
#1248 = ADVANCED_FACE ( 'NONE', ( #166 ), #326, .T. ) ;
#1249 = AXIS2_PLACEMENT_3D ( 'NONE', #1202, #1213, #1047 ) ;
#1250 = CYLINDRICAL_SURFACE ( 'NONE', #410, 3.399999999999993250 ) ;
#1251 = VERTEX_POINT ( 'NONE', #735 ) ;
#1252 = PRODUCT_DEFINITION ( 'UNKNOWN', '', #2262, #2013 ) ;
#1253 = AXIS2_PLACEMENT_3D ( 'NONE', #271, #1162, #1003 ) ;
#1254 = CARTESIAN_POINT ( 'NONE',  ( -47.50000000000000711, 35.34999999999999432, 6.000000000000000000 ) ) ;
#1255 = DIRECTION ( 'NONE',  ( -0.000000000000000000, -1.000000000000000000, -0.000000000000000000 ) ) ;
#1256 = LINE ( 'NONE', #2181, #1552 ) ;
#1257 = EDGE_LOOP ( 'NONE', ( #691, #2061, #1798, #1407 ) ) ;
#1258 = CARTESIAN_POINT ( 'NONE',  ( 41.79999999999999716, 38.74999999999998579, 3.000000000000000000 ) ) ;
#1259 = CARTESIAN_POINT ( 'NONE',  ( -40.80000000000001137, 35.08205080756889771, 0.000000000000000000 ) ) ;
#1260 = EDGE_LOOP ( 'NONE', ( #1659, #2173, #1336, #1782 ) ) ;
#1261 = VECTOR ( 'NONE', #1520, 1000.000000000000000 ) ;
#1262 = CONICAL_SURFACE ( 'NONE', #614, 4.732050807568902506, 1.047197551196597631 ) ;
#1263 = EDGE_CURVE ( 'NONE', #1873, #2359, #1425, .T. ) ;
#1264 = DIRECTION ( 'NONE',  ( -1.000000000000000000, 2.040851148208008393E-15, 0.000000000000000000 ) ) ;
#1265 = DIRECTION ( 'NONE',  ( -0.000000000000000000, -0.000000000000000000, -1.000000000000000000 ) ) ;
#1266 = VECTOR ( 'NONE', #464, 1000.000000000000000 ) ;
#1267 = CARTESIAN_POINT ( 'NONE',  ( 40.79999999999998295, 33.34999999999999432, 1.000000000000014655 ) ) ;
#1268 = VERTEX_POINT ( 'NONE', #188 ) ;
#1269 = EDGE_CURVE ( 'NONE', #738, #1344, #2358, .T. ) ;
#1270 = DIRECTION ( 'NONE',  ( 1.525031627232357891E-16, -1.000000000000000000, 0.000000000000000000 ) ) ;
#1271 = EDGE_CURVE ( 'NONE', #1251, #2302, #2098, .T. ) ;
#1272 = EDGE_CURVE ( 'NONE', #894, #120, #1290, .T. ) ;
#1273 = CARTESIAN_POINT ( 'NONE',  ( 0.000000000000000000, 0.000000000000000000, 3.000000000000000000 ) ) ;
#1274 = ORIENTED_EDGE ( 'NONE', *, *, #83, .F. ) ;
#1275 = CARTESIAN_POINT ( 'NONE',  ( -45.53205080756891476, 30.34999999999999787, 0.000000000000000000 ) ) ;
#1276 = LINE ( 'NONE', #903, #631 ) ;
#1277 = CARTESIAN_POINT ( 'NONE',  ( 47.49999999999999289, 42.14999999999999147, 0.000000000000000000 ) ) ;
#1278 = ORIENTED_EDGE ( 'NONE', *, *, #1141, .T. ) ;
#1279 = VECTOR ( 'NONE', #1209, 1000.000000000000000 ) ;
#1280 = CARTESIAN_POINT ( 'NONE',  ( 39.70000000000000284, 42.14999999999999147, 6.000000000000000000 ) ) ;
#1281 = CIRCLE ( 'NONE', #290, 1.300000000000002487 ) ;
#1282 = AXIS2_PLACEMENT_3D ( 'NONE', #2190, #165, #1998 ) ;
#1283 = DIRECTION ( 'NONE',  ( -1.000000000000000000, -0.000000000000000000, -0.000000000000000000 ) ) ;
#1284 = AXIS2_PLACEMENT_3D ( 'NONE', #1968, #512, #2003 ) ;
#1285 = EDGE_LOOP ( 'NONE', ( #1527, #1544, #321, #429, #405 ) ) ;
#1286 = EDGE_CURVE ( 'NONE', #494, #1438, #1437, .T. ) ;
#1287 = DIRECTION ( 'NONE',  ( 0.000000000000000000, -0.8660254037844381525, 0.5000000000000007772 ) ) ;
#1288 = CYLINDRICAL_SURFACE ( 'NONE', #2331, 3.000000000000002665 ) ;
#1289 = VECTOR ( 'NONE', #2326, 1000.000000000000114 ) ;
#1290 = LINE ( 'NONE', #2211, #548 ) ;
#1291 = ORIENTED_EDGE ( 'NONE', *, *, #1699, .T. ) ;
#1292 = CIRCLE ( 'NONE', #372, 1.267949192431103267 ) ;
#1293 = CARTESIAN_POINT ( 'NONE',  ( 43.79999999999999005, -30.35000000000000853, 1.000000000000014655 ) ) ;
#1294 = ORIENTED_EDGE ( 'NONE', *, *, #352, .F. ) ;
#1295 = CARTESIAN_POINT ( 'NONE',  ( -43.10000000000000142, 35.35000000000000142, 6.000000000000000000 ) ) ;
#1296 = DIRECTION ( 'NONE',  ( 0.000000000000000000, 0.000000000000000000, -1.000000000000000000 ) ) ;
#1297 = ORIENTED_EDGE ( 'NONE', *, *, #1372, .T. ) ;
#1298 = DIRECTION ( 'NONE',  ( 1.000000000000000000, 0.000000000000000000, 0.000000000000000000 ) ) ;
#1299 = DIRECTION ( 'NONE',  ( -0.000000000000000000, -0.000000000000000000, -1.000000000000000000 ) ) ;
#1300 = CARTESIAN_POINT ( 'NONE',  ( 45.53205080756888634, 30.34999999999999787, 0.000000000000000000 ) ) ;
#1301 = ORIENTED_EDGE ( 'NONE', *, *, #1169, .T. ) ;
#1302 = CARTESIAN_POINT ( 'NONE',  ( 43.79999999999998295, 30.34999999999999787, 0.000000000000000000 ) ) ;
#1303 = ORIENTED_EDGE ( 'NONE', *, *, #714, .F. ) ;
#1304 = AXIS2_PLACEMENT_3D ( 'NONE', #759, #1264, #1837 ) ;
#1305 = CARTESIAN_POINT ( 'NONE',  ( -47.50000000000000711, 42.14999999999999147, 9.500000000000000000 ) ) ;
#1306 = CIRCLE ( 'NONE', #278, 1.300000000000002487 ) ;
#1307 = DIRECTION ( 'NONE',  ( 0.000000000000000000, 0.000000000000000000, 1.000000000000000000 ) ) ;
#1308 = CARTESIAN_POINT ( 'NONE',  ( 47.49999999999999289, 42.14999999999999147, 9.099999999999999645 ) ) ;
#1309 = ORIENTED_EDGE ( 'NONE', *, *, #1793, .T. ) ;
#1310 = EDGE_CURVE ( 'NONE', #1541, #283, #544, .T. ) ;
#1311 = DIRECTION ( 'NONE',  ( 0.000000000000000000, 1.000000000000000000, 0.000000000000000000 ) ) ;
#1312 = PLANE ( 'NONE',  #2102 ) ;
#1313 = FACE_OUTER_BOUND ( 'NONE', #1396, .T. ) ;
#1314 = ORIENTED_EDGE ( 'NONE', *, *, #1201, .T. ) ;
#1315 = CARTESIAN_POINT ( 'NONE',  ( -40.80000000000001137, 33.34999999999999432, 0.000000000000000000 ) ) ;
#1316 = ORIENTED_EDGE ( 'NONE', *, *, #2198, .T. ) ;
#1317 = EDGE_CURVE ( 'NONE', #5, #550, #2020, .T. ) ;
#1318 = CARTESIAN_POINT ( 'NONE',  ( 0.000000000000000000, 0.000000000000000000, 3.000000000000000000 ) ) ;
#1319 = EDGE_CURVE ( 'NONE', #1122, #1695, #335, .T. ) ;
#1320 = DIRECTION ( 'NONE',  ( 9.814559977237945466E-17, -1.000000000000000000, 0.000000000000000000 ) ) ;
#1321 = AXIS2_PLACEMENT_3D ( 'NONE', #1553, #2263, #1529 ) ;
#1322 = LINE ( 'NONE', #85, #2335 ) ;
#1323 = EDGE_CURVE ( 'NONE', #1792, #2158, #1107, .T. ) ;
#1324 = VERTEX_POINT ( 'NONE', #2034 ) ;
#1325 = PLANE ( 'NONE',  #477 ) ;
#1326 = DIRECTION ( 'NONE',  ( -1.000000000000000000, 0.000000000000000000, 0.000000000000000000 ) ) ;
#1327 = LINE ( 'NONE', #224, #1419 ) ;
#1328 = DIRECTION ( 'NONE',  ( 1.000000000000000000, 0.000000000000000000, -0.000000000000000000 ) ) ;
#1329 = EDGE_LOOP ( 'NONE', ( #953, #1038, #1840, #189 ) ) ;
#1330 = VECTOR ( 'NONE', #859, 1000.000000000000000 ) ;
#1331 = PLANE ( 'NONE',  #437 ) ;
#1332 = VERTEX_POINT ( 'NONE', #2191 ) ;
#1333 = LINE ( 'NONE', #1879, #161 ) ;
#1334 = PLANE ( 'NONE',  #1253 ) ;
#1335 = ORIENTED_EDGE ( 'NONE', *, *, #181, .T. ) ;
#1336 = ORIENTED_EDGE ( 'NONE', *, *, #1310, .T. ) ;
#1337 = FILL_AREA_STYLE_COLOUR ( '', #982 ) ;
#1338 = LINE ( 'NONE', #1675, #1362 ) ;
#1339 = CARTESIAN_POINT ( 'NONE',  ( 40.79999999999997584, -33.35000000000000853, 1.000000000000014655 ) ) ;
#1340 = ADVANCED_FACE ( 'NONE', ( #345 ), #155, .T. ) ;
#1341 = ORIENTED_EDGE ( 'NONE', *, *, #1021, .T. ) ;
#1342 = CARTESIAN_POINT ( 'NONE',  ( -47.50000000000000711, 42.14999999999999147, 3.000000000000000000 ) ) ;
#1343 = AXIS2_PLACEMENT_3D ( 'NONE', #520, #663, #2343 ) ;
#1344 = VERTEX_POINT ( 'NONE', #2011 ) ;
#1345 = LINE ( 'NONE', #832, #2351 ) ;
#1346 = FACE_OUTER_BOUND ( 'NONE', #1965, .T. ) ;
#1347 = EDGE_CURVE ( 'NONE', #1508, #834, #1470, .T. ) ;
#1348 = ORIENTED_EDGE ( 'NONE', *, *, #2076, .T. ) ;
#1349 = ORIENTED_EDGE ( 'NONE', *, *, #115, .T. ) ;
#1350 = DIRECTION ( 'NONE',  ( 1.000000000000000000, 0.000000000000000000, 0.000000000000000000 ) ) ;
#1351 = CARTESIAN_POINT ( 'NONE',  ( 47.49999999999999289, -35.35000000000001563, 4.700000000000000178 ) ) ;
#1352 = ORIENTED_EDGE ( 'NONE', *, *, #1323, .T. ) ;
#1353 = CARTESIAN_POINT ( 'NONE',  ( -43.09999999999999432, -45.45000000000000284, 6.000000000000000000 ) ) ;
#1354 = CARTESIAN_POINT ( 'NONE',  ( 47.49999999999999289, -51.45000000000000995, 9.500000000000000000 ) ) ;
#1355 = DIRECTION ( 'NONE',  ( -0.5000000000000014433, -5.201569643108881130E-17, -0.8660254037844378194 ) ) ;
#1356 = EDGE_LOOP ( 'NONE', ( #369, #781, #1802, #439 ) ) ;
#1357 = VERTEX_POINT ( 'NONE', #914 ) ;
#1358 = VECTOR ( 'NONE', #1677, 1000.000000000000000 ) ;
#1359 = EDGE_CURVE ( 'NONE', #2359, #2278, #1119, .T. ) ;
#1360 = EDGE_CURVE ( 'NONE', #1739, #977, #750, .T. ) ;
#1361 = DIRECTION ( 'NONE',  ( -0.000000000000000000, 0.000000000000000000, 1.000000000000000000 ) ) ;
#1362 = VECTOR ( 'NONE', #401, 1000.000000000000000 ) ;
#1363 = ORIENTED_EDGE ( 'NONE', *, *, #1310, .F. ) ;
#1364 = VECTOR ( 'NONE', #191, 1000.000000000000000 ) ;
#1365 = PLANE ( 'NONE',  #2017 ) ;
#1366 = ORIENTED_EDGE ( 'NONE', *, *, #645, .F. ) ;
#1367 = PLANE ( 'NONE',  #1537 ) ;
#1368 = AXIS2_PLACEMENT_3D ( 'NONE', #1751, #2142, #852 ) ;
#1369 = CARTESIAN_POINT ( 'NONE',  ( 47.49999999999999289, -48.85000000000000142, 1.000000000000014655 ) ) ;
#1370 = VERTEX_POINT ( 'NONE', #1859 ) ;
#1371 = ORIENTED_EDGE ( 'NONE', *, *, #2008, .T. ) ;
#1372 = EDGE_CURVE ( 'NONE', #276, #37, #1131, .T. ) ;
#1373 = CARTESIAN_POINT ( 'NONE',  ( 47.49999999999999289, 42.14999999999999147, 9.099999999999999645 ) ) ;
#1374 = DIRECTION ( 'NONE',  ( 0.000000000000000000, 0.000000000000000000, 1.000000000000000000 ) ) ;
#1375 = EDGE_LOOP ( 'NONE', ( #1493, #86, #1348, #2000, #2091, #1341, #616, #1856 ) ) ;
#1376 = CARTESIAN_POINT ( 'NONE',  ( -50.10000000000000853, 42.14999999999999147, 9.099999999999999645 ) ) ;
#1377 = EDGE_CURVE ( 'NONE', #294, #25, #1689, .T. ) ;
#1378 = CYLINDRICAL_SURFACE ( 'NONE', #1194, 3.399999999999993250 ) ;
#1379 = AXIS2_PLACEMENT_3D ( 'NONE', #2275, #1753, #2295 ) ;
#1380 = ADVANCED_FACE ( 'NONE', ( #1313 ), #2274, .T. ) ;
#1381 = CARTESIAN_POINT ( 'NONE',  ( -47.50000000000000711, -48.85000000000000142, 3.000000000000000000 ) ) ;
#1382 = ORIENTED_EDGE ( 'NONE', *, *, #297, .T. ) ;
#1383 = VECTOR ( 'NONE', #1682, 1000.000000000000000 ) ;
#1384 = ORIENTED_EDGE ( 'NONE', *, *, #32, .F. ) ;
#1385 = DIRECTION ( 'NONE',  ( 0.000000000000000000, 0.000000000000000000, 1.000000000000000000 ) ) ;
#1386 = CARTESIAN_POINT ( 'NONE',  ( 47.49999999999999289, 42.14999999999999147, 3.000000000000000000 ) ) ;
#1387 = ORIENTED_EDGE ( 'NONE', *, *, #2076, .F. ) ;
#1388 = CARTESIAN_POINT ( 'NONE',  ( -40.80000000000000426, -30.35000000000000853, 0.000000000000000000 ) ) ;
#1389 = DIRECTION ( 'NONE',  ( -1.000000000000000000, -0.000000000000000000, -0.000000000000000000 ) ) ;
#1390 = EDGE_CURVE ( 'NONE', #1555, #5, #761, .T. ) ;
#1391 = DIRECTION ( 'NONE',  ( -1.040313928621773268E-16, 1.000000000000000000, 0.000000000000000000 ) ) ;
#1392 = EDGE_CURVE ( 'NONE', #2251, #294, #1148, .T. ) ;
#1393 = LINE ( 'NONE', #1585, #985 ) ;
#1394 = DIRECTION ( 'NONE',  ( 1.000000000000000000, 0.000000000000000000, 0.000000000000000000 ) ) ;
#1395 = ORIENTED_EDGE ( 'NONE', *, *, #868, .T. ) ;
#1396 = EDGE_LOOP ( 'NONE', ( #1580, #2327, #1363, #327 ) ) ;
#1397 = AXIS2_PLACEMENT_3D ( 'NONE', #486, #1401, #104 ) ;
#1398 = CARTESIAN_POINT ( 'NONE',  ( -47.50000000000000711, -48.85000000000000142, 0.000000000000000000 ) ) ;
#1399 = CARTESIAN_POINT ( 'NONE',  ( 40.79999999999998295, 30.34999999999999787, 0.000000000000000000 ) ) ;
#1400 = AXIS2_PLACEMENT_3D ( 'NONE', #1420, #98, #1773 ) ;
#1401 = DIRECTION ( 'NONE',  ( 0.000000000000000000, 0.000000000000000000, 1.000000000000000000 ) ) ;
#1402 = VECTOR ( 'NONE', #720, 1000.000000000000000 ) ;
#1403 = CARTESIAN_POINT ( 'NONE',  ( -43.80000000000001137, 30.34999999999999787, 1.000000000000014655 ) ) ;
#1404 = VECTOR ( 'NONE', #640, 1000.000000000000000 ) ;
#1405 = CARTESIAN_POINT ( 'NONE',  ( 48.76794919243109661, 42.14999999999999147, 0.000000000000000000 ) ) ;
#1406 = LINE ( 'NONE', #685, #1289 ) ;
#1407 = ORIENTED_EDGE ( 'NONE', *, *, #1775, .T. ) ;
#1408 = ORIENTED_EDGE ( 'NONE', *, *, #1068, .T. ) ;
#1409 = CARTESIAN_POINT ( 'NONE',  ( -43.80000000000001137, 33.34999999999999432, 3.000000000000000000 ) ) ;
#1410 = ORIENTED_EDGE ( 'NONE', *, *, #1074, .T. ) ;
#1411 = CARTESIAN_POINT ( 'NONE',  ( 43.10000000000000142, 38.74999999999998579, 6.000000000000000000 ) ) ;
#1412 = CARTESIAN_POINT ( 'NONE',  ( 44.39999999999999858, 38.74999999999998579, 6.000000000000000000 ) ) ;
#1413 = ORIENTED_EDGE ( 'NONE', *, *, #465, .F. ) ;
#1414 = CARTESIAN_POINT ( 'NONE',  ( -40.80000000000000426, -30.35000000000000853, 1.000000000000014655 ) ) ;
#1415 = CARTESIAN_POINT ( 'NONE',  ( -39.70000000000000284, 42.14999999999999147, 3.000000000000000000 ) ) ;
#1416 = ORIENTED_EDGE ( 'NONE', *, *, #1807, .T. ) ;
#1417 = EDGE_LOOP ( 'NONE', ( #273, #1149, #675, #958 ) ) ;
#1418 = EDGE_CURVE ( 'NONE', #875, #923, #2046, .T. ) ;
#1419 = VECTOR ( 'NONE', #774, 1000.000000000000000 ) ;
#1420 = CARTESIAN_POINT ( 'NONE',  ( 43.10000000000000853, -45.45000000000000284, 6.000000000000000000 ) ) ;
#1421 = ORIENTED_EDGE ( 'NONE', *, *, #1185, .F. ) ;
#1422 = AXIS2_PLACEMENT_3D ( 'NONE', #1501, #938, #2244 ) ;
#1423 = EDGE_CURVE ( 'NONE', #172, #2033, #1327, .T. ) ;
#1424 = CARTESIAN_POINT ( 'NONE',  ( 50.10000000000000142, -48.85000000000000142, 9.500000000000000000 ) ) ;
#1425 = LINE ( 'NONE', #1457, #742 ) ;
#1426 = ORIENTED_EDGE ( 'NONE', *, *, #1962, .F. ) ;
#1427 = LINE ( 'NONE', #2160, #1519 ) ;
#1428 = DIRECTION ( 'NONE',  ( -1.000000000000000000, 0.000000000000000000, 0.000000000000000000 ) ) ;
#1429 = CARTESIAN_POINT ( 'NONE',  ( -47.50000000000000711, 35.34999999999999432, 4.700000000000000178 ) ) ;
#1430 = VERTEX_POINT ( 'NONE', #592 ) ;
#1431 = VERTEX_POINT ( 'NONE', #932 ) ;
#1432 = DIRECTION ( 'NONE',  ( 0.000000000000000000, 0.000000000000000000, 1.000000000000000000 ) ) ;
#1433 = ORIENTED_EDGE ( 'NONE', *, *, #1489, .T. ) ;
#1434 = EDGE_CURVE ( 'NONE', #146, #1531, #9, .T. ) ;
#1435 = DIRECTION ( 'NONE',  ( 0.8660254037844381525, 0.000000000000000000, -0.5000000000000007772 ) ) ;
#1436 = LINE ( 'NONE', #565, #151 ) ;
#1437 = LINE ( 'NONE', #725, #1907 ) ;
#1438 = VERTEX_POINT ( 'NONE', #703 ) ;
#1439 = CIRCLE ( 'NONE', #1605, 1.300000000000002487 ) ;
#1440 = DIRECTION ( 'NONE',  ( 0.000000000000000000, 0.000000000000000000, 1.000000000000000000 ) ) ;
#1441 = LINE ( 'NONE', #710, #1918 ) ;
#1442 = ORIENTED_EDGE ( 'NONE', *, *, #285, .F. ) ;
#1443 = EDGE_CURVE ( 'NONE', #37, #1650, #420, .T. ) ;
#1444 = DIRECTION ( 'NONE',  ( 0.000000000000000000, 1.000000000000000000, 0.000000000000000000 ) ) ;
#1445 = LINE ( 'NONE', #154, #552 ) ;
#1446 = CARTESIAN_POINT ( 'NONE',  ( -47.50000000000000711, 45.14999999999999858, 1.000000000000014655 ) ) ;
#1447 = ORIENTED_EDGE ( 'NONE', *, *, #1747, .T. ) ;
#1448 = ADVANCED_FACE ( 'NONE', ( #1764, #1240 ), #1075, .F. ) ;
#1449 = EDGE_CURVE ( 'NONE', #1344, #2318, #1031, .T. ) ;
#1450 = DIRECTION ( 'NONE',  ( 0.000000000000000000, -1.000000000000000000, -0.000000000000000000 ) ) ;
#1451 = EDGE_CURVE ( 'NONE', #1324, #2050, #863, .T. ) ;
#1452 = CARTESIAN_POINT ( 'NONE',  ( -50.10000000000001563, 42.14999999999999147, 9.500000000000000000 ) ) ;
#1453 = VERTEX_POINT ( 'NONE', #1424 ) ;
#1454 = VECTOR ( 'NONE', #1479, 1000.000000000000000 ) ;
#1455 = DIRECTION ( 'NONE',  ( -0.000000000000000000, 0.000000000000000000, 1.000000000000000000 ) ) ;
#1456 = DIRECTION ( 'NONE',  ( 1.040313928621773268E-16, -1.000000000000000000, 0.000000000000000000 ) ) ;
#1457 = CARTESIAN_POINT ( 'NONE',  ( -47.50000000000000000, -35.35000000000002274, 4.700000000000000178 ) ) ;
#1458 = ORIENTED_EDGE ( 'NONE', *, *, #2379, .F. ) ;
#1459 = ADVANCED_FACE ( 'NONE', ( #1063 ), #1262, .F. ) ;
#1460 = PLANE ( 'NONE',  #137 ) ;
#1461 = DIRECTION ( 'NONE',  ( -0.000000000000000000, -0.000000000000000000, 1.000000000000000000 ) ) ;
#1462 = EDGE_LOOP ( 'NONE', ( #624, #1824, #2202, #635 ) ) ;
#1463 = FACE_OUTER_BOUND ( 'NONE', #1153, .T. ) ;
#1464 = CARTESIAN_POINT ( 'NONE',  ( -47.50000000000000711, 45.14999999999999858, 9.099999999999999645 ) ) ;
#1465 = DIRECTION ( 'NONE',  ( 1.000000000000000000, 1.040313928621773268E-16, -0.000000000000000000 ) ) ;
#1466 = ORIENTED_EDGE ( 'NONE', *, *, #519, .F. ) ;
#1467 = DIRECTION ( 'NONE',  ( 0.000000000000000000, 0.000000000000000000, 1.000000000000000000 ) ) ;
#1468 = ORIENTED_EDGE ( 'NONE', *, *, #351, .T. ) ;
#1469 = AXIS2_PLACEMENT_3D ( 'NONE', #1791, #2311, #655 ) ;
#1470 = CIRCLE ( 'NONE', #1667, 2.599999999999998312 ) ;
#1471 = DIRECTION ( 'NONE',  ( 1.000000000000000000, 0.000000000000000000, 0.000000000000000000 ) ) ;
#1472 = VECTOR ( 'NONE', #2320, 1000.000000000000000 ) ;
#1473 = VECTOR ( 'NONE', #388, 1000.000000000000000 ) ;
#1474 = DIRECTION ( 'NONE',  ( -0.000000000000000000, -0.000000000000000000, 1.000000000000000000 ) ) ;
#1475 = CIRCLE ( 'NONE', #444, 4.732050807568902506 ) ;
#1476 = ORIENTED_EDGE ( 'NONE', *, *, #1032, .F. ) ;
#1477 = CARTESIAN_POINT ( 'NONE',  ( -40.80000000000001137, 35.08205080756889771, 0.000000000000000000 ) ) ;
#1478 = CARTESIAN_POINT ( 'NONE',  ( 45.53205080756888634, 30.34999999999999787, 0.000000000000000000 ) ) ;
#1479 = DIRECTION ( 'NONE',  ( -0.000000000000000000, -1.000000000000000000, -0.000000000000000000 ) ) ;
#1480 = EDGE_LOOP ( 'NONE', ( #1316, #835, #1067, #1897, #1728, #1054, #2140, #997 ) ) ;
#1481 = CIRCLE ( 'NONE', #219, 2.599999999999998312 ) ;
#1482 = DIRECTION ( 'NONE',  ( 0.000000000000000000, 0.000000000000000000, -1.000000000000000000 ) ) ;
#1483 = ORIENTED_EDGE ( 'NONE', *, *, #2065, .T. ) ;
#1484 = CARTESIAN_POINT ( 'NONE',  ( -43.10000000000000142, 35.35000000000000142, 6.000000000000000000 ) ) ;
#1485 = EDGE_CURVE ( 'NONE', #1236, #5, #233, .T. ) ;
#1486 = AXIS2_PLACEMENT_3D ( 'NONE', #1643, #2386, #2367 ) ;
#1487 = CARTESIAN_POINT ( 'NONE',  ( -40.80000000000000426, -30.35000000000000853, 0.000000000000000000 ) ) ;
#1488 = ORIENTED_EDGE ( 'NONE', *, *, #1811, .T. ) ;
#1489 = EDGE_CURVE ( 'NONE', #414, #342, #1976, .T. ) ;
#1490 = CARTESIAN_POINT ( 'NONE',  ( -43.10000000000000142, 35.35000000000000142, 6.000000000000000000 ) ) ;
#1491 = DIRECTION ( 'NONE',  ( -1.000000000000000000, 0.000000000000000000, 0.000000000000000000 ) ) ;
#1492 = CARTESIAN_POINT ( 'NONE',  ( 47.49999999999999289, 45.14999999999999858, 9.500000000000000000 ) ) ;
#1493 = ORIENTED_EDGE ( 'NONE', *, *, #1041, .T. ) ;
#1494 = LINE ( 'NONE', #1339, #849 ) ;
#1495 = ADVANCED_FACE ( 'NONE', ( #1987 ), #484, .F. ) ;
#1496 = ORIENTED_EDGE ( 'NONE', *, *, #2128, .F. ) ;
#1497 = AXIS2_PLACEMENT_3D ( 'NONE', #164, #579, #1660 ) ;
#1498 = VECTOR ( 'NONE', #1210, 1000.000000000000000 ) ;
#1499 = DIRECTION ( 'NONE',  ( 0.000000000000000000, 0.000000000000000000, 1.000000000000000000 ) ) ;
#1500 = EDGE_CURVE ( 'NONE', #875, #294, #1951, .T. ) ;
#1501 = CARTESIAN_POINT ( 'NONE',  ( -43.10000000000000142, 38.74999999999999289, 3.000000000000000000 ) ) ;
#1502 = DIRECTION ( 'NONE',  ( 0.000000000000000000, -0.000000000000000000, 1.000000000000000000 ) ) ;
#1503 = ORIENTED_EDGE ( 'NONE', *, *, #423, .F. ) ;
#1504 = LINE ( 'NONE', #995, #551 ) ;
#1505 = CARTESIAN_POINT ( 'NONE',  ( 40.79999999999997584, -30.35000000000001208, 0.000000000000000000 ) ) ;
#1506 = CARTESIAN_POINT ( 'NONE',  ( -43.80000000000000426, -30.35000000000000853, 0.000000000000000000 ) ) ;
#1507 = CARTESIAN_POINT ( 'NONE',  ( 47.49999999999999289, 42.14999999999999147, 9.500000000000000000 ) ) ;
#1508 = VERTEX_POINT ( 'NONE', #1042 ) ;
#1509 = DIRECTION ( 'NONE',  ( 1.000000000000000000, 0.000000000000000000, 0.000000000000000000 ) ) ;
#1510 = VERTEX_POINT ( 'NONE', #2168 ) ;
#1511 = DIRECTION ( 'NONE',  ( -1.000000000000000000, 0.000000000000000000, 0.000000000000000000 ) ) ;
#1512 = CONICAL_SURFACE ( 'NONE', #1750, 1.267949192431103267, 1.047197551196596299 ) ;
#1513 = CARTESIAN_POINT ( 'NONE',  ( -47.50000000000000711, 42.14999999999999147, 9.099999999999999645 ) ) ;
#1514 = ORIENTED_EDGE ( 'NONE', *, *, #1271, .F. ) ;
#1515 = ORIENTED_EDGE ( 'NONE', *, *, #830, .F. ) ;
#1516 = EDGE_CURVE ( 'NONE', #481, #276, #1651, .T. ) ;
#1517 = DIRECTION ( 'NONE',  ( 0.000000000000000000, 0.000000000000000000, -1.000000000000000000 ) ) ;
#1518 = CARTESIAN_POINT ( 'NONE',  ( 50.10000000000000142, 42.14999999999999147, 9.099999999999999645 ) ) ;
#1519 = VECTOR ( 'NONE', #501, 1000.000000000000114 ) ;
#1520 = DIRECTION ( 'NONE',  ( 0.000000000000000000, 0.000000000000000000, -1.000000000000000000 ) ) ;
#1521 = ORIENTED_EDGE ( 'NONE', *, *, #1109, .T. ) ;
#1522 = DIRECTION ( 'NONE',  ( 0.000000000000000000, 1.000000000000000000, -0.000000000000000000 ) ) ;
#1523 = EDGE_LOOP ( 'NONE', ( #1923, #1978, #1466, #673 ) ) ;
#1524 = EDGE_CURVE ( 'NONE', #1370, #2067, #2156, .T. ) ;
#1525 = LINE ( 'NONE', #975, #1934 ) ;
#1526 = CARTESIAN_POINT ( 'NONE',  ( -47.50000000000000711, -48.85000000000000142, 0.000000000000000000 ) ) ;
#1527 = ORIENTED_EDGE ( 'NONE', *, *, #1882, .T. ) ;
#1528 = ORIENTED_EDGE ( 'NONE', *, *, #1882, .F. ) ;
#1529 = DIRECTION ( 'NONE',  ( 1.000000000000000000, 0.000000000000000000, 0.000000000000000000 ) ) ;
#1530 = CYLINDRICAL_SURFACE ( 'NONE', #677, 3.000000000000002665 ) ;
#1531 = VERTEX_POINT ( 'NONE', #1254 ) ;
#1532 = DIRECTION ( 'NONE',  ( -0.000000000000000000, 0.000000000000000000, 1.000000000000000000 ) ) ;
#1533 = CONICAL_SURFACE ( 'NONE', #1189, 4.732050807568902506, 1.047197551196597631 ) ;
#1534 = ORIENTED_EDGE ( 'NONE', *, *, #1128, .F. ) ;
#1535 = CARTESIAN_POINT ( 'NONE',  ( -43.10000000000000142, 35.34999999999999432, 6.000000000000000000 ) ) ;
#1536 = EDGE_CURVE ( 'NONE', #1578, #702, #853, .T. ) ;
#1537 = AXIS2_PLACEMENT_3D ( 'NONE', #453, #1176, #269 ) ;
#1538 = ADVANCED_FACE ( 'NONE', ( #299, #1803 ), #1582, .T. ) ;
#1539 = CARTESIAN_POINT ( 'NONE',  ( 43.10000000000000142, 35.34999999999999432, 6.000000000000000000 ) ) ;
#1540 = ORIENTED_EDGE ( 'NONE', *, *, #319, .T. ) ;
#1541 = VERTEX_POINT ( 'NONE', #1997 ) ;
#1542 = FILL_AREA_STYLE ('',( #1337 ) ) ;
#1543 = LINE ( 'NONE', #1386, #296 ) ;
#1544 = ORIENTED_EDGE ( 'NONE', *, *, #1, .T. ) ;
#1545 = LINE ( 'NONE', #1342, #1932 ) ;
#1546 = ORIENTED_EDGE ( 'NONE', *, *, #1647, .T. ) ;
#1547 = CARTESIAN_POINT ( 'NONE',  ( -40.80000000000001137, 33.34999999999999432, 1.000000000000014655 ) ) ;
#1548 = CYLINDRICAL_SURFACE ( 'NONE', #298, 2.600000000000004974 ) ;
#1549 = VERTEX_POINT ( 'NONE', #123 ) ;
#1550 = ORIENTED_EDGE ( 'NONE', *, *, #1807, .F. ) ;
#1551 = CIRCLE ( 'NONE', #1168, 3.399999999999993250 ) ;
#1552 = VECTOR ( 'NONE', #1654, 1000.000000000000000 ) ;
#1553 = CARTESIAN_POINT ( 'NONE',  ( -40.80000000000001137, 30.34999999999999787, 4.700000000000000178 ) ) ;
#1554 = PLANE ( 'NONE',  #911 ) ;
#1555 = VERTEX_POINT ( 'NONE', #840 ) ;
#1556 = ADVANCED_FACE ( 'NONE', ( #332 ), #1533, .F. ) ;
#1557 = CARTESIAN_POINT ( 'NONE',  ( -40.80000000000000426, -33.35000000000000853, 4.700000000000000178 ) ) ;
#1558 = CARTESIAN_POINT ( 'NONE',  ( -43.09999999999999432, -45.45000000000000284, 6.000000000000000000 ) ) ;
#1559 = AXIS2_PLACEMENT_3D ( 'NONE', #384, #1115, #1855 ) ;
#1560 = CARTESIAN_POINT ( 'NONE',  ( 40.79999999999998295, 33.34999999999999432, 4.700000000000000178 ) ) ;
#1561 =( LENGTH_UNIT ( ) NAMED_UNIT ( * ) SI_UNIT ( .MILLI., .METRE. ) );
#1562 = ORIENTED_EDGE ( 'NONE', *, *, #917, .T. ) ;
#1563 = ORIENTED_EDGE ( 'NONE', *, *, #1245, .T. ) ;
#1564 = PLANE ( 'NONE',  #1713 ) ;
#1565 = EDGE_CURVE ( 'NONE', #731, #700, #2332, .T. ) ;
#1566 = DIRECTION ( 'NONE',  ( 0.000000000000000000, -1.000000000000000000, 0.000000000000000000 ) ) ;
#1567 = ORIENTED_EDGE ( 'NONE', *, *, #1418, .T. ) ;
#1568 = DIRECTION ( 'NONE',  ( -1.000000000000000000, 0.000000000000000000, 0.000000000000000000 ) ) ;
#1569 = EDGE_CURVE ( 'NONE', #416, #282, #2083, .T. ) ;
#1570 = CARTESIAN_POINT ( 'NONE',  ( -47.50000000000000711, -51.45000000000000995, 9.099999999999999645 ) ) ;
#1571 = CARTESIAN_POINT ( 'NONE',  ( 43.79999999999999005, -30.35000000000001208, 4.700000000000000178 ) ) ;
#1572 = VECTOR ( 'NONE', #200, 1000.000000000000000 ) ;
#1573 = ADVANCED_FACE ( 'NONE', ( #1083 ), #376, .T. ) ;
#1574 = VECTOR ( 'NONE', #1435, 1000.000000000000114 ) ;
#1575 = DIRECTION ( 'NONE',  ( -0.000000000000000000, -1.000000000000000000, -0.000000000000000000 ) ) ;
#1576 = DIRECTION ( 'NONE',  ( 1.000000000000000000, 0.000000000000000000, 0.000000000000000000 ) ) ;
#1577 =( NAMED_UNIT ( * ) SI_UNIT ( $, .STERADIAN. ) SOLID_ANGLE_UNIT ( ) );
#1578 = VERTEX_POINT ( 'NONE', #1275 ) ;
#1579 = CIRCLE ( 'NONE', #1891, 1.300000000000002487 ) ;
#1580 = ORIENTED_EDGE ( 'NONE', *, *, #741, .T. ) ;
#1581 = DIRECTION ( 'NONE',  ( -1.000000000000000000, -2.191229653865440696E-16, 0.000000000000000000 ) ) ;
#1582 = PLANE ( 'NONE',  #192 ) ;
#1583 = LINE ( 'NONE', #1412, #786 ) ;
#1584 = FACE_OUTER_BOUND ( 'NONE', #1417, .T. ) ;
#1585 = CARTESIAN_POINT ( 'NONE',  ( 50.49999999999999289, 42.14999999999999147, 1.000000000000014655 ) ) ;
#1586 = DIRECTION ( 'NONE',  ( -0.000000000000000000, -0.000000000000000000, -1.000000000000000000 ) ) ;
#1587 = ORIENTED_EDGE ( 'NONE', *, *, #1263, .T. ) ;
#1588 = ORIENTED_EDGE ( 'NONE', *, *, #1536, .T. ) ;
#1589 = AXIS2_PLACEMENT_3D ( 'NONE', #855, #1964, #309 ) ;
#1590 = CYLINDRICAL_SURFACE ( 'NONE', #1368, 3.399999999999993250 ) ;
#1591 = ADVANCED_FACE ( 'NONE', ( #387 ), #2375, .F. ) ;
#1592 = VECTOR ( 'NONE', #922, 1000.000000000000000 ) ;
#1593 = DIRECTION ( 'NONE',  ( -1.000000000000000000, 0.000000000000000000, 0.000000000000000000 ) ) ;
#1594 = AXIS2_PLACEMENT_3D ( 'NONE', #1167, #1686, #825 ) ;
#1595 = VECTOR ( 'NONE', #943, 1000.000000000000000 ) ;
#1596 = PLANE ( 'NONE',  #1709 ) ;
#1597 = VERTEX_POINT ( 'NONE', #1490 ) ;
#1598 = AXIS2_PLACEMENT_3D ( 'NONE', #1295, #560, #169 ) ;
#1599 = ADVANCED_FACE ( 'NONE', ( #712 ), #1618, .F. ) ;
#1600 = CARTESIAN_POINT ( 'NONE',  ( 39.70000000000000284, 38.74999999999998579, 6.000000000000000000 ) ) ;
#1601 = LINE ( 'NONE', #1188, #1330 ) ;
#1602 =( GEOMETRIC_REPRESENTATION_CONTEXT ( 3 ) GLOBAL_UNCERTAINTY_ASSIGNED_CONTEXT ( ( #2229 ) ) GLOBAL_UNIT_ASSIGNED_CONTEXT ( ( #1561, #1214, #1577 ) ) REPRESENTATION_CONTEXT ( 'NONE', 'WORKASPACE' ) );
#1603 = ORIENTED_EDGE ( 'NONE', *, *, #1030, .T. ) ;
#1604 = ORIENTED_EDGE ( 'NONE', *, *, #251, .T. ) ;
#1605 = AXIS2_PLACEMENT_3D ( 'NONE', #2176, #122, #1027 ) ;
#1606 = ADVANCED_FACE ( 'NONE', ( #747 ), #1845, .F. ) ;
#1607 = CARTESIAN_POINT ( 'NONE',  ( 39.70000000000000995, -45.45000000000000284, 6.000000000000000000 ) ) ;
#1608 = ORIENTED_EDGE ( 'NONE', *, *, #1822, .F. ) ;
#1609 = CARTESIAN_POINT ( 'NONE',  ( -47.50000000000000711, -50.11794919243110513, 0.000000000000000000 ) ) ;
#1610 = FACE_OUTER_BOUND ( 'NONE', #2141, .T. ) ;
#1611 = ORIENTED_EDGE ( 'NONE', *, *, #2285, .T. ) ;
#1612 = VECTOR ( 'NONE', #177, 1000.000000000000000 ) ;
#1613 = CARTESIAN_POINT ( 'NONE',  ( -43.80000000000001137, 30.34999999999999787, 1.000000000000014655 ) ) ;
#1614 = DIRECTION ( 'NONE',  ( 1.000000000000000000, 0.000000000000000000, 0.000000000000000000 ) ) ;
#1615 = ORIENTED_EDGE ( 'NONE', *, *, #463, .F. ) ;
#1616 = EDGE_CURVE ( 'NONE', #472, #834, #20, .T. ) ;
#1617 = ORIENTED_EDGE ( 'NONE', *, *, #600, .F. ) ;
#1618 = CONICAL_SURFACE ( 'NONE', #1497, 4.732050807568895401, 1.047197551196596743 ) ;
#1619 = CARTESIAN_POINT ( 'NONE',  ( 39.70000000000000284, 42.14999999999999147, 6.000000000000000000 ) ) ;
#1620 = EDGE_LOOP ( 'NONE', ( #40, #860, #108, #2125 ) ) ;
#1621 = CARTESIAN_POINT ( 'NONE',  ( 40.79999999999998295, 33.34999999999999432, 4.700000000000000178 ) ) ;
#1622 = LINE ( 'NONE', #1076, #884 ) ;
#1623 = LINE ( 'NONE', #2344, #1986 ) ;
#1624 = ORIENTED_EDGE ( 'NONE', *, *, #213, .T. ) ;
#1625 = CARTESIAN_POINT ( 'NONE',  ( -39.70000000000000284, -48.85000000000000142, 6.000000000000000000 ) ) ;
#1626 = EDGE_CURVE ( 'NONE', #1985, #738, #2018, .T. ) ;
#1627 = FACE_OUTER_BOUND ( 'NONE', #2090, .T. ) ;
#1628 = ORIENTED_EDGE ( 'NONE', *, *, #2112, .T. ) ;
#1629 = EDGE_CURVE ( 'NONE', #550, #87, #530, .T. ) ;
#1630 = DIRECTION ( 'NONE',  ( 6.122553444624037011E-15, 1.000000000000000000, 0.000000000000000000 ) ) ;
#1631 = EDGE_CURVE ( 'NONE', #1531, #1203, #175, .T. ) ;
#1632 = CYLINDRICAL_SURFACE ( 'NONE', #2230, 1.300000000000002487 ) ;
#1633 = DIRECTION ( 'NONE',  ( 0.8660254037844381525, 0.000000000000000000, -0.5000000000000007772 ) ) ;
#1634 = VERTEX_POINT ( 'NONE', #1674 ) ;
#1635 = CIRCLE ( 'NONE', #1090, 1.267949192431103267 ) ;
#1636 = ADVANCED_FACE ( 'NONE', ( #564 ), #2366, .F. ) ;
#1637 = CARTESIAN_POINT ( 'NONE',  ( -43.09999999999999432, -45.45000000000000284, 6.000000000000000000 ) ) ;
#1638 = CIRCLE ( 'NONE', #2144, 3.000000000000002665 ) ;
#1639 = VECTOR ( 'NONE', #2113, 1000.000000000000000 ) ;
#1640 = DIRECTION ( 'NONE',  ( 1.000000000000000000, 0.000000000000000000, 0.000000000000000000 ) ) ;
#1641 = ORIENTED_EDGE ( 'NONE', *, *, #99, .F. ) ;
#1642 = CARTESIAN_POINT ( 'NONE',  ( 0.000000000000000000, 0.000000000000000000, 3.000000000000000000 ) ) ;
#1643 = CARTESIAN_POINT ( 'NONE',  ( 0.000000000000000000, 0.000000000000000000, 3.000000000000000000 ) ) ;
#1644 = EDGE_CURVE ( 'NONE', #1431, #172, #1095, .T. ) ;
#1645 = CARTESIAN_POINT ( 'NONE',  ( -47.50000000000000711, 35.34999999999999432, 4.700000000000000178 ) ) ;
#1646 = ORIENTED_EDGE ( 'NONE', *, *, #1359, .F. ) ;
#1647 = EDGE_CURVE ( 'NONE', #1134, #605, #400, .T. ) ;
#1648 = CARTESIAN_POINT ( 'NONE',  ( 40.79999999999997584, -30.35000000000001208, 3.000000000000000000 ) ) ;
#1649 = DIRECTION ( 'NONE',  ( 0.000000000000000000, 0.000000000000000000, -1.000000000000000000 ) ) ;
#1650 = VERTEX_POINT ( 'NONE', #1129 ) ;
#1651 = CIRCLE ( 'NONE', #1226, 1.300000000000002487 ) ;
#1652 = PLANE ( 'NONE',  #851 ) ;
#1653 = FACE_OUTER_BOUND ( 'NONE', #240, .T. ) ;
#1654 = DIRECTION ( 'NONE',  ( 1.000000000000000000, -8.896017825522085641E-16, -0.000000000000000000 ) ) ;
#1655 = ORIENTED_EDGE ( 'NONE', *, *, #1939, .F. ) ;
#1656 = ORIENTED_EDGE ( 'NONE', *, *, #1565, .T. ) ;
#1657 = DIRECTION ( 'NONE',  ( -1.000000000000000000, 0.000000000000000000, 0.000000000000000000 ) ) ;
#1658 = LINE ( 'NONE', #184, #2107 ) ;
#1659 = ORIENTED_EDGE ( 'NONE', *, *, #220, .T. ) ;
#1660 = DIRECTION ( 'NONE',  ( -1.000000000000000000, 0.000000000000000000, 0.000000000000000000 ) ) ;
#1661 = DIRECTION ( 'NONE',  ( -1.000000000000000000, 0.000000000000000000, 0.000000000000000000 ) ) ;
#1662 = CARTESIAN_POINT ( 'NONE',  ( -47.50000000000000711, 35.34999999999999432, 6.000000000000000000 ) ) ;
#1663 = ORIENTED_EDGE ( 'NONE', *, *, #1747, .F. ) ;
#1664 = CARTESIAN_POINT ( 'NONE',  ( 44.40000000000000568, -45.45000000000000284, 6.000000000000000000 ) ) ;
#1665 = EDGE_LOOP ( 'NONE', ( #467, #310, #2096, #1515, #1476, #627, #1983, #314, #1663, #2170 ) ) ;
#1666 = PRODUCT ( 'lcd_frame_front', 'lcd_frame_front', '', ( #1235 ) ) ;
#1667 = AXIS2_PLACEMENT_3D ( 'NONE', #1847, #1085, #178 ) ;
#1668 = FACE_OUTER_BOUND ( 'NONE', #1163, .T. ) ;
#1669 = EDGE_CURVE ( 'NONE', #304, #1792, #186, .T. ) ;
#1670 = AXIS2_PLACEMENT_3D ( 'NONE', #2070, #1299, #2264 ) ;
#1671 = LINE ( 'NONE', #1102, #19 ) ;
#1672 = ORIENTED_EDGE ( 'NONE', *, *, #714, .T. ) ;
#1673 = ADVANCED_FACE ( 'NONE', ( #2199 ), #920, .T. ) ;
#1674 = CARTESIAN_POINT ( 'NONE',  ( -48.76794919243111082, -48.85000000000000142, 0.000000000000000000 ) ) ;
#1675 = CARTESIAN_POINT ( 'NONE',  ( -39.69999999999999574, -45.45000000000000284, 3.000000000000000000 ) ) ;
#1676 = ADVANCED_FACE ( 'NONE', ( #1463 ), #1652, .T. ) ;
#1677 = DIRECTION ( 'NONE',  ( 0.000000000000000000, 0.000000000000000000, -1.000000000000000000 ) ) ;
#1678 = ORIENTED_EDGE ( 'NONE', *, *, #1865, .F. ) ;
#1679 = AXIS2_PLACEMENT_3D ( 'NONE', #1409, #2154, #493 ) ;
#1680 = DIRECTION ( 'NONE',  ( 0.000000000000000000, -0.000000000000000000, 1.000000000000000000 ) ) ;
#1681 = ORIENTED_EDGE ( 'NONE', *, *, #492, .T. ) ;
#1682 = DIRECTION ( 'NONE',  ( -1.000000000000000000, -1.577021341797101948E-15, -0.000000000000000000 ) ) ;
#1683 = CARTESIAN_POINT ( 'NONE',  ( 47.49999999999999289, -48.85000000000000142, 9.500000000000000000 ) ) ;
#1684 = CARTESIAN_POINT ( 'NONE',  ( -40.80000000000001137, 30.34999999999999787, 1.000000000000014655 ) ) ;
#1685 = ORIENTED_EDGE ( 'NONE', *, *, #2004, .F. ) ;
#1686 = DIRECTION ( 'NONE',  ( -0.000000000000000000, -0.000000000000000000, -1.000000000000000000 ) ) ;
#1687 = VECTOR ( 'NONE', #425, 1000.000000000000000 ) ;
#1688 = DIRECTION ( 'NONE',  ( -0.000000000000000000, -0.000000000000000000, 1.000000000000000000 ) ) ;
#1689 = LINE ( 'NONE', #1300, #208 ) ;
#1690 = ORIENTED_EDGE ( 'NONE', *, *, #604, .F. ) ;
#1691 = CYLINDRICAL_SURFACE ( 'NONE', #1808, 1.300000000000002487 ) ;
#1692 = VERTEX_POINT ( 'NONE', #553 ) ;
#1693 = AXIS2_PLACEMENT_3D ( 'NONE', #1353, #26, #253 ) ;
#1694 = DIRECTION ( 'NONE',  ( 0.000000000000000000, 0.000000000000000000, 1.000000000000000000 ) ) ;
#1695 = VERTEX_POINT ( 'NONE', #2032 ) ;
#1696 = EDGE_CURVE ( 'NONE', #2067, #414, #1104, .T. ) ;
#1697 = DIRECTION ( 'NONE',  ( -6.122553444624037011E-15, -1.000000000000000000, -0.000000000000000000 ) ) ;
#1698 = CARTESIAN_POINT ( 'NONE',  ( 45.53205080756888634, 4.736762665382816442E-15, 0.000000000000000000 ) ) ;
#1699 = EDGE_CURVE ( 'NONE', #2268, #545, #2063, .T. ) ;
#1700 = ORIENTED_EDGE ( 'NONE', *, *, #2198, .F. ) ;
#1701 = EDGE_LOOP ( 'NONE', ( #1754, #974, #900, #2246 ) ) ;
#1702 = DIRECTION ( 'NONE',  ( 0.000000000000000000, 0.000000000000000000, 1.000000000000000000 ) ) ;
#1703 = DIRECTION ( 'NONE',  ( 0.000000000000000000, -1.000000000000000000, 0.000000000000000000 ) ) ;
#1704 = DIRECTION ( 'NONE',  ( 0.000000000000000000, -0.5000000000000008882, -0.8660254037844382635 ) ) ;
#1705 = ADVANCED_FACE ( 'NONE', ( #814 ), #1512, .T. ) ;
#1706 = EDGE_CURVE ( 'NONE', #244, #146, #34, .T. ) ;
#1707 = ORIENTED_EDGE ( 'NONE', *, *, #2185, .T. ) ;
#1708 = FACE_OUTER_BOUND ( 'NONE', #1771, .T. ) ;
#1709 = AXIS2_PLACEMENT_3D ( 'NONE', #1570, #2322, #2133 ) ;
#1710 = ORIENTED_EDGE ( 'NONE', *, *, #569, .F. ) ;
#1711 = DIRECTION ( 'NONE',  ( 0.000000000000000000, 0.000000000000000000, -1.000000000000000000 ) ) ;
#1712 = MANIFOLD_SOLID_BREP ( '\X2\0412044b044004350437\X0\-\X2\0412044b0442044f043d04430442044c\X0\1', #1184 ) ;
#1713 = AXIS2_PLACEMENT_3D ( 'NONE', #470, #2305, #295 ) ;
#1714 = CYLINDRICAL_SURFACE ( 'NONE', #799, 3.000000000000002665 ) ;
#1715 = ORIENTED_EDGE ( 'NONE', *, *, #906, .F. ) ;
#1716 = ORIENTED_EDGE ( 'NONE', *, *, #2233, .F. ) ;
#1717 = AXIS2_PLACEMENT_3D ( 'NONE', #1979, #708, #882 ) ;
#1718 = DIRECTION ( 'NONE',  ( 1.000000000000000000, 0.000000000000000000, 0.000000000000000000 ) ) ;
#1719 = LINE ( 'NONE', #580, #2024 ) ;
#1720 = PLANE ( 'NONE',  #347 ) ;
#1721 = ORIENTED_EDGE ( 'NONE', *, *, #1815, .T. ) ;
#1722 = ADVANCED_FACE ( 'NONE', ( #2092 ), #1325, .T. ) ;
#1723 = AXIS2_PLACEMENT_3D ( 'NONE', #397, #2232, #1880 ) ;
#1724 = CARTESIAN_POINT ( 'NONE',  ( 47.49999999999999289, 42.14999999999999147, 9.500000000000000000 ) ) ;
#1725 = DIRECTION ( 'NONE',  ( -1.000000000000000000, -0.000000000000000000, -0.000000000000000000 ) ) ;
#1726 = LINE ( 'NONE', #1737, #1177 ) ;
#1727 = VERTEX_POINT ( 'NONE', #1898 ) ;
#1728 = ORIENTED_EDGE ( 'NONE', *, *, #352, .T. ) ;
#1729 = APPLICATION_CONTEXT ( 'automotive_design' ) ;
#1730 =( LENGTH_UNIT ( ) NAMED_UNIT ( * ) SI_UNIT ( .MILLI., .METRE. ) );
#1731 = DIRECTION ( 'NONE',  ( 0.000000000000000000, -0.000000000000000000, -1.000000000000000000 ) ) ;
#1732 = ORIENTED_EDGE ( 'NONE', *, *, #39, .T. ) ;
#1733 = DIRECTION ( 'NONE',  ( -0.000000000000000000, 1.000000000000000000, 0.000000000000000000 ) ) ;
#1734 = ORIENTED_EDGE ( 'NONE', *, *, #1218, .F. ) ;
#1735 = DIRECTION ( 'NONE',  ( -1.000000000000000000, -0.000000000000000000, -0.000000000000000000 ) ) ;
#1736 = VECTOR ( 'NONE', #1725, 1000.000000000000000 ) ;
#1737 = CARTESIAN_POINT ( 'NONE',  ( 39.70000000000000284, 38.74999999999998579, 6.000000000000000000 ) ) ;
#1738 = EDGE_LOOP ( 'NONE', ( #1215, #55, #2241, #1742 ) ) ;
#1739 = VERTEX_POINT ( 'NONE', #1926 ) ;
#1740 = CARTESIAN_POINT ( 'NONE',  ( 43.10000000000000142, 38.74999999999998579, 3.000000000000000000 ) ) ;
#1741 = CARTESIAN_POINT ( 'NONE',  ( -47.50000000000000711, -48.85000000000000142, 9.500000000000000000 ) ) ;
#1742 = ORIENTED_EDGE ( 'NONE', *, *, #1485, .F. ) ;
#1743 = FACE_OUTER_BOUND ( 'NONE', #1329, .T. ) ;
#1744 = EDGE_CURVE ( 'NONE', #172, #403, #513, .T. ) ;
#1745 = DIRECTION ( 'NONE',  ( -0.000000000000000000, -0.000000000000000000, -1.000000000000000000 ) ) ;
#1746 = CARTESIAN_POINT ( 'NONE',  ( -39.70000000000000284, 38.74999999999999289, 3.000000000000000000 ) ) ;
#1747 = EDGE_CURVE ( 'NONE', #120, #731, #1948, .T. ) ;
#1748 = ORIENTED_EDGE ( 'NONE', *, *, #572, .F. ) ;
#1749 = ORIENTED_EDGE ( 'NONE', *, *, #1241, .F. ) ;
#1750 = AXIS2_PLACEMENT_3D ( 'NONE', #1870, #2116, #2247 ) ;
#1751 = CARTESIAN_POINT ( 'NONE',  ( 43.10000000000000142, 38.74999999999998579, 6.000000000000000000 ) ) ;
#1752 = EDGE_CURVE ( 'NONE', #1344, #2078, #590, .T. ) ;
#1753 = DIRECTION ( 'NONE',  ( 0.000000000000000000, 0.000000000000000000, 1.000000000000000000 ) ) ;
#1754 = ORIENTED_EDGE ( 'NONE', *, *, #1500, .T. ) ;
#1755 = EDGE_CURVE ( 'NONE', #1650, #37, #908, .T. ) ;
#1756 = DIRECTION ( 'NONE',  ( -1.000000000000000000, -2.191229653865440696E-16, 0.000000000000000000 ) ) ;
#1757 = DIRECTION ( 'NONE',  ( 0.000000000000000000, 0.000000000000000000, 1.000000000000000000 ) ) ;
#1758 = CIRCLE ( 'NONE', #141, 1.267949192431103267 ) ;
#1759 = FACE_OUTER_BOUND ( 'NONE', #1356, .T. ) ;
#1760 = DIRECTION ( 'NONE',  ( -1.000000000000000000, 0.000000000000000000, 0.000000000000000000 ) ) ;
#1761 = EDGE_LOOP ( 'NONE', ( #2220, #2214, #442, #582 ) ) ;
#1762 = ORIENTED_EDGE ( 'NONE', *, *, #1360, .T. ) ;
#1763 = FACE_OUTER_BOUND ( 'NONE', #1938, .T. ) ;
#1764 = FACE_BOUND ( 'NONE', #409, .T. ) ;
#1765 = CARTESIAN_POINT ( 'NONE',  ( 47.49999999999999289, -35.35000000000001563, 3.000000000000000000 ) ) ;
#1766 = CARTESIAN_POINT ( 'NONE',  ( 50.49999999999999289, 42.14999999999999147, 1.000000000000014655 ) ) ;
#1767 = VECTOR ( 'NONE', #583, 1000.000000000000000 ) ;
#1768 = EDGE_CURVE ( 'NONE', #919, #66, #2329, .T. ) ;
#1769 = LINE ( 'NONE', #1600, #180 ) ;
#1770 = CARTESIAN_POINT ( 'NONE',  ( -44.39999999999999147, -45.45000000000000284, 3.000000000000000000 ) ) ;
#1771 = EDGE_LOOP ( 'NONE', ( #824, #1734, #379, #711 ) ) ;
#1772 = ORIENTED_EDGE ( 'NONE', *, *, #2285, .F. ) ;
#1773 = DIRECTION ( 'NONE',  ( 1.000000000000000000, 0.000000000000000000, 0.000000000000000000 ) ) ;
#1774 = DIRECTION ( 'NONE',  ( 1.000000000000000000, 0.000000000000000000, -0.000000000000000000 ) ) ;
#1775 = EDGE_CURVE ( 'NONE', #545, #2268, #1281, .T. ) ;
#1776 = CARTESIAN_POINT ( 'NONE',  ( -39.70000000000000284, 38.74999999999999289, 6.000000000000000000 ) ) ;
#1777 = ORIENTED_EDGE ( 'NONE', *, *, #1489, .F. ) ;
#1778 = CARTESIAN_POINT ( 'NONE',  ( -40.80000000000000426, -35.08205080756891192, 0.000000000000000000 ) ) ;
#1779 = DIRECTION ( 'NONE',  ( -1.000000000000000000, -1.577021341797101948E-15, -0.000000000000000000 ) ) ;
#1780 = CARTESIAN_POINT ( 'NONE',  ( 44.39999999999999858, 38.74999999999998579, 3.000000000000000000 ) ) ;
#1781 = PLANE ( 'NONE',  #16 ) ;
#1782 = ORIENTED_EDGE ( 'NONE', *, *, #2153, .F. ) ;
#1783 = ORIENTED_EDGE ( 'NONE', *, *, #536, .T. ) ;
#1784 = AXIS2_PLACEMENT_3D ( 'NONE', #2120, #452, #91 ) ;
#1785 = DIRECTION ( 'NONE',  ( 0.000000000000000000, -0.000000000000000000, -1.000000000000000000 ) ) ;
#1786 = ORIENTED_EDGE ( 'NONE', *, *, #1286, .F. ) ;
#1787 = VECTOR ( 'NONE', #1633, 1000.000000000000114 ) ;
#1788 = DIRECTION ( 'NONE',  ( 1.000000000000000000, 0.000000000000000000, 0.000000000000000000 ) ) ;
#1789 = CONICAL_SURFACE ( 'NONE', #207, 1.267949192431103267, 1.047197551196596299 ) ;
#1790 = AXIS2_PLACEMENT_3D ( 'NONE', #2209, #531, #2010 ) ;
#1791 = CARTESIAN_POINT ( 'NONE',  ( 40.79999999999997584, -30.35000000000001208, 4.700000000000000178 ) ) ;
#1792 = VERTEX_POINT ( 'NONE', #637 ) ;
#1793 = EDGE_CURVE ( 'NONE', #875, #1324, #364, .T. ) ;
#1794 = AXIS2_PLACEMENT_3D ( 'NONE', #1101, #1841, #1471 ) ;
#1795 = EDGE_CURVE ( 'NONE', #2307, #545, #458, .T. ) ;
#1796 = CARTESIAN_POINT ( 'NONE',  ( -47.50000000000000711, 45.14999999999999858, 1.000000000000014655 ) ) ;
#1797 = FACE_OUTER_BOUND ( 'NONE', #1947, .T. ) ;
#1798 = ORIENTED_EDGE ( 'NONE', *, *, #1795, .T. ) ;
#1799 = ORIENTED_EDGE ( 'NONE', *, *, #1418, .F. ) ;
#1800 = VECTOR ( 'NONE', #2028, 1000.000000000000000 ) ;
#1801 = LINE ( 'NONE', #1238, #2022 ) ;
#1802 = ORIENTED_EDGE ( 'NONE', *, *, #1755, .T. ) ;
#1803 = FACE_BOUND ( 'NONE', #762, .T. ) ;
#1804 = LINE ( 'NONE', #1838, #1925 ) ;
#1805 = CARTESIAN_POINT ( 'NONE',  ( -50.50000000000000711, 42.14999999999999147, 1.000000000000014655 ) ) ;
#1806 = ORIENTED_EDGE ( 'NONE', *, *, #959, .F. ) ;
#1807 = EDGE_CURVE ( 'NONE', #2303, #416, #1504, .T. ) ;
#1808 = AXIS2_PLACEMENT_3D ( 'NONE', #38, #776, #1016 ) ;
#1809 = DIRECTION ( 'NONE',  ( 0.000000000000000000, 0.000000000000000000, -1.000000000000000000 ) ) ;
#1810 = CARTESIAN_POINT ( 'NONE',  ( -47.50000000000000711, -48.85000000000000142, 6.000000000000000000 ) ) ;
#1811 = EDGE_CURVE ( 'NONE', #283, #988, #1635, .T. ) ;
#1812 = LINE ( 'NONE', #909, #1100 ) ;
#1813 = AXIS2_PLACEMENT_3D ( 'NONE', #2147, #1045, #2134 ) ;
#1814 = ORIENTED_EDGE ( 'NONE', *, *, #1323, .F. ) ;
#1815 = EDGE_CURVE ( 'NONE', #894, #823, #870, .T. ) ;
#1816 = CARTESIAN_POINT ( 'NONE',  ( 47.49999999999999289, -51.85000000000000853, 9.500000000000000000 ) ) ;
#1817 = CARTESIAN_POINT ( 'NONE',  ( -47.50000000000000711, 42.14999999999999147, 1.000000000000014655 ) ) ;
#1818 = CARTESIAN_POINT ( 'NONE',  ( 50.49999999999999289, 42.14999999999999147, 1.000000000000014655 ) ) ;
#1819 = ORIENTED_EDGE ( 'NONE', *, *, #850, .F. ) ;
#1820 = UNCERTAINTY_MEASURE_WITH_UNIT (LENGTH_MEASURE( 1.000000000000000082E-05 ), #1730, 'distance_accuracy_value', 'NONE');
#1821 = FACE_OUTER_BOUND ( 'NONE', #688, .T. ) ;
#1822 = EDGE_CURVE ( 'NONE', #678, #2303, #1949, .T. ) ;
#1823 = CARTESIAN_POINT ( 'NONE',  ( -47.50000000000000711, -51.85000000000000853, 1.000000000000014655 ) ) ;
#1824 = ORIENTED_EDGE ( 'NONE', *, *, #508, .F. ) ;
#1825 = VECTOR ( 'NONE', #1033, 1000.000000000000000 ) ;
#1826 = ADVANCED_FACE ( 'NONE', ( #306 ), #1564, .T. ) ;
#1827 = CARTESIAN_POINT ( 'NONE',  ( -45.53205080756891476, -4.736762665382819597E-15, 0.000000000000000000 ) ) ;
#1828 = FACE_OUTER_BOUND ( 'NONE', #90, .T. ) ;
#1829 = CARTESIAN_POINT ( 'NONE',  ( 43.79999999999998295, 33.34999999999999432, 3.000000000000000000 ) ) ;
#1830 = ORIENTED_EDGE ( 'NONE', *, *, #285, .T. ) ;
#1831 = AXIS2_PLACEMENT_3D ( 'NONE', #63, #235, #221 ) ;
#1832 = DIRECTION ( 'NONE',  ( 1.000000000000000000, 0.000000000000000000, 0.000000000000000000 ) ) ;
#1833 = CIRCLE ( 'NONE', #2260, 2.600000000000004974 ) ;
#1834 = VECTOR ( 'NONE', #303, 1000.000000000000000 ) ;
#1835 = FACE_OUTER_BOUND ( 'NONE', #2349, .T. ) ;
#1836 = ORIENTED_EDGE ( 'NONE', *, *, #1975, .T. ) ;
#1837 = DIRECTION ( 'NONE',  ( -2.040851148208008393E-15, -1.000000000000000000, 0.000000000000000000 ) ) ;
#1838 = CARTESIAN_POINT ( 'NONE',  ( -47.50000000000000711, -42.05000000000001137, 6.000000000000000000 ) ) ;
#1839 = DIRECTION ( 'NONE',  ( -1.000000000000000000, 0.000000000000000000, -0.000000000000000000 ) ) ;
#1840 = ORIENTED_EDGE ( 'NONE', *, *, #2128, .T. ) ;
#1841 = DIRECTION ( 'NONE',  ( -0.000000000000000000, 0.000000000000000000, 1.000000000000000000 ) ) ;
#1842 = CARTESIAN_POINT ( 'NONE',  ( 47.49999999999999289, -51.45000000000000995, 9.099999999999999645 ) ) ;
#1843 = ORIENTED_EDGE ( 'NONE', *, *, #1160, .T. ) ;
#1844 = AXIS2_PLACEMENT_3D ( 'NONE', #205, #902, #942 ) ;
#1845 = PLANE ( 'NONE',  #693 ) ;
#1846 = CARTESIAN_POINT ( 'NONE',  ( -40.80000000000001137, 33.34999999999999432, 4.700000000000000178 ) ) ;
#1847 = CARTESIAN_POINT ( 'NONE',  ( -47.50000000000000711, -48.85000000000000142, 9.500000000000000000 ) ) ;
#1848 = ORIENTED_EDGE ( 'NONE', *, *, #152, .T. ) ;
#1849 = VECTOR ( 'NONE', #573, 1000.000000000000000 ) ;
#1850 = PLANE ( 'NONE',  #231 ) ;
#1851 = VERTEX_POINT ( 'NONE', #134 ) ;
#1852 = EDGE_CURVE ( 'NONE', #988, #218, #2166, .T. ) ;
#1853 = ADVANCED_FACE ( 'NONE', ( #661 ), #328, .F. ) ;
#1854 = LINE ( 'NONE', #538, #749 ) ;
#1855 = DIRECTION ( 'NONE',  ( 1.000000000000000000, 0.000000000000000000, 0.000000000000000000 ) ) ;
#1856 = ORIENTED_EDGE ( 'NONE', *, *, #1197, .T. ) ;
#1857 = DIRECTION ( 'NONE',  ( 1.000000000000000000, -6.122553444624037011E-15, 0.000000000000000000 ) ) ;
#1858 = LINE ( 'NONE', #236, #1473 ) ;
#1859 = CARTESIAN_POINT ( 'NONE',  ( -47.50000000000000711, -50.11794919243110513, 0.000000000000000000 ) ) ;
#1860 = ORIENTED_EDGE ( 'NONE', *, *, #999, .T. ) ;
#1861 = CARTESIAN_POINT ( 'NONE',  ( -48.76794919243111082, -48.85000000000000142, 0.000000000000000000 ) ) ;
#1862 = ORIENTED_EDGE ( 'NONE', *, *, #2004, .T. ) ;
#1863 = FACE_BOUND ( 'NONE', #47, .T. ) ;
#1864 = CIRCLE ( 'NONE', #829, 3.000000000000002665 ) ;
#1865 = EDGE_CURVE ( 'NONE', #910, #1044, #1801, .T. ) ;
#1866 = LINE ( 'NONE', #215, #1172 ) ;
#1867 = DIRECTION ( 'NONE',  ( 1.000000000000000000, 0.000000000000000000, 0.000000000000000000 ) ) ;
#1868 = ORIENTED_EDGE ( 'NONE', *, *, #2281, .F. ) ;
#1869 = AXIS2_PLACEMENT_3D ( 'NONE', #340, #672, #145 ) ;
#1870 = CARTESIAN_POINT ( 'NONE',  ( 47.49999999999999289, -48.85000000000000142, 0.000000000000000000 ) ) ;
#1871 = FACE_OUTER_BOUND ( 'NONE', #1111, .T. ) ;
#1872 = DIRECTION ( 'NONE',  ( 0.000000000000000000, 0.000000000000000000, -1.000000000000000000 ) ) ;
#1873 = VERTEX_POINT ( 'NONE', #1040 ) ;
#1874 = VECTOR ( 'NONE', #57, 1000.000000000000000 ) ;
#1875 = CARTESIAN_POINT ( 'NONE',  ( 43.10000000000000853, -45.45000000000000284, 6.000000000000000000 ) ) ;
#1876 = ORIENTED_EDGE ( 'NONE', *, *, #2001, .T. ) ;
#1877 = CARTESIAN_POINT ( 'NONE',  ( 50.49999999999999289, -48.85000000000000142, 9.500000000000000000 ) ) ;
#1878 = EDGE_CURVE ( 'NONE', #702, #977, #650, .T. ) ;
#1879 = CARTESIAN_POINT ( 'NONE',  ( 39.69999999999999574, -48.84999999999999432, 6.000000000000000000 ) ) ;
#1880 = DIRECTION ( 'NONE',  ( -1.000000000000000000, 0.000000000000000000, 0.000000000000000000 ) ) ;
#1881 = VERTEX_POINT ( 'NONE', #1217 ) ;
#1882 = EDGE_CURVE ( 'NONE', #771, #2115, #1551, .T. ) ;
#1883 = ADVANCED_FACE ( 'NONE', ( #1961 ), #1789, .T. ) ;
#1884 = DIRECTION ( 'NONE',  ( 0.000000000000000000, 0.000000000000000000, 1.000000000000000000 ) ) ;
#1885 = AXIS2_PLACEMENT_3D ( 'NONE', #1875, #1467, #1328 ) ;
#1886 = CARTESIAN_POINT ( 'NONE',  ( 39.69999999999999574, -48.84999999999999432, 6.000000000000000000 ) ) ;
#1887 = AXIS2_PLACEMENT_3D ( 'NONE', #1827, #912, #723 ) ;
#1888 = EDGE_CURVE ( 'NONE', #1332, #2067, #1864, .T. ) ;
#1889 = DIRECTION ( 'NONE',  ( -0.8660254037844381525, 0.000000000000000000, 0.5000000000000007772 ) ) ;
#1890 = EDGE_LOOP ( 'NONE', ( #1721, #1103, #121, #1335, #1681 ) ) ;
#1891 = AXIS2_PLACEMENT_3D ( 'NONE', #2086, #441, #228 ) ;
#1892 = DIRECTION ( 'NONE',  ( 0.000000000000000000, 0.000000000000000000, 1.000000000000000000 ) ) ;
#1893 = ORIENTED_EDGE ( 'NONE', *, *, #292, .F. ) ;
#1894 = LINE ( 'NONE', #2111, #1736 ) ;
#1895 = FACE_OUTER_BOUND ( 'NONE', #653, .T. ) ;
#1896 = ORIENTED_EDGE ( 'NONE', *, *, #395, .F. ) ;
#1897 = ORIENTED_EDGE ( 'NONE', *, *, #1319, .T. ) ;
#1898 = CARTESIAN_POINT ( 'NONE',  ( 44.39999999999999858, 38.74999999999998579, 6.000000000000000000 ) ) ;
#1899 = EDGE_CURVE ( 'NONE', #2283, #1549, #1439, .T. ) ;
#1900 = FACE_OUTER_BOUND ( 'NONE', #1260, .T. ) ;
#1901 = CARTESIAN_POINT ( 'NONE',  ( -47.50000000000000000, -35.35000000000002274, 3.000000000000000000 ) ) ;
#1902 = ORIENTED_EDGE ( 'NONE', *, *, #687, .T. ) ;
#1903 = CARTESIAN_POINT ( 'NONE',  ( -47.50000000000000711, -51.45000000000000995, 9.500000000000000000 ) ) ;
#1904 = VECTOR ( 'NONE', #1231, 1000.000000000000000 ) ;
#1905 = ORIENTED_EDGE ( 'NONE', *, *, #1768, .F. ) ;
#1906 = DIRECTION ( 'NONE',  ( 1.000000000000000000, 0.000000000000000000, 0.000000000000000000 ) ) ;
#1907 = VECTOR ( 'NONE', #904, 1000.000000000000000 ) ;
#1908 = PRESENTATION_LAYER_ASSIGNMENT (  '', '', ( #1018 ) ) ;
#1909 = CARTESIAN_POINT ( 'NONE',  ( -47.50000000000000711, -48.85000000000000142, 9.099999999999999645 ) ) ;
#1910 = ADVANCED_BREP_SHAPE_REPRESENTATION ( 'lcd_frame_front', ( #1712, #1869 ), #1602 ) ;
#1911 = EDGE_LOOP ( 'NONE', ( #140, #636, #60, #2239 ) ) ;
#1912 = ORIENTED_EDGE ( 'NONE', *, *, #2132, .T. ) ;
#1913 = AXIS2_PLACEMENT_3D ( 'NONE', #1817, #1988, #187 ) ;
#1914 = CIRCLE ( 'NONE', #874, 1.300000000000002487 ) ;
#1915 = CARTESIAN_POINT ( 'NONE',  ( 41.79999999999999716, 38.74999999999998579, 6.000000000000000000 ) ) ;
#1916 = CARTESIAN_POINT ( 'NONE',  ( 47.49999999999999289, -51.85000000000000853, 1.000000000000014655 ) ) ;
#1917 = ORIENTED_EDGE ( 'NONE', *, *, #1931, .T. ) ;
#1918 = VECTOR ( 'NONE', #1461, 1000.000000000000000 ) ;
#1919 = LINE ( 'NONE', #1877, #2121 ) ;
#1920 = ORIENTED_EDGE ( 'NONE', *, *, #2315, .F. ) ;
#1921 = DIRECTION ( 'NONE',  ( 0.000000000000000000, -0.8660254037844381525, -0.5000000000000007772 ) ) ;
#1922 = CARTESIAN_POINT ( 'NONE',  ( 47.49999999999999289, -51.45000000000000995, 9.099999999999999645 ) ) ;
#1923 = ORIENTED_EDGE ( 'NONE', *, *, #1626, .T. ) ;
#1924 = VERTEX_POINT ( 'NONE', #862 ) ;
#1925 = VECTOR ( 'NONE', #704, 1000.000000000000000 ) ;
#1926 = CARTESIAN_POINT ( 'NONE',  ( -43.80000000000000426, -30.35000000000000853, 4.700000000000000178 ) ) ;
#1927 = ADVANCED_FACE ( 'NONE', ( #1763 ), #1590, .T. ) ;
#1928 = CARTESIAN_POINT ( 'NONE',  ( 47.49999999999999289, 35.34999999999999432, 4.700000000000000178 ) ) ;
#1929 = ORIENTED_EDGE ( 'NONE', *, *, #1888, .T. ) ;
#1930 = LINE ( 'NONE', #498, #2207 ) ;
#1931 = EDGE_CURVE ( 'NONE', #823, #731, #876, .T. ) ;
#1932 = VECTOR ( 'NONE', #428, 1000.000000000000000 ) ;
#1933 = CARTESIAN_POINT ( 'NONE',  ( 39.70000000000000995, -45.45000000000000284, 3.000000000000000000 ) ) ;
#1934 = VECTOR ( 'NONE', #1511, 1000.000000000000000 ) ;
#1935 = ADVANCED_FACE ( 'NONE', ( #2330 ), #676, .T. ) ;
#1936 = CARTESIAN_POINT ( 'NONE',  ( 43.10000000000000142, 35.34999999999999432, 6.000000000000000000 ) ) ;
#1937 = ORIENTED_EDGE ( 'NONE', *, *, #745, .T. ) ;
#1938 = EDGE_LOOP ( 'NONE', ( #1237, #1772, #503, #1528, #227 ) ) ;
#1939 = EDGE_CURVE ( 'NONE', #1430, #660, #1227, .T. ) ;
#1940 = CARTESIAN_POINT ( 'NONE',  ( -47.50000000000000711, 42.14999999999999147, 0.000000000000000000 ) ) ;
#1941 = DIRECTION ( 'NONE',  ( -1.000000000000000000, 0.000000000000000000, 0.000000000000000000 ) ) ;
#1942 = ORIENTED_EDGE ( 'NONE', *, *, #1899, .T. ) ;
#1943 = CARTESIAN_POINT ( 'NONE',  ( -43.09999999999999432, -42.05000000000001137, 6.000000000000000000 ) ) ;
#1944 = LINE ( 'NONE', #126, #1498 ) ;
#1945 = DIRECTION ( 'NONE',  ( -1.000000000000000000, 0.000000000000000000, 0.000000000000000000 ) ) ;
#1946 = ORIENTED_EDGE ( 'NONE', *, *, #1169, .F. ) ;
#1947 = EDGE_LOOP ( 'NONE', ( #1009, #808, #1048, #1830 ) ) ;
#1948 = CIRCLE ( 'NONE', #54, 3.399999999999993250 ) ;
#1949 = LINE ( 'NONE', #1619, #1472 ) ;
#1950 = FACE_OUTER_BOUND ( 'NONE', #2340, .T. ) ;
#1951 = LINE ( 'NONE', #2143, #1574 ) ;
#1952 = AXIS2_PLACEMENT_3D ( 'NONE', #65, #838, #2093 ) ;
#1953 = EDGE_CURVE ( 'NONE', #218, #584, #1292, .T. ) ;
#1954 = CARTESIAN_POINT ( 'NONE',  ( -47.50000000000000711, -51.85000000000000853, 9.099999999999999645 ) ) ;
#1955 = AXIS2_PLACEMENT_3D ( 'NONE', #2161, #1586, #1945 ) ;
#1956 = DIRECTION ( 'NONE',  ( -0.000000000000000000, -0.000000000000000000, -1.000000000000000000 ) ) ;
#1957 = CARTESIAN_POINT ( 'NONE',  ( 47.49999999999999289, -35.35000000000001563, 4.700000000000000178 ) ) ;
#1958 = LINE ( 'NONE', #1381, #1639 ) ;
#1959 = ORIENTED_EDGE ( 'NONE', *, *, #1706, .T. ) ;
#1960 = ORIENTED_EDGE ( 'NONE', *, *, #639, .T. ) ;
#1961 = FACE_OUTER_BOUND ( 'NONE', #81, .T. ) ;
#1962 = EDGE_CURVE ( 'NONE', #866, #2251, #193, .T. ) ;
#1963 = DIRECTION ( 'NONE',  ( -1.000000000000000000, 0.000000000000000000, 0.000000000000000000 ) ) ;
#1964 = DIRECTION ( 'NONE',  ( 0.000000000000000000, 0.000000000000000000, 1.000000000000000000 ) ) ;
#1965 = EDGE_LOOP ( 'NONE', ( #1603, #1960, #801, #2266 ) ) ;
#1966 = CARTESIAN_POINT ( 'NONE',  ( -43.80000000000001137, 30.34999999999999787, 4.700000000000000178 ) ) ;
#1967 = AXIS2_PLACEMENT_3D ( 'NONE', #1219, #2309, #1788 ) ;
#1968 = CARTESIAN_POINT ( 'NONE',  ( -43.10000000000000142, 38.74999999999999289, 6.000000000000000000 ) ) ;
#1969 = DIRECTION ( 'NONE',  ( 1.000000000000000000, 0.000000000000000000, 0.000000000000000000 ) ) ;
#1970 = ORIENTED_EDGE ( 'NONE', *, *, #1795, .F. ) ;
#1971 = ORIENTED_EDGE ( 'NONE', *, *, #778, .F. ) ;
#1972 = CARTESIAN_POINT ( 'NONE',  ( 47.49999999999999289, -42.05000000000000426, 6.000000000000000000 ) ) ;
#1973 = ORIENTED_EDGE ( 'NONE', *, *, #266, .T. ) ;
#1974 = ADVANCED_FACE ( 'NONE', ( #1835 ), #940, .T. ) ;
#1975 = EDGE_CURVE ( 'NONE', #1873, #523, #2373, .T. ) ;
#1976 = LINE ( 'NONE', #1816, #76 ) ;
#1977 = CARTESIAN_POINT ( 'NONE',  ( -47.50000000000000711, 35.34999999999999432, 4.700000000000000178 ) ) ;
#1978 = ORIENTED_EDGE ( 'NONE', *, *, #2219, .F. ) ;
#1979 = CARTESIAN_POINT ( 'NONE',  ( 48.76794919243109661, 0.000000000000000000, 0.000000000000000000 ) ) ;
#1980 = FACE_OUTER_BOUND ( 'NONE', #751, .T. ) ;
#1981 = DIRECTION ( 'NONE',  ( 1.000000000000000000, 0.000000000000000000, 0.000000000000000000 ) ) ;
#1982 = EDGE_LOOP ( 'NONE', ( #433, #2255, #2319, #130 ) ) ;
#1983 = ORIENTED_EDGE ( 'NONE', *, *, #2243, .T. ) ;
#1984 = DIRECTION ( 'NONE',  ( 0.000000000000000000, -0.000000000000000000, -1.000000000000000000 ) ) ;
#1985 = VERTEX_POINT ( 'NONE', #1259 ) ;
#1986 = VECTOR ( 'NONE', #1066, 1000.000000000000000 ) ;
#1987 = FACE_OUTER_BOUND ( 'NONE', #2021, .T. ) ;
#1988 = DIRECTION ( 'NONE',  ( 0.000000000000000000, 0.000000000000000000, 1.000000000000000000 ) ) ;
#1989 = AXIS2_PLACEMENT_3D ( 'NONE', #197, #543, #2019 ) ;
#1990 = LINE ( 'NONE', #522, #1592 ) ;
#1991 = ORIENTED_EDGE ( 'NONE', *, *, #1068, .F. ) ;
#1992 = DIRECTION ( 'NONE',  ( 1.000000000000000000, 0.000000000000000000, 0.000000000000000000 ) ) ;
#1993 = EDGE_CURVE ( 'NONE', #2192, #1508, #1091, .T. ) ;
#1994 = AXIS2_PLACEMENT_3D ( 'NONE', #2187, #721, #362 ) ;
#1995 = DIRECTION ( 'NONE',  ( 0.000000000000000000, 0.8660254037844381525, 0.5000000000000007772 ) ) ;
#1996 = ORIENTED_EDGE ( 'NONE', *, *, #1032, .T. ) ;
#1997 = CARTESIAN_POINT ( 'NONE',  ( -50.50000000000000711, 42.14999999999999147, 1.000000000000014655 ) ) ;
#1998 = DIRECTION ( 'NONE',  ( 0.000000000000000000, -0.000000000000000000, 1.000000000000000000 ) ) ;
#1999 = DIRECTION ( 'NONE',  ( 0.000000000000000000, -1.000000000000000000, 0.000000000000000000 ) ) ;
#2000 = ORIENTED_EDGE ( 'NONE', *, *, #1993, .T. ) ;
#2001 = EDGE_CURVE ( 'NONE', #866, #2050, #353, .T. ) ;
#2002 = AXIS2_PLACEMENT_3D ( 'NONE', #471, #1374, #626 ) ;
#2003 = DIRECTION ( 'NONE',  ( -1.000000000000000000, 0.000000000000000000, 0.000000000000000000 ) ) ;
#2004 = EDGE_CURVE ( 'NONE', #282, #2287, #1658, .T. ) ;
#2005 = DIRECTION ( 'NONE',  ( 1.525031627232357891E-16, -1.000000000000000000, 0.000000000000000000 ) ) ;
#2006 = CIRCLE ( 'NONE', #1164, 3.399999999999993250 ) ;
#2007 = VERTEX_POINT ( 'NONE', #899 ) ;
#2008 = EDGE_CURVE ( 'NONE', #304, #73, #17, .T. ) ;
#2009 = DIRECTION ( 'NONE',  ( 0.000000000000000000, 0.000000000000000000, 1.000000000000000000 ) ) ;
#2010 = DIRECTION ( 'NONE',  ( -1.000000000000000000, 0.000000000000000000, 0.000000000000000000 ) ) ;
#2011 = CARTESIAN_POINT ( 'NONE',  ( 40.79999999999998295, 33.34999999999999432, 1.000000000000014655 ) ) ;
#2012 = EDGE_LOOP ( 'NONE', ( #686, #1190, #1567, #1301 ) ) ;
#2013 = PRODUCT_DEFINITION_CONTEXT ( 'detailed design', #249, 'design' ) ;
#2014 = CARTESIAN_POINT ( 'NONE',  ( -39.70000000000000284, 42.14999999999999147, 6.000000000000000000 ) ) ;
#2015 = DIRECTION ( 'NONE',  ( 1.000000000000000000, 0.000000000000000000, 0.000000000000000000 ) ) ;
#2016 = ORIENTED_EDGE ( 'NONE', *, *, #707, .F. ) ;
#2017 = AXIS2_PLACEMENT_3D ( 'NONE', #1053, #2109, #1756 ) ;
#2018 = LINE ( 'NONE', #1477, #2042 ) ;
#2019 = DIRECTION ( 'NONE',  ( -1.000000000000000000, 0.000000000000000000, 0.000000000000000000 ) ) ;
#2020 = LINE ( 'NONE', #1446, #939 ) ;
#2021 = EDGE_LOOP ( 'NONE', ( #945, #726, #1384, #2206 ) ) ;
#2022 = VECTOR ( 'NONE', #1581, 1000.000000000000000 ) ;
#2023 = EDGE_CURVE ( 'NONE', #1332, #1695, #1441, .T. ) ;
#2024 = VECTOR ( 'NONE', #35, 1000.000000000000000 ) ;
#2025 = VECTOR ( 'NONE', #858, 1000.000000000000114 ) ;
#2026 = DIRECTION ( 'NONE',  ( -0.000000000000000000, 0.000000000000000000, 1.000000000000000000 ) ) ;
#2027 = CIRCLE ( 'NONE', #59, 4.732050807568895401 ) ;
#2028 = DIRECTION ( 'NONE',  ( 1.000000000000000000, 7.304098846218135653E-17, 0.000000000000000000 ) ) ;
#2029 = ORIENTED_EDGE ( 'NONE', *, *, #1975, .F. ) ;
#2030 = AXIS2_PLACEMENT_3D ( 'NONE', #1684, #232, #784 ) ;
#2031 = ADVANCED_FACE ( 'NONE', ( #1071 ), #2363, .T. ) ;
#2032 = CARTESIAN_POINT ( 'NONE',  ( -50.50000000000000711, -48.85000000000000142, 9.099999999999999645 ) ) ;
#2033 = VERTEX_POINT ( 'NONE', #540 ) ;
#2034 = CARTESIAN_POINT ( 'NONE',  ( 40.79999999999997584, -33.35000000000000853, 1.000000000000014655 ) ) ;
#2035 = ORIENTED_EDGE ( 'NONE', *, *, #732, .F. ) ;
#2036 = DIRECTION ( 'NONE',  ( 1.040313928621773268E-16, -1.000000000000000000, 0.000000000000000000 ) ) ;
#2037 = EDGE_CURVE ( 'NONE', #2388, #516, #1671, .T. ) ;
#2038 = ORIENTED_EDGE ( 'NONE', *, *, #469, .F. ) ;
#2039 = DIRECTION ( 'NONE',  ( 0.000000000000000000, 0.000000000000000000, 1.000000000000000000 ) ) ;
#2040 = DIRECTION ( 'NONE',  ( 0.000000000000000000, 0.8660254037844381525, -0.5000000000000007772 ) ) ;
#2041 = VERTEX_POINT ( 'NONE', #171 ) ;
#2042 = VECTOR ( 'NONE', #1287, 1000.000000000000114 ) ;
#2043 = CARTESIAN_POINT ( 'NONE',  ( 50.10000000000000142, -48.85000000000000142, 9.099999999999999645 ) ) ;
#2044 = DIRECTION ( 'NONE',  ( -0.000000000000000000, -0.000000000000000000, -1.000000000000000000 ) ) ;
#2045 = ADVANCED_FACE ( 'NONE', ( #528 ), #2383, .T. ) ;
#2046 = LINE ( 'NONE', #2058, #114 ) ;
#2047 = ORIENTED_EDGE ( 'NONE', *, *, #1699, .F. ) ;
#2048 = VECTOR ( 'NONE', #56, 1000.000000000000000 ) ;
#2049 = CARTESIAN_POINT ( 'NONE',  ( -50.10000000000000142, -48.85000000000000142, 9.099999999999999645 ) ) ;
#2050 = VERTEX_POINT ( 'NONE', #549 ) ;
#2051 = DIRECTION ( 'NONE',  ( 0.000000000000000000, -0.000000000000000000, 1.000000000000000000 ) ) ;
#2052 = CARTESIAN_POINT ( 'NONE',  ( 47.49999999999999289, -51.85000000000000853, 9.500000000000000000 ) ) ;
#2053 = DIRECTION ( 'NONE',  ( 0.000000000000000000, 0.000000000000000000, 1.000000000000000000 ) ) ;
#2054 = ORIENTED_EDGE ( 'NONE', *, *, #770, .T. ) ;
#2055 = DIRECTION ( 'NONE',  ( -0.000000000000000000, -0.000000000000000000, -1.000000000000000000 ) ) ;
#2056 = CARTESIAN_POINT ( 'NONE',  ( -48.76794919243111082, 0.000000000000000000, 0.000000000000000000 ) ) ;
#2057 = EDGE_CURVE ( 'NONE', #2174, #828, #743, .T. ) ;
#2058 = CARTESIAN_POINT ( 'NONE',  ( 43.79999999999999005, -30.35000000000001208, 4.700000000000000178 ) ) ;
#2059 = ORIENTED_EDGE ( 'NONE', *, *, #1631, .F. ) ;
#2060 = LINE ( 'NONE', #1901, #1572 ) ;
#2061 = ORIENTED_EDGE ( 'NONE', *, *, #645, .T. ) ;
#2062 = DIRECTION ( 'NONE',  ( 2.040851148208008393E-15, 1.000000000000000000, -0.000000000000000000 ) ) ;
#2063 = CIRCLE ( 'NONE', #173, 1.300000000000002487 ) ;
#2064 = PLANE ( 'NONE',  #1794 ) ;
#2065 = EDGE_CURVE ( 'NONE', #1183, #2067, #2218, .T. ) ;
#2066 = LINE ( 'NONE', #800, #837 ) ;
#2067 = VERTEX_POINT ( 'NONE', #1823 ) ;
#2068 = CIRCLE ( 'NONE', #794, 1.267949192431103267 ) ;
#2069 = EDGE_CURVE ( 'NONE', #1344, #2259, #1812, .T. ) ;
#2070 = CARTESIAN_POINT ( 'NONE',  ( 43.10000000000000853, -45.45000000000000284, 6.000000000000000000 ) ) ;
#2071 = CARTESIAN_POINT ( 'NONE',  ( -47.50000000000000711, 42.14999999999999147, 9.500000000000000000 ) ) ;
#2072 = ORIENTED_EDGE ( 'NONE', *, *, #220, .F. ) ;
#2073 = CARTESIAN_POINT ( 'NONE',  ( 39.70000000000000284, 38.74999999999998579, 6.000000000000000000 ) ) ;
#2074 = ORIENTED_EDGE ( 'NONE', *, *, #2304, .T. ) ;
#2075 = CARTESIAN_POINT ( 'NONE',  ( -43.09999999999999432, -45.45000000000000284, 6.000000000000000000 ) ) ;
#2076 = EDGE_CURVE ( 'NONE', #1044, #2192, #2222, .T. ) ;
#2077 = DIRECTION ( 'NONE',  ( 0.000000000000000000, 1.000000000000000000, 0.000000000000000000 ) ) ;
#2078 = VERTEX_POINT ( 'NONE', #203 ) ;
#2079 = EDGE_LOOP ( 'NONE', ( #1387, #2151, #1278, #1521 ) ) ;
#2080 = EDGE_CURVE ( 'NONE', #702, #866, #103, .T. ) ;
#2081 = SURFACE_STYLE_USAGE ( .BOTH. , #625 ) ;
#2082 = DIRECTION ( 'NONE',  ( -1.000000000000000000, 0.000000000000000000, 0.000000000000000000 ) ) ;
#2083 = CIRCLE ( 'NONE', #1039, 3.399999999999993250 ) ;
#2084 = DIRECTION ( 'NONE',  ( -1.000000000000000000, -1.525031627232357891E-16, 0.000000000000000000 ) ) ;
#2085 = ORIENTED_EDGE ( 'NONE', *, *, #223, .F. ) ;
#2086 = CARTESIAN_POINT ( 'NONE',  ( 43.10000000000000853, -45.45000000000000284, 6.000000000000000000 ) ) ;
#2087 = ORIENTED_EDGE ( 'NONE', *, *, #1106, .T. ) ;
#2088 = CARTESIAN_POINT ( 'NONE',  ( 47.49999999999999289, -48.85000000000000142, 9.500000000000000000 ) ) ;
#2089 = DIRECTION ( 'NONE',  ( 0.000000000000000000, 0.000000000000000000, 1.000000000000000000 ) ) ;
#2090 = EDGE_LOOP ( 'NONE', ( #2296, #390, #1140, #1848, #659 ) ) ;
#2091 = ORIENTED_EDGE ( 'NONE', *, *, #1347, .T. ) ;
#2092 = FACE_OUTER_BOUND ( 'NONE', #1761, .T. ) ;
#2093 = DIRECTION ( 'NONE',  ( 1.000000000000000000, 0.000000000000000000, 0.000000000000000000 ) ) ;
#2094 = ORIENTED_EDGE ( 'NONE', *, *, #778, .T. ) ;
#2095 = CARTESIAN_POINT ( 'NONE',  ( 50.49999999999999289, -48.85000000000000142, 1.000000000000014655 ) ) ;
#2096 = ORIENTED_EDGE ( 'NONE', *, *, #1359, .T. ) ;
#2097 = CARTESIAN_POINT ( 'NONE',  ( 43.79999999999998295, 30.34999999999999432, 4.700000000000000178 ) ) ;
#2098 = CIRCLE ( 'NONE', #1166, 1.300000000000002487 ) ;
#2099 = DIRECTION ( 'NONE',  ( -0.000000000000000000, -0.000000000000000000, -1.000000000000000000 ) ) ;
#2100 = ORIENTED_EDGE ( 'NONE', *, *, #1752, .T. ) ;
#2101 = ORIENTED_EDGE ( 'NONE', *, *, #745, .F. ) ;
#2102 = AXIS2_PLACEMENT_3D ( 'NONE', #2056, #1130, #1703 ) ;
#2103 =( NAMED_UNIT ( * ) PLANE_ANGLE_UNIT ( ) SI_UNIT ( $, .RADIAN. ) );
#2104 = ADVANCED_FACE ( 'NONE', ( #1627 ), #1250, .T. ) ;
#2105 = CARTESIAN_POINT ( 'NONE',  ( 39.70000000000000284, 38.74999999999998579, 3.000000000000000000 ) ) ;
#2106 = ORIENTED_EDGE ( 'NONE', *, *, #1347, .F. ) ;
#2107 = VECTOR ( 'NONE', #1283, 1000.000000000000000 ) ;
#2108 = EDGE_CURVE ( 'NONE', #771, #416, #1726, .T. ) ;
#2109 = DIRECTION ( 'NONE',  ( -2.191229653865440696E-16, 1.000000000000000000, 0.000000000000000000 ) ) ;
#2110 = ORIENTED_EDGE ( 'NONE', *, *, #1272, .T. ) ;
#2111 = CARTESIAN_POINT ( 'NONE',  ( -47.50000000000000711, 35.34999999999999432, 4.700000000000000178 ) ) ;
#2112 = EDGE_CURVE ( 'NONE', #2259, #1985, #1322, .T. ) ;
#2113 = DIRECTION ( 'NONE',  ( 1.000000000000000000, 0.000000000000000000, 0.000000000000000000 ) ) ;
#2114 = EDGE_LOOP ( 'NONE', ( #375, #2101, #1239, #1303 ) ) ;
#2115 = VERTEX_POINT ( 'NONE', #1539 ) ;
#2116 = DIRECTION ( 'NONE',  ( 0.000000000000000000, 0.000000000000000000, 1.000000000000000000 ) ) ;
#2117 = CARTESIAN_POINT ( 'NONE',  ( -47.50000000000000711, -48.85000000000000142, 9.500000000000000000 ) ) ;
#2118 = VERTEX_POINT ( 'NONE', #243 ) ;
#2119 = VECTOR ( 'NONE', #1889, 1000.000000000000114 ) ;
#2120 = CARTESIAN_POINT ( 'NONE',  ( 0.000000000000000000, -35.08205080756891192, 0.000000000000000000 ) ) ;
#2121 = VECTOR ( 'NONE', #585, 1000.000000000000000 ) ;
#2122 = CARTESIAN_POINT ( 'NONE',  ( -41.79999999999999716, 38.74999999999999289, 6.000000000000000000 ) ) ;
#2123 = CARTESIAN_POINT ( 'NONE',  ( 40.79999999999998295, 35.08205080756889771, 0.000000000000000000 ) ) ;
#2124 = APPLICATION_PROTOCOL_DEFINITION ( 'draft international standard', 'automotive_design', 1998, #249 ) ;
#2125 = ORIENTED_EDGE ( 'NONE', *, *, #42, .T. ) ;
#2126 = ORIENTED_EDGE ( 'NONE', *, *, #1451, .T. ) ;
#2127 = DIRECTION ( 'NONE',  ( 1.000000000000000000, 0.000000000000000000, 0.000000000000000000 ) ) ;
#2128 = EDGE_CURVE ( 'NONE', #472, #2174, #419, .T. ) ;
#2129 = LINE ( 'NONE', #1351, #987 ) ;
#2130 = ORIENTED_EDGE ( 'NONE', *, *, #2108, .F. ) ;
#2131 = DIRECTION ( 'NONE',  ( -0.000000000000000000, 0.000000000000000000, -1.000000000000000000 ) ) ;
#2132 = EDGE_CURVE ( 'NONE', #516, #1357, #2066, .T. ) ;
#2133 = DIRECTION ( 'NONE',  ( 0.000000000000000000, -0.000000000000000000, -1.000000000000000000 ) ) ;
#2134 = DIRECTION ( 'NONE',  ( 1.000000000000000000, 1.577021341797101751E-15, 0.000000000000000000 ) ) ;
#2135 = AXIS2_PLACEMENT_3D ( 'NONE', #1724, #2253, #595 ) ;
#2136 = ADVANCED_FACE ( 'NONE', ( #587 ), #976, .F. ) ;
#2137 = ADVANCED_FACE ( 'NONE', ( #966 ), #30, .T. ) ;
#2138 = DIRECTION ( 'NONE',  ( 1.000000000000000000, 0.000000000000000000, 0.000000000000000000 ) ) ;
#2139 = LINE ( 'NONE', #1936, #990 ) ;
#2140 = ORIENTED_EDGE ( 'NONE', *, *, #469, .T. ) ;
#2141 = EDGE_LOOP ( 'NONE', ( #1762, #1395, #354, #43 ) ) ;
#2142 = DIRECTION ( 'NONE',  ( -0.000000000000000000, -0.000000000000000000, -1.000000000000000000 ) ) ;
#2143 = CARTESIAN_POINT ( 'NONE',  ( 43.79999999999999005, -30.35000000000001208, 1.000000000000014655 ) ) ;
#2144 = AXIS2_PLACEMENT_3D ( 'NONE', #1056, #684, #2138 ) ;
#2145 = LINE ( 'NONE', #1220, #1279 ) ;
#2146 = AXIS2_PLACEMENT_3D ( 'NONE', #1369, #479, #1394 ) ;
#2147 = CARTESIAN_POINT ( 'NONE',  ( 43.10000000000000853, -42.05000000000001137, 6.000000000000000000 ) ) ;
#2148 = CIRCLE ( 'NONE', #2030, 3.000000000000002665 ) ;
#2149 = LINE ( 'NONE', #1222, #2370 ) ;
#2150 = CARTESIAN_POINT ( 'NONE',  ( -47.50000000000000711, -50.11794919243110513, 0.000000000000000000 ) ) ;
#2151 = ORIENTED_EDGE ( 'NONE', *, *, #1201, .F. ) ;
#2152 = ORIENTED_EDGE ( 'NONE', *, *, #924, .T. ) ;
#2153 = EDGE_CURVE ( 'NONE', #1634, #283, #259, .T. ) ;
#2154 = DIRECTION ( 'NONE',  ( 0.000000000000000000, -1.000000000000000000, 0.000000000000000000 ) ) ;
#2155 = ORIENTED_EDGE ( 'NONE', *, *, #1500, .F. ) ;
#2156 = LINE ( 'NONE', #1609, #891 ) ;
#2157 = DIRECTION ( 'NONE',  ( 0.000000000000000000, 0.000000000000000000, -1.000000000000000000 ) ) ;
#2158 = VERTEX_POINT ( 'NONE', #1178 ) ;
#2159 = VECTOR ( 'NONE', #1963, 1000.000000000000000 ) ;
#2160 = CARTESIAN_POINT ( 'NONE',  ( -45.53205080756891476, 30.34999999999999787, 0.000000000000000000 ) ) ;
#2161 = CARTESIAN_POINT ( 'NONE',  ( 43.10000000000000853, -45.45000000000000284, 6.000000000000000000 ) ) ;
#2162 = DIRECTION ( 'NONE',  ( 0.000000000000000000, -1.000000000000000000, 0.000000000000000000 ) ) ;
#2163 = ORIENTED_EDGE ( 'NONE', *, *, #1070, .F. ) ;
#2164 = EDGE_LOOP ( 'NONE', ( #1996, #2163, #461, #432 ) ) ;
#2165 = CIRCLE ( 'NONE', #386, 1.300000000000002487 ) ;
#2166 = LINE ( 'NONE', #836, #667 ) ;
#2167 = EDGE_LOOP ( 'NONE', ( #293, #1615, #2029, #1587 ) ) ;
#2168 = CARTESIAN_POINT ( 'NONE',  ( -50.10000000000000853, 42.14999999999999147, 9.099999999999999645 ) ) ;
#2169 = DIRECTION ( 'NONE',  ( -1.040313928621773268E-16, 1.000000000000000000, 0.000000000000000000 ) ) ;
#2170 = ORIENTED_EDGE ( 'NONE', *, *, #1029, .F. ) ;
#2171 = PLANE ( 'NONE',  #1717 ) ;
#2172 = CARTESIAN_POINT ( 'NONE',  ( 48.76794919243109661, -48.85000000000000142, 0.000000000000000000 ) ) ;
#2173 = ORIENTED_EDGE ( 'NONE', *, *, #924, .F. ) ;
#2174 = VERTEX_POINT ( 'NONE', #1922 ) ;
#2175 = EDGE_CURVE ( 'NONE', #1370, #1634, #1758, .T. ) ;
#2176 = CARTESIAN_POINT ( 'NONE',  ( -43.10000000000000142, 38.74999999999999289, 6.000000000000000000 ) ) ;
#2177 = ORIENTED_EDGE ( 'NONE', *, *, #2372, .T. ) ;
#2178 = DIRECTION ( 'NONE',  ( 1.000000000000000000, 0.000000000000000000, 0.000000000000000000 ) ) ;
#2179 = DIRECTION ( 'NONE',  ( 0.8660254037844381525, 0.000000000000000000, 0.5000000000000007772 ) ) ;
#2180 = ADVANCED_FACE ( 'NONE', ( #602 ), #1334, .F. ) ;
#2181 = CARTESIAN_POINT ( 'NONE',  ( 47.49999999999999289, -48.85000000000000142, 6.000000000000000000 ) ) ;
#2182 = EDGE_LOOP ( 'NONE', ( #541, #597, #135, #2152 ) ) ;
#2183 = ADVANCED_FACE ( 'NONE', ( #1346 ), #821, .F. ) ;
#2184 = CARTESIAN_POINT ( 'NONE',  ( -47.50000000000000711, -42.05000000000001137, 6.000000000000000000 ) ) ;
#2185 = EDGE_CURVE ( 'NONE', #245, #472, #1481, .T. ) ;
#2186 = AXIS2_PLACEMENT_3D ( 'NONE', #1698, #1355, #613 ) ;
#2187 = CARTESIAN_POINT ( 'NONE',  ( -47.50000000000000711, -48.85000000000000142, 9.099999999999999645 ) ) ;
#2188 = EDGE_LOOP ( 'NONE', ( #1224, #1685, #132, #1550, #1860, #1920 ) ) ;
#2189 = DIRECTION ( 'NONE',  ( 0.000000000000000000, -1.000000000000000000, 0.000000000000000000 ) ) ;
#2190 = CARTESIAN_POINT ( 'NONE',  ( -43.80000000000000426, -33.35000000000000853, 3.000000000000000000 ) ) ;
#2191 = CARTESIAN_POINT ( 'NONE',  ( -50.50000000000000711, -48.85000000000000142, 1.000000000000014655 ) ) ;
#2192 = VERTEX_POINT ( 'NONE', #1151 ) ;
#2193 = CIRCLE ( 'NONE', #112, 3.000000000000002665 ) ;
#2194 = FACE_OUTER_BOUND ( 'NONE', #2114, .T. ) ;
#2195 = VECTOR ( 'NONE', #1872, 1000.000000000000000 ) ;
#2196 = DIRECTION ( 'NONE',  ( 1.000000000000000000, -0.000000000000000000, -0.000000000000000000 ) ) ;
#2197 = ORIENTED_EDGE ( 'NONE', *, *, #954, .T. ) ;
#2198 = EDGE_CURVE ( 'NONE', #1851, #1555, #718, .T. ) ;
#2199 = FACE_OUTER_BOUND ( 'NONE', #2226, .T. ) ;
#2200 = CYLINDRICAL_SURFACE ( 'NONE', #1989, 3.000000000000002665 ) ;
#2201 = DIRECTION ( 'NONE',  ( 1.000000000000000000, 0.000000000000000000, 0.000000000000000000 ) ) ;
#2202 = ORIENTED_EDGE ( 'NONE', *, *, #2001, .F. ) ;
#2203 = DIRECTION ( 'NONE',  ( 0.000000000000000000, 0.000000000000000000, 1.000000000000000000 ) ) ;
#2204 = ADVANCED_FACE ( 'NONE', ( #1895 ), #1714, .F. ) ;
#2205 = CARTESIAN_POINT ( 'NONE',  ( -47.50000000000000000, -35.35000000000002274, 4.700000000000000178 ) ) ;
#2206 = ORIENTED_EDGE ( 'NONE', *, *, #1070, .T. ) ;
#2207 = VECTOR ( 'NONE', #124, 1000.000000000000000 ) ;
#2208 = DIRECTION ( 'NONE',  ( -0.000000000000000000, -0.000000000000000000, 1.000000000000000000 ) ) ;
#2209 = CARTESIAN_POINT ( 'NONE',  ( 43.10000000000000142, 38.74999999999998579, 6.000000000000000000 ) ) ;
#2210 = VECTOR ( 'NONE', #705, 1000.000000000000000 ) ;
#2211 = CARTESIAN_POINT ( 'NONE',  ( 43.10000000000000853, -42.05000000000001137, 6.000000000000000000 ) ) ;
#2212 = ORIENTED_EDGE ( 'NONE', *, *, #508, .T. ) ;
#2213 = CARTESIAN_POINT ( 'NONE',  ( 43.10000000000000853, 35.34999999999999432, 3.000000000000000000 ) ) ;
#2214 = ORIENTED_EDGE ( 'NONE', *, *, #1696, .F. ) ;
#2215 = VECTOR ( 'NONE', #887, 1000.000000000000114 ) ;
#2216 = CIRCLE ( 'NONE', #555, 3.399999999999993250 ) ;
#2217 = CARTESIAN_POINT ( 'NONE',  ( -45.53205080756891476, -30.35000000000000853, 0.000000000000000000 ) ) ;
#2218 = LINE ( 'NONE', #561, #1062 ) ;
#2219 = EDGE_CURVE ( 'NONE', #570, #738, #2148, .T. ) ;
#2220 = ORIENTED_EDGE ( 'NONE', *, *, #2310, .T. ) ;
#2221 = ADVANCED_FACE ( 'NONE', ( #431 ), #769, .T. ) ;
#2222 = CIRCLE ( 'NONE', #1559, 2.599999999999998312 ) ;
#2223 = CARTESIAN_POINT ( 'NONE',  ( -47.50000000000000711, 35.34999999999999432, 6.000000000000000000 ) ) ;
#2224 = FACE_OUTER_BOUND ( 'NONE', #1127, .T. ) ;
#2225 = DIRECTION ( 'NONE',  ( 0.000000000000000000, -1.000000000000000000, 0.000000000000000000 ) ) ;
#2226 = EDGE_LOOP ( 'NONE', ( #315, #167, #447, #272 ) ) ;
#2227 = CARTESIAN_POINT ( 'NONE',  ( -50.10000000000001563, 42.14999999999999147, 9.099999999999999645 ) ) ;
#2228 = ORIENTED_EDGE ( 'NONE', *, *, #1392, .T. ) ;
#2229 = UNCERTAINTY_MEASURE_WITH_UNIT (LENGTH_MEASURE( 1.000000000000000082E-05 ), #1561, 'distance_accuracy_value', 'NONE');
#2230 = AXIS2_PLACEMENT_3D ( 'NONE', #1096, #1265, #1661 ) ;
#2231 = PLANE ( 'NONE',  #258 ) ;
#2232 = DIRECTION ( 'NONE',  ( -0.000000000000000000, -0.000000000000000000, -1.000000000000000000 ) ) ;
#2233 = EDGE_CURVE ( 'NONE', #414, #993, #798, .T. ) ;
#2234 = ORIENTED_EDGE ( 'NONE', *, *, #2372, .F. ) ;
#2235 = VECTOR ( 'NONE', #105, 1000.000000000000000 ) ;
#2236 = DIRECTION ( 'NONE',  ( 0.000000000000000000, 0.000000000000000000, -1.000000000000000000 ) ) ;
#2237 = CARTESIAN_POINT ( 'NONE',  ( -47.50000000000000711, 42.14999999999999147, 6.000000000000000000 ) ) ;
#2238 = CARTESIAN_POINT ( 'NONE',  ( 40.79999999999997584, -30.35000000000001208, 0.000000000000000000 ) ) ;
#2239 = ORIENTED_EDGE ( 'NONE', *, *, #2112, .F. ) ;
#2240 = PLANE ( 'NONE',  #1146 ) ;
#2241 = ORIENTED_EDGE ( 'NONE', *, *, #536, .F. ) ;
#2242 = PLANE ( 'NONE',  #1077 ) ;
#2243 = EDGE_CURVE ( 'NONE', #1357, #700, #1958, .T. ) ;
#2244 = DIRECTION ( 'NONE',  ( 1.000000000000000000, 0.000000000000000000, 0.000000000000000000 ) ) ;
#2245 = DIRECTION ( 'NONE',  ( -0.000000000000000000, -0.000000000000000000, 1.000000000000000000 ) ) ;
#2246 = ORIENTED_EDGE ( 'NONE', *, *, #1793, .F. ) ;
#2247 = DIRECTION ( 'NONE',  ( 1.000000000000000000, 0.000000000000000000, 0.000000000000000000 ) ) ;
#2248 = LINE ( 'NONE', #1142, #1595 ) ;
#2249 = DIRECTION ( 'NONE',  ( 1.000000000000000000, 0.000000000000000000, 0.000000000000000000 ) ) ;
#2250 = FACE_OUTER_BOUND ( 'NONE', #1982, .T. ) ;
#2251 = VERTEX_POINT ( 'NONE', #313 ) ;
#2252 = ADVANCED_FACE ( 'NONE', ( #144 ), #872, .F. ) ;
#2253 = DIRECTION ( 'NONE',  ( 0.000000000000000000, 0.000000000000000000, 1.000000000000000000 ) ) ;
#2254 =( GEOMETRIC_REPRESENTATION_CONTEXT ( 3 ) GLOBAL_UNCERTAINTY_ASSIGNED_CONTEXT ( ( #1820 ) ) GLOBAL_UNIT_ASSIGNED_CONTEXT ( ( #1730, #2103, #1154 ) ) REPRESENTATION_CONTEXT ( 'NONE', 'WORKASPACE' ) );
#2255 = ORIENTED_EDGE ( 'NONE', *, *, #854, .F. ) ;
#2256 = EDGE_CURVE ( 'NONE', #1692, #1851, #281, .T. ) ;
#2257 = CARTESIAN_POINT ( 'NONE',  ( -47.50000000000000711, -51.85000000000000853, 9.099999999999999645 ) ) ;
#2258 = DIRECTION ( 'NONE',  ( 0.000000000000000000, -0.000000000000000000, -1.000000000000000000 ) ) ;
#2259 = VERTEX_POINT ( 'NONE', #2123 ) ;
#2260 = AXIS2_PLACEMENT_3D ( 'NONE', #618, #652, #996 ) ;
#2261 = VERTEX_POINT ( 'NONE', #1415 ) ;
#2262 = PRODUCT_DEFINITION_FORMATION_WITH_SPECIFIED_SOURCE ( 'ANY', '', #1666, .NOT_KNOWN. ) ;
#2263 = DIRECTION ( 'NONE',  ( 0.000000000000000000, -0.000000000000000000, -1.000000000000000000 ) ) ;
#2264 = DIRECTION ( 'NONE',  ( -1.000000000000000000, 0.000000000000000000, 0.000000000000000000 ) ) ;
#2265 = FACE_OUTER_BOUND ( 'NONE', #1620, .T. ) ;
#2266 = ORIENTED_EDGE ( 'NONE', *, *, #2304, .F. ) ;
#2267 = PLANE ( 'NONE',  #965 ) ;
#2268 = VERTEX_POINT ( 'NONE', #1780 ) ;
#2269 = CARTESIAN_POINT ( 'NONE',  ( -43.09999999999999432, -45.45000000000000284, 6.000000000000000000 ) ) ;
#2270 = CARTESIAN_POINT ( 'NONE',  ( 47.49999999999999289, 42.14999999999999147, 9.500000000000000000 ) ) ;
#2271 = ORIENTED_EDGE ( 'NONE', *, *, #777, .F. ) ;
#2272 = ORIENTED_EDGE ( 'NONE', *, *, #598, .T. ) ;
#2273 = DIRECTION ( 'NONE',  ( 0.000000000000000000, -0.5000000000000008882, -0.8660254037844382635 ) ) ;
#2274 = CONICAL_SURFACE ( 'NONE', #574, 1.267949192431103267, 1.047197551196596299 ) ;
#2275 = CARTESIAN_POINT ( 'NONE',  ( -47.50000000000000711, -48.85000000000000142, 9.099999999999999645 ) ) ;
#2276 = ORIENTED_EDGE ( 'NONE', *, *, #1755, .F. ) ;
#2277 = CARTESIAN_POINT ( 'NONE',  ( -43.10000000000000142, 38.74999999999999289, 6.000000000000000000 ) ) ;
#2278 = VERTEX_POINT ( 'NONE', #1012 ) ;
#2279 = CARTESIAN_POINT ( 'NONE',  ( -43.10000000000000142, 38.74999999999999289, 6.000000000000000000 ) ) ;
#2280 = CARTESIAN_POINT ( 'NONE',  ( -47.50000000000000711, -51.45000000000000995, 9.099999999999999645 ) ) ;
#2281 = EDGE_CURVE ( 'NONE', #1431, #1453, #129, .T. ) ;
#2282 = VERTEX_POINT ( 'NONE', #2337 ) ;
#2283 = VERTEX_POINT ( 'NONE', #455 ) ;
#2284 = SURFACE_STYLE_FILL_AREA ( #1542 ) ;
#2285 = EDGE_CURVE ( 'NONE', #2118, #282, #2139, .T. ) ;
#2286 = CARTESIAN_POINT ( 'NONE',  ( 40.79999999999998295, 30.34999999999999787, 4.700000000000000178 ) ) ;
#2287 = VERTEX_POINT ( 'NONE', #489 ) ;
#2288 = DIRECTION ( 'NONE',  ( -0.000000000000000000, 1.000000000000000000, -0.000000000000000000 ) ) ;
#2289 = ORIENTED_EDGE ( 'NONE', *, *, #1449, .T. ) ;
#2290 = CARTESIAN_POINT ( 'NONE',  ( 43.10000000000000142, 35.34999999999999432, 6.000000000000000000 ) ) ;
#2291 = CARTESIAN_POINT ( 'NONE',  ( 47.49999999999999289, 42.14999999999999147, 9.099999999999999645 ) ) ;
#2292 = ORIENTED_EDGE ( 'NONE', *, *, #465, .T. ) ;
#2293 = EDGE_LOOP ( 'NONE', ( #2085, #630, #1297, #1175 ) ) ;
#2294 = ADVANCED_FACE ( 'NONE', ( #646 ), #1036, .T. ) ;
#2295 = DIRECTION ( 'NONE',  ( 1.000000000000000000, 0.000000000000000000, 0.000000000000000000 ) ) ;
#2296 = ORIENTED_EDGE ( 'NONE', *, *, #2352, .T. ) ;
#2297 = VECTOR ( 'NONE', #1649, 1000.000000000000000 ) ;
#2298 = CARTESIAN_POINT ( 'NONE',  ( -50.50000000000000711, 42.14999999999999147, 9.099999999999999645 ) ) ;
#2299 = CARTESIAN_POINT ( 'NONE',  ( -47.50000000000000711, -48.85000000000000142, 9.500000000000000000 ) ) ;
#2300 = DIRECTION ( 'NONE',  ( 0.000000000000000000, 0.000000000000000000, 1.000000000000000000 ) ) ;
#2301 = SHAPE_DEFINITION_REPRESENTATION ( #740, #1910 ) ;
#2302 = VERTEX_POINT ( 'NONE', #1770 ) ;
#2303 = VERTEX_POINT ( 'NONE', #1023 ) ;
#2304 = EDGE_CURVE ( 'NONE', #446, #2302, #1601, .T. ) ;
#2305 = DIRECTION ( 'NONE',  ( -1.000000000000000000, 0.000000000000000000, 0.000000000000000000 ) ) ;
#2306 = DIRECTION ( 'NONE',  ( 0.000000000000000000, 0.000000000000000000, -1.000000000000000000 ) ) ;
#2307 = VERTEX_POINT ( 'NONE', #833 ) ;
#2308 = AXIS2_PLACEMENT_3D ( 'NONE', #558, #934, #608 ) ;
#2309 = DIRECTION ( 'NONE',  ( 0.000000000000000000, 0.000000000000000000, 1.000000000000000000 ) ) ;
#2310 = EDGE_CURVE ( 'NONE', #511, #414, #1406, .T. ) ;
#2311 = DIRECTION ( 'NONE',  ( 0.000000000000000000, -0.000000000000000000, -1.000000000000000000 ) ) ;
#2312 = EDGE_CURVE ( 'NONE', #511, #1370, #671, .T. ) ;
#2313 = VECTOR ( 'NONE', #998, 1000.000000000000000 ) ;
#2314 = LINE ( 'NONE', #1766, #2235 ) ;
#2315 = EDGE_CURVE ( 'NONE', #806, #2261, #502, .T. ) ;
#2316 = CARTESIAN_POINT ( 'NONE',  ( 47.49999999999999289, -50.11794919243110513, 0.000000000000000000 ) ) ;
#2317 = CARTESIAN_POINT ( 'NONE',  ( -47.50000000000000000, -35.35000000000002274, 3.000000000000000000 ) ) ;
#2318 = VERTEX_POINT ( 'NONE', #1560 ) ;
#2319 = ORIENTED_EDGE ( 'NONE', *, *, #1390, .T. ) ;
#2320 = DIRECTION ( 'NONE',  ( -0.000000000000000000, -0.000000000000000000, -1.000000000000000000 ) ) ;
#2321 = DIRECTION ( 'NONE',  ( -0.000000000000000000, -0.000000000000000000, -1.000000000000000000 ) ) ;
#2322 = DIRECTION ( 'NONE',  ( 0.000000000000000000, -1.000000000000000000, 0.000000000000000000 ) ) ;
#2323 = DIRECTION ( 'NONE',  ( -0.000000000000000000, -0.000000000000000000, -1.000000000000000000 ) ) ;
#2324 = VECTOR ( 'NONE', #682, 1000.000000000000000 ) ;
#2325 = LINE ( 'NONE', #312, #1022 ) ;
#2326 = DIRECTION ( 'NONE',  ( 0.000000000000000000, -0.8660254037844381525, 0.5000000000000007772 ) ) ;
#2327 = ORIENTED_EDGE ( 'NONE', *, *, #1811, .F. ) ;
#2328 = ORIENTED_EDGE ( 'NONE', *, *, #351, .F. ) ;
#2329 = CIRCLE ( 'NONE', #1321, 3.000000000000002665 ) ;
#2330 = FACE_OUTER_BOUND ( 'NONE', #10, .T. ) ;
#2331 = AXIS2_PLACEMENT_3D ( 'NONE', #931, #64, #1326 ) ;
#2332 = LINE ( 'NONE', #496, #1112 ) ;
#2333 = LINE ( 'NONE', #1376, #1904 ) ;
#2334 = ORIENTED_EDGE ( 'NONE', *, *, #1269, .T. ) ;
#2335 = VECTOR ( 'NONE', #72, 1000.000000000000000 ) ;
#2336 = FACE_OUTER_BOUND ( 'NONE', #1159, .T. ) ;
#2337 = CARTESIAN_POINT ( 'NONE',  ( -43.10000000000000142, 35.34999999999999432, 4.700000000000000178 ) ) ;
#2338 = APPLICATION_PROTOCOL_DEFINITION ( 'draft international standard', 'automotive_design', 1998, #1729 ) ;
#2339 = ORIENTED_EDGE ( 'NONE', *, *, #1443, .F. ) ;
#2340 = EDGE_LOOP ( 'NONE', ( #881, #1836, #1408, #1228, #2087, #1937 ) ) ;
#2341 = DIRECTION ( 'NONE',  ( 1.000000000000000000, 0.000000000000000000, 0.000000000000000000 ) ) ;
#2342 = ORIENTED_EDGE ( 'NONE', *, *, #2008, .F. ) ;
#2343 = DIRECTION ( 'NONE',  ( 1.000000000000000000, 0.000000000000000000, 0.000000000000000000 ) ) ;
#2344 = CARTESIAN_POINT ( 'NONE',  ( -47.50000000000000711, 44.74999999999997868, 9.099999999999999645 ) ) ;
#2345 = ORIENTED_EDGE ( 'NONE', *, *, #1524, .T. ) ;
#2346 = VECTOR ( 'NONE', #2055, 1000.000000000000000 ) ;
#2347 = DIRECTION ( 'NONE',  ( -0.8660254037844381525, 0.000000000000000000, -0.5000000000000007772 ) ) ;
#2348 = LINE ( 'NONE', #698, #679 ) ;
#2349 = EDGE_LOOP ( 'NONE', ( #2106, #31, #1707, #480 ) ) ;
#2350 = ORIENTED_EDGE ( 'NONE', *, *, #434, .T. ) ;
#2351 = VECTOR ( 'NONE', #1921, 1000.000000000000114 ) ;
#2352 = EDGE_CURVE ( 'NONE', #2287, #806, #62, .T. ) ;
#2353 = DIRECTION ( 'NONE',  ( 1.000000000000000000, 0.000000000000000000, 0.000000000000000000 ) ) ;
#2354 = VERTEX_POINT ( 'NONE', #107 ) ;
#2355 = ADVANCED_FACE ( 'NONE', ( #1980 ), #324, .T. ) ;
#2356 = DIRECTION ( 'NONE',  ( 0.000000000000000000, -0.000000000000000000, -1.000000000000000000 ) ) ;
#2357 = LINE ( 'NONE', #357, #669 ) ;
#2358 = LINE ( 'NONE', #1267, #2210 ) ;
#2359 = VERTEX_POINT ( 'NONE', #2317 ) ;
#2360 = ADVANCED_FACE ( 'NONE', ( #1797 ), #1548, .T. ) ;
#2361 = LINE ( 'NONE', #350, #2025 ) ;
#2362 = PRODUCT_RELATED_PRODUCT_CATEGORY ( 'part', '', ( #1666 ) ) ;
#2363 = PLANE ( 'NONE',  #338 ) ;
#2364 = ORIENTED_EDGE ( 'NONE', *, *, #954, .F. ) ;
#2365 = MECHANICAL_DESIGN_GEOMETRIC_PRESENTATION_REPRESENTATION (  '', ( #1018 ), #2254 ) ;
#2366 = PLANE ( 'NONE',  #1304 ) ;
#2367 = DIRECTION ( 'NONE',  ( 1.000000000000000000, 0.000000000000000000, 0.000000000000000000 ) ) ;
#2368 = DIRECTION ( 'NONE',  ( 1.040313928621773268E-16, -1.000000000000000000, 0.000000000000000000 ) ) ;
#2369 = ORIENTED_EDGE ( 'NONE', *, *, #2175, .F. ) ;
#2370 = VECTOR ( 'NONE', #1809, 1000.000000000000000 ) ;
#2371 = DIRECTION ( 'NONE',  ( 0.000000000000000000, 0.000000000000000000, 1.000000000000000000 ) ) ;
#2372 = EDGE_CURVE ( 'NONE', #2318, #66, #2348, .T. ) ;
#2373 = LINE ( 'NONE', #2205, #1800 ) ;
#2374 = EDGE_LOOP ( 'NONE', ( #1783, #1157, #1092, #238 ) ) ;
#2375 = CYLINDRICAL_SURFACE ( 'NONE', #1844, 1.300000000000002487 ) ;
#2376 = DIRECTION ( 'NONE',  ( 1.000000000000000000, -0.000000000000000000, -0.000000000000000000 ) ) ;
#2377 = CARTESIAN_POINT ( 'NONE',  ( 47.49999999999999289, 44.75000000000000000, 9.099999999999999645 ) ) ;
#2378 = VERTEX_POINT ( 'NONE', #2172 ) ;
#2379 = EDGE_CURVE ( 'NONE', #244, #304, #883, .T. ) ;
#2380 = ADVANCED_FACE ( 'NONE', ( #1247 ), #1781, .F. ) ;
#2381 = DIRECTION ( 'NONE',  ( 1.000000000000000000, 0.000000000000000000, 0.000000000000000000 ) ) ;
#2382 = VECTOR ( 'NONE', #1311, 1000.000000000000000 ) ;
#2383 = PLANE ( 'NONE',  #1136 ) ;
#2384 = EDGE_LOOP ( 'NONE', ( #12, #1991, #529, #1049, #1655, #265, #225, #1058, #1371, #1534 ) ) ;
#2385 = CARTESIAN_POINT ( 'NONE',  ( -47.50000000000000711, -51.45000000000000284, 9.099999999999999645 ) ) ;
#2386 = DIRECTION ( 'NONE',  ( -0.000000000000000000, 0.000000000000000000, 1.000000000000000000 ) ) ;
#2387 = DIRECTION ( 'NONE',  ( 0.000000000000000000, 0.000000000000000000, 1.000000000000000000 ) ) ;
#2388 = VERTEX_POINT ( 'NONE', #1810 ) ;
#2389 = EDGE_LOOP ( 'NONE', ( #1876, #559, #1604, #1426 ) ) ;
ENDSEC;
END-ISO-10303-21;
