ISO-10303-21;
HEADER;
FILE_DESCRIPTION (( 'STEP AP214' ),
    '1' );
FILE_NAME ('lcd_frame_back.STEP',
    '2026-01-06T14:38:11',
    ( '' ),
    ( '' ),
    'SwSTEP 2.0',
    'SolidWorks 2024',
    '' );
FILE_SCHEMA (( 'AUTOMOTIVE_DESIGN' ));
ENDSEC;

DATA;
#1 = EDGE_CURVE ( 'NONE', #555, #354, #1724, .T. ) ;
#2 = CARTESIAN_POINT ( 'NONE',  ( 37.40000000000001990, -45.39999999999997726, 4.899999999999999467 ) ) ;
#3 = FACE_OUTER_BOUND ( 'NONE', #791, .T. ) ;
#4 = ORIENTED_EDGE ( 'NONE', *, *, #1769, .F. ) ;
#5 = FACE_OUTER_BOUND ( 'NONE', #1522, .T. ) ;
#6 = EDGE_CURVE ( 'NONE', #18, #1762, #339, .T. ) ;
#7 = CARTESIAN_POINT ( 'NONE',  ( 0.000000000000000000, 0.000000000000000000, 4.899999999999999467 ) ) ;
#8 = DIRECTION ( 'NONE',  ( 0.000000000000000000, 1.000000000000000000, 0.000000000000000000 ) ) ;
#9 = ORIENTED_EDGE ( 'NONE', *, *, #1963, .F. ) ;
#10 = CARTESIAN_POINT ( 'NONE',  ( 9.000000000000000000, 28.39999999999998792, -22.80350850198276547 ) ) ;
#11 = DIRECTION ( 'NONE',  ( -1.000000000000000000, 0.000000000000000000, 0.000000000000000000 ) ) ;
#12 = CARTESIAN_POINT ( 'NONE',  ( -16.25000000000000000, 12.50000000000000355, 3.000000000000001776 ) ) ;
#13 = EDGE_CURVE ( 'NONE', #2281, #638, #1476, .T. ) ;
#14 = ORIENTED_EDGE ( 'NONE', *, *, #1017, .F. ) ;
#15 = DIRECTION ( 'NONE',  ( -0.000000000000000000, -0.000000000000000000, -1.000000000000000000 ) ) ;
#16 = ORIENTED_EDGE ( 'NONE', *, *, #20, .F. ) ;
#17 = CARTESIAN_POINT ( 'NONE',  ( 11.39999999999999503, 30.50000000000000355, 7.525483399593911216 ) ) ;
#18 = VERTEX_POINT ( 'NONE', #2340 ) ;
#19 = PLANE ( 'NONE',  #1044 ) ;
#20 = EDGE_CURVE ( 'NONE', #629, #2312, #550, .T. ) ;
#21 = CIRCLE ( 'NONE', #1809, 3.249999999999999556 ) ;
#22 = CARTESIAN_POINT ( 'NONE',  ( 37.40000000000001279, -38.39999999999997726, 3.000000000000000000 ) ) ;
#23 = DIRECTION ( 'NONE',  ( -0.000000000000000000, -0.000000000000000000, 1.000000000000000000 ) ) ;
#24 = CARTESIAN_POINT ( 'NONE',  ( -45.40000000000000568, 45.39999999999999147, 4.000000000000000000 ) ) ;
#25 = PLANE ( 'NONE',  #70 ) ;
#26 = CIRCLE ( 'NONE', #1242, 1.599999999999997202 ) ;
#27 = ORIENTED_EDGE ( 'NONE', *, *, #1537, .F. ) ;
#28 = EDGE_CURVE ( 'NONE', #1234, #1701, #1683, .T. ) ;
#29 = CARTESIAN_POINT ( 'NONE',  ( 37.40000000000001990, -45.39999999999997726, 4.000000000000000000 ) ) ;
#30 = DIRECTION ( 'NONE',  ( -6.938893903907228378E-16, 1.000000000000000000, 0.000000000000000000 ) ) ;
#31 = FACE_OUTER_BOUND ( 'NONE', #132, .T. ) ;
#32 = VECTOR ( 'NONE', #429, 999.9999999999998863 ) ;
#33 = ORIENTED_EDGE ( 'NONE', *, *, #2297, .T. ) ;
#34 = DIRECTION ( 'NONE',  ( -1.000000000000000000, 0.000000000000000000, 0.000000000000000000 ) ) ;
#35 = ORIENTED_EDGE ( 'NONE', *, *, #292, .T. ) ;
#36 = DIRECTION ( 'NONE',  ( -1.000000000000000000, 0.000000000000000000, 0.000000000000000000 ) ) ;
#37 = EDGE_CURVE ( 'NONE', #1751, #219, #502, .T. ) ;
#38 = CARTESIAN_POINT ( 'NONE',  ( -46.35000000000001563, 42.10000000000000853, -1.734723475976807883E-15 ) ) ;
#39 = CARTESIAN_POINT ( 'NONE',  ( -47.40000000000000568, 45.39999999999999147, 4.899999999999999467 ) ) ;
#40 = EDGE_CURVE ( 'NONE', #2249, #90, #2195, .T. ) ;
#41 = DIRECTION ( 'NONE',  ( 0.000000000000000000, -1.000000000000000000, 0.000000000000000000 ) ) ;
#42 = ORIENTED_EDGE ( 'NONE', *, *, #2432, .F. ) ;
#43 = ORIENTED_EDGE ( 'NONE', *, *, #265, .T. ) ;
#44 = CARTESIAN_POINT ( 'NONE',  ( -37.40000000000000568, 45.39999999999999147, 4.899999999999999467 ) ) ;
#45 = EDGE_CURVE ( 'NONE', #1832, #1539, #715, .T. ) ;
#46 = ORIENTED_EDGE ( 'NONE', *, *, #2163, .F. ) ;
#47 = CARTESIAN_POINT ( 'NONE',  ( 47.39999999999999147, 45.39999999999999147, 4.000000000000000000 ) ) ;
#48 = DIRECTION ( 'NONE',  ( -1.528390727732869855E-16, 1.000000000000000000, 0.000000000000000000 ) ) ;
#49 = LINE ( 'NONE', #840, #654 ) ;
#50 = EDGE_LOOP ( 'NONE', ( #2268, #344, #2374, #1449, #2394, #1796 ) ) ;
#51 = VERTEX_POINT ( 'NONE', #1706 ) ;
#52 = DIRECTION ( 'NONE',  ( 0.000000000000000000, 0.000000000000000000, 1.000000000000000000 ) ) ;
#53 = PLANE ( 'NONE',  #2415 ) ;
#54 = VERTEX_POINT ( 'NONE', #2104 ) ;
#55 = VECTOR ( 'NONE', #1601, 1000.000000000000000 ) ;
#56 = DIRECTION ( 'NONE',  ( -0.000000000000000000, -0.000000000000000000, 1.000000000000000000 ) ) ;
#57 = CARTESIAN_POINT ( 'NONE',  ( -40.40000000000000568, 35.39999999999998437, 4.899999999999999467 ) ) ;
#58 = ORIENTED_EDGE ( 'NONE', *, *, #581, .T. ) ;
#59 = PLANE ( 'NONE',  #2023 ) ;
#60 = CARTESIAN_POINT ( 'NONE',  ( 47.49999999999997868, 48.50000000000000000, 3.000000000000000000 ) ) ;
#61 = AXIS2_PLACEMENT_3D ( 'NONE', #2499, #152, #537 ) ;
#62 = AXIS2_PLACEMENT_3D ( 'NONE', #2524, #2094, #735 ) ;
#63 = DIRECTION ( 'NONE',  ( -0.000000000000000000, -0.000000000000000000, -1.000000000000000000 ) ) ;
#64 = DIRECTION ( 'NONE',  ( 1.000000000000000000, 0.000000000000000000, 0.000000000000000000 ) ) ;
#65 = VECTOR ( 'NONE', #825, 1000.000000000000000 ) ;
#66 = ORIENTED_EDGE ( 'NONE', *, *, #223, .F. ) ;
#67 = ORIENTED_EDGE ( 'NONE', *, *, #2571, .T. ) ;
#68 = EDGE_CURVE ( 'NONE', #2376, #1597, #315, .T. ) ;
#69 = DIRECTION ( 'NONE',  ( 1.000000000000000000, 0.000000000000000000, 0.000000000000000000 ) ) ;
#70 = AXIS2_PLACEMENT_3D ( 'NONE', #1995, #622, #806 ) ;
#71 = ORIENTED_EDGE ( 'NONE', *, *, #1054, .T. ) ;
#72 = VECTOR ( 'NONE', #1959, 1000.000000000000000 ) ;
#73 = FACE_OUTER_BOUND ( 'NONE', #1348, .T. ) ;
#74 = EDGE_LOOP ( 'NONE', ( #1911, #891, #1012, #1183, #1463, #2539, #807, #158, #1233, #1894, #1659, #1884, #691, #178, #538, #486 ) ) ;
#75 = CARTESIAN_POINT ( 'NONE',  ( -9.000000000000000000, 28.39999999999998792, 3.000000000000000000 ) ) ;
#76 = DIRECTION ( 'NONE',  ( 0.000000000000000000, -0.000000000000000000, -1.000000000000000000 ) ) ;
#77 = EDGE_CURVE ( 'NONE', #1859, #1953, #723, .T. ) ;
#78 = ADVANCED_FACE ( 'NONE', ( #1321 ), #1237, .F. ) ;
#79 = FACE_OUTER_BOUND ( 'NONE', #823, .T. ) ;
#80 = EDGE_LOOP ( 'NONE', ( #686, #2464 ) ) ;
#81 = EDGE_LOOP ( 'NONE', ( #1935, #1785, #2273, #2327 ) ) ;
#82 = DIRECTION ( 'NONE',  ( -1.000000000000000000, 0.000000000000000000, 0.000000000000000000 ) ) ;
#83 = ORIENTED_EDGE ( 'NONE', *, *, #1460, .T. ) ;
#84 = CARTESIAN_POINT ( 'NONE',  ( -47.50000000000002132, 47.49999999999998579, 0.000000000000000000 ) ) ;
#85 = ORIENTED_EDGE ( 'NONE', *, *, #2520, .T. ) ;
#86 = FACE_OUTER_BOUND ( 'NONE', #1459, .T. ) ;
#87 = DIRECTION ( 'NONE',  ( -0.000000000000000000, 0.000000000000000000, 1.000000000000000000 ) ) ;
#88 = CARTESIAN_POINT ( 'NONE',  ( -45.39999999999999858, -35.39999999999999858, 4.000000000000000000 ) ) ;
#89 = DIRECTION ( 'NONE',  ( 1.000000000000000000, 0.000000000000000000, 0.000000000000000000 ) ) ;
#90 = VERTEX_POINT ( 'NONE', #1053 ) ;
#91 = VERTEX_POINT ( 'NONE', #1835 ) ;
#92 = ORIENTED_EDGE ( 'NONE', *, *, #2276, .T. ) ;
#93 = DIRECTION ( 'NONE',  ( -0.000000000000000000, -0.000000000000000000, 1.000000000000000000 ) ) ;
#94 = ORIENTED_EDGE ( 'NONE', *, *, #776, .T. ) ;
#95 = CARTESIAN_POINT ( 'NONE',  ( 16.24999999999999645, 30.50000000000000355, 3.000000000000001776 ) ) ;
#96 = EDGE_CURVE ( 'NONE', #54, #266, #437, .T. ) ;
#97 = DIRECTION ( 'NONE',  ( 1.528390727732869855E-16, -1.000000000000000000, 0.000000000000000000 ) ) ;
#98 = CARTESIAN_POINT ( 'NONE',  ( -47.50000000000002132, 48.50000000000000000, 1.000000000000014655 ) ) ;
#99 = VECTOR ( 'NONE', #763, 1000.000000000000000 ) ;
#100 = ORIENTED_EDGE ( 'NONE', *, *, #2432, .T. ) ;
#101 = DIRECTION ( 'NONE',  ( 0.000000000000000000, 0.000000000000000000, 1.000000000000000000 ) ) ;
#102 = DIRECTION ( 'NONE',  ( 1.000000000000000000, 0.000000000000000000, 0.000000000000000000 ) ) ;
#103 = EDGE_CURVE ( 'NONE', #2003, #838, #1435, .T. ) ;
#104 = DIRECTION ( 'NONE',  ( 1.528390727732869855E-16, -1.000000000000000000, 0.000000000000000000 ) ) ;
#105 = AXIS2_PLACEMENT_3D ( 'NONE', #2260, #462, #1471 ) ;
#106 = ORIENTED_EDGE ( 'NONE', *, *, #379, .F. ) ;
#107 = LINE ( 'NONE', #95, #2491 ) ;
#108 = VECTOR ( 'NONE', #1725, 1000.000000000000000 ) ;
#109 = VECTOR ( 'NONE', #463, 1000.000000000000000 ) ;
#110 = AXIS2_PLACEMENT_3D ( 'NONE', #1111, #1506, #1753 ) ;
#111 = EDGE_CURVE ( 'NONE', #2382, #1655, #179, .T. ) ;
#112 = DIRECTION ( 'NONE',  ( 1.430699774001490481E-16, -1.000000000000000000, 0.000000000000000000 ) ) ;
#113 = FACE_OUTER_BOUND ( 'NONE', #1048, .T. ) ;
#114 = DIRECTION ( 'NONE',  ( 1.000000000000000000, 0.000000000000000000, 0.000000000000000000 ) ) ;
#115 = EDGE_CURVE ( 'NONE', #1732, #1731, #1768, .T. ) ;
#116 = VERTEX_POINT ( 'NONE', #2255 ) ;
#117 = VERTEX_POINT ( 'NONE', #2170 ) ;
#118 = FACE_BOUND ( 'NONE', #1038, .T. ) ;
#119 = ORIENTED_EDGE ( 'NONE', *, *, #1437, .F. ) ;
#120 = LINE ( 'NONE', #1127, #1764 ) ;
#121 = DIRECTION ( 'NONE',  ( -0.000000000000000000, -0.000000000000000000, -1.000000000000000000 ) ) ;
#122 = EDGE_CURVE ( 'NONE', #728, #2453, #49, .T. ) ;
#123 = VERTEX_POINT ( 'NONE', #1442 ) ;
#124 = CARTESIAN_POINT ( 'NONE',  ( -47.50000000000002132, 48.50000000000000000, 3.000000000000000000 ) ) ;
#125 = DIRECTION ( 'NONE',  ( -1.000000000000000000, 0.000000000000000000, 0.000000000000000000 ) ) ;
#126 = CARTESIAN_POINT ( 'NONE',  ( -47.39999999999999858, -35.39999999999999858, 3.000000000000000000 ) ) ;
#127 = ORIENTED_EDGE ( 'NONE', *, *, #1417, .F. ) ;
#128 = EDGE_LOOP ( 'NONE', ( #743, #83, #2425, #973 ) ) ;
#129 = EDGE_CURVE ( 'NONE', #833, #1069, #967, .T. ) ;
#130 = DIRECTION ( 'NONE',  ( -1.528390727732869855E-16, 1.000000000000000000, -0.000000000000000000 ) ) ;
#131 = CARTESIAN_POINT ( 'NONE',  ( 50.49999999999998579, 48.50000000000000000, 3.000000000000000000 ) ) ;
#132 = EDGE_LOOP ( 'NONE', ( #2357, #1080, #313, #687, #866, #520, #2225, #881 ) ) ;
#133 = LINE ( 'NONE', #1723, #485 ) ;
#134 = AXIS2_PLACEMENT_3D ( 'NONE', #7, #2244, #1235 ) ;
#135 = DIRECTION ( 'NONE',  ( -1.000000000000000000, 0.000000000000000000, 0.000000000000000000 ) ) ;
#136 = PLANE ( 'NONE',  #560 ) ;
#137 = ORIENTED_EDGE ( 'NONE', *, *, #709, .T. ) ;
#138 = ORIENTED_EDGE ( 'NONE', *, *, #299, .T. ) ;
#139 = DIRECTION ( 'NONE',  ( -1.000000000000000000, 0.000000000000000000, 0.000000000000000000 ) ) ;
#140 = ORIENTED_EDGE ( 'NONE', *, *, #68, .F. ) ;
#141 = VECTOR ( 'NONE', #1508, 1000.000000000000000 ) ;
#142 = ADVANCED_FACE ( 'NONE', ( #2366 ), #227, .F. ) ;
#143 = LINE ( 'NONE', #1512, #309 ) ;
#144 = VECTOR ( 'NONE', #1678, 1000.000000000000000 ) ;
#145 = DIRECTION ( 'NONE',  ( -1.430699774001490481E-16, 1.000000000000000000, -0.000000000000000000 ) ) ;
#146 = ORIENTED_EDGE ( 'NONE', *, *, #1001, .T. ) ;
#147 = PLANE ( 'NONE',  #234 ) ;
#148 = CONICAL_SURFACE ( 'NONE', #616, 3.249999999999999556, 0.7853981633974472798 ) ;
#149 = CONICAL_SURFACE ( 'NONE', #958, 3.249999999999999556, 0.7853981633974472798 ) ;
#150 = AXIS2_PLACEMENT_3D ( 'NONE', #1871, #2072, #1671 ) ;
#151 = CARTESIAN_POINT ( 'NONE',  ( -13.00000000000000178, 30.50000000000000355, 3.000000000000001776 ) ) ;
#152 = DIRECTION ( 'NONE',  ( -1.000000000000000000, -1.430699774001490481E-16, 0.000000000000000000 ) ) ;
#153 = AXIS2_PLACEMENT_3D ( 'NONE', #1415, #2377, #588 ) ;
#154 = EDGE_CURVE ( 'NONE', #2120, #2382, #456, .T. ) ;
#155 = EDGE_LOOP ( 'NONE', ( #1265, #2379, #1802, #1628 ) ) ;
#156 = CYLINDRICAL_SURFACE ( 'NONE', #274, 3.000000000000002665 ) ;
#157 = FACE_OUTER_BOUND ( 'NONE', #2292, .T. ) ;
#158 = ORIENTED_EDGE ( 'NONE', *, *, #1315, .T. ) ;
#159 = VERTEX_POINT ( 'NONE', #2017 ) ;
#160 = DIRECTION ( 'NONE',  ( 0.000000000000000000, 0.000000000000000000, -1.000000000000000000 ) ) ;
#161 = ORIENTED_EDGE ( 'NONE', *, *, #1169, .F. ) ;
#162 = CARTESIAN_POINT ( 'NONE',  ( 9.749999999999998224, 30.50000000000000355, 3.000000000000001776 ) ) ;
#163 = EDGE_CURVE ( 'NONE', #1919, #1751, #1600, .T. ) ;
#164 = VERTEX_POINT ( 'NONE', #1805 ) ;
#165 = CARTESIAN_POINT ( 'NONE',  ( 12.99999999999999467, 12.50000000000000355, 3.000000000000001776 ) ) ;
#166 = FACE_OUTER_BOUND ( 'NONE', #419, .T. ) ;
#167 = VERTEX_POINT ( 'NONE', #22 ) ;
#168 = CARTESIAN_POINT ( 'NONE',  ( 45.40000000000000568, 35.39999999999998437, 3.000000000000000000 ) ) ;
#169 = DIRECTION ( 'NONE',  ( 1.000000000000000000, 0.000000000000000000, 0.000000000000000000 ) ) ;
#170 = EDGE_LOOP ( 'NONE', ( #9, #1049, #472, #1406 ) ) ;
#171 = DIRECTION ( 'NONE',  ( 0.000000000000000000, 0.000000000000000000, 1.000000000000000000 ) ) ;
#172 = ORIENTED_EDGE ( 'NONE', *, *, #2076, .T. ) ;
#173 = CARTESIAN_POINT ( 'NONE',  ( 47.39999999999999147, 45.39999999999999147, 3.000000000000000000 ) ) ;
#174 = EDGE_CURVE ( 'NONE', #123, #1832, #870, .T. ) ;
#175 = LINE ( 'NONE', #1766, #241 ) ;
#176 = CARTESIAN_POINT ( 'NONE',  ( -37.39999999999999147, -45.40000000000000568, 4.000000000000000000 ) ) ;
#177 = VECTOR ( 'NONE', #2216, 1000.000000000000000 ) ;
#178 = ORIENTED_EDGE ( 'NONE', *, *, #1365, .T. ) ;
#179 = LINE ( 'NONE', #1609, #1072 ) ;
#180 = CARTESIAN_POINT ( 'NONE',  ( -40.40000000000000568, 35.39999999999998437, 4.899999999999999467 ) ) ;
#181 = ORIENTED_EDGE ( 'NONE', *, *, #867, .T. ) ;
#182 = DIRECTION ( 'NONE',  ( -0.000000000000000000, -0.000000000000000000, 1.000000000000000000 ) ) ;
#183 = VECTOR ( 'NONE', #1849, 1000.000000000000000 ) ;
#184 = EDGE_CURVE ( 'NONE', #164, #91, #1895, .T. ) ;
#185 = ORIENTED_EDGE ( 'NONE', *, *, #2004, .F. ) ;
#186 = AXIS2_PLACEMENT_3D ( 'NONE', #1102, #101, #914 ) ;
#187 = ORIENTED_EDGE ( 'NONE', *, *, #858, .T. ) ;
#188 = VECTOR ( 'NONE', #980, 1000.000000000000000 ) ;
#189 = DIRECTION ( 'NONE',  ( -0.000000000000000000, -0.000000000000000000, 1.000000000000000000 ) ) ;
#190 = VECTOR ( 'NONE', #809, 1000.000000000000000 ) ;
#191 = DIRECTION ( 'NONE',  ( 1.000000000000000000, 0.000000000000000000, 0.000000000000000000 ) ) ;
#192 = EDGE_CURVE ( 'NONE', #1709, #2088, #1042, .T. ) ;
#193 = VECTOR ( 'NONE', #2513, 1000.000000000000000 ) ;
#194 = ORIENTED_EDGE ( 'NONE', *, *, #2516, .T. ) ;
#195 = DIRECTION ( 'NONE',  ( -0.000000000000000000, -0.000000000000000000, -1.000000000000000000 ) ) ;
#196 = EDGE_CURVE ( 'NONE', #2376, #54, #438, .T. ) ;
#197 = AXIS2_PLACEMENT_3D ( 'NONE', #1257, #1451, #2262 ) ;
#198 = VECTOR ( 'NONE', #1964, 1000.000000000000000 ) ;
#199 = ORIENTED_EDGE ( 'NONE', *, *, #2084, .F. ) ;
#200 = CARTESIAN_POINT ( 'NONE',  ( -37.40000000000000568, 45.39999999999999147, 4.000000000000000000 ) ) ;
#201 = LINE ( 'NONE', #2175, #1775 ) ;
#202 = ORIENTED_EDGE ( 'NONE', *, *, #1876, .F. ) ;
#203 = CARTESIAN_POINT ( 'NONE',  ( 0.000000000000000000, 0.000000000000000000, 3.000000000000000000 ) ) ;
#204 = ADVANCED_FACE ( 'NONE', ( #1634 ), #156, .T. ) ;
#205 = DIRECTION ( 'NONE',  ( -1.000000000000000000, 0.000000000000000000, 0.000000000000000000 ) ) ;
#206 = CARTESIAN_POINT ( 'NONE',  ( 47.40000000000000568, 35.39999999999998437, 4.899999999999999467 ) ) ;
#207 = ORIENTED_EDGE ( 'NONE', *, *, #1594, .T. ) ;
#208 = DIRECTION ( 'NONE',  ( 1.000000000000000000, 0.000000000000000000, 0.000000000000000000 ) ) ;
#209 = SURFACE_STYLE_USAGE ( .BOTH. , #1599 ) ;
#210 = ORIENTED_EDGE ( 'NONE', *, *, #1836, .F. ) ;
#211 = DIRECTION ( 'NONE',  ( 1.000000000000000000, -0.000000000000000000, -0.000000000000000000 ) ) ;
#212 = EDGE_CURVE ( 'NONE', #410, #475, #765, .T. ) ;
#213 = CARTESIAN_POINT ( 'NONE',  ( -37.40000000000000568, 38.39999999999999147, 3.000000000000000000 ) ) ;
#214 = ORIENTED_EDGE ( 'NONE', *, *, #460, .F. ) ;
#215 = CARTESIAN_POINT ( 'NONE',  ( 9.749999999999998224, 30.50000000000000355, 3.000000000000001776 ) ) ;
#216 = VERTEX_POINT ( 'NONE', #168 ) ;
#217 = LINE ( 'NONE', #1595, #1165 ) ;
#218 = LINE ( 'NONE', #1807, #608 ) ;
#219 = VERTEX_POINT ( 'NONE', #2566 ) ;
#220 = DIRECTION ( 'NONE',  ( 1.000000000000000000, 0.000000000000000000, 0.000000000000000000 ) ) ;
#221 = DIRECTION ( 'NONE',  ( 1.000000000000000000, 6.938893903907228378E-16, -0.000000000000000000 ) ) ;
#222 = CARTESIAN_POINT ( 'NONE',  ( -50.50000000000002132, 48.50000000000000000, 3.000000000000000000 ) ) ;
#223 = EDGE_CURVE ( 'NONE', #1067, #629, #1771, .T. ) ;
#224 = ORIENTED_EDGE ( 'NONE', *, *, #1365, .F. ) ;
#225 = CARTESIAN_POINT ( 'NONE',  ( -9.000000000000000000, 28.39999999999998792, 3.000000000000000000 ) ) ;
#226 = VECTOR ( 'NONE', #1128, 1000.000000000000000 ) ;
#227 = PLANE ( 'NONE',  #610 ) ;
#228 = LINE ( 'NONE', #2166, #708 ) ;
#229 = LINE ( 'NONE', #1754, #353 ) ;
#230 = AXIS2_PLACEMENT_3D ( 'NONE', #1124, #757, #1569 ) ;
#231 = VECTOR ( 'NONE', #2560, 999.9999999999998863 ) ;
#232 = CARTESIAN_POINT ( 'NONE',  ( -9.000000000000003553, 14.39999999999998792, -22.80350850198276547 ) ) ;
#233 = EDGE_CURVE ( 'NONE', #2139, #116, #295, .T. ) ;
#234 = AXIS2_PLACEMENT_3D ( 'NONE', #1051, #1622, #1186 ) ;
#235 = ORIENTED_EDGE ( 'NONE', *, *, #1789, .T. ) ;
#236 = ORIENTED_EDGE ( 'NONE', *, *, #2351, .T. ) ;
#237 = COLOUR_RGB ( '',0.7921568627450980005, 0.8196078431372548767, 0.9333333333333333481 ) ;
#238 = CARTESIAN_POINT ( 'NONE',  ( 47.40000000000001279, -35.39999999999997016, 4.899999999999999467 ) ) ;
#239 = AXIS2_PLACEMENT_3D ( 'NONE', #752, #766, #102 ) ;
#240 = DIRECTION ( 'NONE',  ( -0.000000000000000000, -0.000000000000000000, -1.000000000000000000 ) ) ;
#241 = VECTOR ( 'NONE', #1975, 1000.000000000000000 ) ;
#242 = LINE ( 'NONE', #47, #2073 ) ;
#243 = FACE_OUTER_BOUND ( 'NONE', #1829, .T. ) ;
#244 = CARTESIAN_POINT ( 'NONE',  ( -40.39999999999999858, -35.39999999999999858, 4.899999999999999467 ) ) ;
#245 = CARTESIAN_POINT ( 'NONE',  ( 37.40000000000000568, 45.39999999999999147, 4.899999999999999467 ) ) ;
#246 = CYLINDRICAL_SURFACE ( 'NONE', #2191, 1.599999999999997202 ) ;
#247 = VERTEX_POINT ( 'NONE', #1088 ) ;
#248 = VERTEX_POINT ( 'NONE', #1504 ) ;
#249 = DIRECTION ( 'NONE',  ( -1.000000000000000000, 0.000000000000000000, 0.000000000000000000 ) ) ;
#250 = ORIENTED_EDGE ( 'NONE', *, *, #1460, .F. ) ;
#251 = DIRECTION ( 'NONE',  ( -1.000000000000000000, 0.000000000000000000, 0.000000000000000000 ) ) ;
#252 = CARTESIAN_POINT ( 'NONE',  ( 12.99999999999999467, 12.50000000000000355, 7.525483399593911216 ) ) ;
#253 = VERTEX_POINT ( 'NONE', #1303 ) ;
#254 = DIRECTION ( 'NONE',  ( 0.000000000000000000, 0.000000000000000000, 1.000000000000000000 ) ) ;
#255 = CARTESIAN_POINT ( 'NONE',  ( 44.70000000000002416, 42.10000000000000853, 4.899999999999999467 ) ) ;
#256 = EDGE_CURVE ( 'NONE', #555, #515, #107, .T. ) ;
#257 = DIRECTION ( 'NONE',  ( -0.7071067811865474617, 0.000000000000000000, -0.7071067811865474617 ) ) ;
#258 = DIRECTION ( 'NONE',  ( -1.000000000000000000, 0.000000000000000000, 0.000000000000000000 ) ) ;
#259 = ORIENTED_EDGE ( 'NONE', *, *, #1850, .T. ) ;
#260 = ORIENTED_EDGE ( 'NONE', *, *, #2084, .T. ) ;
#261 = CARTESIAN_POINT ( 'NONE',  ( -13.00000000000000355, 12.50000000000000355, 3.000000000000001776 ) ) ;
#262 = ORIENTED_EDGE ( 'NONE', *, *, #111, .T. ) ;
#263 = AXIS2_PLACEMENT_3D ( 'NONE', #408, #1994, #208 ) ;
#264 = DIRECTION ( 'NONE',  ( 0.000000000000000000, 0.000000000000000000, -1.000000000000000000 ) ) ;
#265 = EDGE_CURVE ( 'NONE', #1069, #1140, #783, .T. ) ;
#266 = VERTEX_POINT ( 'NONE', #1258 ) ;
#267 = DIRECTION ( 'NONE',  ( 0.000000000000000000, 1.000000000000000000, -0.000000000000000000 ) ) ;
#268 = PLANE ( 'NONE',  #741 ) ;
#269 = AXIS2_PLACEMENT_3D ( 'NONE', #2267, #857, #458 ) ;
#270 = VECTOR ( 'NONE', #559, 1000.000000000000000 ) ;
#271 = CARTESIAN_POINT ( 'NONE',  ( -47.50000000000000711, -45.50000000000000000, 0.000000000000000000 ) ) ;
#272 = DIRECTION ( 'NONE',  ( -0.000000000000000000, -0.000000000000000000, 1.000000000000000000 ) ) ;
#273 = EDGE_CURVE ( 'NONE', #728, #167, #1464, .T. ) ;
#274 = AXIS2_PLACEMENT_3D ( 'NONE', #1358, #1743, #1171 ) ;
#275 = VERTEX_POINT ( 'NONE', #868 ) ;
#276 = ORIENTED_EDGE ( 'NONE', *, *, #1343, .F. ) ;
#277 = LINE ( 'NONE', #490, #529 ) ;
#278 = ADVANCED_FACE ( 'NONE', ( #2298 ), #2241, .F. ) ;
#279 = VECTOR ( 'NONE', #898, 1000.000000000000000 ) ;
#280 = ORIENTED_EDGE ( 'NONE', *, *, #2423, .T. ) ;
#281 = AXIS2_PLACEMENT_3D ( 'NONE', #252, #707, #282 ) ;
#282 = DIRECTION ( 'NONE',  ( -1.000000000000000000, 0.000000000000000000, 0.000000000000000000 ) ) ;
#283 = CIRCLE ( 'NONE', #1735, 1.599999999999998979 ) ;
#284 = ORIENTED_EDGE ( 'NONE', *, *, #299, .F. ) ;
#285 = EDGE_CURVE ( 'NONE', #539, #333, #2089, .T. ) ;
#286 = CARTESIAN_POINT ( 'NONE',  ( 47.40000000000000568, 35.39999999999998437, 4.899999999999999467 ) ) ;
#287 = FACE_OUTER_BOUND ( 'NONE', #710, .T. ) ;
#288 = CARTESIAN_POINT ( 'NONE',  ( -47.40000000000000568, 45.39999999999999147, 4.899999999999999467 ) ) ;
#289 = ORIENTED_EDGE ( 'NONE', *, *, #1666, .F. ) ;
#290 = ORIENTED_EDGE ( 'NONE', *, *, #1396, .F. ) ;
#291 = DIRECTION ( 'NONE',  ( -1.000000000000000000, 0.000000000000000000, 0.000000000000000000 ) ) ;
#292 = EDGE_CURVE ( 'NONE', #1639, #1621, #1673, .T. ) ;
#293 = CARTESIAN_POINT ( 'NONE',  ( 9.000000000000000000, 28.39999999999998792, 0.000000000000000000 ) ) ;
#294 = ORIENTED_EDGE ( 'NONE', *, *, #1773, .T. ) ;
#295 = LINE ( 'NONE', #2274, #1814 ) ;
#296 = DIRECTION ( 'NONE',  ( 1.000000000000000000, 0.000000000000000000, 0.000000000000000000 ) ) ;
#297 = DIRECTION ( 'NONE',  ( -1.000000000000000000, 0.000000000000000000, 0.000000000000000000 ) ) ;
#298 = CARTESIAN_POINT ( 'NONE',  ( -47.50000000000002132, 45.50000000000000000, 0.000000000000000000 ) ) ;
#299 = EDGE_CURVE ( 'NONE', #2551, #1191, #1873, .T. ) ;
#300 = ORIENTED_EDGE ( 'NONE', *, *, #843, .F. ) ;
#301 = ORIENTED_EDGE ( 'NONE', *, *, #503, .T. ) ;
#302 = DIRECTION ( 'NONE',  ( -0.000000000000000000, -0.000000000000000000, -1.000000000000000000 ) ) ;
#303 = DIRECTION ( 'NONE',  ( -1.000000000000000000, 0.000000000000000000, 0.000000000000000000 ) ) ;
#304 = EDGE_CURVE ( 'NONE', #1615, #1087, #2098, .T. ) ;
#305 = VECTOR ( 'NONE', #1617, 1000.000000000000000 ) ;
#306 = ORIENTED_EDGE ( 'NONE', *, *, #993, .T. ) ;
#307 = CARTESIAN_POINT ( 'NONE',  ( 11.39999999999999858, 30.50000000000000355, 1.349999999999997868 ) ) ;
#308 = UNCERTAINTY_MEASURE_WITH_UNIT (LENGTH_MEASURE( 1.000000000000000082E-05 ), #2414, 'distance_accuracy_value', 'NONE');
#309 = VECTOR ( 'NONE', #971, 1000.000000000000000 ) ;
#310 = DIRECTION ( 'NONE',  ( -0.000000000000000000, -0.000000000000000000, -1.000000000000000000 ) ) ;
#311 = LINE ( 'NONE', #1113, #1638 ) ;
#312 = AXIS2_PLACEMENT_3D ( 'NONE', #2473, #1280, #643 ) ;
#313 = ORIENTED_EDGE ( 'NONE', *, *, #1870, .F. ) ;
#314 = AXIS2_PLACEMENT_3D ( 'NONE', #2433, #1546, #2156 ) ;
#315 = LINE ( 'NONE', #1115, #2449 ) ;
#316 = ADVANCED_FACE ( 'NONE', ( #1686 ), #59, .F. ) ;
#317 = CARTESIAN_POINT ( 'NONE',  ( 37.40000000000000568, 38.39999999999999147, 4.899999999999999467 ) ) ;
#318 = VECTOR ( 'NONE', #1330, 1000.000000000000000 ) ;
#319 = VECTOR ( 'NONE', #627, 1000.000000000000114 ) ;
#320 = DIRECTION ( 'NONE',  ( 0.000000000000000000, 0.000000000000000000, -1.000000000000000000 ) ) ;
#321 = ORIENTED_EDGE ( 'NONE', *, *, #1755, .T. ) ;
#322 = DIRECTION ( 'NONE',  ( -0.7071067811865467956, 8.659560562354925463E-17, 0.7071067811865483499 ) ) ;
#323 = VECTOR ( 'NONE', #592, 1000.000000000000000 ) ;
#324 = AXIS2_PLACEMENT_3D ( 'NONE', #2106, #1105, #2331 ) ;
#325 = AXIS2_PLACEMENT_3D ( 'NONE', #1167, #761, #2309 ) ;
#326 = LINE ( 'NONE', #2150, #2417 ) ;
#327 = LINE ( 'NONE', #1318, #226 ) ;
#328 = EDGE_LOOP ( 'NONE', ( #1312, #172, #16, #66 ) ) ;
#329 = EDGE_LOOP ( 'NONE', ( #106, #1143, #1988, #928 ) ) ;
#330 = FACE_OUTER_BOUND ( 'NONE', #1409, .T. ) ;
#331 = DIRECTION ( 'NONE',  ( 1.000000000000000000, 0.000000000000000000, 0.000000000000000000 ) ) ;
#332 = CARTESIAN_POINT ( 'NONE',  ( -50.50000000000000711, -45.50000000000000000, 3.000000000000000000 ) ) ;
#333 = VERTEX_POINT ( 'NONE', #2484 ) ;
#334 = DIRECTION ( 'NONE',  ( -0.000000000000000000, -0.000000000000000000, -1.000000000000000000 ) ) ;
#335 = CARTESIAN_POINT ( 'NONE',  ( 0.000000000000000000, 0.000000000000000000, 4.000000000000000000 ) ) ;
#336 = CARTESIAN_POINT ( 'NONE',  ( -47.40000000000000568, 45.39999999999999147, 4.000000000000000000 ) ) ;
#337 = ADVANCED_FACE ( 'NONE', ( #2461 ), #1098, .F. ) ;
#338 = ORIENTED_EDGE ( 'NONE', *, *, #1251, .F. ) ;
#339 = LINE ( 'NONE', #1930, #1555 ) ;
#340 = ADVANCED_FACE ( 'NONE', ( #86 ), #2307, .F. ) ;
#341 = LINE ( 'NONE', #1707, #2323 ) ;
#342 = ORIENTED_EDGE ( 'NONE', *, *, #192, .F. ) ;
#343 = CARTESIAN_POINT ( 'NONE',  ( -39.85000000000002274, -42.10000000000000142, -1.734723475976807883E-15 ) ) ;
#344 = ORIENTED_EDGE ( 'NONE', *, *, #1498, .T. ) ;
#345 = CARTESIAN_POINT ( 'NONE',  ( 16.24999999999999645, 30.50000000000000355, 3.000000000000001776 ) ) ;
#346 = ADVANCED_FACE ( 'NONE', ( #711 ), #1108, .F. ) ;
#347 = FACE_OUTER_BOUND ( 'NONE', #970, .T. ) ;
#348 = DIRECTION ( 'NONE',  ( -0.000000000000000000, -0.000000000000000000, -1.000000000000000000 ) ) ;
#349 = EDGE_LOOP ( 'NONE', ( #360, #1393, #1556, #1375 ) ) ;
#350 = ORIENTED_EDGE ( 'NONE', *, *, #2040, .F. ) ;
#351 = DIRECTION ( 'NONE',  ( 1.000000000000000000, 0.000000000000000000, 0.000000000000000000 ) ) ;
#352 = ORIENTED_EDGE ( 'NONE', *, *, #1238, .T. ) ;
#353 = VECTOR ( 'NONE', #1784, 999.9999999999998863 ) ;
#354 = VERTEX_POINT ( 'NONE', #307 ) ;
#355 = FACE_OUTER_BOUND ( 'NONE', #593, .T. ) ;
#356 = AXIS2_PLACEMENT_3D ( 'NONE', #2140, #750, #1535 ) ;
#357 = CARTESIAN_POINT ( 'NONE',  ( 0.000000000000000000, 0.000000000000000000, 4.000000000000000000 ) ) ;
#358 = EDGE_LOOP ( 'NONE', ( #1475, #945, #224, #2573 ) ) ;
#359 = DIRECTION ( 'NONE',  ( -1.430699774001490481E-16, 1.000000000000000000, 0.000000000000000000 ) ) ;
#360 = ORIENTED_EDGE ( 'NONE', *, *, #174, .T. ) ;
#361 = PRODUCT_DEFINITION ( 'UNKNOWN', '', #2099, #2533 ) ;
#362 = VECTOR ( 'NONE', #2277, 1000.000000000000000 ) ;
#363 = DIRECTION ( 'NONE',  ( 1.528390727732869855E-16, -1.000000000000000000, 0.000000000000000000 ) ) ;
#364 = CARTESIAN_POINT ( 'NONE',  ( 0.000000000000000000, 0.000000000000000000, 4.899999999999999467 ) ) ;
#365 = AXIS2_PLACEMENT_3D ( 'NONE', #803, #1991, #205 ) ;
#366 = ORIENTED_EDGE ( 'NONE', *, *, #581, .F. ) ;
#367 = CARTESIAN_POINT ( 'NONE',  ( 45.39999999999999147, 45.39999999999999147, 4.000000000000000000 ) ) ;
#368 = CARTESIAN_POINT ( 'NONE',  ( 37.40000000000000568, 45.39999999999999147, 4.000000000000000000 ) ) ;
#369 = DIRECTION ( 'NONE',  ( -0.000000000000000000, -0.000000000000000000, -1.000000000000000000 ) ) ;
#370 = DIRECTION ( 'NONE',  ( 1.000000000000000000, 0.000000000000000000, 0.000000000000000000 ) ) ;
#371 = ADVANCED_FACE ( 'NONE', ( #507 ), #1266, .T. ) ;
#372 = ORIENTED_EDGE ( 'NONE', *, *, #1082, .T. ) ;
#373 = CARTESIAN_POINT ( 'NONE',  ( 43.10000000000002984, 42.10000000000000853, 4.899999999999999467 ) ) ;
#374 = DIRECTION ( 'NONE',  ( -1.000000000000000000, 0.000000000000000000, 0.000000000000000000 ) ) ;
#375 = DIRECTION ( 'NONE',  ( -1.000000000000000000, 0.000000000000000000, 0.000000000000000000 ) ) ;
#376 = ORIENTED_EDGE ( 'NONE', *, *, #1889, .T. ) ;
#377 = DIRECTION ( 'NONE',  ( -0.000000000000000000, 0.000000000000000000, 1.000000000000000000 ) ) ;
#378 = CARTESIAN_POINT ( 'NONE',  ( -47.40000000000000568, 35.39999999999998437, 4.899999999999999467 ) ) ;
#379 = EDGE_CURVE ( 'NONE', #585, #1218, #1861, .T. ) ;
#380 = EDGE_LOOP ( 'NONE', ( #2258, #1015, #2381, #1662 ) ) ;
#381 = ORIENTED_EDGE ( 'NONE', *, *, #2411, .T. ) ;
#382 = LINE ( 'NONE', #1579, #1362 ) ;
#383 = EDGE_LOOP ( 'NONE', ( #1883, #759, #966, #1592 ) ) ;
#384 = LINE ( 'NONE', #1779, #702 ) ;
#385 = EDGE_CURVE ( 'NONE', #1832, #123, #911, .T. ) ;
#386 = EDGE_LOOP ( 'NONE', ( #194, #235, #2555, #679 ) ) ;
#387 = EDGE_CURVE ( 'NONE', #1821, #117, #2358, .T. ) ;
#388 = CARTESIAN_POINT ( 'NONE',  ( 9.749999999999994671, 12.50000000000000355, 3.000000000000001776 ) ) ;
#389 = DIRECTION ( 'NONE',  ( 0.000000000000000000, -0.000000000000000000, -1.000000000000000000 ) ) ;
#390 = ORIENTED_EDGE ( 'NONE', *, *, #1963, .T. ) ;
#391 = APPLICATION_PROTOCOL_DEFINITION ( 'draft international standard', 'automotive_design', 1998, #758 ) ;
#392 = CARTESIAN_POINT ( 'NONE',  ( -11.40000000000000213, 12.50000000000000355, 7.525483399593911216 ) ) ;
#393 = ORIENTED_EDGE ( 'NONE', *, *, #509, .T. ) ;
#394 = EDGE_CURVE ( 'NONE', #859, #216, #787, .T. ) ;
#395 = ORIENTED_EDGE ( 'NONE', *, *, #770, .F. ) ;
#396 = FACE_OUTER_BOUND ( 'NONE', #701, .T. ) ;
#397 = DIRECTION ( 'NONE',  ( 1.000000000000000000, 0.000000000000000000, 0.000000000000000000 ) ) ;
#398 = ORIENTED_EDGE ( 'NONE', *, *, #2512, .T. ) ;
#399 = CARTESIAN_POINT ( 'NONE',  ( -14.60000000000000142, 12.50000000000000355, 1.349999999999997868 ) ) ;
#400 = ORIENTED_EDGE ( 'NONE', *, *, #1852, .F. ) ;
#401 = AXIS2_PLACEMENT_3D ( 'NONE', #631, #1425, #1757 ) ;
#402 = CYLINDRICAL_SURFACE ( 'NONE', #2497, 1.600000000000002531 ) ;
#403 = CONICAL_SURFACE ( 'NONE', #1076, 1.999999999999988010, 0.7853981633974469467 ) ;
#404 = DIRECTION ( 'NONE',  ( -1.000000000000000000, 0.000000000000000000, 0.000000000000000000 ) ) ;
#405 = AXIS2_PLACEMENT_3D ( 'NONE', #1734, #2525, #1511 ) ;
#406 = ORIENTED_EDGE ( 'NONE', *, *, #2265, .F. ) ;
#407 = EDGE_CURVE ( 'NONE', #1539, #2139, #1041, .T. ) ;
#408 = CARTESIAN_POINT ( 'NONE',  ( 0.000000000000000000, 0.000000000000000000, 0.000000000000000000 ) ) ;
#409 = SURFACE_STYLE_FILL_AREA ( #2198 ) ;
#410 = VERTEX_POINT ( 'NONE', #1364 ) ;
#411 = DIRECTION ( 'NONE',  ( 1.000000000000000000, 0.000000000000000000, 0.000000000000000000 ) ) ;
#412 = CARTESIAN_POINT ( 'NONE',  ( 49.49999999999996447, 45.50000000000000000, 0.000000000000000000 ) ) ;
#413 = ORIENTED_EDGE ( 'NONE', *, *, #1424, .T. ) ;
#414 = CYLINDRICAL_SURFACE ( 'NONE', #1897, 1.599999999999997202 ) ;
#415 = EDGE_CURVE ( 'NONE', #2452, #2226, #2124, .T. ) ;
#416 = ORIENTED_EDGE ( 'NONE', *, *, #1641, .F. ) ;
#417 = LINE ( 'NONE', #600, #2460 ) ;
#418 = CARTESIAN_POINT ( 'NONE',  ( -47.39999999999999858, -35.39999999999999858, 4.899999999999999467 ) ) ;
#419 = EDGE_LOOP ( 'NONE', ( #94, #917, #2059, #395 ) ) ;
#420 = CARTESIAN_POINT ( 'NONE',  ( 12.99999999999999822, 30.50000000000000355, 1.349999999999997868 ) ) ;
#421 = EDGE_CURVE ( 'NONE', #354, #624, #1175, .T. ) ;
#422 = VERTEX_POINT ( 'NONE', #1962 ) ;
#423 = CARTESIAN_POINT ( 'NONE',  ( -43.10000000000002274, 42.10000000000000853, 4.899999999999999467 ) ) ;
#424 = DIRECTION ( 'NONE',  ( 1.000000000000000000, 0.000000000000000000, 0.000000000000000000 ) ) ;
#425 = ORIENTED_EDGE ( 'NONE', *, *, #2586, .F. ) ;
#426 = CARTESIAN_POINT ( 'NONE',  ( 47.49999999999997868, 47.49999999999998579, 0.000000000000000000 ) ) ;
#427 = EDGE_CURVE ( 'NONE', #1497, #248, #1923, .T. ) ;
#428 = DIRECTION ( 'NONE',  ( 6.938893903907227392E-16, -1.000000000000000000, -0.000000000000000000 ) ) ;
#429 = DIRECTION ( 'NONE',  ( -0.7071067811865467956, 8.659560562354925463E-17, 0.7071067811865483499 ) ) ;
#430 = DIRECTION ( 'NONE',  ( -0.000000000000000000, -0.000000000000000000, -1.000000000000000000 ) ) ;
#431 = DIRECTION ( 'NONE',  ( 0.7071067811865467956, 0.000000000000000000, 0.7071067811865483499 ) ) ;
#432 = ORIENTED_EDGE ( 'NONE', *, *, #2004, .T. ) ;
#433 = EDGE_LOOP ( 'NONE', ( #1922, #294, #1842, #2082 ) ) ;
#434 = FACE_OUTER_BOUND ( 'NONE', #1576, .T. ) ;
#435 = ORIENTED_EDGE ( 'NONE', *, *, #68, .T. ) ;
#436 = CARTESIAN_POINT ( 'NONE',  ( -13.00000000000000355, 12.50000000000000355, 3.000000000000001776 ) ) ;
#437 = CIRCLE ( 'NONE', #1278, 3.000000000000002665 ) ;
#438 = LINE ( 'NONE', #244, #65 ) ;
#439 = DIRECTION ( 'NONE',  ( 0.000000000000000000, 0.000000000000000000, -1.000000000000000000 ) ) ;
#440 = DIRECTION ( 'NONE',  ( 0.000000000000000000, 0.000000000000000000, -1.000000000000000000 ) ) ;
#441 = VECTOR ( 'NONE', #1149, 1000.000000000000000 ) ;
#442 = EDGE_CURVE ( 'NONE', #248, #591, #1112, .T. ) ;
#443 = DIRECTION ( 'NONE',  ( -0.000000000000000000, -0.000000000000000000, -1.000000000000000000 ) ) ;
#444 = AXIS2_PLACEMENT_3D ( 'NONE', #1089, #869, #1874 ) ;
#445 = AXIS2_PLACEMENT_3D ( 'NONE', #1932, #1945, #551 ) ;
#446 = ORIENTED_EDGE ( 'NONE', *, *, #6, .T. ) ;
#447 = ORIENTED_EDGE ( 'NONE', *, *, #1700, .T. ) ;
#448 =( GEOMETRIC_REPRESENTATION_CONTEXT ( 3 ) GLOBAL_UNCERTAINTY_ASSIGNED_CONTEXT ( ( #467 ) ) GLOBAL_UNIT_ASSIGNED_CONTEXT ( ( #817, #1758, #831 ) ) REPRESENTATION_CONTEXT ( 'NONE', 'WORKASPACE' ) );
#449 = VECTOR ( 'NONE', #2544, 1000.000000000000000 ) ;
#450 = FACE_OUTER_BOUND ( 'NONE', #1667, .T. ) ;
#451 = ORIENTED_EDGE ( 'NONE', *, *, #709, .F. ) ;
#452 = CARTESIAN_POINT ( 'NONE',  ( 12.99999999999999467, 12.50000000000000355, 3.000000000000001776 ) ) ;
#453 = CARTESIAN_POINT ( 'NONE',  ( -41.50000000000002132, -42.10000000000000142, 1.650000000000002132 ) ) ;
#454 = EDGE_CURVE ( 'NONE', #1670, #1953, #772, .T. ) ;
#455 = APPLICATION_CONTEXT ( 'automotive_design' ) ;
#456 = LINE ( 'NONE', #1623, #2069 ) ;
#457 = DIRECTION ( 'NONE',  ( 1.000000000000000000, -0.000000000000000000, -0.000000000000000000 ) ) ;
#458 = DIRECTION ( 'NONE',  ( 1.000000000000000000, 0.000000000000000000, 0.000000000000000000 ) ) ;
#459 = VERTEX_POINT ( 'NONE', #2148 ) ;
#460 = EDGE_CURVE ( 'NONE', #506, #1057, #946, .T. ) ;
#461 = VERTEX_POINT ( 'NONE', #2532 ) ;
#462 = DIRECTION ( 'NONE',  ( -0.000000000000000000, -0.000000000000000000, -1.000000000000000000 ) ) ;
#463 = DIRECTION ( 'NONE',  ( 1.000000000000000000, 0.000000000000000000, 0.000000000000000000 ) ) ;
#464 = VERTEX_POINT ( 'NONE', #545 ) ;
#465 = DIRECTION ( 'NONE',  ( -0.7071067811865479058, 0.000000000000000000, -0.7071067811865471286 ) ) ;
#466 = EDGE_CURVE ( 'NONE', #2067, #2097, #1750, .T. ) ;
#467 = UNCERTAINTY_MEASURE_WITH_UNIT (LENGTH_MEASURE( 1.000000000000000082E-05 ), #817, 'distance_accuracy_value', 'NONE');
#468 = CARTESIAN_POINT ( 'NONE',  ( 14.59999999999999254, 12.50000000000000355, 1.349999999999997868 ) ) ;
#469 = CARTESIAN_POINT ( 'NONE',  ( 41.50000000000002842, 42.10000000000000853, 1.650000000000002132 ) ) ;
#470 = LINE ( 'NONE', #1468, #991 ) ;
#471 = ORIENTED_EDGE ( 'NONE', *, *, #843, .T. ) ;
#472 = ORIENTED_EDGE ( 'NONE', *, *, #1523, .T. ) ;
#473 = AXIS2_PLACEMENT_3D ( 'NONE', #1999, #2026, #1629 ) ;
#474 = ADVANCED_FACE ( 'NONE', ( #744 ), #2165, .F. ) ;
#475 = VERTEX_POINT ( 'NONE', #1137 ) ;
#476 = DIRECTION ( 'NONE',  ( 1.000000000000000000, 0.000000000000000000, 0.000000000000000000 ) ) ;
#477 = ORIENTED_EDGE ( 'NONE', *, *, #2110, .F. ) ;
#478 = VECTOR ( 'NONE', #2101, 1000.000000000000000 ) ;
#479 = CARTESIAN_POINT ( 'NONE',  ( 37.40000000000001279, -38.39999999999997726, 4.899999999999999467 ) ) ;
#480 = PLANE ( 'NONE',  #1729 ) ;
#481 = CIRCLE ( 'NONE', #906, 1.600000000000002531 ) ;
#482 = DIRECTION ( 'NONE',  ( 1.000000000000000000, 0.000000000000000000, 0.000000000000000000 ) ) ;
#483 = FACE_OUTER_BOUND ( 'NONE', #1194, .T. ) ;
#484 = ADVANCED_FACE ( 'NONE', ( #962 ), #1710, .F. ) ;
#485 = VECTOR ( 'NONE', #1530, 1000.000000000000000 ) ;
#486 = ORIENTED_EDGE ( 'NONE', *, *, #2168, .T. ) ;
#487 = VERTEX_POINT ( 'NONE', #2136 ) ;
#488 = VECTOR ( 'NONE', #1675, 1000.000000000000000 ) ;
#489 = VECTOR ( 'NONE', #1921, 1000.000000000000000 ) ;
#490 = CARTESIAN_POINT ( 'NONE',  ( -9.000000000000003553, 14.39999999999998792, 0.000000000000000000 ) ) ;
#491 = EDGE_LOOP ( 'NONE', ( #1097, #1307, #2319, #2029 ) ) ;
#492 = CIRCLE ( 'NONE', #1046, 1.599999999999998979 ) ;
#493 = CARTESIAN_POINT ( 'NONE',  ( -47.40000000000000568, 45.39999999999999147, 4.000000000000000000 ) ) ;
#494 = VECTOR ( 'NONE', #1954, 1000.000000000000000 ) ;
#495 = ORIENTED_EDGE ( 'NONE', *, *, #1931, .T. ) ;
#496 = DIRECTION ( 'NONE',  ( 0.000000000000000000, -0.000000000000000000, 1.000000000000000000 ) ) ;
#497 = ADVANCED_FACE ( 'NONE', ( #1164 ), #657, .F. ) ;
#498 = PLANE ( 'NONE',  #1646 ) ;
#499 = CARTESIAN_POINT ( 'NONE',  ( -47.50000000000000711, -47.49999999999998579, 0.000000000000000000 ) ) ;
#500 = CARTESIAN_POINT ( 'NONE',  ( -37.40000000000002700, -2.595146320061304991E-14, 3.000000000000000000 ) ) ;
#501 = ORIENTED_EDGE ( 'NONE', *, *, #2228, .T. ) ;
#502 = LINE ( 'NONE', #2502, #1517 ) ;
#503 = EDGE_CURVE ( 'NONE', #1597, #1705, #1952, .T. ) ;
#504 = FACE_OUTER_BOUND ( 'NONE', #1372, .T. ) ;
#505 = CARTESIAN_POINT ( 'NONE',  ( -37.40000000000000568, 43.39999999999998437, 3.000000000000000000 ) ) ;
#506 = VERTEX_POINT ( 'NONE', #2347 ) ;
#507 = FACE_OUTER_BOUND ( 'NONE', #81, .T. ) ;
#508 = CARTESIAN_POINT ( 'NONE',  ( 0.000000000000000000, -35.39999999999999858, 4.000000000000000000 ) ) ;
#509 = EDGE_CURVE ( 'NONE', #1191, #1208, #133, .T. ) ;
#510 = LINE ( 'NONE', #336, #779 ) ;
#511 = EDGE_LOOP ( 'NONE', ( #207, #1816, #2219, #802, #1118 ) ) ;
#512 = CARTESIAN_POINT ( 'NONE',  ( 44.70000000000002416, 42.10000000000000853, 4.899999999999999467 ) ) ;
#513 = CARTESIAN_POINT ( 'NONE',  ( 40.40000000000001279, -38.39999999999997726, 3.000000000000000000 ) ) ;
#514 = CARTESIAN_POINT ( 'NONE',  ( 40.40000000000001279, -38.39999999999997726, 4.899999999999999467 ) ) ;
#515 = VERTEX_POINT ( 'NONE', #345 ) ;
#516 = DIRECTION ( 'NONE',  ( 1.000000000000000000, 0.000000000000000000, 0.000000000000000000 ) ) ;
#517 = CARTESIAN_POINT ( 'NONE',  ( -9.750000000000001776, 30.50000000000000355, 3.000000000000001776 ) ) ;
#518 = FACE_BOUND ( 'NONE', #1239, .T. ) ;
#519 = AXIS2_PLACEMENT_3D ( 'NONE', #1177, #389, #2378 ) ;
#520 = ORIENTED_EDGE ( 'NONE', *, *, #2304, .F. ) ;
#521 = ORIENTED_EDGE ( 'NONE', *, *, #1761, .T. ) ;
#522 = ADVANCED_FACE ( 'NONE', ( #1937 ), #147, .F. ) ;
#523 = DIRECTION ( 'NONE',  ( -0.000000000000000000, -0.000000000000000000, -1.000000000000000000 ) ) ;
#524 = VERTEX_POINT ( 'NONE', #1413 ) ;
#525 = AXIS2_PLACEMENT_3D ( 'NONE', #2396, #1236, #397 ) ;
#526 = CARTESIAN_POINT ( 'NONE',  ( 37.40000000000000568, 45.39999999999999147, 4.899999999999999467 ) ) ;
#527 = CARTESIAN_POINT ( 'NONE',  ( -9.750000000000003553, 12.50000000000000355, 3.000000000000001776 ) ) ;
#528 = CIRCLE ( 'NONE', #2581, 3.000000000000002665 ) ;
#529 = VECTOR ( 'NONE', #1083, 1000.000000000000000 ) ;
#530 = ORIENTED_EDGE ( 'NONE', *, *, #828, .T. ) ;
#531 = CARTESIAN_POINT ( 'NONE',  ( -47.40000000000000568, -45.39999999999997726, 4.899999999999999467 ) ) ;
#532 = AXIS2_PLACEMENT_3D ( 'NONE', #1772, #2584, #797 ) ;
#533 = CIRCLE ( 'NONE', #879, 1.600000000000000755 ) ;
#534 = ADVANCED_FACE ( 'NONE', ( #824 ), #414, .F. ) ;
#535 = VECTOR ( 'NONE', #1031, 1000.000000000000000 ) ;
#536 = CARTESIAN_POINT ( 'NONE',  ( -47.40000000000000568, 43.39999999999998437, 4.000000000000000000 ) ) ;
#537 = DIRECTION ( 'NONE',  ( 1.430699774001490481E-16, -1.000000000000000000, 0.000000000000000000 ) ) ;
#538 = ORIENTED_EDGE ( 'NONE', *, *, #893, .T. ) ;
#539 = VERTEX_POINT ( 'NONE', #426 ) ;
#540 = PLANE ( 'NONE',  #790 ) ;
#541 = EDGE_CURVE ( 'NONE', #1655, #585, #2386, .T. ) ;
#542 = LINE ( 'NONE', #1699, #2368 ) ;
#543 = FACE_OUTER_BOUND ( 'NONE', #1973, .T. ) ;
#544 = ORIENTED_EDGE ( 'NONE', *, *, #1135, .T. ) ;
#545 = CARTESIAN_POINT ( 'NONE',  ( -50.50000000000002132, 45.50000000000000000, 1.000000000000014655 ) ) ;
#546 = LINE ( 'NONE', #774, #1047 ) ;
#547 = CARTESIAN_POINT ( 'NONE',  ( 47.49999999999997868, 45.50000000000000000, 3.000000000000000000 ) ) ;
#548 = ORIENTED_EDGE ( 'NONE', *, *, #2051, .F. ) ;
#549 = EDGE_CURVE ( 'NONE', #2459, #2430, #1972, .T. ) ;
#550 = LINE ( 'NONE', #900, #144 ) ;
#551 = DIRECTION ( 'NONE',  ( -1.000000000000000000, 0.000000000000000000, 0.000000000000000000 ) ) ;
#552 = LINE ( 'NONE', #343, #2326 ) ;
#553 = ORIENTED_EDGE ( 'NONE', *, *, #2393, .F. ) ;
#554 = DIRECTION ( 'NONE',  ( 0.000000000000000000, 0.000000000000000000, 1.000000000000000000 ) ) ;
#555 = VERTEX_POINT ( 'NONE', #1000 ) ;
#556 = CARTESIAN_POINT ( 'NONE',  ( -47.50000000000000711, -45.50000000000000000, 3.000000000000000000 ) ) ;
#557 = FACE_BOUND ( 'NONE', #1980, .T. ) ;
#558 = VERTEX_POINT ( 'NONE', #1792 ) ;
#559 = DIRECTION ( 'NONE',  ( -0.000000000000000000, -0.000000000000000000, 1.000000000000000000 ) ) ;
#560 = AXIS2_PLACEMENT_3D ( 'NONE', #364, #950, #1727 ) ;
#561 = CARTESIAN_POINT ( 'NONE',  ( 37.40000000000001990, -45.39999999999997726, 3.000000000000000000 ) ) ;
#562 = EDGE_CURVE ( 'NONE', #1751, #1919, #26, .T. ) ;
#563 = FACE_OUTER_BOUND ( 'NONE', #1668, .T. ) ;
#564 = VECTOR ( 'NONE', #1349, 1000.000000000000000 ) ;
#565 = EDGE_LOOP ( 'NONE', ( #1173, #400 ) ) ;
#566 = CIRCLE ( 'NONE', #912, 1.599999999999998979 ) ;
#567 = CARTESIAN_POINT ( 'NONE',  ( 0.000000000000000000, 35.39999999999998437, 4.000000000000000000 ) ) ;
#568 = AXIS2_PLACEMENT_3D ( 'NONE', #1978, #2424, #981 ) ;
#569 = AXIS2_PLACEMENT_3D ( 'NONE', #1160, #121, #933 ) ;
#570 = ORIENTED_EDGE ( 'NONE', *, *, #45, .F. ) ;
#571 = VECTOR ( 'NONE', #892, 1000.000000000000000 ) ;
#572 = FACE_OUTER_BOUND ( 'NONE', #1320, .T. ) ;
#573 = CARTESIAN_POINT ( 'NONE',  ( 14.59999999999999964, 30.50000000000000355, 0.000000000000000000 ) ) ;
#574 = VECTOR ( 'NONE', #439, 1000.000000000000000 ) ;
#575 = ORIENTED_EDGE ( 'NONE', *, *, #285, .F. ) ;
#576 = DIRECTION ( 'NONE',  ( 1.000000000000000000, 0.000000000000000000, 0.000000000000000000 ) ) ;
#577 = LINE ( 'NONE', #378, #1650 ) ;
#578 = FACE_OUTER_BOUND ( 'NONE', #1698, .T. ) ;
#579 = ORIENTED_EDGE ( 'NONE', *, *, #1388, .T. ) ;
#580 = VERTEX_POINT ( 'NONE', #2431 ) ;
#581 = EDGE_CURVE ( 'NONE', #1469, #2459, #2199, .T. ) ;
#582 = FACE_OUTER_BOUND ( 'NONE', #2057, .T. ) ;
#583 = DIRECTION ( 'NONE',  ( -1.000000000000000000, 0.000000000000000000, 0.000000000000000000 ) ) ;
#584 = ADVANCED_FACE ( 'NONE', ( #1039 ), #148, .F. ) ;
#585 = VERTEX_POINT ( 'NONE', #2189 ) ;
#586 = FACE_OUTER_BOUND ( 'NONE', #984, .T. ) ;
#587 = EDGE_LOOP ( 'NONE', ( #1397, #100, #1063, #2526 ) ) ;
#588 = DIRECTION ( 'NONE',  ( -1.000000000000000000, 0.000000000000000000, 0.000000000000000000 ) ) ;
#589 = CARTESIAN_POINT ( 'NONE',  ( 43.10000000000002984, 42.10000000000000853, -1.734723475976807883E-15 ) ) ;
#590 = EDGE_CURVE ( 'NONE', #1695, #1302, #2410, .T. ) ;
#591 = VERTEX_POINT ( 'NONE', #630 ) ;
#592 = DIRECTION ( 'NONE',  ( -6.938893903907228378E-16, 1.000000000000000000, 0.000000000000000000 ) ) ;
#593 = EDGE_LOOP ( 'NONE', ( #923, #250, #575, #127 ) ) ;
#594 = CARTESIAN_POINT ( 'NONE',  ( 43.10000000000002984, -42.10000000000000142, 4.899999999999999467 ) ) ;
#595 = DIRECTION ( 'NONE',  ( 0.000000000000000000, 0.7071067811865474617, -0.7071067811865474617 ) ) ;
#596 = VERTEX_POINT ( 'NONE', #1818 ) ;
#597 = PLANE ( 'NONE',  #738 ) ;
#598 = EDGE_CURVE ( 'NONE', #877, #2190, #242, .T. ) ;
#599 = ORIENTED_EDGE ( 'NONE', *, *, #1157, .F. ) ;
#600 = CARTESIAN_POINT ( 'NONE',  ( -37.39999999999999147, -45.40000000000000568, 4.899999999999999467 ) ) ;
#601 = VECTOR ( 'NONE', #411, 1000.000000000000000 ) ;
#602 = FACE_OUTER_BOUND ( 'NONE', #1631, .T. ) ;
#603 = EDGE_LOOP ( 'NONE', ( #1470, #214, #816, #2569 ) ) ;
#604 = CARTESIAN_POINT ( 'NONE',  ( -47.39999999999999858, -35.39999999999999858, 4.000000000000000000 ) ) ;
#605 = ADVANCED_FACE ( 'NONE', ( #586 ), #597, .F. ) ;
#606 = ORIENTED_EDGE ( 'NONE', *, *, #2247, .T. ) ;
#607 = CARTESIAN_POINT ( 'NONE',  ( 47.49999999999997868, 45.50000000000000000, 0.000000000000000000 ) ) ;
#608 = VECTOR ( 'NONE', #1020, 1000.000000000000000 ) ;
#609 = ORIENTED_EDGE ( 'NONE', *, *, #387, .F. ) ;
#610 = AXIS2_PLACEMENT_3D ( 'NONE', #1414, #2420, #778 ) ;
#611 = DIRECTION ( 'NONE',  ( 1.000000000000000000, 2.478176394252581634E-16, 0.000000000000000000 ) ) ;
#612 = ORIENTED_EDGE ( 'NONE', *, *, #1811, .T. ) ;
#613 = ADVANCED_FACE ( 'NONE', ( #1803 ), #1562, .F. ) ;
#614 = VECTOR ( 'NONE', #457, 1000.000000000000000 ) ;
#615 = DIRECTION ( 'NONE',  ( 1.430699774001490481E-16, -1.000000000000000000, 0.000000000000000000 ) ) ;
#616 = AXIS2_PLACEMENT_3D ( 'NONE', #436, #1833, #1606 ) ;
#617 = CARTESIAN_POINT ( 'NONE',  ( -44.70000000000001705, 42.10000000000000853, 4.899999999999999467 ) ) ;
#618 = EDGE_CURVE ( 'NONE', #18, #1859, #384, .T. ) ;
#619 = VECTOR ( 'NONE', #443, 1000.000000000000000 ) ;
#620 = AXIS2_PLACEMENT_3D ( 'NONE', #1918, #2330, #930 ) ;
#621 = ORIENTED_EDGE ( 'NONE', *, *, #993, .F. ) ;
#622 = DIRECTION ( 'NONE',  ( -1.000000000000000000, -6.938893903907228378E-16, 0.000000000000000000 ) ) ;
#623 = CONICAL_SURFACE ( 'NONE', #365, 3.249999999999996003, 0.7853981633974467247 ) ;
#624 = VERTEX_POINT ( 'NONE', #215 ) ;
#625 = DIRECTION ( 'NONE',  ( -0.000000000000000000, -0.000000000000000000, -1.000000000000000000 ) ) ;
#626 = CARTESIAN_POINT ( 'NONE',  ( -14.60000000000000320, 30.50000000000000355, 7.525483399593911216 ) ) ;
#627 = DIRECTION ( 'NONE',  ( 0.7071067811865474617, 0.000000000000000000, 0.7071067811865474617 ) ) ;
#628 = EDGE_CURVE ( 'NONE', #1621, #596, #1644, .T. ) ;
#629 = VERTEX_POINT ( 'NONE', #1387 ) ;
#630 = CARTESIAN_POINT ( 'NONE',  ( -50.50000000000002132, 45.50000000000000000, 3.000000000000000000 ) ) ;
#631 = CARTESIAN_POINT ( 'NONE',  ( 43.10000000000002984, 42.10000000000000853, 4.899999999999999467 ) ) ;
#632 = CARTESIAN_POINT ( 'NONE',  ( -40.39999999999999858, -35.39999999999999858, 4.899999999999999467 ) ) ;
#633 = LINE ( 'NONE', #1612, #1722 ) ;
#634 = ORIENTED_EDGE ( 'NONE', *, *, #1649, .T. ) ;
#635 = ORIENTED_EDGE ( 'NONE', *, *, #2257, .T. ) ;
#636 = CARTESIAN_POINT ( 'NONE',  ( 45.40000000000000568, -35.39999999999996305, 4.000000000000000000 ) ) ;
#637 = CARTESIAN_POINT ( 'NONE',  ( 40.40000000000000568, 35.39999999999998437, 3.000000000000000000 ) ) ;
#638 = VERTEX_POINT ( 'NONE', #399 ) ;
#639 = CARTESIAN_POINT ( 'NONE',  ( -43.10000000000002274, -42.10000000000000142, 1.650000000000002132 ) ) ;
#640 = DIRECTION ( 'NONE',  ( -0.000000000000000000, -0.000000000000000000, -1.000000000000000000 ) ) ;
#641 = ADVANCED_FACE ( 'NONE', ( #1202, #1989 ), #19, .T. ) ;
#642 = CARTESIAN_POINT ( 'NONE',  ( 50.49999999999999289, -45.50000000000000000, 1.000000000000014655 ) ) ;
#643 = DIRECTION ( 'NONE',  ( 1.000000000000000000, 0.000000000000000000, 0.000000000000000000 ) ) ;
#644 = DIRECTION ( 'NONE',  ( 1.000000000000000000, 0.000000000000000000, 0.000000000000000000 ) ) ;
#645 = ORIENTED_EDGE ( 'NONE', *, *, #1311, .F. ) ;
#646 = ORIENTED_EDGE ( 'NONE', *, *, #1437, .T. ) ;
#647 = DIRECTION ( 'NONE',  ( 1.000000000000000000, 0.000000000000000000, 0.000000000000000000 ) ) ;
#648 = EDGE_CURVE ( 'NONE', #859, #833, #1158, .T. ) ;
#649 = DIRECTION ( 'NONE',  ( -0.000000000000000000, -0.000000000000000000, -1.000000000000000000 ) ) ;
#650 = EDGE_LOOP ( 'NONE', ( #846, #1795 ) ) ;
#651 = CYLINDRICAL_SURFACE ( 'NONE', #1691, 3.000000000000002665 ) ;
#652 = CYLINDRICAL_SURFACE ( 'NONE', #281, 1.600000000000002531 ) ;
#653 = VECTOR ( 'NONE', #1767, 1000.000000000000000 ) ;
#654 = VECTOR ( 'NONE', #428, 1000.000000000000000 ) ;
#655 = DIRECTION ( 'NONE',  ( 0.000000000000000000, -0.000000000000000000, -1.000000000000000000 ) ) ;
#656 = CARTESIAN_POINT ( 'NONE',  ( -47.39999999999999147, -45.40000000000000568, 4.000000000000000000 ) ) ;
#657 = CONICAL_SURFACE ( 'NONE', #1317, 3.250000000000002665, 0.7853981633974488341 ) ;
#658 = EDGE_CURVE ( 'NONE', #1026, #558, #2245, .T. ) ;
#659 = VECTOR ( 'NONE', #2558, 1000.000000000000000 ) ;
#660 = CARTESIAN_POINT ( 'NONE',  ( -41.50000000000002132, 42.10000000000000853, 4.899999999999999467 ) ) ;
#661 = DIRECTION ( 'NONE',  ( 6.938893903907228378E-16, -1.000000000000000000, 0.000000000000000000 ) ) ;
#662 = VECTOR ( 'NONE', #1745, 1000.000000000000000 ) ;
#663 = ORIENTED_EDGE ( 'NONE', *, *, #1996, .F. ) ;
#664 = VERTEX_POINT ( 'NONE', #2045 ) ;
#665 = AXIS2_PLACEMENT_3D ( 'NONE', #2266, #63, #1827 ) ;
#666 = CIRCLE ( 'NONE', #1005, 3.249999999999996003 ) ;
#667 = AXIS2_PLACEMENT_3D ( 'NONE', #2362, #2521, #730 ) ;
#668 = EDGE_CURVE ( 'NONE', #1133, #1200, #1283, .T. ) ;
#669 = ORIENTED_EDGE ( 'NONE', *, *, #2541, .T. ) ;
#670 = DIRECTION ( 'NONE',  ( 0.000000000000000000, -0.000000000000000000, 1.000000000000000000 ) ) ;
#671 = ADVANCED_FACE ( 'NONE', ( #2444 ), #651, .T. ) ;
#672 = ORIENTED_EDGE ( 'NONE', *, *, #1269, .T. ) ;
#673 = CARTESIAN_POINT ( 'NONE',  ( 43.10000000000002984, -42.10000000000000142, 4.899999999999999467 ) ) ;
#674 = DIRECTION ( 'NONE',  ( -1.000000000000000000, 0.000000000000000000, 0.000000000000000000 ) ) ;
#675 = PLANE ( 'NONE',  #918 ) ;
#676 = EDGE_CURVE ( 'NONE', #1951, #1026, #1799, .T. ) ;
#677 = EDGE_LOOP ( 'NONE', ( #2405, #849, #451, #1487 ) ) ;
#678 = ORIENTED_EDGE ( 'NONE', *, *, #1210, .F. ) ;
#679 = ORIENTED_EDGE ( 'NONE', *, *, #2056, .F. ) ;
#680 = CARTESIAN_POINT ( 'NONE',  ( -47.50000000000002132, 45.50000000000000000, 3.000000000000000000 ) ) ;
#681 = ORIENTED_EDGE ( 'NONE', *, *, #2507, .F. ) ;
#682 = DIRECTION ( 'NONE',  ( 0.000000000000000000, -1.000000000000000000, 0.000000000000000000 ) ) ;
#683 = ADVANCED_FACE ( 'NONE', ( #2590 ), #2217, .F. ) ;
#684 = FACE_BOUND ( 'NONE', #80, .T. ) ;
#685 = CARTESIAN_POINT ( 'NONE',  ( 0.000000000000000000, 0.000000000000000000, 4.000000000000000000 ) ) ;
#686 = ORIENTED_EDGE ( 'NONE', *, *, #174, .F. ) ;
#687 = ORIENTED_EDGE ( 'NONE', *, *, #1661, .T. ) ;
#688 = CIRCLE ( 'NONE', #1427, 3.000000000000002665 ) ;
#689 = LINE ( 'NONE', #904, #1444 ) ;
#690 = AXIS2_PLACEMENT_3D ( 'NONE', #514, #320, #1121 ) ;
#691 = ORIENTED_EDGE ( 'NONE', *, *, #2345, .F. ) ;
#692 = EDGE_LOOP ( 'NONE', ( #663, #1034, #146, #290 ) ) ;
#693 = CARTESIAN_POINT ( 'NONE',  ( 43.10000000000002984, 42.10000000000000853, 4.899999999999999467 ) ) ;
#694 = CARTESIAN_POINT ( 'NONE',  ( 0.000000000000000000, 0.000000000000000000, 4.899999999999999467 ) ) ;
#695 = VECTOR ( 'NONE', #661, 1000.000000000000000 ) ;
#696 = EDGE_CURVE ( 'NONE', #1701, #1234, #1979, .T. ) ;
#697 = CARTESIAN_POINT ( 'NONE',  ( -49.50000000000000711, 45.50000000000000000, 0.000000000000000000 ) ) ;
#698 = CARTESIAN_POINT ( 'NONE',  ( 43.10000000000002984, -42.10000000000000142, 4.899999999999999467 ) ) ;
#699 = AXIS2_PLACEMENT_3D ( 'NONE', #1847, #496, #885 ) ;
#700 = ORIENTED_EDGE ( 'NONE', *, *, #2338, .F. ) ;
#701 = EDGE_LOOP ( 'NONE', ( #811, #1287, #1136, #2554 ) ) ;
#702 = VECTOR ( 'NONE', #2593, 1000.000000000000000 ) ;
#703 = DIRECTION ( 'NONE',  ( -1.000000000000000000, 0.000000000000000000, 0.000000000000000000 ) ) ;
#704 = AXIS2_PLACEMENT_3D ( 'NONE', #1284, #844, #482 ) ;
#705 = EDGE_LOOP ( 'NONE', ( #1760, #553, #1993, #1181 ) ) ;
#706 = CIRCLE ( 'NONE', #1564, 3.249999999999999556 ) ;
#707 = DIRECTION ( 'NONE',  ( -0.000000000000000000, -0.000000000000000000, -1.000000000000000000 ) ) ;
#708 = VECTOR ( 'NONE', #374, 1000.000000000000000 ) ;
#709 = EDGE_CURVE ( 'NONE', #2312, #2088, #2428, .T. ) ;
#710 = EDGE_LOOP ( 'NONE', ( #289, #2518, #35, #876 ) ) ;
#711 = FACE_OUTER_BOUND ( 'NONE', #155, .T. ) ;
#712 = DIRECTION ( 'NONE',  ( 1.000000000000000000, 0.000000000000000000, 0.000000000000000000 ) ) ;
#713 = CARTESIAN_POINT ( 'NONE',  ( 0.000000000000000000, 0.000000000000000000, 3.000000000000000000 ) ) ;
#714 = ORIENTED_EDGE ( 'NONE', *, *, #1306, .T. ) ;
#715 = LINE ( 'NONE', #512, #2021 ) ;
#716 = CARTESIAN_POINT ( 'NONE',  ( 0.000000000000000000, 0.000000000000000000, 4.899999999999999467 ) ) ;
#717 = FACE_OUTER_BOUND ( 'NONE', #1430, .T. ) ;
#718 = ORIENTED_EDGE ( 'NONE', *, *, #2384, .T. ) ;
#719 = DIRECTION ( 'NONE',  ( -1.000000000000000000, 0.000000000000000000, 0.000000000000000000 ) ) ;
#720 = CARTESIAN_POINT ( 'NONE',  ( 47.40000000000000568, 35.39999999999998437, 4.000000000000000000 ) ) ;
#721 = DIRECTION ( 'NONE',  ( -0.000000000000000000, 0.000000000000000000, 1.000000000000000000 ) ) ;
#722 = ORIENTED_EDGE ( 'NONE', *, *, #1900, .T. ) ;
#723 = LINE ( 'NONE', #1510, #909 ) ;
#724 = CARTESIAN_POINT ( 'NONE',  ( 9.000000000000000000, 28.39999999999998792, 0.000000000000000000 ) ) ;
#725 = ADVANCED_FACE ( 'NONE', ( #582 ), #2356, .F. ) ;
#726 = DIRECTION ( 'NONE',  ( 0.7071067811865467956, 0.000000000000000000, 0.7071067811865483499 ) ) ;
#727 = CARTESIAN_POINT ( 'NONE',  ( -44.70000000000001705, -42.10000000000000142, 4.899999999999999467 ) ) ;
#728 = VERTEX_POINT ( 'NONE', #1147 ) ;
#729 = CARTESIAN_POINT ( 'NONE',  ( 43.10000000000002984, -42.10000000000000142, -1.734723475976807883E-15 ) ) ;
#730 = DIRECTION ( 'NONE',  ( 1.430699774001490481E-16, -1.000000000000000000, 0.000000000000000000 ) ) ;
#731 = FACE_OUTER_BOUND ( 'NONE', #74, .T. ) ;
#732 = VECTOR ( 'NONE', #2127, 1000.000000000000000 ) ;
#733 = ADVANCED_FACE ( 'NONE', ( #2332 ), #1719, .T. ) ;
#734 = ORIENTED_EDGE ( 'NONE', *, *, #1011, .T. ) ;
#735 = DIRECTION ( 'NONE',  ( 1.000000000000000000, 0.000000000000000000, 0.000000000000000000 ) ) ;
#736 = FACE_BOUND ( 'NONE', #2178, .T. ) ;
#737 = ORIENTED_EDGE ( 'NONE', *, *, #1306, .F. ) ;
#738 = AXIS2_PLACEMENT_3D ( 'NONE', #10, #611, #2002 ) ;
#739 = CARTESIAN_POINT ( 'NONE',  ( -37.39999999999999858, -38.40000000000000568, 4.899999999999999467 ) ) ;
#740 = ADVANCED_FACE ( 'NONE', ( #1934 ), #754, .T. ) ;
#741 = AXIS2_PLACEMENT_3D ( 'NONE', #1848, #2462, #97 ) ;
#742 = VECTOR ( 'NONE', #169, 1000.000000000000000 ) ;
#743 = ORIENTED_EDGE ( 'NONE', *, *, #1836, .T. ) ;
#744 = FACE_OUTER_BOUND ( 'NONE', #1422, .T. ) ;
#745 = AXIS2_PLACEMENT_3D ( 'NONE', #271, #1445, #2037 ) ;
#746 = ADVANCED_FACE ( 'NONE', ( #543 ), #1319, .F. ) ;
#747 = DIRECTION ( 'NONE',  ( -0.000000000000000000, -0.000000000000000000, 1.000000000000000000 ) ) ;
#748 = CARTESIAN_POINT ( 'NONE',  ( 47.40000000000000568, -45.40000000000000568, 4.000000000000000000 ) ) ;
#749 = ORIENTED_EDGE ( 'NONE', *, *, #96, .F. ) ;
#750 = DIRECTION ( 'NONE',  ( -0.000000000000000000, -0.000000000000000000, 1.000000000000000000 ) ) ;
#751 = EDGE_CURVE ( 'NONE', #91, #1695, #2517, .T. ) ;
#752 = CARTESIAN_POINT ( 'NONE',  ( -13.00000000000000178, 30.50000000000000355, 3.000000000000001776 ) ) ;
#753 = CARTESIAN_POINT ( 'NONE',  ( -45.39999999999999147, -35.39999999999999147, 4.000000000000000000 ) ) ;
#754 = PLANE ( 'NONE',  #871 ) ;
#755 = ORIENTED_EDGE ( 'NONE', *, *, #852, .T. ) ;
#756 = ORIENTED_EDGE ( 'NONE', *, *, #1551, .F. ) ;
#757 = DIRECTION ( 'NONE',  ( -0.000000000000000000, 0.000000000000000000, 1.000000000000000000 ) ) ;
#758 = APPLICATION_CONTEXT ( 'automotive_design' ) ;
#759 = ORIENTED_EDGE ( 'NONE', *, *, #1027, .T. ) ;
#760 = EDGE_CURVE ( 'NONE', #487, #2039, #1528, .T. ) ;
#761 = DIRECTION ( 'NONE',  ( -0.000000000000000000, -0.000000000000000000, 1.000000000000000000 ) ) ;
#762 = CARTESIAN_POINT ( 'NONE',  ( 47.49999999999999289, -48.50000000000000000, 1.000000000000014655 ) ) ;
#763 = DIRECTION ( 'NONE',  ( -0.000000000000000000, -0.000000000000000000, 1.000000000000000000 ) ) ;
#764 = VERTEX_POINT ( 'NONE', #527 ) ;
#765 = LINE ( 'NONE', #367, #1360 ) ;
#766 = DIRECTION ( 'NONE',  ( -0.000000000000000000, -0.000000000000000000, 1.000000000000000000 ) ) ;
#767 = ORIENTED_EDGE ( 'NONE', *, *, #13, .F. ) ;
#768 = DIRECTION ( 'NONE',  ( 0.000000000000000000, 0.000000000000000000, -1.000000000000000000 ) ) ;
#769 = CARTESIAN_POINT ( 'NONE',  ( 47.49999999999999289, -48.50000000000000000, 3.000000000000000000 ) ) ;
#770 = EDGE_CURVE ( 'NONE', #2009, #2487, #1328, .T. ) ;
#771 = ORIENTED_EDGE ( 'NONE', *, *, #256, .F. ) ;
#772 = LINE ( 'NONE', #1912, #564 ) ;
#773 = ORIENTED_EDGE ( 'NONE', *, *, #304, .F. ) ;
#774 = CARTESIAN_POINT ( 'NONE',  ( 37.40000000000000568, 45.39999999999999147, 4.899999999999999467 ) ) ;
#775 = DIRECTION ( 'NONE',  ( -1.000000000000000000, 0.000000000000000000, 0.000000000000000000 ) ) ;
#776 = EDGE_CURVE ( 'NONE', #2009, #2459, #2122, .T. ) ;
#777 = ORIENTED_EDGE ( 'NONE', *, *, #1054, .F. ) ;
#778 = DIRECTION ( 'NONE',  ( 0.000000000000000000, -0.000000000000000000, -1.000000000000000000 ) ) ;
#779 = VECTOR ( 'NONE', #2102, 1000.000000000000000 ) ;
#780 = CARTESIAN_POINT ( 'NONE',  ( 45.40000000000000568, -35.39999999999997016, 3.000000000000000000 ) ) ;
#781 = DIRECTION ( 'NONE',  ( 0.000000000000000000, 0.000000000000000000, -1.000000000000000000 ) ) ;
#782 = ORIENTED_EDGE ( 'NONE', *, *, #1, .T. ) ;
#783 = CIRCLE ( 'NONE', #699, 3.000000000000002665 ) ;
#784 = CARTESIAN_POINT ( 'NONE',  ( -47.40000000000000568, 45.39999999999999147, 3.000000000000000000 ) ) ;
#785 = VERTEX_POINT ( 'NONE', #769 ) ;
#786 = VECTOR ( 'NONE', #2177, 1000.000000000000000 ) ;
#787 = LINE ( 'NONE', #974, #1557 ) ;
#788 = EDGE_CURVE ( 'NONE', #275, #1067, #1548, .T. ) ;
#789 = AXIS2_PLACEMENT_3D ( 'NONE', #1099, #908, #1886 ) ;
#790 = AXIS2_PLACEMENT_3D ( 'NONE', #1891, #1547, #2553 ) ;
#791 = EDGE_LOOP ( 'NONE', ( #1942, #413, #2261, #1436 ) ) ;
#792 = VECTOR ( 'NONE', #195, 1000.000000000000000 ) ;
#793 = AXIS2_PLACEMENT_3D ( 'NONE', #1327, #1908, #1527 ) ;
#794 = DIRECTION ( 'NONE',  ( 1.000000000000000000, 0.000000000000000000, 0.000000000000000000 ) ) ;
#795 = CARTESIAN_POINT ( 'NONE',  ( -47.40000000000000568, -45.39999999999997726, 4.899999999999999467 ) ) ;
#796 = ORIENTED_EDGE ( 'NONE', *, *, #2586, .T. ) ;
#797 = DIRECTION ( 'NONE',  ( 1.000000000000000000, 0.000000000000000000, 0.000000000000000000 ) ) ;
#798 = ORIENTED_EDGE ( 'NONE', *, *, #1230, .T. ) ;
#799 = CARTESIAN_POINT ( 'NONE',  ( 37.40000000000000568, 0.000000000000000000, 4.000000000000000000 ) ) ;
#800 = EDGE_LOOP ( 'NONE', ( #884, #669, #899, #819 ) ) ;
#801 = DIRECTION ( 'NONE',  ( -0.000000000000000000, -0.000000000000000000, -1.000000000000000000 ) ) ;
#802 = ORIENTED_EDGE ( 'NONE', *, *, #1870, .T. ) ;
#803 = CARTESIAN_POINT ( 'NONE',  ( -43.10000000000002274, -42.10000000000000142, -1.734723475976807883E-15 ) ) ;
#804 = CARTESIAN_POINT ( 'NONE',  ( -44.70000000000001705, -42.10000000000000142, 1.650000000000002132 ) ) ;
#805 = ORIENTED_EDGE ( 'NONE', *, *, #2335, .F. ) ;
#806 = DIRECTION ( 'NONE',  ( 6.938893903907228378E-16, -1.000000000000000000, 0.000000000000000000 ) ) ;
#807 = ORIENTED_EDGE ( 'NONE', *, *, #760, .T. ) ;
#808 = LINE ( 'NONE', #1420, #601 ) ;
#809 = DIRECTION ( 'NONE',  ( -0.000000000000000000, -0.000000000000000000, -1.000000000000000000 ) ) ;
#810 = EDGE_CURVE ( 'NONE', #2074, #2430, #944, .T. ) ;
#811 = ORIENTED_EDGE ( 'NONE', *, *, #2384, .F. ) ;
#812 = CARTESIAN_POINT ( 'NONE',  ( -43.10000000000002274, 42.10000000000000853, 1.650000000000002132 ) ) ;
#813 = ORIENTED_EDGE ( 'NONE', *, *, #233, .F. ) ;
#814 = FACE_OUTER_BOUND ( 'NONE', #2169, .T. ) ;
#815 = DIRECTION ( 'NONE',  ( 1.000000000000000000, 1.528390727732869855E-16, -0.000000000000000000 ) ) ;
#816 = ORIENTED_EDGE ( 'NONE', *, *, #2446, .F. ) ;
#817 =( LENGTH_UNIT ( ) NAMED_UNIT ( * ) SI_UNIT ( .MILLI., .METRE. ) );
#818 = EDGE_CURVE ( 'NONE', #1951, #2452, #566, .T. ) ;
#819 = ORIENTED_EDGE ( 'NONE', *, *, #2469, .T. ) ;
#820 = CARTESIAN_POINT ( 'NONE',  ( 47.40000000000003411, -45.39999999999997726, 4.899999999999999467 ) ) ;
#821 = DIRECTION ( 'NONE',  ( -0.000000000000000000, -0.000000000000000000, 1.000000000000000000 ) ) ;
#822 = AXIS2_PLACEMENT_3D ( 'NONE', #298, #1457, #1055 ) ;
#823 = EDGE_LOOP ( 'NONE', ( #2348, #2548, #1905, #1721 ) ) ;
#824 = FACE_OUTER_BOUND ( 'NONE', #349, .T. ) ;
#825 = DIRECTION ( 'NONE',  ( 0.000000000000000000, 0.000000000000000000, -1.000000000000000000 ) ) ;
#826 = DIRECTION ( 'NONE',  ( -0.7071067811865464625, 0.000000000000000000, -0.7071067811865486830 ) ) ;
#827 = AXIS2_PLACEMENT_3D ( 'NONE', #1502, #2162, #1737 ) ;
#828 = EDGE_CURVE ( 'NONE', #1469, #1709, #201, .T. ) ;
#829 = DIRECTION ( 'NONE',  ( -1.000000000000000000, 0.000000000000000000, 0.000000000000000000 ) ) ;
#830 = AXIS2_PLACEMENT_3D ( 'NONE', #513, #1309, #982 ) ;
#831 =( NAMED_UNIT ( * ) SI_UNIT ( $, .STERADIAN. ) SOLID_ANGLE_UNIT ( ) );
#832 = AXIS2_PLACEMENT_3D ( 'NONE', #151, #2536, #1542 ) ;
#833 = VERTEX_POINT ( 'NONE', #2429 ) ;
#834 = EDGE_CURVE ( 'NONE', #1762, #2576, #1411, .T. ) ;
#835 = ORIENTED_EDGE ( 'NONE', *, *, #1931, .F. ) ;
#836 = DIRECTION ( 'NONE',  ( 0.000000000000000000, 0.000000000000000000, -1.000000000000000000 ) ) ;
#837 = DIRECTION ( 'NONE',  ( 1.000000000000000000, 0.000000000000000000, 0.000000000000000000 ) ) ;
#838 = VERTEX_POINT ( 'NONE', #2383 ) ;
#839 = DIRECTION ( 'NONE',  ( -0.000000000000000000, -0.000000000000000000, -1.000000000000000000 ) ) ;
#840 = CARTESIAN_POINT ( 'NONE',  ( 37.40000000000001990, -45.39999999999997726, 4.899999999999999467 ) ) ;
#841 = DIRECTION ( 'NONE',  ( -0.000000000000000000, -0.000000000000000000, -1.000000000000000000 ) ) ;
#842 = DIRECTION ( 'NONE',  ( -1.000000000000000000, 0.000000000000000000, 0.000000000000000000 ) ) ;
#843 = EDGE_CURVE ( 'NONE', #354, #1732, #2187, .T. ) ;
#844 = DIRECTION ( 'NONE',  ( 0.000000000000000000, 0.000000000000000000, 1.000000000000000000 ) ) ;
#845 = EDGE_LOOP ( 'NONE', ( #477, #1163 ) ) ;
#846 = ORIENTED_EDGE ( 'NONE', *, *, #115, .F. ) ;
#847 = DIRECTION ( 'NONE',  ( -1.000000000000000000, 0.000000000000000000, 0.000000000000000000 ) ) ;
#848 = CARTESIAN_POINT ( 'NONE',  ( -43.10000000000002274, -42.10000000000000142, 4.899999999999999467 ) ) ;
#849 = ORIENTED_EDGE ( 'NONE', *, *, #852, .F. ) ;
#850 = DIRECTION ( 'NONE',  ( 1.000000000000000000, 0.000000000000000000, 0.000000000000000000 ) ) ;
#851 = DIRECTION ( 'NONE',  ( -1.430699774001490481E-16, 1.000000000000000000, -0.000000000000000000 ) ) ;
#852 = EDGE_CURVE ( 'NONE', #2088, #2067, #999, .T. ) ;
#853 = ORIENTED_EDGE ( 'NONE', *, *, #442, .F. ) ;
#854 = DIRECTION ( 'NONE',  ( -0.000000000000000000, -0.000000000000000000, 1.000000000000000000 ) ) ;
#855 = CARTESIAN_POINT ( 'NONE',  ( 47.49999999999997868, 45.50000000000000000, 3.000000000000000000 ) ) ;
#856 = FACE_OUTER_BOUND ( 'NONE', #383, .T. ) ;
#857 = DIRECTION ( 'NONE',  ( 0.000000000000000000, 0.000000000000000000, 1.000000000000000000 ) ) ;
#858 = EDGE_CURVE ( 'NONE', #2172, #248, #1198, .T. ) ;
#859 = VERTEX_POINT ( 'NONE', #637 ) ;
#860 = ADVANCED_FACE ( 'NONE', ( #2028 ), #403, .T. ) ;
#861 = ORIENTED_EDGE ( 'NONE', *, *, #192, .T. ) ;
#862 = LINE ( 'NONE', #2042, #305 ) ;
#863 = CARTESIAN_POINT ( 'NONE',  ( -47.39999999999999147, -45.40000000000000568, 4.000000000000000000 ) ) ;
#864 = LINE ( 'NONE', #1682, #109 ) ;
#865 = CIRCLE ( 'NONE', #822, 1.999999999999988010 ) ;
#866 = ORIENTED_EDGE ( 'NONE', *, *, #2091, .F. ) ;
#867 = EDGE_CURVE ( 'NONE', #1400, #2376, #2534, .T. ) ;
#868 = CARTESIAN_POINT ( 'NONE',  ( -50.50000000000000711, -45.50000000000000000, 1.000000000000014655 ) ) ;
#869 = DIRECTION ( 'NONE',  ( -0.000000000000000000, -0.000000000000000000, -1.000000000000000000 ) ) ;
#870 = CIRCLE ( 'NONE', #401, 1.599999999999997202 ) ;
#871 = AXIS2_PLACEMENT_3D ( 'NONE', #357, #1909, #370 ) ;
#872 = CARTESIAN_POINT ( 'NONE',  ( 47.40000000000003411, -45.39999999999997726, 4.899999999999999467 ) ) ;
#873 = LINE ( 'NONE', #1654, #2143 ) ;
#874 = CONICAL_SURFACE ( 'NONE', #444, 3.250000000000002665, 0.7853981633974488341 ) ;
#875 = AXIS2_PLACEMENT_3D ( 'NONE', #1272, #2489, #703 ) ;
#876 = ORIENTED_EDGE ( 'NONE', *, *, #628, .T. ) ;
#877 = VERTEX_POINT ( 'NONE', #2218 ) ;
#878 = VECTOR ( 'NONE', #1875, 1000.000000000000000 ) ;
#879 = AXIS2_PLACEMENT_3D ( 'NONE', #2355, #768, #1347 ) ;
#880 = CARTESIAN_POINT ( 'NONE',  ( 11.39999999999999147, 12.50000000000000355, 0.000000000000000000 ) ) ;
#881 = ORIENTED_EDGE ( 'NONE', *, *, #1998, .T. ) ;
#882 = EDGE_CURVE ( 'NONE', #2452, #558, #382, .T. ) ;
#883 = CARTESIAN_POINT ( 'NONE',  ( -9.000000000000003553, 14.39999999999998792, 3.000000000000000000 ) ) ;
#884 = ORIENTED_EDGE ( 'NONE', *, *, #1315, .F. ) ;
#885 = DIRECTION ( 'NONE',  ( -1.000000000000000000, 0.000000000000000000, 0.000000000000000000 ) ) ;
#886 = DIRECTION ( 'NONE',  ( -1.000000000000000000, 0.000000000000000000, 0.000000000000000000 ) ) ;
#887 = DIRECTION ( 'NONE',  ( -0.000000000000000000, -0.000000000000000000, 1.000000000000000000 ) ) ;
#888 = ORIENTED_EDGE ( 'NONE', *, *, #2040, .T. ) ;
#889 = ORIENTED_EDGE ( 'NONE', *, *, #834, .T. ) ;
#890 = CYLINDRICAL_SURFACE ( 'NONE', #875, 1.599999999999997202 ) ;
#891 = ORIENTED_EDGE ( 'NONE', *, *, #96, .T. ) ;
#892 = DIRECTION ( 'NONE',  ( -0.000000000000000000, -0.000000000000000000, 1.000000000000000000 ) ) ;
#893 = EDGE_CURVE ( 'NONE', #1486, #2514, #1385, .T. ) ;
#894 = EDGE_LOOP ( 'NONE', ( #276, #2243, #2480, #1129 ) ) ;
#895 = CARTESIAN_POINT ( 'NONE',  ( 43.10000000000002984, 42.10000000000000853, -1.734723475976807883E-15 ) ) ;
#896 = EDGE_CURVE ( 'NONE', #275, #2067, #1373, .T. ) ;
#897 = LINE ( 'NONE', #1648, #488 ) ;
#898 = DIRECTION ( 'NONE',  ( 0.000000000000000000, -1.000000000000000000, 0.000000000000000000 ) ) ;
#899 = ORIENTED_EDGE ( 'NONE', *, *, #212, .T. ) ;
#900 = CARTESIAN_POINT ( 'NONE',  ( -47.50000000000000711, -48.50000000000000000, 3.000000000000000000 ) ) ;
#901 = EDGE_CURVE ( 'NONE', #1695, #580, #1790, .T. ) ;
#902 = FACE_OUTER_BOUND ( 'NONE', #1106, .T. ) ;
#903 = EDGE_LOOP ( 'NONE', ( #835, #2523 ) ) ;
#904 = CARTESIAN_POINT ( 'NONE',  ( 50.49999999999998579, 45.50000000000000000, 3.000000000000000000 ) ) ;
#905 = ORIENTED_EDGE ( 'NONE', *, *, #129, .T. ) ;
#906 = AXIS2_PLACEMENT_3D ( 'NONE', #2019, #1976, #775 ) ;
#907 = CARTESIAN_POINT ( 'NONE',  ( 39.85000000000002274, -42.10000000000000142, -1.734723475976807883E-15 ) ) ;
#908 = DIRECTION ( 'NONE',  ( -0.000000000000000000, -0.000000000000000000, -1.000000000000000000 ) ) ;
#909 = VECTOR ( 'NONE', #2313, 1000.000000000000000 ) ;
#910 = ADVANCED_FACE ( 'NONE', ( #434 ), #2416, .F. ) ;
#911 = CIRCLE ( 'NONE', #2108, 1.599999999999997202 ) ;
#912 = AXIS2_PLACEMENT_3D ( 'NONE', #2204, #821, #837 ) ;
#913 = ORIENTED_EDGE ( 'NONE', *, *, #1241, .T. ) ;
#914 = DIRECTION ( 'NONE',  ( 1.000000000000000000, 0.000000000000000000, 0.000000000000000000 ) ) ;
#915 = CONICAL_SURFACE ( 'NONE', #1484, 3.249999999999999556, 0.7853981633974472798 ) ;
#916 = FACE_BOUND ( 'NONE', #565, .T. ) ;
#917 = ORIENTED_EDGE ( 'NONE', *, *, #549, .T. ) ;
#918 = AXIS2_PLACEMENT_3D ( 'NONE', #232, #41, #1456 ) ;
#919 = AXIS2_PLACEMENT_3D ( 'NONE', #1633, #2481, #1857 ) ;
#920 = CARTESIAN_POINT ( 'NONE',  ( 0.000000000000000000, 0.000000000000000000, 4.000000000000000000 ) ) ;
#921 = AXIS2_PLACEMENT_3D ( 'NONE', #977, #310, #125 ) ;
#922 = EDGE_CURVE ( 'NONE', #1529, #1174, #1815, .T. ) ;
#923 = ORIENTED_EDGE ( 'NONE', *, *, #1224, .T. ) ;
#924 = DIRECTION ( 'NONE',  ( -0.000000000000000000, -0.000000000000000000, -1.000000000000000000 ) ) ;
#925 = PLANE ( 'NONE',  #1819 ) ;
#926 = LINE ( 'NONE', #2310, #141 ) ;
#927 = ADVANCED_FACE ( 'NONE', ( #31 ), #1223, .F. ) ;
#928 = ORIENTED_EDGE ( 'NONE', *, *, #1182, .F. ) ;
#929 = DIRECTION ( 'NONE',  ( 1.000000000000000000, 0.000000000000000000, 0.000000000000000000 ) ) ;
#930 = DIRECTION ( 'NONE',  ( 1.000000000000000000, 0.000000000000000000, 0.000000000000000000 ) ) ;
#931 = VERTEX_POINT ( 'NONE', #213 ) ;
#932 = PLANE ( 'NONE',  #1903 ) ;
#933 = DIRECTION ( 'NONE',  ( -1.000000000000000000, 0.000000000000000000, 0.000000000000000000 ) ) ;
#934 = EDGE_LOOP ( 'NONE', ( #1187, #1458, #1869, #1960 ) ) ;
#935 = DIRECTION ( 'NONE',  ( -1.528390727732869855E-16, 1.000000000000000000, -0.000000000000000000 ) ) ;
#936 = EDGE_CURVE ( 'NONE', #1057, #459, #1970, .T. ) ;
#937 = DIRECTION ( 'NONE',  ( -0.000000000000000000, -0.000000000000000000, -1.000000000000000000 ) ) ;
#938 = LINE ( 'NONE', #1704, #1352 ) ;
#939 = ORIENTED_EDGE ( 'NONE', *, *, #1390, .F. ) ;
#940 = VERTEX_POINT ( 'NONE', #1566 ) ;
#941 = ADVANCED_FACE ( 'NONE', ( #2373 ), #1800, .T. ) ;
#942 = CARTESIAN_POINT ( 'NONE',  ( 11.39999999999999503, 12.50000000000000355, 1.349999999999997868 ) ) ;
#943 = DIRECTION ( 'NONE',  ( 0.000000000000000000, -0.7071067811865475727, 0.7071067811865475727 ) ) ;
#944 = LINE ( 'NONE', #412, #319 ) ;
#945 = ORIENTED_EDGE ( 'NONE', *, *, #1238, .F. ) ;
#946 = LINE ( 'NONE', #173, #1726 ) ;
#947 = ADVANCED_FACE ( 'NONE', ( #1058 ), #915, .F. ) ;
#948 = VECTOR ( 'NONE', #331, 1000.000000000000000 ) ;
#949 = LINE ( 'NONE', #2100, #108 ) ;
#950 = DIRECTION ( 'NONE',  ( 0.000000000000000000, 0.000000000000000000, -1.000000000000000000 ) ) ;
#951 = CIRCLE ( 'NONE', #2448, 1.600000000000000755 ) ;
#952 = VERTEX_POINT ( 'NONE', #1299 ) ;
#953 = ORIENTED_EDGE ( 'NONE', *, *, #1343, .T. ) ;
#954 = LINE ( 'NONE', #561, #193 ) ;
#955 = VECTOR ( 'NONE', #359, 1000.000000000000000 ) ;
#956 = AXIS2_PLACEMENT_3D ( 'NONE', #452, #56, #1843 ) ;
#957 = LINE ( 'NONE', #1134, #449 ) ;
#958 = AXIS2_PLACEMENT_3D ( 'NONE', #1268, #887, #644 ) ;
#959 = AXIS2_PLACEMENT_3D ( 'NONE', #680, #264, #1462 ) ;
#960 = ADVANCED_FACE ( 'NONE', ( #902 ), #2270, .T. ) ;
#961 = ORIENTED_EDGE ( 'NONE', *, *, #1752, .F. ) ;
#962 = FACE_OUTER_BOUND ( 'NONE', #934, .T. ) ;
#963 = CONICAL_SURFACE ( 'NONE', #832, 3.249999999999999556, 0.7853981633974472798 ) ;
#964 = LINE ( 'NONE', #2113, #1990 ) ;
#965 = LINE ( 'NONE', #1927, #2315 ) ;
#966 = ORIENTED_EDGE ( 'NONE', *, *, #1182, .T. ) ;
#967 = LINE ( 'NONE', #2353, #270 ) ;
#968 = CARTESIAN_POINT ( 'NONE',  ( 47.39999999999999147, 45.39999999999999147, 3.000000000000000000 ) ) ;
#969 = ORIENTED_EDGE ( 'NONE', *, *, #1505, .T. ) ;
#970 = EDGE_LOOP ( 'NONE', ( #2387, #446, #889, #1419 ) ) ;
#971 = DIRECTION ( 'NONE',  ( 1.000000000000000000, 0.000000000000000000, 0.000000000000000000 ) ) ;
#972 = DIRECTION ( 'NONE',  ( 0.000000000000000000, 0.000000000000000000, -1.000000000000000000 ) ) ;
#973 = ORIENTED_EDGE ( 'NONE', *, *, #858, .F. ) ;
#974 = CARTESIAN_POINT ( 'NONE',  ( 47.40000000000000568, 35.39999999999998437, 3.000000000000000000 ) ) ;
#975 = ADVANCED_FACE ( 'NONE', ( #450 ), #890, .F. ) ;
#976 = ADVANCED_FACE ( 'NONE', ( #504 ), #1831, .F. ) ;
#977 = CARTESIAN_POINT ( 'NONE',  ( 43.10000000000002984, -42.10000000000000142, 1.650000000000002132 ) ) ;
#978 = PLANE ( 'NONE',  #61 ) ;
#979 = VERTEX_POINT ( 'NONE', #1841 ) ;
#980 = DIRECTION ( 'NONE',  ( -1.000000000000000000, 0.000000000000000000, 0.000000000000000000 ) ) ;
#981 = DIRECTION ( 'NONE',  ( 1.000000000000000000, 0.000000000000000000, 0.000000000000000000 ) ) ;
#982 = DIRECTION ( 'NONE',  ( 1.000000000000000000, 0.000000000000000000, 0.000000000000000000 ) ) ;
#983 = ADVANCED_FACE ( 'NONE', ( #1450 ), #53, .F. ) ;
#984 = EDGE_LOOP ( 'NONE', ( #672, #1261, #262, #1219 ) ) ;
#985 = CARTESIAN_POINT ( 'NONE',  ( -47.50000000000000711, -48.50000000000000000, 1.000000000000014655 ) ) ;
#986 = ORIENTED_EDGE ( 'NONE', *, *, #2110, .T. ) ;
#987 = CARTESIAN_POINT ( 'NONE',  ( -49.50000000000000000, -7.081963881307378091E-15, 0.000000000000000000 ) ) ;
#988 = ORIENTED_EDGE ( 'NONE', *, *, #1407, .T. ) ;
#989 = FACE_OUTER_BOUND ( 'NONE', #1872, .T. ) ;
#990 = PLANE ( 'NONE',  #1152 ) ;
#991 = VECTOR ( 'NONE', #2240, 1000.000000000000000 ) ;
#992 = ORIENTED_EDGE ( 'NONE', *, *, #1852, .T. ) ;
#993 = EDGE_CURVE ( 'NONE', #1529, #1191, #1094, .T. ) ;
#994 = PRODUCT_CONTEXT ( 'NONE', #455, 'mechanical' ) ;
#995 = AXIS2_PLACEMENT_3D ( 'NONE', #1078, #1446, #258 ) ;
#996 = FACE_OUTER_BOUND ( 'NONE', #2083, .T. ) ;
#997 = CARTESIAN_POINT ( 'NONE',  ( 45.39999999999999147, 45.39999999999999147, 4.000000000000000000 ) ) ;
#998 = ORIENTED_EDGE ( 'NONE', *, *, #212, .F. ) ;
#999 = CIRCLE ( 'NONE', #525, 1.999999999999988010 ) ;
#1000 = CARTESIAN_POINT ( 'NONE',  ( 14.59999999999999609, 30.50000000000000355, 1.349999999999997868 ) ) ;
#1001 = EDGE_CURVE ( 'NONE', #2025, #764, #706, .T. ) ;
#1002 = VECTOR ( 'NONE', #649, 1000.000000000000000 ) ;
#1003 = ORIENTED_EDGE ( 'NONE', *, *, #1613, .T. ) ;
#1004 = CIRCLE ( 'NONE', #1483, 3.249999999999999556 ) ;
#1005 = AXIS2_PLACEMENT_3D ( 'NONE', #2095, #1159, #303 ) ;
#1006 = LINE ( 'NONE', #2211, #1822 ) ;
#1007 = CARTESIAN_POINT ( 'NONE',  ( -41.50000000000002132, 42.10000000000000853, 1.650000000000002132 ) ) ;
#1008 = AXIS2_PLACEMENT_3D ( 'NONE', #2421, #1404, #1205 ) ;
#1009 = ORIENTED_EDGE ( 'NONE', *, *, #1017, .T. ) ;
#1010 = CARTESIAN_POINT ( 'NONE',  ( 43.10000000000002984, 42.10000000000000853, -1.734723475976807883E-15 ) ) ;
#1011 = EDGE_CURVE ( 'NONE', #1577, #1762, #1434, .T. ) ;
#1012 = ORIENTED_EDGE ( 'NONE', *, *, #1561, .T. ) ;
#1013 = CARTESIAN_POINT ( 'NONE',  ( 50.49999999999998579, 45.50000000000000000, 3.000000000000000000 ) ) ;
#1014 = DIRECTION ( 'NONE',  ( 0.7071067811865474617, 0.000000000000000000, -0.7071067811865474617 ) ) ;
#1015 = ORIENTED_EDGE ( 'NONE', *, *, #466, .F. ) ;
#1016 = DIRECTION ( 'NONE',  ( 1.000000000000000000, 0.000000000000000000, 0.000000000000000000 ) ) ;
#1017 = EDGE_CURVE ( 'NONE', #1705, #253, #2246, .T. ) ;
#1018 = ADVANCED_FACE ( 'NONE', ( #2068 ), #2455, .F. ) ;
#1019 = DIRECTION ( 'NONE',  ( -6.938893903907227392E-16, 1.000000000000000000, 0.000000000000000000 ) ) ;
#1020 = DIRECTION ( 'NONE',  ( -0.000000000000000000, -0.000000000000000000, -1.000000000000000000 ) ) ;
#1021 = EDGE_LOOP ( 'NONE', ( #1791, #1714, #1738, #2054 ) ) ;
#1022 = PRESENTATION_STYLE_ASSIGNMENT (( #209 ) ) ;
#1023 = ORIENTED_EDGE ( 'NONE', *, *, #1040, .F. ) ;
#1024 = VERTEX_POINT ( 'NONE', #880 ) ;
#1025 = DIRECTION ( 'NONE',  ( -1.000000000000000000, -0.000000000000000000, -0.000000000000000000 ) ) ;
#1026 = VERTEX_POINT ( 'NONE', #2282 ) ;
#1027 = EDGE_CURVE ( 'NONE', #1114, #1218, #1657, .T. ) ;
#1028 = CARTESIAN_POINT ( 'NONE',  ( 43.10000000000002984, -42.10000000000000142, -1.734723475976807883E-15 ) ) ;
#1029 = ORIENTED_EDGE ( 'NONE', *, *, #658, .F. ) ;
#1030 = CARTESIAN_POINT ( 'NONE',  ( 12.99999999999999822, 30.50000000000000355, 0.000000000000000000 ) ) ;
#1031 = DIRECTION ( 'NONE',  ( -0.000000000000000000, -0.000000000000000000, 1.000000000000000000 ) ) ;
#1032 = CARTESIAN_POINT ( 'NONE',  ( 37.40000000000000568, 0.000000000000000000, 3.000000000000000000 ) ) ;
#1033 = CARTESIAN_POINT ( 'NONE',  ( 50.49999999999999289, -45.49999999999997158, 3.000000000000000000 ) ) ;
#1034 = ORIENTED_EDGE ( 'NONE', *, *, #1769, .T. ) ;
#1035 = AXIS2_PLACEMENT_3D ( 'NONE', #418, #1217, #76 ) ;
#1036 = CARTESIAN_POINT ( 'NONE',  ( -43.10000000000002274, -42.10000000000000142, 4.899999999999999467 ) ) ;
#1037 = DIRECTION ( 'NONE',  ( 1.000000000000000000, 0.000000000000000000, 0.000000000000000000 ) ) ;
#1038 = EDGE_LOOP ( 'NONE', ( #1656, #1380 ) ) ;
#1039 = FACE_OUTER_BOUND ( 'NONE', #2215, .T. ) ;
#1040 = EDGE_CURVE ( 'NONE', #2120, #1114, #277, .T. ) ;
#1041 = CIRCLE ( 'NONE', #1685, 1.599999999999997202 ) ;
#1042 = LINE ( 'NONE', #1823, #188 ) ;
#1043 = LINE ( 'NONE', #1624, #1780 ) ;
#1044 = AXIS2_PLACEMENT_3D ( 'NONE', #203, #1402, #1016 ) ;
#1045 = LINE ( 'NONE', #39, #2409 ) ;
#1046 = AXIS2_PLACEMENT_3D ( 'NONE', #2272, #1660, #476 ) ;
#1047 = VECTOR ( 'NONE', #937, 1000.000000000000000 ) ;
#1048 = EDGE_LOOP ( 'NONE', ( #998, #646, #2242, #1329 ) ) ;
#1049 = ORIENTED_EDGE ( 'NONE', *, *, #13, .T. ) ;
#1050 = DIRECTION ( 'NONE',  ( -0.000000000000000000, 0.000000000000000000, -1.000000000000000000 ) ) ;
#1051 = CARTESIAN_POINT ( 'NONE',  ( 47.40000000000001279, -35.39999999999997016, 4.899999999999999467 ) ) ;
#1052 = DIRECTION ( 'NONE',  ( 1.000000000000000000, 1.528390727732869855E-16, -0.000000000000000000 ) ) ;
#1053 = CARTESIAN_POINT ( 'NONE',  ( 41.50000000000002842, -42.10000000000000142, 4.899999999999999467 ) ) ;
#1054 = EDGE_CURVE ( 'NONE', #1092, #1024, #1290, .T. ) ;
#1055 = DIRECTION ( 'NONE',  ( 1.000000000000000000, 0.000000000000000000, 0.000000000000000000 ) ) ;
#1056 = ORIENTED_EDGE ( 'NONE', *, *, #1610, .T. ) ;
#1057 = VERTEX_POINT ( 'NONE', #968 ) ;
#1058 = FACE_OUTER_BOUND ( 'NONE', #433, .T. ) ;
#1059 = EDGE_CURVE ( 'NONE', #167, #1953, #954, .T. ) ;
#1060 = ORIENTED_EDGE ( 'NONE', *, *, #2530, .T. ) ;
#1061 = CARTESIAN_POINT ( 'NONE',  ( 40.40000000000000568, 38.39999999999999147, 3.000000000000000000 ) ) ;
#1062 = CARTESIAN_POINT ( 'NONE',  ( -37.40000000000000568, 43.39999999999998437, 4.000000000000000000 ) ) ;
#1063 = ORIENTED_EDGE ( 'NONE', *, *, #668, .T. ) ;
#1064 = DIRECTION ( 'NONE',  ( 0.000000000000000000, 0.000000000000000000, -1.000000000000000000 ) ) ;
#1065 = CARTESIAN_POINT ( 'NONE',  ( 47.40000000000003411, 45.39999999999999147, 4.899999999999999467 ) ) ;
#1066 = CARTESIAN_POINT ( 'NONE',  ( -37.39999999999999147, -45.40000000000000568, 4.899999999999999467 ) ) ;
#1067 = VERTEX_POINT ( 'NONE', #1323 ) ;
#1068 = ORIENTED_EDGE ( 'NONE', *, *, #129, .F. ) ;
#1069 = VERTEX_POINT ( 'NONE', #317 ) ;
#1070 = CYLINDRICAL_SURFACE ( 'NONE', #959, 3.000000000000002665 ) ;
#1071 = ORIENTED_EDGE ( 'NONE', *, *, #1620, .T. ) ;
#1072 = VECTOR ( 'NONE', #1967, 1000.000000000000000 ) ;
#1073 = DIRECTION ( 'NONE',  ( 0.000000000000000000, 0.000000000000000000, 1.000000000000000000 ) ) ;
#1074 = LINE ( 'NONE', #1065, #1107 ) ;
#1075 = VECTOR ( 'NONE', #1550, 1000.000000000000000 ) ;
#1076 = AXIS2_PLACEMENT_3D ( 'NONE', #607, #2591, #1037 ) ;
#1077 = DIRECTION ( 'NONE',  ( 1.000000000000000000, 0.000000000000000000, 0.000000000000000000 ) ) ;
#1078 = CARTESIAN_POINT ( 'NONE',  ( -13.00000000000000355, 12.50000000000000355, 7.525483399593911216 ) ) ;
#1079 = AXIS2_PLACEMENT_3D ( 'NONE', #1759, #781, #2369 ) ;
#1080 = ORIENTED_EDGE ( 'NONE', *, *, #1674, .F. ) ;
#1081 = EDGE_LOOP ( 'NONE', ( #2041, #2116, #2545, #853 ) ) ;
#1082 = EDGE_CURVE ( 'NONE', #2139, #1539, #2202, .T. ) ;
#1083 = DIRECTION ( 'NONE',  ( -1.000000000000000000, 0.000000000000000000, 0.000000000000000000 ) ) ;
#1084 = EDGE_CURVE ( 'NONE', #838, #461, #2542, .T. ) ;
#1085 = EDGE_LOOP ( 'NONE', ( #1292, #2132, #992, #1971 ) ) ;
#1086 = PLANE ( 'NONE',  #1403 ) ;
#1087 = VERTEX_POINT ( 'NONE', #724 ) ;
#1088 = CARTESIAN_POINT ( 'NONE',  ( 40.40000000000001279, -35.39999999999997016, 4.899999999999999467 ) ) ;
#1089 = CARTESIAN_POINT ( 'NONE',  ( 43.10000000000002984, -42.10000000000000142, -1.734723475976807883E-15 ) ) ;
#1090 = ADVANCED_FACE ( 'NONE', ( #2131, #2119 ), #1536, .T. ) ;
#1091 = LINE ( 'NONE', #500, #695 ) ;
#1092 = VERTEX_POINT ( 'NONE', #942 ) ;
#1093 = ORIENTED_EDGE ( 'NONE', *, *, #1011, .F. ) ;
#1094 = LINE ( 'NONE', #1669, #1820 ) ;
#1095 = DIRECTION ( 'NONE',  ( 2.478176394252581634E-16, -1.000000000000000000, 0.000000000000000000 ) ) ;
#1096 = ADVANCED_FACE ( 'NONE', ( #330 ), #1697, .F. ) ;
#1097 = ORIENTED_EDGE ( 'NONE', *, *, #562, .F. ) ;
#1098 = CYLINDRICAL_SURFACE ( 'NONE', #1519, 1.599999999999997202 ) ;
#1099 = CARTESIAN_POINT ( 'NONE',  ( 12.99999999999999822, 30.50000000000000355, 7.525483399593911216 ) ) ;
#1100 = CARTESIAN_POINT ( 'NONE',  ( -40.40000000000000568, 35.39999999999998437, 3.000000000000000000 ) ) ;
#1101 = ORIENTED_EDGE ( 'NONE', *, *, #1581, .T. ) ;
#1102 = CARTESIAN_POINT ( 'NONE',  ( 43.10000000000002984, -42.10000000000000142, 4.899999999999999467 ) ) ;
#1103 = ADVANCED_FACE ( 'NONE', ( #2105, #736, #1525, #1132, #1155, #1104, #118, #1117, #2159, #916 ), #1906, .F. ) ;
#1104 = FACE_BOUND ( 'NONE', #1946, .T. ) ;
#1105 = DIRECTION ( 'NONE',  ( -0.000000000000000000, 0.000000000000000000, 1.000000000000000000 ) ) ;
#1106 = EDGE_LOOP ( 'NONE', ( #1747, #202, #749, #2210 ) ) ;
#1107 = VECTOR ( 'NONE', #674, 1000.000000000000000 ) ;
#1108 = PLANE ( 'NONE',  #2406 ) ;
#1109 = ADVANCED_FACE ( 'NONE', ( #157 ), #540, .F. ) ;
#1110 = AXIS2_PLACEMENT_3D ( 'NONE', #2488, #2302, #929 ) ;
#1111 = CARTESIAN_POINT ( 'NONE',  ( -50.50000000000002132, 48.50000000000000000, 3.000000000000000000 ) ) ;
#1112 = CIRCLE ( 'NONE', #230, 3.000000000000002665 ) ;
#1113 = CARTESIAN_POINT ( 'NONE',  ( -47.40000000000000568, 43.39999999999998437, 3.000000000000000000 ) ) ;
#1114 = VERTEX_POINT ( 'NONE', #1337 ) ;
#1115 = CARTESIAN_POINT ( 'NONE',  ( -47.39999999999999858, -35.39999999999999858, 4.899999999999999467 ) ) ;
#1116 = AXIS2_PLACEMENT_3D ( 'NONE', #2314, #2141, #139 ) ;
#1117 = FACE_BOUND ( 'NONE', #2196, .T. ) ;
#1118 = ORIENTED_EDGE ( 'NONE', *, *, #1578, .T. ) ;
#1119 = EDGE_CURVE ( 'NONE', #1114, #1615, #341, .T. ) ;
#1120 = CIRCLE ( 'NONE', #324, 3.000000000000002665 ) ;
#1121 = DIRECTION ( 'NONE',  ( -1.000000000000000000, 0.000000000000000000, 0.000000000000000000 ) ) ;
#1122 = DIRECTION ( 'NONE',  ( -1.000000000000000000, 0.000000000000000000, 0.000000000000000000 ) ) ;
#1123 = EDGE_LOOP ( 'NONE', ( #187, #1363, #1681, #1812, #67, #579, #2047, #376 ) ) ;
#1124 = CARTESIAN_POINT ( 'NONE',  ( -47.50000000000002132, 45.50000000000000000, 3.000000000000000000 ) ) ;
#1125 = EDGE_CURVE ( 'NONE', #2226, #664, #1286, .T. ) ;
#1126 = CARTESIAN_POINT ( 'NONE',  ( -11.40000000000000213, 12.50000000000000355, 0.000000000000000000 ) ) ;
#1127 = CARTESIAN_POINT ( 'NONE',  ( -50.50000000000002132, 48.50000000000000000, 1.000000000000014655 ) ) ;
#1128 = DIRECTION ( 'NONE',  ( -0.000000000000000000, -0.000000000000000000, -1.000000000000000000 ) ) ;
#1129 = ORIENTED_EDGE ( 'NONE', *, *, #1390, .T. ) ;
#1130 = EDGE_CURVE ( 'NONE', #219, #1344, #1863, .T. ) ;
#1131 = EDGE_LOOP ( 'NONE', ( #1509, #2053, #425, #1887, #119, #1339 ) ) ;
#1132 = FACE_BOUND ( 'NONE', #1828, .T. ) ;
#1133 = VERTEX_POINT ( 'NONE', #2503 ) ;
#1134 = CARTESIAN_POINT ( 'NONE',  ( -37.39999999999999147, -43.39999999999999858, 4.000000000000000000 ) ) ;
#1135 = EDGE_CURVE ( 'NONE', #2146, #1386, #1499, .T. ) ;
#1136 = ORIENTED_EDGE ( 'NONE', *, *, #751, .T. ) ;
#1137 = CARTESIAN_POINT ( 'NONE',  ( 45.39999999999999147, 35.39999999999998437, 4.000000000000000000 ) ) ;
#1138 = DIRECTION ( 'NONE',  ( 1.000000000000000000, 0.000000000000000000, 0.000000000000000000 ) ) ;
#1139 = DIRECTION ( 'NONE',  ( -1.000000000000000000, 0.000000000000000000, 0.000000000000000000 ) ) ;
#1140 = VERTEX_POINT ( 'NONE', #1346 ) ;
#1141 = ORIENTED_EDGE ( 'NONE', *, *, #1998, .F. ) ;
#1142 = DIRECTION ( 'NONE',  ( 2.478176394252581634E-16, 1.000000000000000000, 0.000000000000000000 ) ) ;
#1143 = ORIENTED_EDGE ( 'NONE', *, *, #541, .F. ) ;
#1144 = EDGE_CURVE ( 'NONE', #167, #487, #1944, .T. ) ;
#1145 = CIRCLE ( 'NONE', #1466, 1.599999999999997202 ) ;
#1146 = CARTESIAN_POINT ( 'NONE',  ( -46.35000000000001563, 42.10000000000000853, -1.734723475976807883E-15 ) ) ;
#1147 = CARTESIAN_POINT ( 'NONE',  ( 37.40000000000001279, -38.39999999999997726, 4.899999999999999467 ) ) ;
#1148 = ORIENTED_EDGE ( 'NONE', *, *, #122, .T. ) ;
#1149 = DIRECTION ( 'NONE',  ( -0.000000000000000000, -0.000000000000000000, 1.000000000000000000 ) ) ;
#1150 = PLANE ( 'NONE',  #2157 ) ;
#1151 = CARTESIAN_POINT ( 'NONE',  ( 43.10000000000002984, 42.10000000000000853, -1.734723475976807883E-15 ) ) ;
#1152 = AXIS2_PLACEMENT_3D ( 'NONE', #24, #815, #1392 ) ;
#1153 = ORIENTED_EDGE ( 'NONE', *, *, #676, .T. ) ;
#1154 = EDGE_LOOP ( 'NONE', ( #33, #1917, #1782, #777 ) ) ;
#1155 = FACE_BOUND ( 'NONE', #650, .T. ) ;
#1156 = ORIENTED_EDGE ( 'NONE', *, *, #40, .T. ) ;
#1157 = EDGE_CURVE ( 'NONE', #1597, #1977, #2568, .T. ) ;
#1158 = CIRCLE ( 'NONE', #2579, 3.000000000000002665 ) ;
#1159 = DIRECTION ( 'NONE',  ( -0.000000000000000000, -0.000000000000000000, -1.000000000000000000 ) ) ;
#1160 = CARTESIAN_POINT ( 'NONE',  ( -43.10000000000002274, 42.10000000000000853, -1.734723475976807883E-15 ) ) ;
#1161 = STYLED_ITEM ( 'NONE', ( #1022 ), #2005 ) ;
#1162 = AXIS2_PLACEMENT_3D ( 'NONE', #997, #1879, #1868 ) ;
#1163 = ORIENTED_EDGE ( 'NONE', *, *, #668, .F. ) ;
#1164 = FACE_OUTER_BOUND ( 'NONE', #1085, .T. ) ;
#1165 = VECTOR ( 'NONE', #615, 1000.000000000000000 ) ;
#1166 = EDGE_LOOP ( 'NONE', ( #570, #1491, #398, #372 ) ) ;
#1167 = CARTESIAN_POINT ( 'NONE',  ( 12.99999999999999467, 12.50000000000000355, 1.349999999999997868 ) ) ;
#1168 = LINE ( 'NONE', #126, #1598 ) ;
#1169 = EDGE_CURVE ( 'NONE', #952, #1024, #2112, .T. ) ;
#1170 = ORIENTED_EDGE ( 'NONE', *, *, #648, .F. ) ;
#1171 = DIRECTION ( 'NONE',  ( -1.000000000000000000, 0.000000000000000000, 0.000000000000000000 ) ) ;
#1172 = CARTESIAN_POINT ( 'NONE',  ( -9.000000000000003553, 14.39999999999998792, 3.000000000000000000 ) ) ;
#1173 = ORIENTED_EDGE ( 'NONE', *, *, #628, .F. ) ;
#1174 = VERTEX_POINT ( 'NONE', #368 ) ;
#1175 = LINE ( 'NONE', #162, #1357 ) ;
#1176 = CARTESIAN_POINT ( 'NONE',  ( 44.70000000000002416, -42.10000000000000142, 1.650000000000002132 ) ) ;
#1177 = CARTESIAN_POINT ( 'NONE',  ( 47.49999999999997868, 45.50000000000000000, 0.000000000000000000 ) ) ;
#1178 = EDGE_LOOP ( 'NONE', ( #756, #2385 ) ) ;
#1179 = CARTESIAN_POINT ( 'NONE',  ( -43.10000000000002274, 42.10000000000000853, 1.650000000000002132 ) ) ;
#1180 = DIRECTION ( 'NONE',  ( -0.000000000000000000, -0.000000000000000000, -1.000000000000000000 ) ) ;
#1181 = ORIENTED_EDGE ( 'NONE', *, *, #1125, .T. ) ;
#1182 = EDGE_CURVE ( 'NONE', #1218, #2382, #1371, .T. ) ;
#1183 = ORIENTED_EDGE ( 'NONE', *, *, #454, .T. ) ;
#1184 = CARTESIAN_POINT ( 'NONE',  ( 0.000000000000000000, 35.39999999999998437, 3.000000000000000000 ) ) ;
#1185 = ORIENTED_EDGE ( 'NONE', *, *, #2033, .F. ) ;
#1186 = DIRECTION ( 'NONE',  ( 0.000000000000000000, -0.000000000000000000, -1.000000000000000000 ) ) ;
#1187 = ORIENTED_EDGE ( 'NONE', *, *, #20, .T. ) ;
#1188 = ADVANCED_FACE ( 'NONE', ( #578 ), #652, .F. ) ;
#1189 = CARTESIAN_POINT ( 'NONE',  ( -41.50000000000002132, -42.10000000000000142, 4.899999999999999467 ) ) ;
#1190 = DIRECTION ( 'NONE',  ( -0.000000000000000000, -0.000000000000000000, -1.000000000000000000 ) ) ;
#1191 = VERTEX_POINT ( 'NONE', #1062 ) ;
#1192 = AXIS2_PLACEMENT_3D ( 'NONE', #1151, #1902, #2114 ) ;
#1193 = FACE_OUTER_BOUND ( 'NONE', #2164, .T. ) ;
#1194 = EDGE_LOOP ( 'NONE', ( #1225, #390, #612, #1568 ) ) ;
#1195 = ORIENTED_EDGE ( 'NONE', *, *, #1293, .F. ) ;
#1196 = FACE_OUTER_BOUND ( 'NONE', #2339, .T. ) ;
#1197 = VECTOR ( 'NONE', #1477, 1000.000000000000000 ) ;
#1198 = LINE ( 'NONE', #222, #1201 ) ;
#1199 = ADVANCED_FACE ( 'NONE', ( #243 ), #1086, .F. ) ;
#1200 = VERTEX_POINT ( 'NONE', #2087 ) ;
#1201 = VECTOR ( 'NONE', #1777, 1000.000000000000000 ) ;
#1202 = FACE_OUTER_BOUND ( 'NONE', #1123, .T. ) ;
#1203 = VECTOR ( 'NONE', #15, 1000.000000000000000 ) ;
#1204 = VECTOR ( 'NONE', #1642, 1000.000000000000000 ) ;
#1205 = DIRECTION ( 'NONE',  ( 1.000000000000000000, 0.000000000000000000, 0.000000000000000000 ) ) ;
#1206 = CARTESIAN_POINT ( 'NONE',  ( 11.39999999999999503, 30.50000000000000355, 0.000000000000000000 ) ) ;
#1207 = ADVANCED_FACE ( 'NONE', ( #2295 ), #1070, .T. ) ;
#1208 = VERTEX_POINT ( 'NONE', #505 ) ;
#1209 = LINE ( 'NONE', #392, #1203 ) ;
#1210 = EDGE_CURVE ( 'NONE', #1497, #464, #1694, .T. ) ;
#1211 = ORIENTED_EDGE ( 'NONE', *, *, #509, .F. ) ;
#1212 = CARTESIAN_POINT ( 'NONE',  ( 37.40000000000000568, 45.39999999999999147, 4.899999999999999467 ) ) ;
#1213 = ORIENTED_EDGE ( 'NONE', *, *, #1276, .F. ) ;
#1214 = CARTESIAN_POINT ( 'NONE',  ( 47.49999999999999289, -45.50000000000000000, 1.000000000000014655 ) ) ;
#1215 = ORIENTED_EDGE ( 'NONE', *, *, #1119, .T. ) ;
#1216 = LINE ( 'NONE', #38, #2118 ) ;
#1217 = DIRECTION ( 'NONE',  ( 0.000000000000000000, -1.000000000000000000, 0.000000000000000000 ) ) ;
#1218 = VERTEX_POINT ( 'NONE', #883 ) ;
#1219 = ORIENTED_EDGE ( 'NONE', *, *, #2392, .F. ) ;
#1220 = DIRECTION ( 'NONE',  ( 0.000000000000000000, -0.000000000000000000, -1.000000000000000000 ) ) ;
#1221 = CARTESIAN_POINT ( 'NONE',  ( 37.40000000000001990, -45.39999999999997726, 4.899999999999999467 ) ) ;
#1222 = ADVANCED_FACE ( 'NONE', ( #73 ), #1490, .F. ) ;
#1223 = PLANE ( 'NONE',  #1524 ) ;
#1224 = EDGE_CURVE ( 'NONE', #51, #1497, #2252, .T. ) ;
#1225 = ORIENTED_EDGE ( 'NONE', *, *, #1996, .T. ) ;
#1226 = DIRECTION ( 'NONE',  ( 0.000000000000000000, 0.000000000000000000, 1.000000000000000000 ) ) ;
#1227 = CARTESIAN_POINT ( 'NONE',  ( 9.000000000000003553, 14.39999999999998792, 3.000000000000000000 ) ) ;
#1228 =( GEOMETRIC_REPRESENTATION_CONTEXT ( 3 ) GLOBAL_UNCERTAINTY_ASSIGNED_CONTEXT ( ( #308 ) ) GLOBAL_UNIT_ASSIGNED_CONTEXT ( ( #2414, #2395, #1254 ) ) REPRESENTATION_CONTEXT ( 'NONE', 'WORKASPACE' ) );
#1229 = DIRECTION ( 'NONE',  ( 1.430699774001490481E-16, -1.000000000000000000, 0.000000000000000000 ) ) ;
#1230 = EDGE_CURVE ( 'NONE', #1880, #1092, #492, .T. ) ;
#1231 = CARTESIAN_POINT ( 'NONE',  ( -16.25000000000000000, 12.50000000000000355, 3.000000000000001776 ) ) ;
#1232 = VECTOR ( 'NONE', #1933, 1000.000000000000000 ) ;
#1233 = ORIENTED_EDGE ( 'NONE', *, *, #394, .F. ) ;
#1234 = VERTEX_POINT ( 'NONE', #1301 ) ;
#1235 = DIRECTION ( 'NONE',  ( -1.000000000000000000, 0.000000000000000000, -0.000000000000000000 ) ) ;
#1236 = DIRECTION ( 'NONE',  ( 0.000000000000000000, -0.000000000000000000, -1.000000000000000000 ) ) ;
#1237 = CONICAL_SURFACE ( 'NONE', #2574, 3.249999999999996003, 0.7853981633974467247 ) ;
#1238 = EDGE_CURVE ( 'NONE', #1486, #2003, #2058, .T. ) ;
#1239 = EDGE_LOOP ( 'NONE', ( #805, #1336 ) ) ;
#1240 = DIRECTION ( 'NONE',  ( 0.000000000000000000, 0.000000000000000000, 1.000000000000000000 ) ) ;
#1241 = EDGE_CURVE ( 'NONE', #624, #515, #2032, .T. ) ;
#1242 = AXIS2_PLACEMENT_3D ( 'NONE', #812, #2015, #1593 ) ;
#1243 = DIRECTION ( 'NONE',  ( 1.000000000000000000, 0.000000000000000000, 0.000000000000000000 ) ) ;
#1244 = FACE_OUTER_BOUND ( 'NONE', #1335, .T. ) ;
#1245 = AXIS2_PLACEMENT_3D ( 'NONE', #848, #302, #249 ) ;
#1246 = AXIS2_PLACEMENT_3D ( 'NONE', #556, #2137, #135 ) ;
#1247 = VECTOR ( 'NONE', #670, 1000.000000000000000 ) ;
#1248 = CARTESIAN_POINT ( 'NONE',  ( 41.50000000000002842, -42.10000000000000142, 4.899999999999999467 ) ) ;
#1249 = AXIS2_PLACEMENT_3D ( 'NONE', #1366, #189, #794 ) ;
#1250 = DIRECTION ( 'NONE',  ( 0.7071067811865479058, 8.659560562354937789E-17, -0.7071067811865471286 ) ) ;
#1251 = EDGE_CURVE ( 'NONE', #2430, #2487, #689, .T. ) ;
#1252 = ORIENTED_EDGE ( 'NONE', *, *, #2125, .T. ) ;
#1253 = ORIENTED_EDGE ( 'NONE', *, *, #751, .F. ) ;
#1254 =( NAMED_UNIT ( * ) SI_UNIT ( $, .STERADIAN. ) SOLID_ANGLE_UNIT ( ) );
#1255 = ORIENTED_EDGE ( 'NONE', *, *, #696, .T. ) ;
#1256 = CARTESIAN_POINT ( 'NONE',  ( -13.00000000000000178, 30.50000000000000355, 0.000000000000000000 ) ) ;
#1257 = CARTESIAN_POINT ( 'NONE',  ( -13.00000000000000178, 30.50000000000000355, 0.000000000000000000 ) ) ;
#1258 = CARTESIAN_POINT ( 'NONE',  ( -37.39999999999999858, -38.40000000000000568, 3.000000000000000000 ) ) ;
#1259 = DIRECTION ( 'NONE',  ( -0.000000000000000000, -0.000000000000000000, -1.000000000000000000 ) ) ;
#1260 = CARTESIAN_POINT ( 'NONE',  ( -49.49999999999999289, -45.50000000000000000, 0.000000000000000000 ) ) ;
#1261 = ORIENTED_EDGE ( 'NONE', *, *, #154, .T. ) ;
#1262 = ORIENTED_EDGE ( 'NONE', *, *, #2351, .F. ) ;
#1263 = CARTESIAN_POINT ( 'NONE',  ( -9.000000000000003553, 14.39999999999998792, -22.80350850198276547 ) ) ;
#1264 = DIRECTION ( 'NONE',  ( 0.000000000000000000, 0.000000000000000000, 1.000000000000000000 ) ) ;
#1265 = ORIENTED_EDGE ( 'NONE', *, *, #304, .T. ) ;
#1266 = PLANE ( 'NONE',  #1856 ) ;
#1267 = ADVANCED_FACE ( 'NONE', ( #2283 ), #1834, .F. ) ;
#1268 = CARTESIAN_POINT ( 'NONE',  ( 12.99999999999999822, 30.50000000000000355, 3.000000000000001776 ) ) ;
#1269 = EDGE_CURVE ( 'NONE', #1087, #2120, #2046, .T. ) ;
#1270 = ORIENTED_EDGE ( 'NONE', *, *, #882, .T. ) ;
#1271 = ORIENTED_EDGE ( 'NONE', *, *, #598, .F. ) ;
#1272 = CARTESIAN_POINT ( 'NONE',  ( -43.10000000000002274, 42.10000000000000853, 4.899999999999999467 ) ) ;
#1273 = AXIS2_PLACEMENT_3D ( 'NONE', #1543, #1296, #297 ) ;
#1274 = ORIENTED_EDGE ( 'NONE', *, *, #2478, .T. ) ;
#1275 = CARTESIAN_POINT ( 'NONE',  ( -47.50000000000002132, 45.50000000000000000, 1.000000000000014655 ) ) ;
#1276 = EDGE_CURVE ( 'NONE', #2514, #1821, #2457, .T. ) ;
#1277 = ORIENTED_EDGE ( 'NONE', *, *, #2393, .T. ) ;
#1278 = AXIS2_PLACEMENT_3D ( 'NONE', #2235, #655, #1243 ) ;
#1279 = DIRECTION ( 'NONE',  ( -1.000000000000000000, 0.000000000000000000, 0.000000000000000000 ) ) ;
#1280 = DIRECTION ( 'NONE',  ( -0.000000000000000000, -0.000000000000000000, 1.000000000000000000 ) ) ;
#1281 = AXIS2_PLACEMENT_3D ( 'NONE', #895, #924, #1279 ) ;
#1282 = CIRCLE ( 'NONE', #2153, 3.249999999999999556 ) ;
#1283 = CIRCLE ( 'NONE', #956, 3.249999999999999556 ) ;
#1284 = CARTESIAN_POINT ( 'NONE',  ( -47.50000000000000711, -45.50000000000000000, 1.000000000000014655 ) ) ;
#1285 = CIRCLE ( 'NONE', #665, 3.249999999999996003 ) ;
#1286 = CIRCLE ( 'NONE', #239, 3.249999999999999556 ) ;
#1287 = ORIENTED_EDGE ( 'NONE', *, *, #184, .T. ) ;
#1288 = ORIENTED_EDGE ( 'NONE', *, *, #28, .F. ) ;
#1289 = CONICAL_SURFACE ( 'NONE', #1947, 3.249999999999999556, 0.7853981633974472798 ) ;
#1290 = LINE ( 'NONE', #2354, #1733 ) ;
#1291 = DIRECTION ( 'NONE',  ( 1.000000000000000000, 0.000000000000000000, 0.000000000000000000 ) ) ;
#1292 = ORIENTED_EDGE ( 'NONE', *, *, #2329, .F. ) ;
#1293 = EDGE_CURVE ( 'NONE', #2312, #1469, #864, .T. ) ;
#1294 = DIRECTION ( 'NONE',  ( 1.000000000000000000, 0.000000000000000000, 0.000000000000000000 ) ) ;
#1295 = FACE_OUTER_BOUND ( 'NONE', #692, .T. ) ;
#1296 = DIRECTION ( 'NONE',  ( -0.000000000000000000, -0.000000000000000000, -1.000000000000000000 ) ) ;
#1297 = ORIENTED_EDGE ( 'NONE', *, *, #696, .F. ) ;
#1298 = DIRECTION ( 'NONE',  ( 0.7071067811865464625, 8.659560562354920532E-17, -0.7071067811865486830 ) ) ;
#1299 = CARTESIAN_POINT ( 'NONE',  ( 14.59999999999999609, 12.50000000000000355, 0.000000000000000000 ) ) ;
#1300 = ADVANCED_FACE ( 'NONE', ( #1881 ), #2115, .F. ) ;
#1301 = CARTESIAN_POINT ( 'NONE',  ( -41.50000000000002132, 42.10000000000000853, 4.899999999999999467 ) ) ;
#1302 = VERTEX_POINT ( 'NONE', #453 ) ;
#1303 = CARTESIAN_POINT ( 'NONE',  ( -47.39999999999999147, -45.40000000000000568, 3.000000000000000000 ) ) ;
#1304 = DIRECTION ( 'NONE',  ( -0.000000000000000000, -0.000000000000000000, 1.000000000000000000 ) ) ;
#1305 = DIRECTION ( 'NONE',  ( -1.000000000000000000, -0.000000000000000000, -0.000000000000000000 ) ) ;
#1306 = EDGE_CURVE ( 'NONE', #558, #1026, #1326, .T. ) ;
#1307 = ORIENTED_EDGE ( 'NONE', *, *, #37, .T. ) ;
#1308 = DIRECTION ( 'NONE',  ( -0.000000000000000000, -0.000000000000000000, -1.000000000000000000 ) ) ;
#1309 = DIRECTION ( 'NONE',  ( 0.000000000000000000, -0.000000000000000000, -1.000000000000000000 ) ) ;
#1310 = DIRECTION ( 'NONE',  ( -1.000000000000000000, 0.000000000000000000, 0.000000000000000000 ) ) ;
#1311 = EDGE_CURVE ( 'NONE', #1670, #18, #957, .T. ) ;
#1312 = ORIENTED_EDGE ( 'NONE', *, *, #788, .F. ) ;
#1313 = AXIS2_PLACEMENT_3D ( 'NONE', #1625, #1259, #886 ) ;
#1314 = CARTESIAN_POINT ( 'NONE',  ( -9.750000000000001776, 30.50000000000000355, 3.000000000000001776 ) ) ;
#1315 = EDGE_CURVE ( 'NONE', #2039, #216, #2316, .T. ) ;
#1316 = CYLINDRICAL_SURFACE ( 'NONE', #1246, 3.000000000000002665 ) ;
#1317 = AXIS2_PLACEMENT_3D ( 'NONE', #729, #1739, #1516 ) ;
#1318 = CARTESIAN_POINT ( 'NONE',  ( 37.40000000000001990, -45.39999999999997726, 4.899999999999999467 ) ) ;
#1319 = CONICAL_SURFACE ( 'NONE', #569, 3.249999999999996003, 0.7853981633974467247 ) ;
#1320 = EDGE_LOOP ( 'NONE', ( #2213, #606, #306, #393 ) ) ;
#1321 = FACE_OUTER_BOUND ( 'NONE', #491, .T. ) ;
#1322 = ADVANCED_FACE ( 'NONE', ( #563 ), #932, .T. ) ;
#1323 = CARTESIAN_POINT ( 'NONE',  ( -50.50000000000000711, -45.49999999999997158, 3.000000000000000000 ) ) ;
#1324 = ORIENTED_EDGE ( 'NONE', *, *, #549, .F. ) ;
#1325 = PRESENTATION_LAYER_ASSIGNMENT (  '', '', ( #1161 ) ) ;
#1326 = CIRCLE ( 'NONE', #197, 1.600000000000002531 ) ;
#1327 = CARTESIAN_POINT ( 'NONE',  ( -40.40000000000000568, 38.39999999999999147, 3.000000000000000000 ) ) ;
#1328 = LINE ( 'NONE', #131, #2322 ) ;
#1329 = ORIENTED_EDGE ( 'NONE', *, *, #2437, .T. ) ;
#1330 = DIRECTION ( 'NONE',  ( -6.938893903907246127E-16, -1.000000000000000000, -0.000000000000000000 ) ) ;
#1331 = EDGE_CURVE ( 'NONE', #1839, #2301, #533, .T. ) ;
#1332 = DIRECTION ( 'NONE',  ( 0.000000000000000000, -0.000000000000000000, -1.000000000000000000 ) ) ;
#1333 = DIRECTION ( 'NONE',  ( -1.000000000000000000, 0.000000000000000000, 0.000000000000000000 ) ) ;
#1334 = FACE_BOUND ( 'NONE', #329, .T. ) ;
#1335 = EDGE_LOOP ( 'NONE', ( #1255, #2352, #2426, #2306 ) ) ;
#1336 = ORIENTED_EDGE ( 'NONE', *, *, #1241, .F. ) ;
#1337 = CARTESIAN_POINT ( 'NONE',  ( -9.000000000000003553, 14.39999999999998792, 0.000000000000000000 ) ) ;
#1338 = CARTESIAN_POINT ( 'NONE',  ( -47.40000000000000568, -45.39999999999997726, 4.899999999999999467 ) ) ;
#1339 = ORIENTED_EDGE ( 'NONE', *, *, #2541, .F. ) ;
#1340 = DIRECTION ( 'NONE',  ( 0.000000000000000000, -0.000000000000000000, 1.000000000000000000 ) ) ;
#1341 = LINE ( 'NONE', #2349, #494 ) ;
#1342 = DIRECTION ( 'NONE',  ( 0.000000000000000000, 0.000000000000000000, -1.000000000000000000 ) ) ;
#1343 = EDGE_CURVE ( 'NONE', #1302, #979, #552, .T. ) ;
#1344 = VERTEX_POINT ( 'NONE', #1146 ) ;
#1345 = EDGE_LOOP ( 'NONE', ( #2438, #969, #1101, #813 ) ) ;
#1346 = CARTESIAN_POINT ( 'NONE',  ( 40.40000000000000568, 35.39999999999998437, 4.899999999999999467 ) ) ;
#1347 = DIRECTION ( 'NONE',  ( -1.000000000000000000, 0.000000000000000000, 0.000000000000000000 ) ) ;
#1348 = EDGE_LOOP ( 'NONE', ( #1215, #280, #2390, #2565 ) ) ;
#1349 = DIRECTION ( 'NONE',  ( 1.000000000000000000, -0.000000000000000000, 0.000000000000000000 ) ) ;
#1350 = EDGE_CURVE ( 'NONE', #2097, #464, #542, .T. ) ;
#1351 = VECTOR ( 'NONE', #726, 999.9999999999998863 ) ;
#1352 = VECTOR ( 'NONE', #1712, 1000.000000000000000 ) ;
#1353 = DIRECTION ( 'NONE',  ( -2.081668171172168119E-15, 1.000000000000000000, 0.000000000000000000 ) ) ;
#1354 = CARTESIAN_POINT ( 'NONE',  ( 39.85000000000002274, -42.10000000000000142, -1.734723475976807883E-15 ) ) ;
#1355 = CLOSED_SHELL ( 'NONE', ( #947, #2372, #1300, #1845, #2359, #1571, #725, #1925, #78, #278, #497, #2400, #976, #1531, #534, #2472, #1103, #371, #1804, #2192, #941, #1500, #2184, #1322, #641, #1586, #142, #2284, #484, #740, #1924, #927, #1267, #1860, #1658, #1090, #1109, #983, #975, #1882, #910, #316, #337, #1689, #522, #683, #340, #2556, #1969, #1825, #2547, #1222, #346, #605, #2142, #1207, #1692, #671, #2205, #960, #1452, #733, #204, #613, #1910, #1958, #746, #1018, #1096, #1720, #1188, #584, #2278, #2161, #2238, #2311, #2064, #1728, #474, #1374, #2049, #860, #1199 ) ) ;
#1356 = VERTEX_POINT ( 'NONE', #526 ) ;
#1357 = VECTOR ( 'NONE', #322, 999.9999999999998863 ) ;
#1358 = CARTESIAN_POINT ( 'NONE',  ( -40.40000000000000568, 38.39999999999999147, 4.899999999999999467 ) ) ;
#1359 = DIRECTION ( 'NONE',  ( -0.000000000000000000, 0.000000000000000000, 1.000000000000000000 ) ) ;
#1360 = VECTOR ( 'NONE', #1957, 1000.000000000000000 ) ;
#1361 = AXIS2_PLACEMENT_3D ( 'NONE', #2344, #2529, #1122 ) ;
#1362 = VECTOR ( 'NONE', #240, 1000.000000000000000 ) ;
#1363 = ORIENTED_EDGE ( 'NONE', *, *, #442, .T. ) ;
#1364 = CARTESIAN_POINT ( 'NONE',  ( 45.39999999999999858, -35.39999999999997016, 4.000000000000000000 ) ) ;
#1365 = EDGE_CURVE ( 'NONE', #931, #1486, #1567, .T. ) ;
#1366 = CARTESIAN_POINT ( 'NONE',  ( 12.99999999999999822, 30.50000000000000355, 3.000000000000001776 ) ) ;
#1367 = CARTESIAN_POINT ( 'NONE',  ( 47.49999999999999289, -48.50000000000000000, 3.000000000000000000 ) ) ;
#1368 = ORIENTED_EDGE ( 'NONE', *, *, #2091, .T. ) ;
#1369 = CARTESIAN_POINT ( 'NONE',  ( -47.50000000000000711, -45.50000000000000000, 3.000000000000000000 ) ) ;
#1370 = CARTESIAN_POINT ( 'NONE',  ( 47.40000000000001279, -35.39999999999997016, 4.899999999999999467 ) ) ;
#1371 = LINE ( 'NONE', #1172, #742 ) ;
#1372 = EDGE_LOOP ( 'NONE', ( #1408, #718, #1742, #1253 ) ) ;
#1373 = LINE ( 'NONE', #1421, #1899 ) ;
#1374 = ADVANCED_FACE ( 'NONE', ( #355 ), #2144, .F. ) ;
#1375 = ORIENTED_EDGE ( 'NONE', *, *, #2512, .F. ) ;
#1376 = DIRECTION ( 'NONE',  ( -0.000000000000000000, -0.000000000000000000, -1.000000000000000000 ) ) ;
#1377 = EDGE_LOOP ( 'NONE', ( #2263, #2016, #1877, #861, #755, #1627, #2103, #2233 ) ) ;
#1378 = CARTESIAN_POINT ( 'NONE',  ( 9.000000000000000000, 28.39999999999998792, -22.80350850198276547 ) ) ;
#1379 = CARTESIAN_POINT ( 'NONE',  ( 14.59999999999999964, 30.50000000000000355, 7.525483399593911216 ) ) ;
#1380 = ORIENTED_EDGE ( 'NONE', *, *, #1581, .F. ) ;
#1381 = LINE ( 'NONE', #1248, #878 ) ;
#1382 = VERTEX_POINT ( 'NONE', #2504 ) ;
#1383 = ORIENTED_EDGE ( 'NONE', *, *, #2507, .T. ) ;
#1384 = CARTESIAN_POINT ( 'NONE',  ( 47.49999999999999289, -45.50000000000000000, 0.000000000000000000 ) ) ;
#1385 = LINE ( 'NONE', #1184, #2250 ) ;
#1386 = VERTEX_POINT ( 'NONE', #2527 ) ;
#1387 = CARTESIAN_POINT ( 'NONE',  ( -47.50000000000000711, -48.50000000000000000, 3.000000000000000000 ) ) ;
#1388 = EDGE_CURVE ( 'NONE', #785, #2009, #1120, .T. ) ;
#1389 = ORIENTED_EDGE ( 'NONE', *, *, #2134, .T. ) ;
#1390 = EDGE_CURVE ( 'NONE', #580, #979, #666, .T. ) ;
#1391 = DIRECTION ( 'NONE',  ( -0.000000000000000000, -0.000000000000000000, -1.000000000000000000 ) ) ;
#1392 = DIRECTION ( 'NONE',  ( -1.528390727732869855E-16, 1.000000000000000000, 0.000000000000000000 ) ) ;
#1393 = ORIENTED_EDGE ( 'NONE', *, *, #45, .T. ) ;
#1394 = VECTOR ( 'NONE', #1965, 1000.000000000000000 ) ;
#1395 = DIRECTION ( 'NONE',  ( -0.000000000000000000, -0.000000000000000000, -1.000000000000000000 ) ) ;
#1396 = EDGE_CURVE ( 'NONE', #2281, #764, #1708, .T. ) ;
#1397 = ORIENTED_EDGE ( 'NONE', *, *, #2297, .F. ) ;
#1398 = AXIS2_PLACEMENT_3D ( 'NONE', #1179, #640, #1943 ) ;
#1399 = DIRECTION ( 'NONE',  ( -1.000000000000000000, 0.000000000000000000, -0.000000000000000000 ) ) ;
#1400 = VERTEX_POINT ( 'NONE', #739 ) ;
#1401 = AXIS2_PLACEMENT_3D ( 'NONE', #1603, #182, #583 ) ;
#1402 = DIRECTION ( 'NONE',  ( -0.000000000000000000, 0.000000000000000000, 1.000000000000000000 ) ) ;
#1403 = AXIS2_PLACEMENT_3D ( 'NONE', #2445, #2468, #851 ) ;
#1404 = DIRECTION ( 'NONE',  ( -0.000000000000000000, -0.000000000000000000, 1.000000000000000000 ) ) ;
#1405 = LINE ( 'NONE', #12, #2145 ) ;
#1406 = ORIENTED_EDGE ( 'NONE', *, *, #1331, .T. ) ;
#1407 = EDGE_CURVE ( 'NONE', #1705, #1577, #1736, .T. ) ;
#1408 = ORIENTED_EDGE ( 'NONE', *, *, #1551, .T. ) ;
#1409 = EDGE_LOOP ( 'NONE', ( #2501, #1277, #1153, #1521 ) ) ;
#1410 = DIRECTION ( 'NONE',  ( 0.000000000000000000, 0.000000000000000000, 1.000000000000000000 ) ) ;
#1411 = LINE ( 'NONE', #1591, #2111 ) ;
#1412 = ORIENTED_EDGE ( 'NONE', *, *, #1485, .F. ) ;
#1413 = CARTESIAN_POINT ( 'NONE',  ( -45.40000000000000568, -35.39999999999999858, 3.000000000000000000 ) ) ;
#1414 = CARTESIAN_POINT ( 'NONE',  ( -50.50000000000002132, 48.50000000000000000, 3.000000000000000000 ) ) ;
#1415 = CARTESIAN_POINT ( 'NONE',  ( 40.40000000000001279, -38.39999999999997726, 4.899999999999999467 ) ) ;
#1416 = DIRECTION ( 'NONE',  ( 0.000000000000000000, 0.000000000000000000, 1.000000000000000000 ) ) ;
#1417 = EDGE_CURVE ( 'NONE', #51, #539, #143, .T. ) ;
#1418 = ORIENTED_EDGE ( 'NONE', *, *, #2014, .T. ) ;
#1419 = ORIENTED_EDGE ( 'NONE', *, *, #2051, .T. ) ;
#1420 = CARTESIAN_POINT ( 'NONE',  ( -50.50000000000000711, -48.50000000000000000, 3.000000000000000000 ) ) ;
#1421 = CARTESIAN_POINT ( 'NONE',  ( -50.50000000000000711, -45.50000000000000000, 1.000000000000014655 ) ) ;
#1422 = EDGE_LOOP ( 'NONE', ( #137, #342, #2208, #1195 ) ) ;
#1423 = DIRECTION ( 'NONE',  ( -0.000000000000000000, -0.000000000000000000, -1.000000000000000000 ) ) ;
#1424 = EDGE_CURVE ( 'NONE', #2065, #524, #2121, .T. ) ;
#1425 = DIRECTION ( 'NONE',  ( 0.000000000000000000, 0.000000000000000000, 1.000000000000000000 ) ) ;
#1426 = CYLINDRICAL_SURFACE ( 'NONE', #1928, 1.599999999999997202 ) ;
#1427 = AXIS2_PLACEMENT_3D ( 'NONE', #2201, #1410, #220 ) ;
#1428 = CARTESIAN_POINT ( 'NONE',  ( -44.70000000000001705, 42.10000000000000853, 1.650000000000002132 ) ) ;
#1429 = LINE ( 'NONE', #660, #619 ) ;
#1430 = EDGE_LOOP ( 'NONE', ( #2286, #416, #2465, #2365 ) ) ;
#1431 = CONICAL_SURFACE ( 'NONE', #312, 3.249999999999999556, 0.7853981633974472798 ) ;
#1432 = EDGE_LOOP ( 'NONE', ( #773, #2371, #1023, #1746 ) ) ;
#1433 = DIRECTION ( 'NONE',  ( 1.000000000000000000, 0.000000000000000000, 0.000000000000000000 ) ) ;
#1434 = LINE ( 'NONE', #2441, #1002 ) ;
#1435 = CIRCLE ( 'NONE', #314, 3.000000000000002665 ) ;
#1436 = ORIENTED_EDGE ( 'NONE', *, *, #1276, .T. ) ;
#1437 = EDGE_CURVE ( 'NONE', #410, #877, #1538, .T. ) ;
#1438 = AXIS2_PLACEMENT_3D ( 'NONE', #2519, #2321, #1340 ) ;
#1439 = DIRECTION ( 'NONE',  ( 1.000000000000000000, 0.000000000000000000, 0.000000000000000000 ) ) ;
#1440 = DIRECTION ( 'NONE',  ( 1.000000000000000000, 0.000000000000000000, 0.000000000000000000 ) ) ;
#1441 = AXIS2_PLACEMENT_3D ( 'NONE', #1618, #171, #2174 ) ;
#1442 = CARTESIAN_POINT ( 'NONE',  ( 41.50000000000002842, 42.10000000000000853, 4.899999999999999467 ) ) ;
#1443 = AXIS2_PLACEMENT_3D ( 'NONE', #1212, #2011, #1050 ) ;
#1444 = VECTOR ( 'NONE', #1473, 1000.000000000000000 ) ;
#1445 = DIRECTION ( 'NONE',  ( 0.000000000000000000, 0.000000000000000000, 1.000000000000000000 ) ) ;
#1446 = DIRECTION ( 'NONE',  ( -0.000000000000000000, -0.000000000000000000, -1.000000000000000000 ) ) ;
#1447 = EDGE_CURVE ( 'NONE', #459, #253, #2557, .T. ) ;
#1448 = ORIENTED_EDGE ( 'NONE', *, *, #2500, .F. ) ;
#1449 = ORIENTED_EDGE ( 'NONE', *, *, #2469, .F. ) ;
#1450 = FACE_OUTER_BOUND ( 'NONE', #2173, .T. ) ;
#1451 = DIRECTION ( 'NONE',  ( 0.000000000000000000, 0.000000000000000000, -1.000000000000000000 ) ) ;
#1452 = ADVANCED_FACE ( 'NONE', ( #717 ), #1501, .T. ) ;
#1453 = ORIENTED_EDGE ( 'NONE', *, *, #1915, .F. ) ;
#1454 = DIRECTION ( 'NONE',  ( -0.000000000000000000, 1.000000000000000000, 0.000000000000000000 ) ) ;
#1455 = FACE_OUTER_BOUND ( 'NONE', #2531, .T. ) ;
#1456 = DIRECTION ( 'NONE',  ( 0.000000000000000000, -0.000000000000000000, -1.000000000000000000 ) ) ;
#1457 = DIRECTION ( 'NONE',  ( 0.000000000000000000, -0.000000000000000000, -1.000000000000000000 ) ) ;
#1458 = ORIENTED_EDGE ( 'NONE', *, *, #1293, .T. ) ;
#1459 = EDGE_LOOP ( 'NONE', ( #1574, #1156, #2583, #635 ) ) ;
#1460 = EDGE_CURVE ( 'NONE', #333, #1497, #120, .T. ) ;
#1461 = EDGE_LOOP ( 'NONE', ( #1997, #1778 ) ) ;
#1462 = DIRECTION ( 'NONE',  ( -1.000000000000000000, 0.000000000000000000, 0.000000000000000000 ) ) ;
#1463 = ORIENTED_EDGE ( 'NONE', *, *, #1059, .F. ) ;
#1464 = LINE ( 'NONE', #479, #1939 ) ;
#1465 = FACE_OUTER_BOUND ( 'NONE', #1541, .T. ) ;
#1466 = AXIS2_PLACEMENT_3D ( 'NONE', #594, #52, #1433 ) ;
#1467 = CARTESIAN_POINT ( 'NONE',  ( 50.49999999999999289, -45.50000000000000000, 1.000000000000014655 ) ) ;
#1468 = CARTESIAN_POINT ( 'NONE',  ( -14.60000000000000320, 12.50000000000000355, 7.525483399593911216 ) ) ;
#1469 = VERTEX_POINT ( 'NONE', #762 ) ;
#1470 = ORIENTED_EDGE ( 'NONE', *, *, #936, .F. ) ;
#1471 = DIRECTION ( 'NONE',  ( -1.000000000000000000, 0.000000000000000000, 0.000000000000000000 ) ) ;
#1472 = PRODUCT_RELATED_PRODUCT_CATEGORY ( 'part', '', ( #2128 ) ) ;
#1473 = DIRECTION ( 'NONE',  ( -0.000000000000000000, -0.000000000000000000, 1.000000000000000000 ) ) ;
#1474 = CONICAL_SURFACE ( 'NONE', #1936, 1.999999999999988010, 0.7853981633974469467 ) ;
#1475 = ORIENTED_EDGE ( 'NONE', *, *, #103, .F. ) ;
#1476 = CIRCLE ( 'NONE', #356, 1.599999999999998979 ) ;
#1477 = DIRECTION ( 'NONE',  ( 1.000000000000000000, 0.000000000000000000, 0.000000000000000000 ) ) ;
#1478 = DIRECTION ( 'NONE',  ( 0.000000000000000000, -0.000000000000000000, 1.000000000000000000 ) ) ;
#1479 = AXIS2_PLACEMENT_3D ( 'NONE', #2552, #1226, #576 ) ;
#1480 = CIRCLE ( 'NONE', #568, 1.599999999999998979 ) ;
#1481 = AXIS2_PLACEMENT_3D ( 'NONE', #1256, #1632, #251 ) ;
#1482 = DIRECTION ( 'NONE',  ( -0.000000000000000000, -0.000000000000000000, 1.000000000000000000 ) ) ;
#1483 = AXIS2_PLACEMENT_3D ( 'NONE', #2436, #1482, #1077 ) ;
#1484 = AXIS2_PLACEMENT_3D ( 'NONE', #2085, #2466, #2043 ) ;
#1485 = EDGE_CURVE ( 'NONE', #1302, #1695, #2399, .T. ) ;
#1486 = VERTEX_POINT ( 'NONE', #1100 ) ;
#1487 = ORIENTED_EDGE ( 'NONE', *, *, #2076, .F. ) ;
#1488 = CIRCLE ( 'NONE', #325, 1.599999999999998979 ) ;
#1489 = CARTESIAN_POINT ( 'NONE',  ( -40.39999999999999858, -38.40000000000000568, 4.899999999999999467 ) ) ;
#1490 = PLANE ( 'NONE',  #150 ) ;
#1491 = ORIENTED_EDGE ( 'NONE', *, *, #385, .T. ) ;
#1492 = CARTESIAN_POINT ( 'NONE',  ( -9.000000000000000000, 28.39999999999998792, -22.80350850198276547 ) ) ;
#1493 = FACE_OUTER_BOUND ( 'NONE', #1684, .T. ) ;
#1494 = CARTESIAN_POINT ( 'NONE',  ( 40.40000000000000568, 35.39999999999998437, 4.899999999999999467 ) ) ;
#1495 = FACE_BOUND ( 'NONE', #903, .T. ) ;
#1496 = ORIENTED_EDGE ( 'NONE', *, *, #1717, .T. ) ;
#1497 = VERTEX_POINT ( 'NONE', #98 ) ;
#1498 = EDGE_CURVE ( 'NONE', #1140, #859, #2498, .T. ) ;
#1499 = LINE ( 'NONE', #2341, #2582 ) ;
#1500 = ADVANCED_FACE ( 'NONE', ( #113 ), #1507, .T. ) ;
#1501 = CYLINDRICAL_SURFACE ( 'NONE', #690, 3.000000000000002665 ) ;
#1502 = CARTESIAN_POINT ( 'NONE',  ( -13.00000000000000178, 30.50000000000000355, 7.525483399593911216 ) ) ;
#1503 = EDGE_LOOP ( 'NONE', ( #140, #1749, #1071, #2271, #1878, #599 ) ) ;
#1504 = CARTESIAN_POINT ( 'NONE',  ( -47.50000000000002132, 48.50000000000000000, 3.000000000000000000 ) ) ;
#1505 = EDGE_CURVE ( 'NONE', #1539, #422, #873, .T. ) ;
#1506 = DIRECTION ( 'NONE',  ( 1.000000000000000000, 1.430699774001490481E-16, -0.000000000000000000 ) ) ;
#1507 = PLANE ( 'NONE',  #1808 ) ;
#1508 = DIRECTION ( 'NONE',  ( 0.000000000000000000, 0.000000000000000000, -1.000000000000000000 ) ) ;
#1509 = ORIENTED_EDGE ( 'NONE', *, *, #760, .F. ) ;
#1510 = CARTESIAN_POINT ( 'NONE',  ( 37.40000000000002700, -43.39999999999999858, 4.000000000000000000 ) ) ;
#1511 = DIRECTION ( 'NONE',  ( -1.000000000000000000, 0.000000000000000000, 0.000000000000000000 ) ) ;
#1512 = CARTESIAN_POINT ( 'NONE',  ( -0.000000000000000000, 47.49999999999998579, 0.000000000000000000 ) ) ;
#1513 = CARTESIAN_POINT ( 'NONE',  ( 0.000000000000000000, -35.39999999999997016, 3.000000000000000000 ) ) ;
#1514 = ORIENTED_EDGE ( 'NONE', *, *, #163, .T. ) ;
#1515 = AXIS2_PLACEMENT_3D ( 'NONE', #713, #721, #2300 ) ;
#1516 = DIRECTION ( 'NONE',  ( -1.000000000000000000, 0.000000000000000000, 0.000000000000000000 ) ) ;
#1517 = VECTOR ( 'NONE', #1298, 1000.000000000000000 ) ;
#1518 = CARTESIAN_POINT ( 'NONE',  ( -47.50000000000000711, -48.50000000000000000, 1.000000000000014655 ) ) ;
#1519 = AXIS2_PLACEMENT_3D ( 'NONE', #693, #2506, #719 ) ;
#1520 = LINE ( 'NONE', #2522, #732 ) ;
#1521 = ORIENTED_EDGE ( 'NONE', *, *, #658, .T. ) ;
#1522 = EDGE_LOOP ( 'NONE', ( #1851, #2093, #1262, #734, #2589, #645 ) ) ;
#1523 = EDGE_CURVE ( 'NONE', #638, #1839, #470, .T. ) ;
#1524 = AXIS2_PLACEMENT_3D ( 'NONE', #2000, #1619, #2570 ) ;
#1525 = FACE_BOUND ( 'NONE', #1461, .T. ) ;
#1526 = CONICAL_SURFACE ( 'NONE', #745, 1.999999999999988010, 0.7853981633974469467 ) ;
#1527 = DIRECTION ( 'NONE',  ( 1.000000000000000000, 0.000000000000000000, 0.000000000000000000 ) ) ;
#1528 = LINE ( 'NONE', #1513, #1858 ) ;
#1529 = VERTEX_POINT ( 'NONE', #2092 ) ;
#1530 = DIRECTION ( 'NONE',  ( 0.000000000000000000, 0.000000000000000000, -1.000000000000000000 ) ) ;
#1531 = ADVANCED_FACE ( 'NONE', ( #2038 ), #246, .F. ) ;
#1532 = DIRECTION ( 'NONE',  ( 1.000000000000000000, 0.000000000000000000, 0.000000000000000000 ) ) ;
#1533 = FACE_BOUND ( 'NONE', #845, .T. ) ;
#1534 = ORIENTED_EDGE ( 'NONE', *, *, #2096, .F. ) ;
#1535 = DIRECTION ( 'NONE',  ( 1.000000000000000000, 0.000000000000000000, 0.000000000000000000 ) ) ;
#1536 = PLANE ( 'NONE',  #1983 ) ;
#1537 = EDGE_CURVE ( 'NONE', #2097, #51, #865, .T. ) ;
#1538 = LINE ( 'NONE', #1893, #948 ) ;
#1539 = VERTEX_POINT ( 'NONE', #1838 ) ;
#1540 = DIRECTION ( 'NONE',  ( 1.000000000000000000, -0.000000000000000000, 0.000000000000000000 ) ) ;
#1541 = EDGE_LOOP ( 'NONE', ( #1866, #2230, #1888, #1003, #2279, #1093, #2476, #1009 ) ) ;
#1542 = DIRECTION ( 'NONE',  ( 1.000000000000000000, 0.000000000000000000, 0.000000000000000000 ) ) ;
#1543 = CARTESIAN_POINT ( 'NONE',  ( -43.10000000000002274, -42.10000000000000142, 1.650000000000002132 ) ) ;
#1544 = PLANE ( 'NONE',  #1515 ) ;
#1545 = ORIENTED_EDGE ( 'NONE', *, *, #1498, .F. ) ;
#1546 = DIRECTION ( 'NONE',  ( -0.000000000000000000, 0.000000000000000000, 1.000000000000000000 ) ) ;
#1547 = DIRECTION ( 'NONE',  ( 0.000000000000000000, 1.000000000000000000, 0.000000000000000000 ) ) ;
#1548 = LINE ( 'NONE', #332, #489 ) ;
#1549 = ORIENTED_EDGE ( 'NONE', *, *, #1125, .F. ) ;
#1550 = DIRECTION ( 'NONE',  ( -1.000000000000000000, 0.000000000000000000, -0.000000000000000000 ) ) ;
#1551 = EDGE_CURVE ( 'NONE', #91, #164, #1679, .T. ) ;
#1552 = AXIS2_PLACEMENT_3D ( 'NONE', #1585, #430, #2180 ) ;
#1553 = FACE_OUTER_BOUND ( 'NONE', #380, .T. ) ;
#1554 = DIRECTION ( 'NONE',  ( 0.000000000000000000, 1.000000000000000000, 0.000000000000000000 ) ) ;
#1555 = VECTOR ( 'NONE', #2540, 1000.000000000000000 ) ;
#1556 = ORIENTED_EDGE ( 'NONE', *, *, #407, .T. ) ;
#1557 = VECTOR ( 'NONE', #2109, 1000.000000000000000 ) ;
#1558 = DIRECTION ( 'NONE',  ( -1.000000000000000000, 0.000000000000000000, 0.000000000000000000 ) ) ;
#1559 = CARTESIAN_POINT ( 'NONE',  ( 37.40000000000001990, -43.39999999999999858, 3.000000000000000000 ) ) ;
#1560 = CARTESIAN_POINT ( 'NONE',  ( -47.39999999999999858, -35.39999999999999858, 4.899999999999999467 ) ) ;
#1561 = EDGE_CURVE ( 'NONE', #266, #1670, #1091, .T. ) ;
#1562 = CONICAL_SURFACE ( 'NONE', #2027, 3.249999999999996003, 0.7853981633974467247 ) ;
#1563 = EDGE_CURVE ( 'NONE', #664, #2226, #21, .T. ) ;
#1564 = AXIS2_PLACEMENT_3D ( 'NONE', #261, #2479, #69 ) ;
#1565 = DIRECTION ( 'NONE',  ( 0.000000000000000000, 0.7071067811865474617, -0.7071067811865474617 ) ) ;
#1566 = CARTESIAN_POINT ( 'NONE',  ( 49.49999999999997868, -45.50000000000000000, 0.000000000000000000 ) ) ;
#1567 = CIRCLE ( 'NONE', #793, 3.000000000000002665 ) ;
#1568 = ORIENTED_EDGE ( 'NONE', *, *, #1523, .F. ) ;
#1569 = DIRECTION ( 'NONE',  ( 1.000000000000000000, 0.000000000000000000, 0.000000000000000000 ) ) ;
#1570 = AXIS2_PLACEMENT_3D ( 'NONE', #2018, #841, #2402 ) ;
#1571 = ADVANCED_FACE ( 'NONE', ( #483 ), #2475, .F. ) ;
#1572 = DIRECTION ( 'NONE',  ( -0.000000000000000000, -0.000000000000000000, 1.000000000000000000 ) ) ;
#1573 = CARTESIAN_POINT ( 'NONE',  ( -47.50000000000002132, 45.50000000000000000, 0.000000000000000000 ) ) ;
#1574 = ORIENTED_EDGE ( 'NONE', *, *, #1789, .F. ) ;
#1575 = LINE ( 'NONE', #2380, #323 ) ;
#1576 = EDGE_LOOP ( 'NONE', ( #961, #905, #199, #1966, #2510, #2183 ) ) ;
#1577 = VERTEX_POINT ( 'NONE', #1066 ) ;
#1578 = EDGE_CURVE ( 'NONE', #1382, #159, #2081, .T. ) ;
#1579 = CARTESIAN_POINT ( 'NONE',  ( -11.39999999999999858, 30.50000000000000355, 7.525483399593911216 ) ) ;
#1580 = EDGE_LOOP ( 'NONE', ( #2543, #58, #2086, #2135 ) ) ;
#1581 = EDGE_CURVE ( 'NONE', #422, #116, #2401, .T. ) ;
#1582 = CARTESIAN_POINT ( 'NONE',  ( 43.10000000000002984, 42.10000000000000853, 4.899999999999999467 ) ) ;
#1583 = PRODUCT_DEFINITION_SHAPE ( 'NONE', 'NONE',  #361 ) ;
#1584 = LINE ( 'NONE', #1378, #535 ) ;
#1585 = CARTESIAN_POINT ( 'NONE',  ( -13.00000000000000355, 12.50000000000000355, 7.525483399593911216 ) ) ;
#1586 = ADVANCED_FACE ( 'NONE', ( #166 ), #978, .F. ) ;
#1587 = ORIENTED_EDGE ( 'NONE', *, *, #1801, .T. ) ;
#1588 = DIRECTION ( 'NONE',  ( -0.000000000000000000, -0.000000000000000000, 1.000000000000000000 ) ) ;
#1589 = LINE ( 'NONE', #238, #55 ) ;
#1590 = DIRECTION ( 'NONE',  ( 0.000000000000000000, 0.000000000000000000, -1.000000000000000000 ) ) ;
#1591 = CARTESIAN_POINT ( 'NONE',  ( -47.39999999999999147, -45.40000000000000568, 4.000000000000000000 ) ) ;
#1592 = ORIENTED_EDGE ( 'NONE', *, *, #154, .F. ) ;
#1593 = DIRECTION ( 'NONE',  ( -1.000000000000000000, 0.000000000000000000, 0.000000000000000000 ) ) ;
#1594 = EDGE_CURVE ( 'NONE', #159, #2003, #965, .T. ) ;
#1595 = CARTESIAN_POINT ( 'NONE',  ( 49.49999999999997158, 7.081963881307374147E-15, 0.000000000000000000 ) ) ;
#1596 = CARTESIAN_POINT ( 'NONE',  ( -45.40000000000000568, 35.39999999999998437, 4.000000000000000000 ) ) ;
#1597 = VERTEX_POINT ( 'NONE', #1741 ) ;
#1598 = VECTOR ( 'NONE', #1305, 1000.000000000000000 ) ;
#1599 = SURFACE_SIDE_STYLE ('',( #409 ) ) ;
#1600 = CIRCLE ( 'NONE', #1398, 1.599999999999997202 ) ;
#1601 = DIRECTION ( 'NONE',  ( -1.000000000000000000, 0.000000000000000000, 0.000000000000000000 ) ) ;
#1602 = AXIS2_PLACEMENT_3D ( 'NONE', #1763, #2575, #1540 ) ;
#1603 = CARTESIAN_POINT ( 'NONE',  ( -40.39999999999999858, -38.40000000000000568, 4.899999999999999467 ) ) ;
#1604 = ORIENTED_EDGE ( 'NONE', *, *, #2516, .F. ) ;
#1605 = VECTOR ( 'NONE', #972, 1000.000000000000000 ) ;
#1606 = DIRECTION ( 'NONE',  ( 1.000000000000000000, 0.000000000000000000, 0.000000000000000000 ) ) ;
#1607 = VECTOR ( 'NONE', #1844, 1000.000000000000114 ) ;
#1608 = VECTOR ( 'NONE', #23, 1000.000000000000000 ) ;
#1609 = CARTESIAN_POINT ( 'NONE',  ( 9.000000000000000000, 28.39999999999998792, 3.000000000000000000 ) ) ;
#1610 = EDGE_CURVE ( 'NONE', #2107, #506, #2350, .T. ) ;
#1611 = CARTESIAN_POINT ( 'NONE',  ( 50.49999999999998579, 45.50000000000000000, 1.000000000000014655 ) ) ;
#1612 = CARTESIAN_POINT ( 'NONE',  ( -50.50000000000002132, 48.50000000000000000, 1.000000000000014655 ) ) ;
#1613 = EDGE_CURVE ( 'NONE', #2453, #2576, #327, .T. ) ;
#1614 = DIRECTION ( 'NONE',  ( -0.000000000000000000, -0.000000000000000000, -1.000000000000000000 ) ) ;
#1615 = VERTEX_POINT ( 'NONE', #1914 ) ;
#1616 = ORIENTED_EDGE ( 'NONE', *, *, #901, .F. ) ;
#1617 = DIRECTION ( 'NONE',  ( -0.000000000000000000, -0.000000000000000000, -1.000000000000000000 ) ) ;
#1618 = CARTESIAN_POINT ( 'NONE',  ( -43.10000000000002274, 42.10000000000000853, 4.899999999999999467 ) ) ;
#1619 = DIRECTION ( 'NONE',  ( 0.000000000000000000, -1.000000000000000000, 0.000000000000000000 ) ) ;
#1620 = EDGE_CURVE ( 'NONE', #54, #524, #1168, .T. ) ;
#1621 = VERTEX_POINT ( 'NONE', #1354 ) ;
#1622 = DIRECTION ( 'NONE',  ( 0.000000000000000000, -1.000000000000000000, 0.000000000000000000 ) ) ;
#1623 = CARTESIAN_POINT ( 'NONE',  ( 9.000000000000003553, 14.39999999999998792, -22.80350850198276547 ) ) ;
#1624 = CARTESIAN_POINT ( 'NONE',  ( -45.40000000000000568, 45.39999999999999147, 4.000000000000000000 ) ) ;
#1625 = CARTESIAN_POINT ( 'NONE',  ( 43.10000000000002984, -42.10000000000000142, -1.734723475976807883E-15 ) ) ;
#1626 = FACE_OUTER_BOUND ( 'NONE', #677, .T. ) ;
#1627 = ORIENTED_EDGE ( 'NONE', *, *, #466, .T. ) ;
#1628 = ORIENTED_EDGE ( 'NONE', *, *, #2423, .F. ) ;
#1629 = DIRECTION ( 'NONE',  ( -1.000000000000000000, 0.000000000000000000, 0.000000000000000000 ) ) ;
#1630 = DIRECTION ( 'NONE',  ( 0.000000000000000000, 0.000000000000000000, 1.000000000000000000 ) ) ;
#1631 = EDGE_LOOP ( 'NONE', ( #2493, #678, #2561, #27 ) ) ;
#1632 = DIRECTION ( 'NONE',  ( 0.000000000000000000, 0.000000000000000000, -1.000000000000000000 ) ) ;
#1633 = CARTESIAN_POINT ( 'NONE',  ( 12.99999999999999822, 30.50000000000000355, 3.000000000000001776 ) ) ;
#1634 = FACE_OUTER_BOUND ( 'NONE', #358, .T. ) ;
#1635 = LINE ( 'NONE', #2061, #614 ) ;
#1636 = CARTESIAN_POINT ( 'NONE',  ( 49.49999999999996447, 45.50000000000000000, 0.000000000000000000 ) ) ;
#1637 = ORIENTED_EDGE ( 'NONE', *, *, #1594, .F. ) ;
#1638 = VECTOR ( 'NONE', #1139, 1000.000000000000000 ) ;
#1639 = VERTEX_POINT ( 'NONE', #1940 ) ;
#1640 = DIRECTION ( 'NONE',  ( -1.000000000000000000, 0.000000000000000000, 0.000000000000000000 ) ) ;
#1641 = EDGE_CURVE ( 'NONE', #487, #247, #2550, .T. ) ;
#1642 = DIRECTION ( 'NONE',  ( -0.000000000000000000, -0.000000000000000000, -1.000000000000000000 ) ) ;
#1643 = CARTESIAN_POINT ( 'NONE',  ( -45.40000000000000568, 35.39999999999998437, 4.000000000000000000 ) ) ;
#1644 = CIRCLE ( 'NONE', #2154, 3.250000000000002665 ) ;
#1645 = DIRECTION ( 'NONE',  ( 0.000000000000000000, 0.7071067811865474617, 0.7071067811865474617 ) ) ;
#1646 = AXIS2_PLACEMENT_3D ( 'NONE', #656, #2036, #1478 ) ;
#1647 = VECTOR ( 'NONE', #1985, 1000.000000000000000 ) ;
#1648 = CARTESIAN_POINT ( 'NONE',  ( 14.59999999999999609, 12.50000000000000355, 7.525483399593911216 ) ) ;
#1649 = EDGE_CURVE ( 'NONE', #838, #931, #926, .T. ) ;
#1650 = VECTOR ( 'NONE', #1180, 1000.000000000000000 ) ;
#1651 = VECTOR ( 'NONE', #130, 1000.000000000000000 ) ;
#1652 = CARTESIAN_POINT ( 'NONE',  ( 9.000000000000003553, 14.39999999999998792, 0.000000000000000000 ) ) ;
#1653 = CONICAL_SURFACE ( 'NONE', #1249, 3.249999999999999556, 0.7853981633974472798 ) ;
#1654 = CARTESIAN_POINT ( 'NONE',  ( 46.35000000000002984, 42.10000000000000853, -1.734723475976807883E-15 ) ) ;
#1655 = VERTEX_POINT ( 'NONE', #1955 ) ;
#1656 = ORIENTED_EDGE ( 'NONE', *, *, #1801, .F. ) ;
#1657 = LINE ( 'NONE', #1263, #2456 ) ;
#1658 = ADVANCED_FACE ( 'NONE', ( #2138, #518, #1533, #1495, #1334, #731 ), #1544, .T. ) ;
#1659 = ORIENTED_EDGE ( 'NONE', *, *, #1752, .T. ) ;
#1660 = DIRECTION ( 'NONE',  ( -0.000000000000000000, -0.000000000000000000, 1.000000000000000000 ) ) ;
#1661 = EDGE_CURVE ( 'NONE', #461, #2551, #938, .T. ) ;
#1662 = ORIENTED_EDGE ( 'NONE', *, *, #1761, .F. ) ;
#1663 = CARTESIAN_POINT ( 'NONE',  ( -37.40000000000000568, 0.000000000000000000, 4.000000000000000000 ) ) ;
#1664 = CARTESIAN_POINT ( 'NONE',  ( -45.40000000000000568, 45.39999999999999147, 3.000000000000000000 ) ) ;
#1665 = DIRECTION ( 'NONE',  ( -0.000000000000000000, 0.000000000000000000, 1.000000000000000000 ) ) ;
#1666 = EDGE_CURVE ( 'NONE', #2442, #596, #1520, .T. ) ;
#1667 = EDGE_LOOP ( 'NONE', ( #46, #2293, #501, #1514 ) ) ;
#1668 = EDGE_LOOP ( 'NONE', ( #621, #1713, #1368, #138 ) ) ;
#1669 = CARTESIAN_POINT ( 'NONE',  ( -47.40000000000000568, 43.39999999999998437, 4.000000000000000000 ) ) ;
#1670 = VERTEX_POINT ( 'NONE', #2152 ) ;
#1671 = DIRECTION ( 'NONE',  ( -2.478176394252581634E-16, -1.000000000000000000, 0.000000000000000000 ) ) ;
#1672 = ORIENTED_EDGE ( 'NONE', *, *, #2403, .F. ) ;
#1673 = LINE ( 'NONE', #907, #2320 ) ;
#1674 = EDGE_CURVE ( 'NONE', #1382, #459, #510, .T. ) ;
#1675 = DIRECTION ( 'NONE',  ( -0.000000000000000000, -0.000000000000000000, -1.000000000000000000 ) ) ;
#1676 = CARTESIAN_POINT ( 'NONE',  ( -47.40000000000000568, 45.39999999999999147, 4.000000000000000000 ) ) ;
#1677 = ORIENTED_EDGE ( 'NONE', *, *, #40, .F. ) ;
#1678 = DIRECTION ( 'NONE',  ( -0.000000000000000000, 0.000000000000000000, -1.000000000000000000 ) ) ;
#1679 = CIRCLE ( 'NONE', #269, 1.599999999999997202 ) ;
#1680 = EDGE_CURVE ( 'NONE', #2044, #1208, #311, .T. ) ;
#1681 = ORIENTED_EDGE ( 'NONE', *, *, #2207, .T. ) ;
#1682 = CARTESIAN_POINT ( 'NONE',  ( -50.50000000000000711, -48.50000000000000000, 1.000000000000014655 ) ) ;
#1683 = CIRCLE ( 'NONE', #1110, 1.599999999999997202 ) ;
#1684 = EDGE_LOOP ( 'NONE', ( #432, #447, #1274, #300 ) ) ;
#1685 = AXIS2_PLACEMENT_3D ( 'NONE', #2334, #334, #2546 ) ;
#1686 = FACE_OUTER_BOUND ( 'NONE', #50, .T. ) ;
#1687 = CARTESIAN_POINT ( 'NONE',  ( -13.00000000000000355, 12.50000000000000355, 3.000000000000001776 ) ) ;
#1688 = VECTOR ( 'NONE', #369, 1000.000000000000000 ) ;
#1689 = ADVANCED_FACE ( 'NONE', ( #2509, #557 ), #136, .F. ) ;
#1690 = AXIS2_PLACEMENT_3D ( 'NONE', #1010, #1614, #2408 ) ;
#1691 = AXIS2_PLACEMENT_3D ( 'NONE', #1984, #1590, #2203 ) ;
#1692 = ADVANCED_FACE ( 'NONE', ( #2537 ), #2337, .T. ) ;
#1693 = VECTOR ( 'NONE', #431, 999.9999999999998863 ) ;
#1694 = CIRCLE ( 'NONE', #2078, 3.000000000000002665 ) ;
#1695 = VERTEX_POINT ( 'NONE', #804 ) ;
#1696 = EDGE_LOOP ( 'NONE', ( #1797, #2592, #1907, #1846, #548, #2467 ) ) ;
#1697 = CYLINDRICAL_SURFACE ( 'NONE', #405, 1.600000000000002531 ) ;
#1698 = EDGE_LOOP ( 'NONE', ( #1453, #798, #71, #1496 ) ) ;
#1699 = CARTESIAN_POINT ( 'NONE',  ( -49.50000000000000711, 45.50000000000000000, 0.000000000000000000 ) ) ;
#1700 = EDGE_CURVE ( 'NONE', #555, #1731, #2389, .T. ) ;
#1701 = VERTEX_POINT ( 'NONE', #617 ) ;
#1702 = DIRECTION ( 'NONE',  ( 0.000000000000000000, 1.000000000000000000, -0.000000000000000000 ) ) ;
#1703 = DIRECTION ( 'NONE',  ( -0.000000000000000000, 0.000000000000000000, 1.000000000000000000 ) ) ;
#1704 = CARTESIAN_POINT ( 'NONE',  ( -37.40000000000000568, 45.39999999999999147, 4.899999999999999467 ) ) ;
#1705 = VERTEX_POINT ( 'NONE', #795 ) ;
#1706 = CARTESIAN_POINT ( 'NONE',  ( -47.50000000000002132, 47.49999999999998579, 0.000000000000000000 ) ) ;
#1707 = CARTESIAN_POINT ( 'NONE',  ( -9.000000000000000000, 28.39999999999998792, 0.000000000000000000 ) ) ;
#1708 = LINE ( 'NONE', #2515, #1351 ) ;
#1709 = VERTEX_POINT ( 'NONE', #2223 ) ;
#1710 = PLANE ( 'NONE',  #1438 ) ;
#1711 = PLANE ( 'NONE',  #667 ) ;
#1712 = DIRECTION ( 'NONE',  ( -0.000000000000000000, -0.000000000000000000, -1.000000000000000000 ) ) ;
#1713 = ORIENTED_EDGE ( 'NONE', *, *, #922, .T. ) ;
#1714 = ORIENTED_EDGE ( 'NONE', *, *, #2530, .F. ) ;
#1715 = CARTESIAN_POINT ( 'NONE',  ( -37.40000000000000568, 45.39999999999999147, 4.899999999999999467 ) ) ;
#1716 = ORIENTED_EDGE ( 'NONE', *, *, #1157, .T. ) ;
#1717 = EDGE_CURVE ( 'NONE', #1024, #952, #481, .T. ) ;
#1718 = CARTESIAN_POINT ( 'NONE',  ( -50.50000000000002132, 48.50000000000000000, 1.000000000000014655 ) ) ;
#1719 = CYLINDRICAL_SURFACE ( 'NONE', #1361, 3.000000000000002665 ) ;
#1720 = ADVANCED_FACE ( 'NONE', ( #1794 ), #2422, .F. ) ;
#1721 = ORIENTED_EDGE ( 'NONE', *, *, #2335, .T. ) ;
#1722 = VECTOR ( 'NONE', #1229, 1000.000000000000000 ) ;
#1723 = CARTESIAN_POINT ( 'NONE',  ( -37.40000000000000568, 43.39999999999998437, 4.000000000000000000 ) ) ;
#1724 = CIRCLE ( 'NONE', #62, 1.599999999999998979 ) ;
#1725 = DIRECTION ( 'NONE',  ( -0.000000000000000000, -0.000000000000000000, -1.000000000000000000 ) ) ;
#1726 = VECTOR ( 'NONE', #935, 1000.000000000000000 ) ;
#1727 = DIRECTION ( 'NONE',  ( -1.000000000000000000, 0.000000000000000000, -0.000000000000000000 ) ) ;
#1728 = ADVANCED_FACE ( 'NONE', ( #602 ), #1474, .T. ) ;
#1729 = AXIS2_PLACEMENT_3D ( 'NONE', #694, #2275, #842 ) ;
#1730 = AXIS2_PLACEMENT_3D ( 'NONE', #1214, #1240, #850 ) ;
#1731 = VERTEX_POINT ( 'NONE', #573 ) ;
#1732 = VERTEX_POINT ( 'NONE', #1206 ) ;
#1733 = VECTOR ( 'NONE', #523, 1000.000000000000000 ) ;
#1734 = CARTESIAN_POINT ( 'NONE',  ( -13.00000000000000178, 30.50000000000000355, 7.525483399593911216 ) ) ;
#1735 = AXIS2_PLACEMENT_3D ( 'NONE', #2578, #1572, #2388 ) ;
#1736 = LINE ( 'NONE', #1338, #1232 ) ;
#1737 = DIRECTION ( 'NONE',  ( -1.000000000000000000, 0.000000000000000000, 0.000000000000000000 ) ) ;
#1738 = ORIENTED_EDGE ( 'NONE', *, *, #810, .F. ) ;
#1739 = DIRECTION ( 'NONE',  ( -0.000000000000000000, -0.000000000000000000, -1.000000000000000000 ) ) ;
#1740 = PLANE ( 'NONE',  #110 ) ;
#1741 = CARTESIAN_POINT ( 'NONE',  ( -47.39999999999999858, -35.39999999999999858, 4.899999999999999467 ) ) ;
#1742 = ORIENTED_EDGE ( 'NONE', *, *, #1485, .T. ) ;
#1743 = DIRECTION ( 'NONE',  ( 0.000000000000000000, 0.000000000000000000, -1.000000000000000000 ) ) ;
#1744 = EDGE_CURVE ( 'NONE', #539, #2074, #2066, .T. ) ;
#1745 = DIRECTION ( 'NONE',  ( -0.000000000000000000, 1.000000000000000000, -0.000000000000000000 ) ) ;
#1746 = ORIENTED_EDGE ( 'NONE', *, *, #1269, .F. ) ;
#1747 = ORIENTED_EDGE ( 'NONE', *, *, #867, .F. ) ;
#1748 = DIRECTION ( 'NONE',  ( -0.7071067811865474617, 0.000000000000000000, 0.7071067811865474617 ) ) ;
#1749 = ORIENTED_EDGE ( 'NONE', *, *, #196, .T. ) ;
#1750 = LINE ( 'NONE', #987, #955 ) ;
#1751 = VERTEX_POINT ( 'NONE', #1007 ) ;
#1752 = EDGE_CURVE ( 'NONE', #833, #2044, #1992, .T. ) ;
#1753 = DIRECTION ( 'NONE',  ( -1.430699774001490481E-16, 1.000000000000000000, 0.000000000000000000 ) ) ;
#1754 = CARTESIAN_POINT ( 'NONE',  ( -16.25000000000000000, 30.50000000000000355, 3.000000000000001776 ) ) ;
#1755 = EDGE_CURVE ( 'NONE', #2146, #2190, #2007, .T. ) ;
#1756 = ORIENTED_EDGE ( 'NONE', *, *, #676, .F. ) ;
#1757 = DIRECTION ( 'NONE',  ( 1.000000000000000000, 0.000000000000000000, 0.000000000000000000 ) ) ;
#1758 =( NAMED_UNIT ( * ) PLANE_ANGLE_UNIT ( ) SI_UNIT ( $, .RADIAN. ) );
#1759 = CARTESIAN_POINT ( 'NONE',  ( 12.99999999999999467, 12.50000000000000355, 0.000000000000000000 ) ) ;
#1760 = ORIENTED_EDGE ( 'NONE', *, *, #1773, .F. ) ;
#1761 = EDGE_CURVE ( 'NONE', #464, #275, #633, .T. ) ;
#1762 = VERTEX_POINT ( 'NONE', #176 ) ;
#1763 = CARTESIAN_POINT ( 'NONE',  ( -50.50000000000000711, -48.50000000000000000, 1.000000000000014655 ) ) ;
#1764 = VECTOR ( 'NONE', #1333, 1000.000000000000000 ) ;
#1765 = CIRCLE ( 'NONE', #1313, 3.250000000000002665 ) ;
#1766 = CARTESIAN_POINT ( 'NONE',  ( -47.39999999999999147, -45.40000000000000568, 3.000000000000000000 ) ) ;
#1767 = DIRECTION ( 'NONE',  ( -0.000000000000000000, -0.000000000000000000, 1.000000000000000000 ) ) ;
#1768 = CIRCLE ( 'NONE', #2528, 1.600000000000002531 ) ;
#1769 = EDGE_CURVE ( 'NONE', #638, #2025, #1405, .T. ) ;
#1770 = ORIENTED_EDGE ( 'NONE', *, *, #163, .F. ) ;
#1771 = CIRCLE ( 'NONE', #2361, 3.000000000000002665 ) ;
#1772 = CARTESIAN_POINT ( 'NONE',  ( 47.49999999999999289, -45.50000000000000000, 0.000000000000000000 ) ) ;
#1773 = EDGE_CURVE ( 'NONE', #1951, #664, #229, .T. ) ;
#1774 = ADVANCED_BREP_SHAPE_REPRESENTATION ( 'lcd_frame_back', ( #2005, #263 ), #1228 ) ;
#1775 = VECTOR ( 'NONE', #595, 1000.000000000000114 ) ;
#1776 = ORIENTED_EDGE ( 'NONE', *, *, #265, .F. ) ;
#1777 = DIRECTION ( 'NONE',  ( -1.000000000000000000, -0.000000000000000000, -0.000000000000000000 ) ) ;
#1778 = ORIENTED_EDGE ( 'NONE', *, *, #1811, .F. ) ;
#1779 = CARTESIAN_POINT ( 'NONE',  ( -47.39999999999999147, -43.39999999999999858, 4.000000000000000000 ) ) ;
#1780 = VECTOR ( 'NONE', #1824, 1000.000000000000000 ) ;
#1781 = EDGE_CURVE ( 'NONE', #1469, #785, #2563, .T. ) ;
#1782 = ORIENTED_EDGE ( 'NONE', *, *, #1169, .T. ) ;
#1783 = CARTESIAN_POINT ( 'NONE',  ( -11.40000000000000213, 30.50000000000000355, 1.349999999999997868 ) ) ;
#1784 = DIRECTION ( 'NONE',  ( -0.7071067811865467956, 8.659560562354925463E-17, 0.7071067811865483499 ) ) ;
#1785 = ORIENTED_EDGE ( 'NONE', *, *, #1311, .T. ) ;
#1786 = CARTESIAN_POINT ( 'NONE',  ( 47.39999999999999147, 45.39999999999999147, 4.000000000000000000 ) ) ;
#1787 = EDGE_LOOP ( 'NONE', ( #1549, #2470 ) ) ;
#1788 = PLANE ( 'NONE',  #134 ) ;
#1789 = EDGE_CURVE ( 'NONE', #2249, #2442, #218, .T. ) ;
#1790 = LINE ( 'NONE', #2229, #1647 ) ;
#1791 = ORIENTED_EDGE ( 'NONE', *, *, #285, .T. ) ;
#1792 = CARTESIAN_POINT ( 'NONE',  ( -11.39999999999999858, 30.50000000000000355, 0.000000000000000000 ) ) ;
#1793 = CARTESIAN_POINT ( 'NONE',  ( 12.99999999999999467, 12.50000000000000355, 7.525483399593911216 ) ) ;
#1794 = FACE_OUTER_BOUND ( 'NONE', #170, .T. ) ;
#1795 = ORIENTED_EDGE ( 'NONE', *, *, #2478, .F. ) ;
#1796 = ORIENTED_EDGE ( 'NONE', *, *, #1755, .F. ) ;
#1797 = ORIENTED_EDGE ( 'NONE', *, *, #122, .F. ) ;
#1798 = APPLICATION_PROTOCOL_DEFINITION ( 'draft international standard', 'automotive_design', 1998, #455 ) ;
#1799 = LINE ( 'NONE', #626, #1688 ) ;
#1800 = PLANE ( 'NONE',  #1162 ) ;
#1801 = EDGE_CURVE ( 'NONE', #116, #422, #1974, .T. ) ;
#1802 = ORIENTED_EDGE ( 'NONE', *, *, #541, .T. ) ;
#1803 = FACE_OUTER_BOUND ( 'NONE', #894, .T. ) ;
#1804 = ADVANCED_FACE ( 'NONE', ( #3 ), #990, .T. ) ;
#1805 = CARTESIAN_POINT ( 'NONE',  ( -41.50000000000002132, -42.10000000000000142, 4.899999999999999467 ) ) ;
#1806 = LINE ( 'NONE', #2179, #1608 ) ;
#1807 = CARTESIAN_POINT ( 'NONE',  ( 44.70000000000002416, -42.10000000000000142, 4.899999999999999467 ) ) ;
#1808 = AXIS2_PLACEMENT_3D ( 'NONE', #685, #1665, #89 ) ;
#1809 = AXIS2_PLACEMENT_3D ( 'NONE', #2063, #272, #64 ) ;
#1810 = LINE ( 'NONE', #2224, #1693 ) ;
#1811 = EDGE_CURVE ( 'NONE', #2301, #1839, #951, .T. ) ;
#1812 = ORIENTED_EDGE ( 'NONE', *, *, #223, .T. ) ;
#1813 = DIRECTION ( 'NONE',  ( -1.000000000000000000, 0.000000000000000000, 0.000000000000000000 ) ) ;
#1814 = VECTOR ( 'NONE', #1896, 1000.000000000000000 ) ;
#1815 = LINE ( 'NONE', #799, #2364 ) ;
#1816 = ORIENTED_EDGE ( 'NONE', *, *, #103, .T. ) ;
#1817 = VECTOR ( 'NONE', #2031, 1000.000000000000000 ) ;
#1818 = CARTESIAN_POINT ( 'NONE',  ( 46.35000000000002984, -42.10000000000000142, -1.734723475976807883E-15 ) ) ;
#1819 = AXIS2_PLACEMENT_3D ( 'NONE', #536, #1901, #1332 ) ;
#1820 = VECTOR ( 'NONE', #291, 1000.000000000000000 ) ;
#1821 = VERTEX_POINT ( 'NONE', #1596 ) ;
#1822 = VECTOR ( 'NONE', #2193, 1000.000000000000000 ) ;
#1823 = CARTESIAN_POINT ( 'NONE',  ( -0.000000000000000000, -47.49999999999998579, 0.000000000000000000 ) ) ;
#1824 = DIRECTION ( 'NONE',  ( 1.528390727732869855E-16, -1.000000000000000000, 0.000000000000000000 ) ) ;
#1825 = ADVANCED_FACE ( 'NONE', ( #2404 ), #2212, .F. ) ;
#1826 = CARTESIAN_POINT ( 'NONE',  ( -14.60000000000000320, 12.50000000000000355, 0.000000000000000000 ) ) ;
#1827 = DIRECTION ( 'NONE',  ( -1.000000000000000000, 0.000000000000000000, 0.000000000000000000 ) ) ;
#1828 = EDGE_LOOP ( 'NONE', ( #1029, #737 ) ) ;
#1829 = EDGE_LOOP ( 'NONE', ( #1252, #1672, #2412, #1324 ) ) ;
#1830 = LINE ( 'NONE', #636, #177 ) ;
#1831 = CYLINDRICAL_SURFACE ( 'NONE', #1245, 1.599999999999997202 ) ;
#1832 = VERTEX_POINT ( 'NONE', #255 ) ;
#1833 = DIRECTION ( 'NONE',  ( -0.000000000000000000, -0.000000000000000000, 1.000000000000000000 ) ) ;
#1834 = PLANE ( 'NONE',  #2585 ) ;
#1835 = CARTESIAN_POINT ( 'NONE',  ( -44.70000000000001705, -42.10000000000000142, 4.899999999999999467 ) ) ;
#1836 = EDGE_CURVE ( 'NONE', #2172, #333, #2237, .T. ) ;
#1837 = LINE ( 'NONE', #1676, #2413 ) ;
#1838 = CARTESIAN_POINT ( 'NONE',  ( 44.70000000000002416, 42.10000000000000853, 1.650000000000002132 ) ) ;
#1839 = VERTEX_POINT ( 'NONE', #1826 ) ;
#1840 = ORIENTED_EDGE ( 'NONE', *, *, #1505, .F. ) ;
#1841 = CARTESIAN_POINT ( 'NONE',  ( -39.85000000000002274, -42.10000000000000142, -1.734723475976807883E-15 ) ) ;
#1842 = ORIENTED_EDGE ( 'NONE', *, *, #1563, .T. ) ;
#1843 = DIRECTION ( 'NONE',  ( 1.000000000000000000, 0.000000000000000000, 0.000000000000000000 ) ) ;
#1844 = DIRECTION ( 'NONE',  ( 0.000000000000000000, 0.7071067811865474617, 0.7071067811865474617 ) ) ;
#1845 = ADVANCED_FACE ( 'NONE', ( #1295 ), #1431, .F. ) ;
#1846 = ORIENTED_EDGE ( 'NONE', *, *, #77, .F. ) ;
#1847 = CARTESIAN_POINT ( 'NONE',  ( 40.40000000000000568, 38.39999999999999147, 4.899999999999999467 ) ) ;
#1848 = CARTESIAN_POINT ( 'NONE',  ( 47.39999999999999147, 45.39999999999999147, 4.000000000000000000 ) ) ;
#1849 = DIRECTION ( 'NONE',  ( 0.000000000000000000, -1.000000000000000000, 0.000000000000000000 ) ) ;
#1850 = EDGE_CURVE ( 'NONE', #1386, #1356, #1074, .T. ) ;
#1851 = ORIENTED_EDGE ( 'NONE', *, *, #1561, .F. ) ;
#1852 = EDGE_CURVE ( 'NONE', #596, #1621, #1765, .T. ) ;
#1853 = ORIENTED_EDGE ( 'NONE', *, *, #1717, .F. ) ;
#1854 = DIRECTION ( 'NONE',  ( 0.000000000000000000, 0.000000000000000000, -1.000000000000000000 ) ) ;
#1855 = ORIENTED_EDGE ( 'NONE', *, *, #2096, .T. ) ;
#1856 = AXIS2_PLACEMENT_3D ( 'NONE', #2060, #267, #1073 ) ;
#1857 = DIRECTION ( 'NONE',  ( 1.000000000000000000, 0.000000000000000000, 0.000000000000000000 ) ) ;
#1858 = VECTOR ( 'NONE', #2317, 1000.000000000000000 ) ;
#1859 = VERTEX_POINT ( 'NONE', #1864 ) ;
#1860 = ADVANCED_FACE ( 'NONE', ( #1465 ), #498, .F. ) ;
#1861 = LINE ( 'NONE', #75, #2197 ) ;
#1862 = VECTOR ( 'NONE', #2256, 1000.000000000000000 ) ;
#1863 = CIRCLE ( 'NONE', #1116, 3.249999999999996003 ) ;
#1864 = CARTESIAN_POINT ( 'NONE',  ( 37.40000000000002700, -43.39999999999999858, 4.000000000000000000 ) ) ;
#1865 = VECTOR ( 'NONE', #1395, 1000.000000000000000 ) ;
#1866 = ORIENTED_EDGE ( 'NONE', *, *, #2446, .T. ) ;
#1867 = ORIENTED_EDGE ( 'NONE', *, *, #1082, .F. ) ;
#1868 = DIRECTION ( 'NONE',  ( 1.528390727732869855E-16, -1.000000000000000000, 0.000000000000000000 ) ) ;
#1869 = ORIENTED_EDGE ( 'NONE', *, *, #1781, .T. ) ;
#1870 = EDGE_CURVE ( 'NONE', #461, #1382, #1045, .T. ) ;
#1871 = CARTESIAN_POINT ( 'NONE',  ( -9.000000000000000000, 28.39999999999998792, -22.80350850198276547 ) ) ;
#1872 = EDGE_LOOP ( 'NONE', ( #185, #1981, #913, #771 ) ) ;
#1873 = LINE ( 'NONE', #1663, #2577 ) ;
#1874 = DIRECTION ( 'NONE',  ( -1.000000000000000000, 0.000000000000000000, 0.000000000000000000 ) ) ;
#1875 = DIRECTION ( 'NONE',  ( -0.000000000000000000, -0.000000000000000000, -1.000000000000000000 ) ) ;
#1876 = EDGE_CURVE ( 'NONE', #266, #1400, #2288, .T. ) ;
#1877 = ORIENTED_EDGE ( 'NONE', *, *, #2500, .T. ) ;
#1878 = ORIENTED_EDGE ( 'NONE', *, *, #1950, .F. ) ;
#1879 = DIRECTION ( 'NONE',  ( -1.000000000000000000, -1.528390727732869855E-16, 0.000000000000000000 ) ) ;
#1880 = VERTEX_POINT ( 'NONE', #468 ) ;
#1881 = FACE_OUTER_BOUND ( 'NONE', #587, .T. ) ;
#1882 = ADVANCED_FACE ( 'NONE', ( #1455, #684 ), #480, .F. ) ;
#1883 = ORIENTED_EDGE ( 'NONE', *, *, #1040, .T. ) ;
#1884 = ORIENTED_EDGE ( 'NONE', *, *, #1680, .T. ) ;
#1885 = DIRECTION ( 'NONE',  ( -0.000000000000000000, -0.000000000000000000, -1.000000000000000000 ) ) ;
#1886 = DIRECTION ( 'NONE',  ( -1.000000000000000000, 0.000000000000000000, 0.000000000000000000 ) ) ;
#1887 = ORIENTED_EDGE ( 'NONE', *, *, #2033, .T. ) ;
#1888 = ORIENTED_EDGE ( 'NONE', *, *, #2520, .F. ) ;
#1889 = EDGE_CURVE ( 'NONE', #2487, #2172, #528, .T. ) ;
#1890 = VECTOR ( 'NONE', #160, 1000.000000000000000 ) ;
#1891 = CARTESIAN_POINT ( 'NONE',  ( -47.40000000000000568, 35.39999999999998437, 4.899999999999999467 ) ) ;
#1892 = VECTOR ( 'NONE', #1190, 1000.000000000000000 ) ;
#1893 = CARTESIAN_POINT ( 'NONE',  ( 0.000000000000000000, -35.39999999999997016, 4.000000000000000000 ) ) ;
#1894 = ORIENTED_EDGE ( 'NONE', *, *, #648, .T. ) ;
#1895 = CIRCLE ( 'NONE', #1479, 1.599999999999997202 ) ;
#1896 = DIRECTION ( 'NONE',  ( -0.7071067811865479058, 0.000000000000000000, -0.7071067811865471286 ) ) ;
#1897 = AXIS2_PLACEMENT_3D ( 'NONE', #1582, #839, #2419 ) ;
#1898 = VECTOR ( 'NONE', #296, 1000.000000000000000 ) ;
#1899 = VECTOR ( 'NONE', #1014, 1000.000000000000114 ) ;
#1900 = EDGE_CURVE ( 'NONE', #1140, #2146, #1635, .T. ) ;
#1901 = DIRECTION ( 'NONE',  ( 0.000000000000000000, -1.000000000000000000, 0.000000000000000000 ) ) ;
#1902 = DIRECTION ( 'NONE',  ( -0.000000000000000000, -0.000000000000000000, -1.000000000000000000 ) ) ;
#1903 = AXIS2_PLACEMENT_3D ( 'NONE', #920, #1948, #2133 ) ;
#1904 = VERTEX_POINT ( 'NONE', #2050 ) ;
#1905 = ORIENTED_EDGE ( 'NONE', *, *, #256, .T. ) ;
#1906 = PLANE ( 'NONE',  #620 ) ;
#1907 = ORIENTED_EDGE ( 'NONE', *, *, #1059, .T. ) ;
#1908 = DIRECTION ( 'NONE',  ( 0.000000000000000000, -0.000000000000000000, -1.000000000000000000 ) ) ;
#1909 = DIRECTION ( 'NONE',  ( -0.000000000000000000, 0.000000000000000000, 1.000000000000000000 ) ) ;
#1910 = ADVANCED_FACE ( 'NONE', ( #287 ), #874, .F. ) ;
#1911 = ORIENTED_EDGE ( 'NONE', *, *, #1620, .F. ) ;
#1912 = CARTESIAN_POINT ( 'NONE',  ( -47.39999999999999147, -43.39999999999999858, 3.000000000000000000 ) ) ;
#1913 = FACE_OUTER_BOUND ( 'NONE', #705, .T. ) ;
#1914 = CARTESIAN_POINT ( 'NONE',  ( -9.000000000000000000, 28.39999999999998792, 0.000000000000000000 ) ) ;
#1915 = EDGE_CURVE ( 'NONE', #1880, #952, #897, .T. ) ;
#1916 = EDGE_LOOP ( 'NONE', ( #338, #1060, #210, #2130 ) ) ;
#1917 = ORIENTED_EDGE ( 'NONE', *, *, #1915, .T. ) ;
#1918 = CARTESIAN_POINT ( 'NONE',  ( 0.000000000000000000, 0.000000000000000000, 0.000000000000000000 ) ) ;
#1919 = VERTEX_POINT ( 'NONE', #1428 ) ;
#1920 = DIRECTION ( 'NONE',  ( 0.7071067811865464625, 8.659560562354920532E-17, -0.7071067811865486830 ) ) ;
#1921 = DIRECTION ( 'NONE',  ( 0.000000000000000000, -0.000000000000000000, 1.000000000000000000 ) ) ;
#1922 = ORIENTED_EDGE ( 'NONE', *, *, #818, .F. ) ;
#1923 = LINE ( 'NONE', #124, #441 ) ;
#1924 = ADVANCED_FACE ( 'NONE', ( #2435 ), #268, .F. ) ;
#1925 = ADVANCED_FACE ( 'NONE', ( #1493 ), #2299, .F. ) ;
#1926 = FACE_OUTER_BOUND ( 'NONE', #328, .T. ) ;
#1927 = CARTESIAN_POINT ( 'NONE',  ( -47.40000000000000568, 35.39999999999998437, 4.899999999999999467 ) ) ;
#1928 = AXIS2_PLACEMENT_3D ( 'NONE', #423, #2440, #847 ) ;
#1929 = ORIENTED_EDGE ( 'NONE', *, *, #460, .T. ) ;
#1930 = CARTESIAN_POINT ( 'NONE',  ( -37.40000000000002700, -2.595146320061304991E-14, 4.000000000000000000 ) ) ;
#1931 = EDGE_CURVE ( 'NONE', #764, #2025, #1282, .T. ) ;
#1932 = CARTESIAN_POINT ( 'NONE',  ( 43.10000000000002984, 42.10000000000000853, 1.650000000000002132 ) ) ;
#1933 = DIRECTION ( 'NONE',  ( 1.000000000000000000, -2.775557561562887012E-15, 0.000000000000000000 ) ) ;
#1934 = FACE_OUTER_BOUND ( 'NONE', #2483, .T. ) ;
#1935 = ORIENTED_EDGE ( 'NONE', *, *, #454, .F. ) ;
#1936 = AXIS2_PLACEMENT_3D ( 'NONE', #1573, #1416, #191 ) ;
#1937 = FACE_OUTER_BOUND ( 'NONE', #1131, .T. ) ;
#1938 = CARTESIAN_POINT ( 'NONE',  ( -50.50000000000002132, 48.50000000000000000, 3.000000000000000000 ) ) ;
#1939 = VECTOR ( 'NONE', #1064, 1000.000000000000000 ) ;
#1940 = CARTESIAN_POINT ( 'NONE',  ( 41.50000000000002842, -42.10000000000000142, 1.650000000000002132 ) ) ;
#1941 = AXIS2_PLACEMENT_3D ( 'NONE', #1221, #221, #30 ) ;
#1942 = ORIENTED_EDGE ( 'NONE', *, *, #2338, .T. ) ;
#1943 = DIRECTION ( 'NONE',  ( -1.000000000000000000, 0.000000000000000000, 0.000000000000000000 ) ) ;
#1944 = CIRCLE ( 'NONE', #830, 3.000000000000002665 ) ;
#1945 = DIRECTION ( 'NONE',  ( -0.000000000000000000, -0.000000000000000000, -1.000000000000000000 ) ) ;
#1946 = EDGE_LOOP ( 'NONE', ( #1534, #2214 ) ) ;
#1947 = AXIS2_PLACEMENT_3D ( 'NONE', #165, #747, #1532 ) ;
#1948 = DIRECTION ( 'NONE',  ( -0.000000000000000000, 0.000000000000000000, 1.000000000000000000 ) ) ;
#1949 = CARTESIAN_POINT ( 'NONE',  ( 50.49999999999999289, -45.50000000000000000, 3.000000000000000000 ) ) ;
#1950 = EDGE_CURVE ( 'NONE', #1977, #2065, #2496, .T. ) ;
#1951 = VERTEX_POINT ( 'NONE', #2391 ) ;
#1952 = LINE ( 'NONE', #531, #318 ) ;
#1953 = VERTEX_POINT ( 'NONE', #1559 ) ;
#1954 = DIRECTION ( 'NONE',  ( 0.000000000000000000, 0.000000000000000000, 1.000000000000000000 ) ) ;
#1955 = CARTESIAN_POINT ( 'NONE',  ( 9.000000000000000000, 28.39999999999998792, 3.000000000000000000 ) ) ;
#1956 = EDGE_LOOP ( 'NONE', ( #14, #2346, #1716, #2188, #350, #2123, #2587, #2328 ) ) ;
#1957 = DIRECTION ( 'NONE',  ( -1.528390727732869855E-16, 1.000000000000000000, -0.000000000000000000 ) ) ;
#1958 = ADVANCED_FACE ( 'NONE', ( #1193 ), #2248, .F. ) ;
#1959 = DIRECTION ( 'NONE',  ( -0.000000000000000000, -0.000000000000000000, -1.000000000000000000 ) ) ;
#1960 = ORIENTED_EDGE ( 'NONE', *, *, #2571, .F. ) ;
#1961 = ORIENTED_EDGE ( 'NONE', *, *, #893, .F. ) ;
#1962 = CARTESIAN_POINT ( 'NONE',  ( 46.35000000000002984, 42.10000000000000853, -1.734723475976807883E-15 ) ) ;
#1963 = EDGE_CURVE ( 'NONE', #2281, #2301, #1209, .T. ) ;
#1964 = DIRECTION ( 'NONE',  ( -0.000000000000000000, -0.000000000000000000, -1.000000000000000000 ) ) ;
#1965 = DIRECTION ( 'NONE',  ( -0.000000000000000000, -0.000000000000000000, -1.000000000000000000 ) ) ;
#1966 = ORIENTED_EDGE ( 'NONE', *, *, #2304, .T. ) ;
#1967 = DIRECTION ( 'NONE',  ( -2.478176394252581634E-16, 1.000000000000000000, -0.000000000000000000 ) ) ;
#1968 = CARTESIAN_POINT ( 'NONE',  ( 37.40000000000000568, 43.39999999999998437, 3.000000000000000000 ) ) ;
#1969 = ADVANCED_FACE ( 'NONE', ( #5 ), #25, .F. ) ;
#1970 = LINE ( 'NONE', #784, #2030 ) ;
#1971 = ORIENTED_EDGE ( 'NONE', *, *, #292, .F. ) ;
#1972 = LINE ( 'NONE', #2220, #786 ) ;
#1973 = EDGE_LOOP ( 'NONE', ( #2360, #1770, #2024, #1855 ) ) ;
#1974 = CIRCLE ( 'NONE', #2572, 3.250000000000002665 ) ;
#1975 = DIRECTION ( 'NONE',  ( 1.000000000000000000, 0.000000000000000000, 0.000000000000000000 ) ) ;
#1976 = DIRECTION ( 'NONE',  ( 0.000000000000000000, 0.000000000000000000, -1.000000000000000000 ) ) ;
#1977 = VERTEX_POINT ( 'NONE', #604 ) ;
#1978 = CARTESIAN_POINT ( 'NONE',  ( -13.00000000000000355, 12.50000000000000355, 1.349999999999997868 ) ) ;
#1979 = CIRCLE ( 'NONE', #1441, 1.599999999999997202 ) ;
#1980 = EDGE_LOOP ( 'NONE', ( #1604, #1677 ) ) ;
#1981 = ORIENTED_EDGE ( 'NONE', *, *, #421, .T. ) ;
#1982 = CARTESIAN_POINT ( 'NONE',  ( -45.40000000000000568, 35.39999999999998437, 3.000000000000000000 ) ) ;
#1983 = AXIS2_PLACEMENT_3D ( 'NONE', #716, #1359, #351 ) ;
#1984 = CARTESIAN_POINT ( 'NONE',  ( 47.49999999999999289, -45.50000000000000000, 3.000000000000000000 ) ) ;
#1985 = DIRECTION ( 'NONE',  ( -0.7071067811865464625, 0.000000000000000000, -0.7071067811865486830 ) ) ;
#1986 = AXIS2_PLACEMENT_3D ( 'NONE', #420, #1588, #2171 ) ;
#1987 = AXIS2_PLACEMENT_3D ( 'NONE', #2492, #93, #1440 ) ;
#1988 = ORIENTED_EDGE ( 'NONE', *, *, #111, .F. ) ;
#1989 = FACE_BOUND ( 'NONE', #603, .T. ) ;
#1990 = VECTOR ( 'NONE', #1353, 1000.000000000000000 ) ;
#1991 = DIRECTION ( 'NONE',  ( -0.000000000000000000, -0.000000000000000000, -1.000000000000000000 ) ) ;
#1992 = LINE ( 'NONE', #1032, #2280 ) ;
#1993 = ORIENTED_EDGE ( 'NONE', *, *, #415, .T. ) ;
#1994 = DIRECTION ( 'NONE',  ( 0.000000000000000000, 0.000000000000000000, 1.000000000000000000 ) ) ;
#1995 = CARTESIAN_POINT ( 'NONE',  ( -37.39999999999999147, -45.40000000000000568, 4.899999999999999467 ) ) ;
#1996 = EDGE_CURVE ( 'NONE', #638, #2281, #1480, .T. ) ;
#1997 = ORIENTED_EDGE ( 'NONE', *, *, #1331, .F. ) ;
#1998 = EDGE_CURVE ( 'NONE', #1386, #1057, #2182, .T. ) ;
#1999 = CARTESIAN_POINT ( 'NONE',  ( -43.10000000000002274, -42.10000000000000142, -1.734723475976807883E-15 ) ) ;
#2000 = CARTESIAN_POINT ( 'NONE',  ( -47.40000000000000568, 45.39999999999999147, 4.000000000000000000 ) ) ;
#2001 = ORIENTED_EDGE ( 'NONE', *, *, #2207, .F. ) ;
#2002 = DIRECTION ( 'NONE',  ( -2.478176394252581634E-16, 1.000000000000000000, 0.000000000000000000 ) ) ;
#2003 = VERTEX_POINT ( 'NONE', #180 ) ;
#2004 = EDGE_CURVE ( 'NONE', #354, #555, #2535, .T. ) ;
#2005 = MANIFOLD_SOLID_BREP ( '\X2\042404300441043a0430\X0\1', #1355 ) ;
#2006 = LINE ( 'NONE', #1189, #198 ) ;
#2007 = LINE ( 'NONE', #206, #1394 ) ;
#2008 = FILL_AREA_STYLE_COLOUR ( '', #237 ) ;
#2009 = VERTEX_POINT ( 'NONE', #1033 ) ;
#2010 = CYLINDRICAL_SURFACE ( 'NONE', #2013, 1.599999999999997202 ) ;
#2011 = DIRECTION ( 'NONE',  ( 1.000000000000000000, 0.000000000000000000, -0.000000000000000000 ) ) ;
#2012 = ORIENTED_EDGE ( 'NONE', *, *, #2345, .T. ) ;
#2013 = AXIS2_PLACEMENT_3D ( 'NONE', #1036, #625, #1813 ) ;
#2014 = EDGE_CURVE ( 'NONE', #1880, #1200, #1810, .T. ) ;
#2015 = DIRECTION ( 'NONE',  ( -0.000000000000000000, -0.000000000000000000, -1.000000000000000000 ) ) ;
#2016 = ORIENTED_EDGE ( 'NONE', *, *, #2403, .T. ) ;
#2017 = CARTESIAN_POINT ( 'NONE',  ( -47.40000000000000568, 35.39999999999998437, 4.899999999999999467 ) ) ;
#2018 = CARTESIAN_POINT ( 'NONE',  ( 43.10000000000002984, -42.10000000000000142, 1.650000000000002132 ) ) ;
#2019 = CARTESIAN_POINT ( 'NONE',  ( 12.99999999999999467, 12.50000000000000355, 0.000000000000000000 ) ) ;
#2020 = AXIS2_PLACEMENT_3D ( 'NONE', #547, #1342, #829 ) ;
#2021 = VECTOR ( 'NONE', #1308, 1000.000000000000000 ) ;
#2022 = CARTESIAN_POINT ( 'NONE',  ( -50.50000000000002132, 45.50000000000000000, 3.000000000000000000 ) ) ;
#2023 = AXIS2_PLACEMENT_3D ( 'NONE', #286, #1702, #254 ) ;
#2024 = ORIENTED_EDGE ( 'NONE', *, *, #2318, .T. ) ;
#2025 = VERTEX_POINT ( 'NONE', #1231 ) ;
#2026 = DIRECTION ( 'NONE',  ( -0.000000000000000000, -0.000000000000000000, -1.000000000000000000 ) ) ;
#2027 = AXIS2_PLACEMENT_3D ( 'NONE', #2375, #1376, #34 ) ;
#2028 = FACE_OUTER_BOUND ( 'NONE', #1021, .T. ) ;
#2029 = ORIENTED_EDGE ( 'NONE', *, *, #2318, .F. ) ;
#2030 = VECTOR ( 'NONE', #1025, 1000.000000000000000 ) ;
#2031 = DIRECTION ( 'NONE',  ( -1.000000000000000000, -0.000000000000000000, -0.000000000000000000 ) ) ;
#2032 = CIRCLE ( 'NONE', #919, 3.249999999999999556 ) ;
#2033 = EDGE_CURVE ( 'NONE', #1904, #877, #2567, .T. ) ;
#2034 = CARTESIAN_POINT ( 'NONE',  ( -43.10000000000002274, 42.10000000000000853, -1.734723475976807883E-15 ) ) ;
#2035 = LINE ( 'NONE', #2236, #574 ) ;
#2036 = DIRECTION ( 'NONE',  ( 0.000000000000000000, 1.000000000000000000, 0.000000000000000000 ) ) ;
#2037 = DIRECTION ( 'NONE',  ( 1.000000000000000000, 0.000000000000000000, 0.000000000000000000 ) ) ;
#2038 = FACE_OUTER_BOUND ( 'NONE', #386, .T. ) ;
#2039 = VERTEX_POINT ( 'NONE', #780 ) ;
#2040 = EDGE_CURVE ( 'NONE', #159, #117, #577, .T. ) ;
#2041 = ORIENTED_EDGE ( 'NONE', *, *, #427, .F. ) ;
#2042 = CARTESIAN_POINT ( 'NONE',  ( 41.50000000000002842, 42.10000000000000853, 4.899999999999999467 ) ) ;
#2043 = DIRECTION ( 'NONE',  ( 1.000000000000000000, 0.000000000000000000, 0.000000000000000000 ) ) ;
#2044 = VERTEX_POINT ( 'NONE', #1968 ) ;
#2045 = CARTESIAN_POINT ( 'NONE',  ( -16.25000000000000000, 30.50000000000000355, 3.000000000000001776 ) ) ;
#2046 = LINE ( 'NONE', #293, #2458 ) ;
#2047 = ORIENTED_EDGE ( 'NONE', *, *, #770, .T. ) ;
#2048 = CARTESIAN_POINT ( 'NONE',  ( 47.49999999999997868, 47.49999999999998579, 0.000000000000000000 ) ) ;
#2049 = ADVANCED_FACE ( 'NONE', ( #996 ), #2495, .T. ) ;
#2050 = CARTESIAN_POINT ( 'NONE',  ( 47.40000000000001279, -35.39999999999997016, 4.899999999999999467 ) ) ;
#2051 = EDGE_CURVE ( 'NONE', #2576, #1859, #1575, .T. ) ;
#2052 = DIRECTION ( 'NONE',  ( -1.000000000000000000, -0.000000000000000000, -0.000000000000000000 ) ) ;
#2053 = ORIENTED_EDGE ( 'NONE', *, *, #1641, .T. ) ;
#2054 = ORIENTED_EDGE ( 'NONE', *, *, #1744, .F. ) ;
#2055 = DIRECTION ( 'NONE',  ( -0.000000000000000000, -0.000000000000000000, 1.000000000000000000 ) ) ;
#2056 = EDGE_CURVE ( 'NONE', #90, #1639, #1381, .T. ) ;
#2057 = EDGE_LOOP ( 'NONE', ( #2559, #1270, #714, #1756 ) ) ;
#2058 = LINE ( 'NONE', #57, #571 ) ;
#2059 = ORIENTED_EDGE ( 'NONE', *, *, #1251, .T. ) ;
#2060 = CARTESIAN_POINT ( 'NONE',  ( -47.39999999999999147, -43.39999999999999858, 4.000000000000000000 ) ) ;
#2061 = CARTESIAN_POINT ( 'NONE',  ( 47.40000000000000568, 35.39999999999998437, 4.899999999999999467 ) ) ;
#2062 = LINE ( 'NONE', #245, #279 ) ;
#2063 = CARTESIAN_POINT ( 'NONE',  ( -13.00000000000000178, 30.50000000000000355, 3.000000000000001776 ) ) ;
#2064 = ADVANCED_FACE ( 'NONE', ( #1626 ), #1526, .T. ) ;
#2065 = VERTEX_POINT ( 'NONE', #88 ) ;
#2066 = CIRCLE ( 'NONE', #519, 1.999999999999988010 ) ;
#2067 = VERTEX_POINT ( 'NONE', #1260 ) ;
#2068 = FACE_OUTER_BOUND ( 'NONE', #2397, .T. ) ;
#2069 = VECTOR ( 'NONE', #854, 1000.000000000000000 ) ;
#2070 = EDGE_LOOP ( 'NONE', ( #42, #2477, #1418, #986 ) ) ;
#2071 = AXIS2_PLACEMENT_3D ( 'NONE', #673, #1885, #2494 ) ;
#2072 = DIRECTION ( 'NONE',  ( -1.000000000000000000, 2.478176394252581634E-16, 0.000000000000000000 ) ) ;
#2073 = VECTOR ( 'NONE', #2398, 1000.000000000000000 ) ;
#2074 = VERTEX_POINT ( 'NONE', #1636 ) ;
#2075 = CARTESIAN_POINT ( 'NONE',  ( -9.000000000000000000, 28.39999999999998792, 0.000000000000000000 ) ) ;
#2076 = EDGE_CURVE ( 'NONE', #275, #2312, #2206, .T. ) ;
#2077 = VECTOR ( 'NONE', #2463, 1000.000000000000000 ) ;
#2078 = AXIS2_PLACEMENT_3D ( 'NONE', #1275, #1264, #1291 ) ;
#2079 = DIRECTION ( 'NONE',  ( 1.000000000000000000, 0.000000000000000000, 0.000000000000000000 ) ) ;
#2080 = CIRCLE ( 'NONE', #153, 3.000000000000002665 ) ;
#2081 = LINE ( 'NONE', #288, #183 ) ;
#2082 = ORIENTED_EDGE ( 'NONE', *, *, #415, .F. ) ;
#2083 = EDGE_LOOP ( 'NONE', ( #530, #1448, #2149, #366 ) ) ;
#2084 = EDGE_CURVE ( 'NONE', #1356, #1069, #2062, .T. ) ;
#2085 = CARTESIAN_POINT ( 'NONE',  ( -13.00000000000000178, 30.50000000000000355, 3.000000000000001776 ) ) ;
#2086 = ORIENTED_EDGE ( 'NONE', *, *, #776, .F. ) ;
#2087 = CARTESIAN_POINT ( 'NONE',  ( 16.24999999999999289, 12.50000000000000355, 3.000000000000001776 ) ) ;
#2088 = VERTEX_POINT ( 'NONE', #499 ) ;
#2089 = LINE ( 'NONE', #2048, #2151 ) ;
#2090 = CARTESIAN_POINT ( 'NONE',  ( -37.39999999999999858, -38.40000000000000568, 4.899999999999999467 ) ) ;
#2091 = EDGE_CURVE ( 'NONE', #1174, #2551, #1837, .T. ) ;
#2092 = CARTESIAN_POINT ( 'NONE',  ( 37.40000000000000568, 43.39999999999998437, 4.000000000000000000 ) ) ;
#2093 = ORIENTED_EDGE ( 'NONE', *, *, #1876, .T. ) ;
#2094 = DIRECTION ( 'NONE',  ( -0.000000000000000000, -0.000000000000000000, 1.000000000000000000 ) ) ;
#2095 = CARTESIAN_POINT ( 'NONE',  ( -43.10000000000002274, -42.10000000000000142, -1.734723475976807883E-15 ) ) ;
#2096 = EDGE_CURVE ( 'NONE', #1344, #219, #1285, .T. ) ;
#2097 = VERTEX_POINT ( 'NONE', #697 ) ;
#2098 = LINE ( 'NONE', #2075, #1197 ) ;
#2099 = PRODUCT_DEFINITION_FORMATION_WITH_SPECIFIED_SOURCE ( 'ANY', '', #2128, .NOT_KNOWN. ) ;
#2100 = CARTESIAN_POINT ( 'NONE',  ( -44.70000000000001705, 42.10000000000000853, 4.899999999999999467 ) ) ;
#2101 = DIRECTION ( 'NONE',  ( 0.000000000000000000, -0.000000000000000000, -1.000000000000000000 ) ) ;
#2102 = DIRECTION ( 'NONE',  ( -0.000000000000000000, -0.000000000000000000, -1.000000000000000000 ) ) ;
#2103 = ORIENTED_EDGE ( 'NONE', *, *, #1537, .T. ) ;
#2104 = CARTESIAN_POINT ( 'NONE',  ( -40.39999999999999858, -35.39999999999999858, 3.000000000000000000 ) ) ;
#2105 = FACE_OUTER_BOUND ( 'NONE', #1377, .T. ) ;
#2106 = CARTESIAN_POINT ( 'NONE',  ( 47.49999999999999289, -45.50000000000000000, 3.000000000000000000 ) ) ;
#2107 = VERTEX_POINT ( 'NONE', #872 ) ;
#2108 = AXIS2_PLACEMENT_3D ( 'NONE', #373, #554, #516 ) ;
#2109 = DIRECTION ( 'NONE',  ( 1.000000000000000000, -0.000000000000000000, -0.000000000000000000 ) ) ;
#2110 = EDGE_CURVE ( 'NONE', #1200, #1133, #1004, .T. ) ;
#2111 = VECTOR ( 'NONE', #424, 1000.000000000000000 ) ;
#2112 = CIRCLE ( 'NONE', #1079, 1.600000000000002531 ) ;
#2113 = CARTESIAN_POINT ( 'NONE',  ( 47.40000000000003411, -45.39999999999997726, 4.899999999999999467 ) ) ;
#2114 = DIRECTION ( 'NONE',  ( -1.000000000000000000, 0.000000000000000000, 0.000000000000000000 ) ) ;
#2115 = CONICAL_SURFACE ( 'NONE', #1987, 3.249999999999999556, 0.7853981633974472798 ) ;
#2116 = ORIENTED_EDGE ( 'NONE', *, *, #1210, .T. ) ;
#2117 = ORIENTED_EDGE ( 'NONE', *, *, #1700, .F. ) ;
#2118 = VECTOR ( 'NONE', #826, 1000.000000000000000 ) ;
#2119 = FACE_BOUND ( 'NONE', #2259, .T. ) ;
#2120 = VERTEX_POINT ( 'NONE', #1652 ) ;
#2121 = LINE ( 'NONE', #753, #1890 ) ;
#2122 = LINE ( 'NONE', #1949, #1605 ) ;
#2123 = ORIENTED_EDGE ( 'NONE', *, *, #1578, .F. ) ;
#2124 = LINE ( 'NONE', #1314, #231 ) ;
#2125 = EDGE_CURVE ( 'NONE', #2459, #940, #2290, .T. ) ;
#2126 = CARTESIAN_POINT ( 'NONE',  ( 47.49999999999997868, 48.50000000000000000, 3.000000000000000000 ) ) ;
#2127 = DIRECTION ( 'NONE',  ( 0.7071067811865479058, 8.659560562354937789E-17, -0.7071067811865471286 ) ) ;
#2128 = PRODUCT ( 'lcd_frame_back', 'lcd_frame_back', '', ( #994 ) ) ;
#2129 = ORIENTED_EDGE ( 'NONE', *, *, #2265, .T. ) ;
#2130 = ORIENTED_EDGE ( 'NONE', *, *, #1889, .F. ) ;
#2131 = FACE_OUTER_BOUND ( 'NONE', #511, .T. ) ;
#2132 = ORIENTED_EDGE ( 'NONE', *, *, #1666, .T. ) ;
#2133 = DIRECTION ( 'NONE',  ( 1.000000000000000000, 0.000000000000000000, 0.000000000000000000 ) ) ;
#2134 = EDGE_CURVE ( 'NONE', #591, #464, #2450, .T. ) ;
#2135 = ORIENTED_EDGE ( 'NONE', *, *, #1388, .F. ) ;
#2136 = CARTESIAN_POINT ( 'NONE',  ( 40.40000000000001279, -35.39999999999997016, 3.000000000000000000 ) ) ;
#2137 = DIRECTION ( 'NONE',  ( -0.000000000000000000, 0.000000000000000000, -1.000000000000000000 ) ) ;
#2138 = FACE_BOUND ( 'NONE', #1787, .T. ) ;
#2139 = VERTEX_POINT ( 'NONE', #469 ) ;
#2140 = CARTESIAN_POINT ( 'NONE',  ( -13.00000000000000355, 12.50000000000000355, 1.349999999999997868 ) ) ;
#2141 = DIRECTION ( 'NONE',  ( -0.000000000000000000, -0.000000000000000000, -1.000000000000000000 ) ) ;
#2142 = ADVANCED_FACE ( 'NONE', ( #856 ), #675, .F. ) ;
#2143 = VECTOR ( 'NONE', #1250, 1000.000000000000000 ) ;
#2144 = PLANE ( 'NONE',  #2254 ) ;
#2145 = VECTOR ( 'NONE', #2363, 999.9999999999998863 ) ;
#2146 = VERTEX_POINT ( 'NONE', #2474 ) ;
#2147 = VECTOR ( 'NONE', #348, 1000.000000000000000 ) ;
#2148 = CARTESIAN_POINT ( 'NONE',  ( -47.40000000000000568, 45.39999999999999147, 3.000000000000000000 ) ) ;
#2149 = ORIENTED_EDGE ( 'NONE', *, *, #2125, .F. ) ;
#2150 = CARTESIAN_POINT ( 'NONE',  ( -47.40000000000000568, 45.39999999999999147, 4.000000000000000000 ) ) ;
#2151 = VECTOR ( 'NONE', #1645, 1000.000000000000114 ) ;
#2152 = CARTESIAN_POINT ( 'NONE',  ( -37.39999999999999147, -43.39999999999999858, 3.000000000000000000 ) ) ;
#2153 = AXIS2_PLACEMENT_3D ( 'NONE', #1687, #1304, #712 ) ;
#2154 = AXIS2_PLACEMENT_3D ( 'NONE', #1028, #801, #2209 ) ;
#2155 = EDGE_LOOP ( 'NONE', ( #1776, #1068, #1170, #1545 ) ) ;
#2156 = DIRECTION ( 'NONE',  ( 1.000000000000000000, 0.000000000000000000, 0.000000000000000000 ) ) ;
#2157 = AXIS2_PLACEMENT_3D ( 'NONE', #335, #1703, #1138 ) ;
#2158 = AXIS2_PLACEMENT_3D ( 'NONE', #1489, #1854, #2294 ) ;
#2159 = FACE_BOUND ( 'NONE', #1432, .T. ) ;
#2160 = CIRCLE ( 'NONE', #921, 1.599999999999997202 ) ;
#2161 = ADVANCED_FACE ( 'NONE', ( #79 ), #149, .F. ) ;
#2162 = DIRECTION ( 'NONE',  ( -0.000000000000000000, -0.000000000000000000, -1.000000000000000000 ) ) ;
#2163 = EDGE_CURVE ( 'NONE', #1234, #1751, #1429, .T. ) ;
#2164 = EDGE_LOOP ( 'NONE', ( #1840, #1867, #2342, #1587 ) ) ;
#2165 = PLANE ( 'NONE',  #1602 ) ;
#2166 = CARTESIAN_POINT ( 'NONE',  ( 0.000000000000000000, 35.39999999999998437, 4.000000000000000000 ) ) ;
#2167 = DIRECTION ( 'NONE',  ( -0.000000000000000000, -0.000000000000000000, -1.000000000000000000 ) ) ;
#2168 = EDGE_CURVE ( 'NONE', #2514, #524, #2239, .T. ) ;
#2169 = EDGE_LOOP ( 'NONE', ( #1412, #953, #1383, #1616 ) ) ;
#2170 = CARTESIAN_POINT ( 'NONE',  ( -47.40000000000000568, 35.39999999999998437, 4.000000000000000000 ) ) ;
#2171 = DIRECTION ( 'NONE',  ( 1.000000000000000000, 0.000000000000000000, 0.000000000000000000 ) ) ;
#2172 = VERTEX_POINT ( 'NONE', #2126 ) ;
#2173 = EDGE_LOOP ( 'NONE', ( #2200, #634, #2012, #1211, #284, #2418 ) ) ;
#2174 = DIRECTION ( 'NONE',  ( 1.000000000000000000, 0.000000000000000000, 0.000000000000000000 ) ) ;
#2175 = CARTESIAN_POINT ( 'NONE',  ( 47.49999999999999289, -48.50000000000000000, 1.000000000000014655 ) ) ;
#2176 = ORIENTED_EDGE ( 'NONE', *, *, #788, .T. ) ;
#2177 = DIRECTION ( 'NONE',  ( -1.430699774001490481E-16, 1.000000000000000000, -0.000000000000000000 ) ) ;
#2178 = EDGE_LOOP ( 'NONE', ( #1853, #161 ) ) ;
#2179 = CARTESIAN_POINT ( 'NONE',  ( -9.000000000000000000, 28.39999999999998792, -22.80350850198276547 ) ) ;
#2180 = DIRECTION ( 'NONE',  ( -1.000000000000000000, 0.000000000000000000, 0.000000000000000000 ) ) ;
#2181 = ORIENTED_EDGE ( 'NONE', *, *, #1950, .T. ) ;
#2182 = LINE ( 'NONE', #1786, #1865 ) ;
#2183 = ORIENTED_EDGE ( 'NONE', *, *, #2247, .F. ) ;
#2184 = ADVANCED_FACE ( 'NONE', ( #572 ), #925, .T. ) ;
#2185 = ORIENTED_EDGE ( 'NONE', *, *, #387, .T. ) ;
#2186 = CARTESIAN_POINT ( 'NONE',  ( 12.99999999999999822, 30.50000000000000355, 0.000000000000000000 ) ) ;
#2187 = LINE ( 'NONE', #17, #190 ) ;
#2188 = ORIENTED_EDGE ( 'NONE', *, *, #2276, .F. ) ;
#2189 = CARTESIAN_POINT ( 'NONE',  ( -9.000000000000000000, 28.39999999999998792, 3.000000000000000000 ) ) ;
#2190 = VERTEX_POINT ( 'NONE', #720 ) ;
#2191 = AXIS2_PLACEMENT_3D ( 'NONE', #698, #2451, #2291 ) ;
#2192 = ADVANCED_FACE ( 'NONE', ( #347 ), #1150, .T. ) ;
#2193 = DIRECTION ( 'NONE',  ( -0.000000000000000000, 1.000000000000000000, -0.000000000000000000 ) ) ;
#2194 = DIRECTION ( 'NONE',  ( 0.000000000000000000, 0.000000000000000000, -1.000000000000000000 ) ) ;
#2195 = CIRCLE ( 'NONE', #186, 1.599999999999997202 ) ;
#2196 = EDGE_LOOP ( 'NONE', ( #939, #681 ) ) ;
#2197 = VECTOR ( 'NONE', #2471, 1000.000000000000000 ) ;
#2198 = FILL_AREA_STYLE ('',( #2008 ) ) ;
#2199 = CIRCLE ( 'NONE', #1730, 3.000000000000002665 ) ;
#2200 = ORIENTED_EDGE ( 'NONE', *, *, #1084, .F. ) ;
#2201 = CARTESIAN_POINT ( 'NONE',  ( 47.49999999999997868, 45.50000000000000000, 1.000000000000014655 ) ) ;
#2202 = CIRCLE ( 'NONE', #445, 1.599999999999997202 ) ;
#2203 = DIRECTION ( 'NONE',  ( -1.000000000000000000, 0.000000000000000000, 0.000000000000000000 ) ) ;
#2204 = CARTESIAN_POINT ( 'NONE',  ( -13.00000000000000178, 30.50000000000000355, 1.349999999999997868 ) ) ;
#2205 = ADVANCED_FACE ( 'NONE', ( #1926 ), #1316, .T. ) ;
#2206 = CIRCLE ( 'NONE', #704, 3.000000000000002665 ) ;
#2207 = EDGE_CURVE ( 'NONE', #591, #1067, #2508, .T. ) ;
#2208 = ORIENTED_EDGE ( 'NONE', *, *, #828, .F. ) ;
#2209 = DIRECTION ( 'NONE',  ( -1.000000000000000000, 0.000000000000000000, 0.000000000000000000 ) ) ;
#2210 = ORIENTED_EDGE ( 'NONE', *, *, #196, .F. ) ;
#2211 = CARTESIAN_POINT ( 'NONE',  ( -37.40000000000000568, 45.39999999999999147, 3.000000000000000000 ) ) ;
#2212 = PLANE ( 'NONE',  #1035 ) ;
#2213 = ORIENTED_EDGE ( 'NONE', *, *, #1680, .F. ) ;
#2214 = ORIENTED_EDGE ( 'NONE', *, *, #1130, .F. ) ;
#2215 = EDGE_LOOP ( 'NONE', ( #4, #767, #2333, #495 ) ) ;
#2216 = DIRECTION ( 'NONE',  ( 0.000000000000000000, 0.000000000000000000, 1.000000000000000000 ) ) ;
#2217 = PLANE ( 'NONE',  #1941 ) ;
#2218 = CARTESIAN_POINT ( 'NONE',  ( 47.40000000000001279, -35.39999999999997016, 4.000000000000000000 ) ) ;
#2219 = ORIENTED_EDGE ( 'NONE', *, *, #1084, .T. ) ;
#2220 = CARTESIAN_POINT ( 'NONE',  ( 50.49999999999998579, 48.50000000000000000, 1.000000000000014655 ) ) ;
#2221 = DIRECTION ( 'NONE',  ( -0.000000000000000000, -0.000000000000000000, -1.000000000000000000 ) ) ;
#2222 = LINE ( 'NONE', #388, #32 ) ;
#2223 = CARTESIAN_POINT ( 'NONE',  ( 47.49999999999999289, -47.49999999999998579, 0.000000000000000000 ) ) ;
#2224 = CARTESIAN_POINT ( 'NONE',  ( 16.24999999999999289, 12.50000000000000355, 3.000000000000001776 ) ) ;
#2225 = ORIENTED_EDGE ( 'NONE', *, *, #1850, .F. ) ;
#2226 = VERTEX_POINT ( 'NONE', #517 ) ;
#2227 = FACE_BOUND ( 'NONE', #1178, .T. ) ;
#2228 = EDGE_CURVE ( 'NONE', #1701, #1919, #949, .T. ) ;
#2229 = CARTESIAN_POINT ( 'NONE',  ( -46.35000000000001563, -42.10000000000000142, -1.734723475976807883E-15 ) ) ;
#2230 = ORIENTED_EDGE ( 'NONE', *, *, #1610, .F. ) ;
#2231 = CIRCLE ( 'NONE', #2443, 1.999999999999988010 ) ;
#2232 = DIRECTION ( 'NONE',  ( -1.000000000000000000, 0.000000000000000000, 0.000000000000000000 ) ) ;
#2233 = ORIENTED_EDGE ( 'NONE', *, *, #1417, .T. ) ;
#2234 = VECTOR ( 'NONE', #104, 1000.000000000000000 ) ;
#2235 = CARTESIAN_POINT ( 'NONE',  ( -40.39999999999999858, -38.40000000000000568, 3.000000000000000000 ) ) ;
#2236 = CARTESIAN_POINT ( 'NONE',  ( 45.39999999999999147, 35.39999999999998437, 4.000000000000000000 ) ) ;
#2237 = LINE ( 'NONE', #60, #2486 ) ;
#2238 = ADVANCED_FACE ( 'NONE', ( #1913 ), #963, .F. ) ;
#2239 = LINE ( 'NONE', #1664, #362 ) ;
#2240 = DIRECTION ( 'NONE',  ( -0.000000000000000000, -0.000000000000000000, -1.000000000000000000 ) ) ;
#2241 = CONICAL_SURFACE ( 'NONE', #1281, 3.250000000000002665, 0.7853981633974488341 ) ;
#2242 = ORIENTED_EDGE ( 'NONE', *, *, #598, .T. ) ;
#2243 = ORIENTED_EDGE ( 'NONE', *, *, #590, .F. ) ;
#2244 = DIRECTION ( 'NONE',  ( 0.000000000000000000, 0.000000000000000000, -1.000000000000000000 ) ) ;
#2245 = CIRCLE ( 'NONE', #1481, 1.600000000000002531 ) ;
#2246 = LINE ( 'NONE', #863, #1204 ) ;
#2247 = EDGE_CURVE ( 'NONE', #2044, #1529, #1341, .T. ) ;
#2248 = CONICAL_SURFACE ( 'NONE', #1690, 3.250000000000002665, 0.7853981633974488341 ) ;
#2249 = VERTEX_POINT ( 'NONE', #2562 ) ;
#2250 = VECTOR ( 'NONE', #1399, 1000.000000000000000 ) ;
#2251 = DIRECTION ( 'NONE',  ( 0.000000000000000000, -0.000000000000000000, -1.000000000000000000 ) ) ;
#2252 = LINE ( 'NONE', #84, #1607 ) ;
#2253 = VECTOR ( 'NONE', #257, 1000.000000000000114 ) ;
#2254 = AXIS2_PLACEMENT_3D ( 'NONE', #1718, #943, #1310 ) ;
#2255 = CARTESIAN_POINT ( 'NONE',  ( 39.85000000000002274, 42.10000000000000853, -1.734723475976807883E-15 ) ) ;
#2256 = DIRECTION ( 'NONE',  ( -0.000000000000000000, -0.000000000000000000, 1.000000000000000000 ) ) ;
#2257 = EDGE_CURVE ( 'NONE', #1639, #2442, #2160, .T. ) ;
#2258 = ORIENTED_EDGE ( 'NONE', *, *, #1350, .F. ) ;
#2259 = EDGE_LOOP ( 'NONE', ( #1297, #1288 ) ) ;
#2260 = CARTESIAN_POINT ( 'NONE',  ( 12.99999999999999822, 30.50000000000000355, 7.525483399593911216 ) ) ;
#2261 = ORIENTED_EDGE ( 'NONE', *, *, #2168, .F. ) ;
#2262 = DIRECTION ( 'NONE',  ( -1.000000000000000000, 0.000000000000000000, 0.000000000000000000 ) ) ;
#2263 = ORIENTED_EDGE ( 'NONE', *, *, #1744, .T. ) ;
#2264 = DIRECTION ( 'NONE',  ( 0.000000000000000000, -0.000000000000000000, 1.000000000000000000 ) ) ;
#2265 = EDGE_CURVE ( 'NONE', #2107, #1904, #964, .T. ) ;
#2266 = CARTESIAN_POINT ( 'NONE',  ( -43.10000000000002274, 42.10000000000000853, -1.734723475976807883E-15 ) ) ;
#2267 = CARTESIAN_POINT ( 'NONE',  ( -43.10000000000002274, -42.10000000000000142, 4.899999999999999467 ) ) ;
#2268 = ORIENTED_EDGE ( 'NONE', *, *, #1900, .F. ) ;
#2269 = EDGE_LOOP ( 'NONE', ( #1389, #521, #2176, #2001 ) ) ;
#2270 = CYLINDRICAL_SURFACE ( 'NONE', #2158, 3.000000000000002665 ) ;
#2271 = ORIENTED_EDGE ( 'NONE', *, *, #1424, .F. ) ;
#2272 = CARTESIAN_POINT ( 'NONE',  ( 12.99999999999999467, 12.50000000000000355, 1.349999999999997868 ) ) ;
#2273 = ORIENTED_EDGE ( 'NONE', *, *, #618, .T. ) ;
#2274 = CARTESIAN_POINT ( 'NONE',  ( 39.85000000000002274, 42.10000000000000853, -1.734723475976807883E-15 ) ) ;
#2275 = DIRECTION ( 'NONE',  ( 0.000000000000000000, 0.000000000000000000, -1.000000000000000000 ) ) ;
#2276 = EDGE_CURVE ( 'NONE', #117, #1977, #326, .T. ) ;
#2277 = DIRECTION ( 'NONE',  ( 1.528390727732869855E-16, -1.000000000000000000, 0.000000000000000000 ) ) ;
#2278 = ADVANCED_FACE ( 'NONE', ( #2324 ), #1289, .F. ) ;
#2279 = ORIENTED_EDGE ( 'NONE', *, *, #834, .F. ) ;
#2280 = VECTOR ( 'NONE', #1554, 1000.000000000000000 ) ;
#2281 = VERTEX_POINT ( 'NONE', #2549 ) ;
#2282 = CARTESIAN_POINT ( 'NONE',  ( -14.60000000000000320, 30.50000000000000355, 0.000000000000000000 ) ) ;
#2283 = FACE_OUTER_BOUND ( 'NONE', #1956, .T. ) ;
#2284 = ADVANCED_FACE ( 'NONE', ( #2336 ), #1740, .F. ) ;
#2285 = AXIS2_PLACEMENT_3D ( 'NONE', #639, #1423, #2232 ) ;
#2286 = ORIENTED_EDGE ( 'NONE', *, *, #2411, .F. ) ;
#2287 = DIRECTION ( 'NONE',  ( 0.7071067811865467956, 0.000000000000000000, 0.7071067811865483499 ) ) ;
#2288 = LINE ( 'NONE', #2090, #1862 ) ;
#2289 = CIRCLE ( 'NONE', #1008, 3.249999999999999556 ) ;
#2290 = LINE ( 'NONE', #1467, #2253 ) ;
#2291 = DIRECTION ( 'NONE',  ( -1.000000000000000000, 0.000000000000000000, 0.000000000000000000 ) ) ;
#2292 = EDGE_LOOP ( 'NONE', ( #1961, #352, #1637, #888, #609, #1213 ) ) ;
#2293 = ORIENTED_EDGE ( 'NONE', *, *, #28, .T. ) ;
#2294 = DIRECTION ( 'NONE',  ( -1.000000000000000000, 0.000000000000000000, 0.000000000000000000 ) ) ;
#2295 = FACE_OUTER_BOUND ( 'NONE', #1081, .T. ) ;
#2296 = EDGE_LOOP ( 'NONE', ( #1929, #1141, #2439, #321, #1271, #1185, #406, #1056 ) ) ;
#2297 = EDGE_CURVE ( 'NONE', #1092, #1880, #1488, .T. ) ;
#2298 = FACE_OUTER_BOUND ( 'NONE', #1345, .T. ) ;
#2299 = CYLINDRICAL_SURFACE ( 'NONE', #789, 1.600000000000002531 ) ;
#2300 = DIRECTION ( 'NONE',  ( 1.000000000000000000, 0.000000000000000000, 0.000000000000000000 ) ) ;
#2301 = VERTEX_POINT ( 'NONE', #1126 ) ;
#2302 = DIRECTION ( 'NONE',  ( 0.000000000000000000, 0.000000000000000000, 1.000000000000000000 ) ) ;
#2303 = DIRECTION ( 'NONE',  ( 2.775557561562890957E-15, 1.000000000000000000, -0.000000000000000000 ) ) ;
#2304 = EDGE_CURVE ( 'NONE', #1356, #1174, #546, .T. ) ;
#2305 = CARTESIAN_POINT ( 'NONE',  ( -47.40000000000000568, 45.39999999999999147, 3.000000000000000000 ) ) ;
#2306 = ORIENTED_EDGE ( 'NONE', *, *, #2228, .F. ) ;
#2307 = CYLINDRICAL_SURFACE ( 'NONE', #2071, 1.599999999999997202 ) ;
#2308 = AXIS2_PLACEMENT_3D ( 'NONE', #2186, #836, #1640 ) ;
#2309 = DIRECTION ( 'NONE',  ( 1.000000000000000000, 0.000000000000000000, 0.000000000000000000 ) ) ;
#2310 = CARTESIAN_POINT ( 'NONE',  ( -37.40000000000000568, 38.39999999999999147, 4.899999999999999467 ) ) ;
#2311 = ADVANCED_FACE ( 'NONE', ( #1553 ), #1711, .F. ) ;
#2312 = VERTEX_POINT ( 'NONE', #1518 ) ;
#2313 = DIRECTION ( 'NONE',  ( 0.000000000000000000, 0.000000000000000000, -1.000000000000000000 ) ) ;
#2314 = CARTESIAN_POINT ( 'NONE',  ( -43.10000000000002274, 42.10000000000000853, -1.734723475976807883E-15 ) ) ;
#2315 = VECTOR ( 'NONE', #114, 1000.000000000000000 ) ;
#2316 = LINE ( 'NONE', #2343, #1651 ) ;
#2317 = DIRECTION ( 'NONE',  ( 1.000000000000000000, 0.000000000000000000, 0.000000000000000000 ) ) ;
#2318 = EDGE_CURVE ( 'NONE', #1919, #1344, #1216, .T. ) ;
#2319 = ORIENTED_EDGE ( 'NONE', *, *, #1130, .T. ) ;
#2320 = VECTOR ( 'NONE', #465, 1000.000000000000000 ) ;
#2321 = DIRECTION ( 'NONE',  ( 0.000000000000000000, 1.000000000000000000, 0.000000000000000000 ) ) ;
#2322 = VECTOR ( 'NONE', #145, 1000.000000000000000 ) ;
#2323 = VECTOR ( 'NONE', #1142, 1000.000000000000000 ) ;
#2324 = FACE_OUTER_BOUND ( 'NONE', #2070, .T. ) ;
#2325 = CARTESIAN_POINT ( 'NONE',  ( 40.40000000000001279, -35.39999999999997016, 4.899999999999999467 ) ) ;
#2326 = VECTOR ( 'NONE', #1920, 1000.000000000000000 ) ;
#2327 = ORIENTED_EDGE ( 'NONE', *, *, #77, .T. ) ;
#2328 = ORIENTED_EDGE ( 'NONE', *, *, #1447, .T. ) ;
#2329 = EDGE_CURVE ( 'NONE', #2442, #1639, #2588, .T. ) ;
#2330 = DIRECTION ( 'NONE',  ( -0.000000000000000000, 0.000000000000000000, 1.000000000000000000 ) ) ;
#2331 = DIRECTION ( 'NONE',  ( 1.000000000000000000, 0.000000000000000000, 0.000000000000000000 ) ) ;
#2332 = FACE_OUTER_BOUND ( 'NONE', #2155, .T. ) ;
#2333 = ORIENTED_EDGE ( 'NONE', *, *, #1396, .T. ) ;
#2334 = CARTESIAN_POINT ( 'NONE',  ( 43.10000000000002984, 42.10000000000000853, 1.650000000000002132 ) ) ;
#2335 = EDGE_CURVE ( 'NONE', #515, #624, #2289, .T. ) ;
#2336 = FACE_OUTER_BOUND ( 'NONE', #2269, .T. ) ;
#2337 = CYLINDRICAL_SURFACE ( 'NONE', #2020, 3.000000000000002665 ) ;
#2338 = EDGE_CURVE ( 'NONE', #1821, #2065, #1043, .T. ) ;
#2339 = EDGE_LOOP ( 'NONE', ( #236, #181, #435, #301, #988 ) ) ;
#2340 = CARTESIAN_POINT ( 'NONE',  ( -37.39999999999999858, -43.39999999999999858, 4.000000000000000000 ) ) ;
#2341 = CARTESIAN_POINT ( 'NONE',  ( 47.40000000000003411, 45.39999999999999147, 4.899999999999999467 ) ) ;
#2342 = ORIENTED_EDGE ( 'NONE', *, *, #233, .T. ) ;
#2343 = CARTESIAN_POINT ( 'NONE',  ( 45.39999999999999147, 45.39999999999999147, 3.000000000000000000 ) ) ;
#2344 = CARTESIAN_POINT ( 'NONE',  ( 40.40000000000000568, 38.39999999999999147, 4.899999999999999467 ) ) ;
#2345 = EDGE_CURVE ( 'NONE', #931, #1208, #1006, .T. ) ;
#2346 = ORIENTED_EDGE ( 'NONE', *, *, #503, .F. ) ;
#2347 = CARTESIAN_POINT ( 'NONE',  ( 47.40000000000000568, -45.40000000000000568, 3.000000000000000000 ) ) ;
#2348 = ORIENTED_EDGE ( 'NONE', *, *, #421, .F. ) ;
#2349 = CARTESIAN_POINT ( 'NONE',  ( 37.40000000000001279, 43.39999999999998437, 4.000000000000000000 ) ) ;
#2350 = LINE ( 'NONE', #748, #2147 ) ;
#2351 = EDGE_CURVE ( 'NONE', #1577, #1400, #417, .T. ) ;
#2352 = ORIENTED_EDGE ( 'NONE', *, *, #2163, .T. ) ;
#2353 = CARTESIAN_POINT ( 'NONE',  ( 37.40000000000000568, 38.39999999999999147, 4.899999999999999467 ) ) ;
#2354 = CARTESIAN_POINT ( 'NONE',  ( 11.39999999999999147, 12.50000000000000355, 7.525483399593911216 ) ) ;
#2355 = CARTESIAN_POINT ( 'NONE',  ( -13.00000000000000355, 12.50000000000000355, 0.000000000000000000 ) ) ;
#2356 = CYLINDRICAL_SURFACE ( 'NONE', #827, 1.600000000000002531 ) ;
#2357 = ORIENTED_EDGE ( 'NONE', *, *, #936, .T. ) ;
#2358 = LINE ( 'NONE', #567, #1075 ) ;
#2359 = ADVANCED_FACE ( 'NONE', ( #2434 ), #402, .F. ) ;
#2360 = ORIENTED_EDGE ( 'NONE', *, *, #37, .F. ) ;
#2361 = AXIS2_PLACEMENT_3D ( 'NONE', #1369, #377, #1294 ) ;
#2362 = CARTESIAN_POINT ( 'NONE',  ( -50.50000000000002132, 48.50000000000000000, 1.000000000000014655 ) ) ;
#2363 = DIRECTION ( 'NONE',  ( -0.7071067811865467956, 8.659560562354925463E-17, 0.7071067811865483499 ) ) ;
#2364 = VECTOR ( 'NONE', #8, 1000.000000000000000 ) ;
#2365 = ORIENTED_EDGE ( 'NONE', *, *, #273, .F. ) ;
#2366 = FACE_OUTER_BOUND ( 'NONE', #128, .T. ) ;
#2367 = VECTOR ( 'NONE', #112, 1000.000000000000000 ) ;
#2368 = VECTOR ( 'NONE', #1748, 1000.000000000000114 ) ;
#2369 = DIRECTION ( 'NONE',  ( -1.000000000000000000, 0.000000000000000000, 0.000000000000000000 ) ) ;
#2370 = CIRCLE ( 'NONE', #2308, 1.600000000000002531 ) ;
#2371 = ORIENTED_EDGE ( 'NONE', *, *, #1119, .F. ) ;
#2372 = ADVANCED_FACE ( 'NONE', ( #989 ), #1653, .F. ) ;
#2373 = FACE_OUTER_BOUND ( 'NONE', #800, .T. ) ;
#2374 = ORIENTED_EDGE ( 'NONE', *, *, #394, .T. ) ;
#2375 = CARTESIAN_POINT ( 'NONE',  ( -43.10000000000002274, -42.10000000000000142, -1.734723475976807883E-15 ) ) ;
#2376 = VERTEX_POINT ( 'NONE', #632 ) ;
#2377 = DIRECTION ( 'NONE',  ( -0.000000000000000000, -0.000000000000000000, 1.000000000000000000 ) ) ;
#2378 = DIRECTION ( 'NONE',  ( 1.000000000000000000, 0.000000000000000000, 0.000000000000000000 ) ) ;
#2379 = ORIENTED_EDGE ( 'NONE', *, *, #2392, .T. ) ;
#2380 = CARTESIAN_POINT ( 'NONE',  ( 37.39999999999998437, 2.595146320061302151E-14, 4.000000000000000000 ) ) ;
#2381 = ORIENTED_EDGE ( 'NONE', *, *, #896, .F. ) ;
#2382 = VERTEX_POINT ( 'NONE', #1227 ) ;
#2383 = CARTESIAN_POINT ( 'NONE',  ( -37.40000000000000568, 38.39999999999999147, 4.899999999999999467 ) ) ;
#2384 = EDGE_CURVE ( 'NONE', #164, #1302, #2006, .T. ) ;
#2385 = ORIENTED_EDGE ( 'NONE', *, *, #184, .F. ) ;
#2386 = LINE ( 'NONE', #225, #1817 ) ;
#2387 = ORIENTED_EDGE ( 'NONE', *, *, #618, .F. ) ;
#2388 = DIRECTION ( 'NONE',  ( 1.000000000000000000, 0.000000000000000000, 0.000000000000000000 ) ) ;
#2389 = LINE ( 'NONE', #1379, #1892 ) ;
#2390 = ORIENTED_EDGE ( 'NONE', *, *, #379, .T. ) ;
#2391 = CARTESIAN_POINT ( 'NONE',  ( -14.59999999999999964, 30.50000000000000355, 1.349999999999997868 ) ) ;
#2392 = EDGE_CURVE ( 'NONE', #1087, #1655, #1584, .T. ) ;
#2393 = EDGE_CURVE ( 'NONE', #2452, #1951, #283, .T. ) ;
#2394 = ORIENTED_EDGE ( 'NONE', *, *, #2437, .F. ) ;
#2395 =( NAMED_UNIT ( * ) PLANE_ANGLE_UNIT ( ) SI_UNIT ( $, .RADIAN. ) );
#2396 = CARTESIAN_POINT ( 'NONE',  ( -47.50000000000000711, -45.50000000000000000, 0.000000000000000000 ) ) ;
#2397 = EDGE_LOOP ( 'NONE', ( #2117, #782, #471, #2505 ) ) ;
#2398 = DIRECTION ( 'NONE',  ( -1.528390727732869855E-16, 1.000000000000000000, -0.000000000000000000 ) ) ;
#2399 = CIRCLE ( 'NONE', #1273, 1.599999999999997202 ) ;
#2400 = ADVANCED_FACE ( 'NONE', ( #814 ), #623, .F. ) ;
#2401 = CIRCLE ( 'NONE', #1192, 3.250000000000002665 ) ;
#2402 = DIRECTION ( 'NONE',  ( -1.000000000000000000, 0.000000000000000000, 0.000000000000000000 ) ) ;
#2403 = EDGE_CURVE ( 'NONE', #2074, #940, #217, .T. ) ;
#2404 = FACE_OUTER_BOUND ( 'NONE', #1503, .T. ) ;
#2405 = ORIENTED_EDGE ( 'NONE', *, *, #896, .T. ) ;
#2406 = AXIS2_PLACEMENT_3D ( 'NONE', #1492, #1454, #2264 ) ;
#2407 = SHAPE_DEFINITION_REPRESENTATION ( #1583, #1774 ) ;
#2408 = DIRECTION ( 'NONE',  ( -1.000000000000000000, 0.000000000000000000, 0.000000000000000000 ) ) ;
#2409 = VECTOR ( 'NONE', #2485, 1000.000000000000000 ) ;
#2410 = CIRCLE ( 'NONE', #2285, 1.599999999999997202 ) ;
#2411 = EDGE_CURVE ( 'NONE', #247, #728, #2080, .T. ) ;
#2412 = ORIENTED_EDGE ( 'NONE', *, *, #810, .T. ) ;
#2413 = VECTOR ( 'NONE', #2052, 1000.000000000000000 ) ;
#2414 =( LENGTH_UNIT ( ) NAMED_UNIT ( * ) SI_UNIT ( .MILLI., .METRE. ) );
#2415 = AXIS2_PLACEMENT_3D ( 'NONE', #44, #82, #1630 ) ;
#2416 = PLANE ( 'NONE',  #1443 ) ;
#2417 = VECTOR ( 'NONE', #363, 1000.000000000000000 ) ;
#2418 = ORIENTED_EDGE ( 'NONE', *, *, #1661, .F. ) ;
#2419 = DIRECTION ( 'NONE',  ( -1.000000000000000000, 0.000000000000000000, 0.000000000000000000 ) ) ;
#2420 = DIRECTION ( 'NONE',  ( 0.000000000000000000, -1.000000000000000000, 0.000000000000000000 ) ) ;
#2421 = CARTESIAN_POINT ( 'NONE',  ( 12.99999999999999822, 30.50000000000000355, 3.000000000000001776 ) ) ;
#2422 = CYLINDRICAL_SURFACE ( 'NONE', #1552, 1.600000000000000755 ) ;
#2423 = EDGE_CURVE ( 'NONE', #1615, #585, #1806, .T. ) ;
#2424 = DIRECTION ( 'NONE',  ( -0.000000000000000000, -0.000000000000000000, 1.000000000000000000 ) ) ;
#2425 = ORIENTED_EDGE ( 'NONE', *, *, #427, .T. ) ;
#2426 = ORIENTED_EDGE ( 'NONE', *, *, #562, .T. ) ;
#2427 = LINE ( 'NONE', #820, #2482 ) ;
#2428 = LINE ( 'NONE', #985, #2454 ) ;
#2429 = CARTESIAN_POINT ( 'NONE',  ( 37.40000000000000568, 38.39999999999999147, 3.000000000000000000 ) ) ;
#2430 = VERTEX_POINT ( 'NONE', #1611 ) ;
#2431 = CARTESIAN_POINT ( 'NONE',  ( -46.35000000000001563, -42.10000000000000142, -1.734723475976807883E-15 ) ) ;
#2432 = EDGE_CURVE ( 'NONE', #1092, #1133, #2222, .T. ) ;
#2433 = CARTESIAN_POINT ( 'NONE',  ( -40.40000000000000568, 38.39999999999999147, 4.899999999999999467 ) ) ;
#2434 = FACE_OUTER_BOUND ( 'NONE', #1154, .T. ) ;
#2435 = FACE_OUTER_BOUND ( 'NONE', #2296, .T. ) ;
#2436 = CARTESIAN_POINT ( 'NONE',  ( 12.99999999999999467, 12.50000000000000355, 3.000000000000001776 ) ) ;
#2437 = EDGE_CURVE ( 'NONE', #2190, #475, #228, .T. ) ;
#2438 = ORIENTED_EDGE ( 'NONE', *, *, #407, .F. ) ;
#2439 = ORIENTED_EDGE ( 'NONE', *, *, #1135, .F. ) ;
#2440 = DIRECTION ( 'NONE',  ( -0.000000000000000000, -0.000000000000000000, -1.000000000000000000 ) ) ;
#2441 = CARTESIAN_POINT ( 'NONE',  ( -37.39999999999999147, -45.40000000000000568, 4.899999999999999467 ) ) ;
#2442 = VERTEX_POINT ( 'NONE', #1176 ) ;
#2443 = AXIS2_PLACEMENT_3D ( 'NONE', #1384, #1220, #647 ) ;
#2444 = FACE_OUTER_BOUND ( 'NONE', #1580, .T. ) ;
#2445 = CARTESIAN_POINT ( 'NONE',  ( 50.49999999999998579, 48.50000000000000000, 1.000000000000014655 ) ) ;
#2446 = EDGE_CURVE ( 'NONE', #253, #506, #175, .T. ) ;
#2447 = DIRECTION ( 'NONE',  ( 0.000000000000000000, 0.000000000000000000, -1.000000000000000000 ) ) ;
#2448 = AXIS2_PLACEMENT_3D ( 'NONE', #2580, #2194, #404 ) ;
#2449 = VECTOR ( 'NONE', #2511, 1000.000000000000000 ) ;
#2450 = LINE ( 'NONE', #2022, #2077 ) ;
#2451 = DIRECTION ( 'NONE',  ( -0.000000000000000000, -0.000000000000000000, -1.000000000000000000 ) ) ;
#2452 = VERTEX_POINT ( 'NONE', #1783 ) ;
#2453 = VERTEX_POINT ( 'NONE', #2 ) ;
#2454 = VECTOR ( 'NONE', #1565, 1000.000000000000114 ) ;
#2455 = CYLINDRICAL_SURFACE ( 'NONE', #105, 1.600000000000002531 ) ;
#2456 = VECTOR ( 'NONE', #2055, 1000.000000000000000 ) ;
#2457 = LINE ( 'NONE', #1643, #1247 ) ;
#2458 = VECTOR ( 'NONE', #1095, 1000.000000000000000 ) ;
#2459 = VERTEX_POINT ( 'NONE', #642 ) ;
#2460 = VECTOR ( 'NONE', #1019, 1000.000000000000000 ) ;
#2461 = FACE_OUTER_BOUND ( 'NONE', #1166, .T. ) ;
#2462 = DIRECTION ( 'NONE',  ( -1.000000000000000000, -1.528390727732869855E-16, 0.000000000000000000 ) ) ;
#2463 = DIRECTION ( 'NONE',  ( 0.000000000000000000, 0.000000000000000000, -1.000000000000000000 ) ) ;
#2464 = ORIENTED_EDGE ( 'NONE', *, *, #385, .F. ) ;
#2465 = ORIENTED_EDGE ( 'NONE', *, *, #1144, .F. ) ;
#2466 = DIRECTION ( 'NONE',  ( -0.000000000000000000, -0.000000000000000000, 1.000000000000000000 ) ) ;
#2467 = ORIENTED_EDGE ( 'NONE', *, *, #1613, .F. ) ;
#2468 = DIRECTION ( 'NONE',  ( -0.7071067811865475727, -1.011657512038515024E-16, 0.7071067811865475727 ) ) ;
#2469 = EDGE_CURVE ( 'NONE', #475, #216, #2035, .T. ) ;
#2470 = ORIENTED_EDGE ( 'NONE', *, *, #1563, .F. ) ;
#2471 = DIRECTION ( 'NONE',  ( -2.478176394252581634E-16, -1.000000000000000000, 0.000000000000000000 ) ) ;
#2472 = ADVANCED_FACE ( 'NONE', ( #1244 ), #1426, .F. ) ;
#2473 = CARTESIAN_POINT ( 'NONE',  ( -13.00000000000000355, 12.50000000000000355, 3.000000000000001776 ) ) ;
#2474 = CARTESIAN_POINT ( 'NONE',  ( 47.40000000000000568, 35.39999999999998437, 4.899999999999999467 ) ) ;
#2475 = CYLINDRICAL_SURFACE ( 'NONE', #995, 1.600000000000000755 ) ;
#2476 = ORIENTED_EDGE ( 'NONE', *, *, #1407, .F. ) ;
#2477 = ORIENTED_EDGE ( 'NONE', *, *, #1230, .F. ) ;
#2478 = EDGE_CURVE ( 'NONE', #1731, #1732, #2370, .T. ) ;
#2479 = DIRECTION ( 'NONE',  ( -0.000000000000000000, -0.000000000000000000, 1.000000000000000000 ) ) ;
#2480 = ORIENTED_EDGE ( 'NONE', *, *, #901, .T. ) ;
#2481 = DIRECTION ( 'NONE',  ( -0.000000000000000000, -0.000000000000000000, 1.000000000000000000 ) ) ;
#2482 = VECTOR ( 'NONE', #211, 1000.000000000000000 ) ;
#2483 = EDGE_LOOP ( 'NONE', ( #92, #2181, #700, #2185 ) ) ;
#2484 = CARTESIAN_POINT ( 'NONE',  ( 47.49999999999997868, 48.50000000000000000, 1.000000000000014655 ) ) ;
#2485 = DIRECTION ( 'NONE',  ( -1.000000000000000000, -0.000000000000000000, -0.000000000000000000 ) ) ;
#2486 = VECTOR ( 'NONE', #440, 1000.000000000000000 ) ;
#2487 = VERTEX_POINT ( 'NONE', #1013 ) ;
#2488 = CARTESIAN_POINT ( 'NONE',  ( -43.10000000000002274, 42.10000000000000853, 4.899999999999999467 ) ) ;
#2489 = DIRECTION ( 'NONE',  ( -0.000000000000000000, -0.000000000000000000, -1.000000000000000000 ) ) ;
#2490 = EDGE_LOOP ( 'NONE', ( #796, #381, #1148, #85, #2129 ) ) ;
#2491 = VECTOR ( 'NONE', #2287, 999.9999999999998863 ) ;
#2492 = CARTESIAN_POINT ( 'NONE',  ( 12.99999999999999467, 12.50000000000000355, 3.000000000000001776 ) ) ;
#2493 = ORIENTED_EDGE ( 'NONE', *, *, #1350, .T. ) ;
#2494 = DIRECTION ( 'NONE',  ( -1.000000000000000000, 0.000000000000000000, 0.000000000000000000 ) ) ;
#2495 = CONICAL_SURFACE ( 'NONE', #532, 1.999999999999988010, 0.7853981633974469467 ) ;
#2496 = LINE ( 'NONE', #508, #1898 ) ;
#2497 = AXIS2_PLACEMENT_3D ( 'NONE', #1793, #1391, #11 ) ;
#2498 = LINE ( 'NONE', #1494, #478 ) ;
#2499 = CARTESIAN_POINT ( 'NONE',  ( 50.49999999999998579, 48.50000000000000000, 3.000000000000000000 ) ) ;
#2500 = EDGE_CURVE ( 'NONE', #940, #1709, #2231, .T. ) ;
#2501 = ORIENTED_EDGE ( 'NONE', *, *, #882, .F. ) ;
#2502 = CARTESIAN_POINT ( 'NONE',  ( -39.85000000000002274, 42.10000000000000853, -1.734723475976807883E-15 ) ) ;
#2503 = CARTESIAN_POINT ( 'NONE',  ( 9.749999999999994671, 12.50000000000000355, 3.000000000000001776 ) ) ;
#2504 = CARTESIAN_POINT ( 'NONE',  ( -47.40000000000000568, 45.39999999999999147, 4.899999999999999467 ) ) ;
#2505 = ORIENTED_EDGE ( 'NONE', *, *, #115, .T. ) ;
#2506 = DIRECTION ( 'NONE',  ( -0.000000000000000000, -0.000000000000000000, -1.000000000000000000 ) ) ;
#2507 = EDGE_CURVE ( 'NONE', #979, #580, #2564, .T. ) ;
#2508 = LINE ( 'NONE', #1938, #2367 ) ;
#2509 = FACE_OUTER_BOUND ( 'NONE', #2490, .T. ) ;
#2510 = ORIENTED_EDGE ( 'NONE', *, *, #922, .F. ) ;
#2511 = DIRECTION ( 'NONE',  ( -1.000000000000000000, -0.000000000000000000, -0.000000000000000000 ) ) ;
#2512 = EDGE_CURVE ( 'NONE', #123, #2139, #862, .T. ) ;
#2513 = DIRECTION ( 'NONE',  ( 6.938893903907227392E-16, -1.000000000000000000, -0.000000000000000000 ) ) ;
#2514 = VERTEX_POINT ( 'NONE', #1982 ) ;
#2515 = CARTESIAN_POINT ( 'NONE',  ( -9.750000000000003553, 12.50000000000000355, 3.000000000000001776 ) ) ;
#2516 = EDGE_CURVE ( 'NONE', #90, #2249, #1145, .T. ) ;
#2517 = LINE ( 'NONE', #727, #659 ) ;
#2518 = ORIENTED_EDGE ( 'NONE', *, *, #2257, .F. ) ;
#2519 = CARTESIAN_POINT ( 'NONE',  ( -50.50000000000000711, -48.50000000000000000, 3.000000000000000000 ) ) ;
#2520 = EDGE_CURVE ( 'NONE', #2453, #2107, #2427, .T. ) ;
#2521 = DIRECTION ( 'NONE',  ( 0.7071067811865475727, 1.011657512038515024E-16, 0.7071067811865475727 ) ) ;
#2522 = CARTESIAN_POINT ( 'NONE',  ( 46.35000000000002984, -42.10000000000000142, -1.734723475976807883E-15 ) ) ;
#2523 = ORIENTED_EDGE ( 'NONE', *, *, #1001, .F. ) ;
#2524 = CARTESIAN_POINT ( 'NONE',  ( 12.99999999999999822, 30.50000000000000355, 1.349999999999997868 ) ) ;
#2525 = DIRECTION ( 'NONE',  ( -0.000000000000000000, -0.000000000000000000, -1.000000000000000000 ) ) ;
#2526 = ORIENTED_EDGE ( 'NONE', *, *, #2014, .F. ) ;
#2527 = CARTESIAN_POINT ( 'NONE',  ( 47.40000000000003411, 45.39999999999999147, 4.899999999999999467 ) ) ;
#2528 = AXIS2_PLACEMENT_3D ( 'NONE', #1030, #2447, #36 ) ;
#2529 = DIRECTION ( 'NONE',  ( 0.000000000000000000, 0.000000000000000000, -1.000000000000000000 ) ) ;
#2530 = EDGE_CURVE ( 'NONE', #2430, #333, #688, .T. ) ;
#2531 = EDGE_LOOP ( 'NONE', ( #260, #43, #722, #544, #259 ) ) ;
#2532 = CARTESIAN_POINT ( 'NONE',  ( -37.40000000000000568, 45.39999999999999147, 4.899999999999999467 ) ) ;
#2533 = PRODUCT_DEFINITION_CONTEXT ( 'detailed design', #758, 'design' ) ;
#2534 = CIRCLE ( 'NONE', #1401, 3.000000000000002665 ) ;
#2535 = CIRCLE ( 'NONE', #1986, 1.599999999999998979 ) ;
#2536 = DIRECTION ( 'NONE',  ( -0.000000000000000000, -0.000000000000000000, 1.000000000000000000 ) ) ;
#2537 = FACE_OUTER_BOUND ( 'NONE', #1916, .T. ) ;
#2538 = MECHANICAL_DESIGN_GEOMETRIC_PRESENTATION_REPRESENTATION (  '', ( #1161 ), #448 ) ;
#2539 = ORIENTED_EDGE ( 'NONE', *, *, #1144, .T. ) ;
#2540 = DIRECTION ( 'NONE',  ( 6.938893903907228378E-16, -1.000000000000000000, 0.000000000000000000 ) ) ;
#2541 = EDGE_CURVE ( 'NONE', #2039, #410, #1830, .T. ) ;
#2542 = LINE ( 'NONE', #1715, #662 ) ;
#2543 = ORIENTED_EDGE ( 'NONE', *, *, #1781, .F. ) ;
#2544 = DIRECTION ( 'NONE',  ( 0.000000000000000000, 0.000000000000000000, 1.000000000000000000 ) ) ;
#2545 = ORIENTED_EDGE ( 'NONE', *, *, #2134, .F. ) ;
#2546 = DIRECTION ( 'NONE',  ( -1.000000000000000000, 0.000000000000000000, 0.000000000000000000 ) ) ;
#2547 = ADVANCED_FACE ( 'NONE', ( #396 ), #2010, .F. ) ;
#2548 = ORIENTED_EDGE ( 'NONE', *, *, #1, .F. ) ;
#2549 = CARTESIAN_POINT ( 'NONE',  ( -11.40000000000000391, 12.50000000000000355, 1.349999999999997868 ) ) ;
#2550 = LINE ( 'NONE', #2325, #99 ) ;
#2551 = VERTEX_POINT ( 'NONE', #200 ) ;
#2552 = CARTESIAN_POINT ( 'NONE',  ( -43.10000000000002274, -42.10000000000000142, 4.899999999999999467 ) ) ;
#2553 = DIRECTION ( 'NONE',  ( 0.000000000000000000, -0.000000000000000000, 1.000000000000000000 ) ) ;
#2554 = ORIENTED_EDGE ( 'NONE', *, *, #590, .T. ) ;
#2555 = ORIENTED_EDGE ( 'NONE', *, *, #2329, .T. ) ;
#2556 = ADVANCED_FACE ( 'NONE', ( #1196, #2227 ), #1788, .F. ) ;
#2557 = LINE ( 'NONE', #2305, #2234 ) ;
#2558 = DIRECTION ( 'NONE',  ( -0.000000000000000000, -0.000000000000000000, -1.000000000000000000 ) ) ;
#2559 = ORIENTED_EDGE ( 'NONE', *, *, #818, .T. ) ;
#2560 = DIRECTION ( 'NONE',  ( 0.7071067811865467956, 0.000000000000000000, 0.7071067811865483499 ) ) ;
#2561 = ORIENTED_EDGE ( 'NONE', *, *, #1224, .F. ) ;
#2562 = CARTESIAN_POINT ( 'NONE',  ( 44.70000000000002416, -42.10000000000000142, 4.899999999999999467 ) ) ;
#2563 = LINE ( 'NONE', #1367, #653 ) ;
#2564 = CIRCLE ( 'NONE', #473, 3.249999999999996003 ) ;
#2565 = ORIENTED_EDGE ( 'NONE', *, *, #1027, .F. ) ;
#2566 = CARTESIAN_POINT ( 'NONE',  ( -39.85000000000002274, 42.10000000000000853, -1.734723475976807883E-15 ) ) ;
#2567 = LINE ( 'NONE', #1370, #792 ) ;
#2568 = LINE ( 'NONE', #1560, #72 ) ;
#2569 = ORIENTED_EDGE ( 'NONE', *, *, #1447, .F. ) ;
#2570 = DIRECTION ( 'NONE',  ( 0.000000000000000000, -0.000000000000000000, -1.000000000000000000 ) ) ;
#2571 = EDGE_CURVE ( 'NONE', #629, #785, #808, .T. ) ;
#2572 = AXIS2_PLACEMENT_3D ( 'NONE', #589, #2167, #375 ) ;
#2573 = ORIENTED_EDGE ( 'NONE', *, *, #1649, .F. ) ;
#2574 = AXIS2_PLACEMENT_3D ( 'NONE', #2034, #2221, #1558 ) ;
#2575 = DIRECTION ( 'NONE',  ( 0.000000000000000000, 0.7071067811865475727, 0.7071067811865475727 ) ) ;
#2576 = VERTEX_POINT ( 'NONE', #29 ) ;
#2577 = VECTOR ( 'NONE', #682, 1000.000000000000000 ) ;
#2578 = CARTESIAN_POINT ( 'NONE',  ( -13.00000000000000178, 30.50000000000000355, 1.349999999999997868 ) ) ;
#2579 = AXIS2_PLACEMENT_3D ( 'NONE', #1061, #2251, #1439 ) ;
#2580 = CARTESIAN_POINT ( 'NONE',  ( -13.00000000000000355, 12.50000000000000355, 0.000000000000000000 ) ) ;
#2581 = AXIS2_PLACEMENT_3D ( 'NONE', #855, #87, #2079 ) ;
#2582 = VECTOR ( 'NONE', #2303, 1000.000000000000000 ) ;
#2583 = ORIENTED_EDGE ( 'NONE', *, *, #2056, .T. ) ;
#2584 = DIRECTION ( 'NONE',  ( 0.000000000000000000, 0.000000000000000000, 1.000000000000000000 ) ) ;
#2585 = AXIS2_PLACEMENT_3D ( 'NONE', #493, #1052, #48 ) ;
#2586 = EDGE_CURVE ( 'NONE', #1904, #247, #1589, .T. ) ;
#2587 = ORIENTED_EDGE ( 'NONE', *, *, #1674, .T. ) ;
#2588 = CIRCLE ( 'NONE', #1570, 1.599999999999997202 ) ;
#2589 = ORIENTED_EDGE ( 'NONE', *, *, #6, .F. ) ;
#2590 = FACE_OUTER_BOUND ( 'NONE', #1696, .T. ) ;
#2591 = DIRECTION ( 'NONE',  ( 0.000000000000000000, 0.000000000000000000, 1.000000000000000000 ) ) ;
#2592 = ORIENTED_EDGE ( 'NONE', *, *, #273, .T. ) ;
#2593 = DIRECTION ( 'NONE',  ( 1.000000000000000000, -0.000000000000000000, 0.000000000000000000 ) ) ;
ENDSEC;
END-ISO-10303-21;
